frame,interpolated,sample_ms,ready_ms,present_ms,gpu_wait_ms,caught_up
0,0,10.6171,19.2066,23.6084,3.4720,0
1,1,22.7084,28.9762,32.2466,2.9794,0
1,0,22.7084,28.9762,37.6773,0.0431,0
2,1,32.3317,38.0785,40.9512,2.6896,0
2,0,32.3317,38.0785,47.3838,1.8631,0
3,1,42.8356,48.0328,48.3294,0.1165,0
3,0,42.8356,48.0328,53.4274,0.0408,0
4,1,48.3925,54.2751,54.5753,0.1221,0
4,0,48.3925,54.2751,59.3966,0.0451,0
5,1,54.6390,60.0541,60.3477,0.1153,0
5,0,54.6390,60.0541,64.1865,0.0426,0
6,1,60.4084,66.2159,66.4981,0.1122,0
6,0,60.4084,66.2159,70.3333,0.2078,0
7,1,66.7242,72.1012,72.5117,0.1189,0
7,0,66.7242,72.1012,76.2109,0.1949,0
8,1,72.7283,77.9538,78.2894,0.1207,0
8,0,72.7283,77.9538,81.8948,0.0432,0
9,1,78.3570,83.8101,84.1027,0.1123,0
9,0,78.3570,83.8101,87.6151,0.0456,0
10,1,84.1712,89.8494,90.1402,0.1145,0
10,0,84.1712,89.8494,93.5942,0.0425,0
11,1,90.2015,95.5512,95.8419,0.1147,0
11,0,90.2015,95.5512,99.2396,0.0384,0
12,1,95.8975,102.1614,102.5271,0.1243,0
12,0,95.8975,102.1614,105.9435,0.0390,0
13,1,102.6015,107.9401,108.2997,0.1774,0
13,0,102.6015,107.9401,111.6792,0.3218,0
14,1,108.6422,113.8928,114.2037,0.1152,0
14,0,108.6422,113.8928,117.4968,0.1863,0
15,1,114.4129,119.8588,120.1502,0.1136,0
15,0,114.4129,119.8588,123.4059,0.0442,0
16,1,120.2131,125.5703,125.8668,0.1159,0
16,0,120.2131,125.5703,129.0588,0.0440,0
17,1,125.9309,131.7432,132.1443,0.1143,0
17,0,125.9309,131.7432,135.3385,0.1290,0
18,1,132.2972,137.8583,138.1584,0.1136,0
18,0,132.2972,137.8583,141.3384,0.0373,0
19,1,138.2181,143.5010,143.8028,0.1160,0
19,0,138.2181,143.5010,146.9205,0.0373,0
20,1,143.8584,149.0944,149.3866,0.1126,0
20,0,143.8584,149.0944,152.5294,0.0443,0
21,1,149.4520,154.9856,155.2775,0.1184,0
21,0,149.4520,154.9856,158.3940,0.0428,0
22,1,155.3399,160.3457,160.8740,0.3172,0
22,0,155.3399,160.3457,163.9742,0.0525,0
23,1,160.9637,166.0564,166.8151,0.5376,0
23,0,160.9637,166.0564,169.8315,0.1487,0
24,1,166.9859,172.5577,173.0935,0.3545,0
24,0,166.9859,172.5577,176.0987,0.0455,0
25,1,173.1593,178.4342,178.7288,0.1151,0
25,0,173.1593,178.4342,181.7359,0.0446,0
26,1,178.7928,184.1183,184.4424,0.1192,0
26,0,178.7928,184.1183,187.4359,0.0441,0
27,1,184.5048,190.1634,190.5224,0.1782,0
27,0,184.5048,190.1634,193.4791,0.0447,0
28,1,190.5845,196.0365,196.3247,0.1148,0
28,0,190.5845,196.0365,199.2971,0.0455,0
29,1,196.3932,202.2970,202.6359,0.1168,0
29,0,196.3932,202.2970,205.5946,0.1517,0
30,1,202.8095,208.0472,208.4025,0.1773,0
30,0,202.8095,208.0472,211.3389,0.2205,0
31,1,208.6434,213.8567,214.1805,0.1281,0
31,0,208.6434,213.8567,217.2758,0.1613,0
32,1,214.3900,219.7197,220.2129,0.3140,0
32,0,214.3900,219.7197,223.1237,0.0453,0
33,1,220.2783,225.7118,226.0755,0.1908,0
33,0,220.2783,225.7118,229.0081,0.0465,0
34,1,226.1401,232.2518,232.5502,0.1176,0
34,0,226.1401,232.2518,235.4817,0.0365,0
35,1,232.6140,238.1441,238.4529,0.1228,0
35,0,232.6140,238.1441,241.4428,0.0424,0
36,1,238.5141,243.6723,243.9641,0.1123,0
36,0,238.5141,243.6723,246.8955,0.0375,0
37,1,244.0208,249.3802,249.6745,0.1158,0
37,0,244.0208,249.3802,252.6290,0.0426,0
38,1,249.7351,255.2622,255.5930,0.1254,0
38,0,249.7351,255.2622,258.4989,0.0425,0
39,1,255.6693,261.2960,261.8629,0.3905,0
39,0,255.6693,261.2960,264.8553,0.0449,0
40,1,261.9271,267.8318,268.1311,0.1190,0
40,0,261.9271,267.8318,271.0700,0.0437,0
41,1,268.1938,273.8644,274.1644,0.1138,0
41,0,268.1938,273.8644,277.1244,0.0377,0
42,1,274.2195,279.6710,279.9623,0.1165,0
42,0,274.2195,279.6710,282.8937,0.0439,0
43,1,280.0239,285.4583,285.7737,0.1193,0
43,0,280.0239,285.4583,288.6992,0.0375,0
44,1,285.8534,291.3016,291.6582,0.1582,0
44,0,285.8534,291.3016,294.5705,0.2588,0
45,1,291.9644,297.6829,298.2538,0.3857,0
45,0,291.9644,297.6829,301.1997,0.0460,0
46,1,298.3192,304.0179,304.3179,0.1167,0
46,0,298.3192,304.0179,307.2854,0.0375,0
47,1,304.3724,309.8290,310.1213,0.1170,0
47,0,304.3724,309.8290,313.0851,0.0381,0
48,1,310.1773,315.6164,315.9081,0.1152,0
48,0,310.1773,315.6164,318.8326,0.0439,0
49,1,315.9697,321.6091,321.9698,0.1191,0
49,0,315.9697,321.6091,324.8992,0.0440,0
50,1,322.0416,327.5417,327.8839,0.1745,0
50,0,322.0416,327.5417,330.8069,0.1848,0
51,1,328.0982,333.9307,334.3118,0.1823,0
51,0,328.0982,333.9307,337.5770,0.0451,0
52,1,334.4531,340.1428,340.4384,0.1214,0
52,0,334.4531,340.1428,343.3957,0.0370,0
53,1,340.4943,345.9478,346.2457,0.1221,0
53,0,340.4943,345.9478,349.2146,0.0434,0
54,1,346.3071,351.7462,352.0359,0.1169,0
54,0,346.3071,351.7462,355.0066,0.0363,0
55,1,352.0895,357.5464,357.8421,0.1196,0
55,0,352.0895,357.5464,360.7779,0.1637,0
56,1,358.0420,363.2263,363.6362,0.1256,0
56,0,358.0420,363.2263,366.5445,0.0514,0
57,1,363.7077,369.1979,369.6818,0.3047,0
57,0,363.7077,369.1979,372.5888,0.2449,0
58,1,369.9526,375.1195,375.6372,0.3180,0
58,0,369.9526,375.1195,378.5667,0.0406,0
59,1,375.6974,380.9972,381.3820,0.1877,0
59,0,375.6974,380.9972,384.2605,0.0566,0
60,1,381.4576,387.0964,387.4350,0.1193,0
60,0,381.4576,387.0964,390.3349,0.0437,0
61,1,387.4994,392.9364,393.2292,0.1161,0
61,0,387.4994,392.9364,396.1266,0.0439,0
62,1,393.2906,399.1373,399.4330,0.1171,0
62,0,393.2906,399.1373,402.4035,0.0449,0
63,1,399.4959,405.1652,405.4954,0.1186,0
63,0,399.4959,405.1652,408.4341,0.0410,0
64,1,405.5609,410.7752,411.1514,0.1783,0
64,0,405.5609,410.7752,414.0509,0.2560,0
65,1,411.4247,416.6968,417.0485,0.1257,0
65,0,411.4247,416.6968,419.9682,0.1366,0
66,1,417.2067,422.9721,423.3341,0.1827,0
66,0,417.2067,422.9721,426.2455,0.0438,0
67,1,423.3950,428.8499,429.1632,0.1173,0
67,0,423.3950,428.8499,432.2384,0.0422,0
68,1,429.2310,435.2436,435.6278,0.1760,0
68,0,429.2310,435.2436,438.5855,0.0418,0
69,1,435.6883,440.8232,441.1278,0.1158,0
69,0,435.6883,440.8232,444.0335,0.0419,0
70,1,441.1873,446.4349,446.7670,0.1321,0
70,0,441.1873,446.4349,449.7675,0.0386,0
71,1,446.8220,452.0608,452.4024,0.1329,0
71,0,446.8220,452.0608,455.3166,0.0412,0
72,1,452.4790,457.9948,458.2869,0.1130,0
72,0,452.4790,457.9948,461.1921,0.0372,0
73,1,458.3606,464.1986,465.0128,0.6342,0
73,0,458.3606,464.1986,467.9709,0.0487,0
74,1,465.0805,470.8382,471.1307,0.1126,0
74,0,465.0805,470.8382,474.0465,0.0465,0
75,1,471.1962,476.6969,476.9967,0.1224,0
75,0,471.1962,476.6969,479.9246,0.0375,0
76,1,477.0548,482.6074,482.8980,0.1150,0
76,0,477.0548,482.6074,485.8419,0.0924,0
77,1,483.0199,488.5023,488.7922,0.1136,0
77,0,483.0199,488.5023,491.7020,0.1455,0
78,1,488.9564,494.2238,494.5078,0.1149,0
78,0,488.9564,494.2238,497.4097,0.2877,0
79,1,494.8132,500.7338,501.1429,0.2023,0
79,0,494.8132,500.7338,504.0560,0.0436,0
80,1,501.2053,506.9264,507.2206,0.1133,0
80,0,501.2053,506.9264,510.1438,0.0442,0
81,1,507.2867,512.8519,513.3274,0.1794,0
81,0,507.2867,512.8519,516.2613,0.0463,0
82,1,514.3712,519.5874,520.2687,0.4831,0
82,0,514.3712,519.5874,523.1895,0.0464,0
83,1,520.4083,526.0519,526.3523,0.1184,0
83,0,520.4083,526.0519,529.3135,0.0445,0
84,1,526.4145,532.4917,532.7869,0.1195,0
84,0,526.4145,532.4917,535.8024,0.0376,0
85,1,532.8414,538.3548,538.6864,0.1221,0
85,0,532.8414,538.3548,541.6470,0.0457,0
86,1,538.7542,544.1492,544.4469,0.1187,0
86,0,538.7542,544.1492,547.3837,0.0453,0
87,1,544.5102,549.8422,550.1382,0.1184,0
87,0,544.5102,549.8422,553.0625,0.2277,0
88,1,550.3838,556.1354,556.4960,0.1789,0
88,0,550.3838,556.1354,559.4697,0.0407,0
89,1,556.5567,562.1071,562.3985,0.1145,0
89,0,556.5567,562.1071,565.4078,0.0430,0
90,1,562.4600,568.4681,568.7727,0.1169,0
90,0,562.4600,568.4681,571.7380,0.0397,0
91,1,568.8313,574.3667,574.6868,0.1184,0
91,0,568.8313,574.3667,577.6326,0.0384,0
92,1,574.7508,580.0698,580.4235,0.1746,0
92,0,574.7508,580.0698,583.3566,0.0376,0
93,1,580.4781,585.8294,586.2193,0.2080,0
93,0,580.4781,585.8294,589.1626,0.2764,0
94,1,586.5150,591.9200,592.4125,0.3187,0
94,0,586.5150,591.9200,595.3248,0.0371,0
95,1,592.4680,598.4324,598.7229,0.1150,0
95,0,592.4680,598.4324,601.6675,0.0378,0
96,1,598.7798,604.5930,604.8786,0.1123,0
96,0,598.7798,604.5930,607.8556,0.0376,0
97,1,604.9338,610.2290,610.5232,0.1181,0
97,0,604.9338,610.2290,613.4629,0.0377,0
98,1,610.5826,615.9539,616.2683,0.1166,0
98,0,610.5826,615.9539,619.2503,0.0453,0
99,1,616.3374,621.7910,622.1657,0.1197,0
99,0,616.3374,621.7910,625.1127,0.0583,0
100,1,622.2826,627.7572,628.0544,0.1138,0
100,0,622.2826,627.7572,630.9644,0.1821,0
101,1,628.2890,634.4087,634.7171,0.1181,0
101,0,628.2890,634.4087,637.7750,0.0392,0
102,1,634.8392,640.8385,641.1855,0.1153,0
102,0,634.8392,640.8385,644.2542,0.0422,0
103,1,641.2463,646.7086,647.0469,0.1104,0
103,0,641.2463,646.7086,650.0114,0.0420,0
104,1,647.1385,652.5942,652.8972,0.1170,0
104,0,647.1385,652.5942,655.8792,0.3380,0
105,1,653.2639,658.9859,659.3621,0.1604,0
105,0,653.2639,658.9859,662.3215,0.0443,0
106,1,659.4472,665.4950,665.8167,0.1210,0
106,0,659.4472,665.4950,668.8097,0.0428,0
107,1,665.8782,671.4289,671.9309,0.2921,0
107,0,665.8782,671.4289,674.9079,0.0430,0
108,1,672.0005,677.3663,677.7087,0.1548,0
108,0,672.0005,677.3663,680.6651,0.0461,0
109,1,677.7730,683.1788,683.4676,0.1126,0
109,0,677.7730,683.1788,686.4549,0.1955,0
110,1,683.6862,689.3758,689.8808,0.3245,0
110,0,683.6862,689.3758,692.8596,0.0471,0
111,1,689.9445,695.5976,695.8914,0.1179,0
111,0,689.9445,695.5976,698.8299,0.0432,0
112,1,695.9509,702.0504,702.3560,0.1160,0
112,0,695.9509,702.0504,705.3179,0.0909,0
113,1,702.4721,707.9531,708.3507,0.1163,0
113,0,702.4721,707.9531,711.3609,0.2043,0
114,1,708.5741,714.2227,714.5830,0.1828,0
114,0,708.5741,714.2227,717.5826,0.0447,0
115,1,714.6469,720.4628,720.7530,0.1124,0
115,0,714.6469,720.4628,723.7497,0.0479,0
116,1,720.8190,726.1391,726.4307,0.1125,0
116,0,720.8190,726.1391,729.4300,0.0417,0
117,1,726.4909,732.2583,732.5438,0.1146,0
117,0,726.4909,732.2583,735.5413,0.0376,0
118,1,732.6006,738.1596,738.7757,0.3889,0
118,0,732.6006,738.1596,741.7957,0.0499,0
119,1,738.8455,744.1829,744.5363,0.1828,0
119,0,738.8455,744.1829,747.5232,0.2345,0
120,1,744.7894,750.2927,750.6527,0.1813,0
120,0,744.7894,750.2927,753.5977,0.0425,0
121,1,750.7153,756.4400,756.8043,0.1801,0
121,0,750.7153,756.4400,759.7522,0.0375,0
122,1,756.8587,762.4233,762.7307,0.1152,0
122,0,756.8587,762.4233,765.6758,0.0450,0
123,1,762.7948,768.7508,769.0320,0.1053,0
123,0,762.7948,768.7508,772.0005,0.1064,0
124,1,769.1650,774.4154,774.7021,0.1146,0
124,0,769.1650,774.4154,777.6941,0.0362,0
125,1,774.7600,780.2674,780.5530,0.1211,0
125,0,774.7600,780.2674,783.4873,0.3241,0
126,1,780.8947,786.4388,786.9527,0.3354,0
126,0,780.8947,786.4388,789.8944,0.0446,0
127,1,787.0173,792.5412,792.9020,0.1799,0
127,0,787.0173,792.5412,795.8750,0.0438,0
128,1,792.9623,798.9325,799.2333,0.1173,0
128,0,792.9623,798.9325,802.1976,0.0382,0
129,1,799.2891,804.8497,805.4277,0.3736,0
129,0,799.2891,804.8497,808.4499,0.0398,0
130,1,805.4878,810.8580,811.2918,0.1802,0
130,0,805.4878,810.8580,814.2406,0.0949,0
131,1,811.4065,816.7522,817.2390,0.2718,0
131,0,811.4065,816.7522,820.1970,0.1442,0
132,1,817.4049,823.1555,823.5126,0.1771,0
132,0,817.4049,823.1555,826.5030,0.0422,0
133,1,823.5749,828.9193,829.2869,0.1572,0
133,0,823.5749,828.9193,832.2050,0.0479,0
134,1,829.3614,835.6370,835.9677,0.1094,0
134,0,829.3614,835.6370,838.9355,0.3490,0
135,1,836.3361,841.9878,842.3506,0.1819,0
135,0,836.3361,841.9878,845.3209,0.0432,0
136,1,842.4112,847.7750,848.1012,0.1218,0
136,0,842.4112,847.7750,851.1074,0.0443,0
137,1,848.1665,853.8424,854.1281,0.1114,0
137,0,848.1665,853.8424,857.1668,0.0368,0
138,1,854.1847,859.9129,860.2713,0.1801,0
138,0,854.1847,859.9129,863.2545,0.0450,0
139,1,860.3359,866.1314,866.4177,0.1110,0
139,0,860.3359,866.1314,869.3872,0.2113,0
140,1,866.6473,872.1947,872.6899,0.3204,0
140,0,866.6473,872.1947,875.6505,0.0776,0
141,1,872.7873,878.4183,878.7884,0.1898,0
141,0,872.7873,878.4183,881.7595,0.0460,0
142,1,878.8509,884.2520,884.5413,0.1132,0
142,0,878.8509,884.2520,887.4747,0.0367,0
143,1,884.5999,890.5880,890.9640,0.1861,0
143,0,884.5999,890.5880,893.9348,0.0453,0
144,1,891.0290,896.9724,897.4481,0.2809,0
144,0,891.0290,896.9724,900.4679,0.0448,0
145,1,897.5261,903.4060,903.9621,0.3767,0
145,0,897.5261,903.4060,906.9590,0.0467,0
146,1,904.0359,909.8168,910.1173,0.1265,0
146,0,904.0359,909.8168,913.1473,0.0445,0
147,1,910.1775,915.7345,916.0868,0.1630,0
147,0,910.1775,915.7345,919.2763,0.0414,0
148,1,916.1477,921.9440,922.2528,0.1244,0
148,0,916.1477,921.9440,925.2492,0.0959,0
149,1,922.3681,927.9842,928.5031,0.3135,0
149,0,922.3681,927.9842,931.5313,0.0548,0
150,1,928.5787,934.8043,935.1041,0.1135,0
150,0,928.5787,934.8043,938.1400,0.0541,0
151,1,935.2228,941.0057,941.3190,0.1244,0
151,0,935.2228,941.0057,944.3474,0.0392,0
152,1,941.3776,947.1850,947.6630,0.2730,0
152,0,941.3776,947.1850,950.7085,0.0775,0
153,1,947.7633,953.5321,954.0164,0.3034,0
153,0,947.7633,953.5321,957.0609,0.0448,0
154,1,954.0801,959.9905,960.2771,0.1132,0
154,0,954.0801,959.9905,963.3242,0.0428,0
155,1,960.3397,966.8160,967.1692,0.1760,0
155,0,960.3397,966.8160,970.2462,0.0371,0
156,1,967.2418,973.2172,973.4993,0.1162,0
156,0,967.2418,973.2172,976.6124,0.0367,0
157,1,973.5540,979.3396,979.6274,0.1077,0
157,0,973.5540,979.3396,982.7565,0.0501,0
158,1,979.6962,985.4904,985.8186,0.1207,0
158,0,979.6962,985.4904,988.8956,0.0416,0
159,1,985.9027,992.1940,992.5608,0.1887,0
159,0,985.9027,992.1940,995.6474,0.0377,0
160,1,992.6207,999.0785,999.3707,0.1203,0
160,0,992.6207,999.0785,1002.5720,0.0371,0
161,1,999.4307,1005.3794,1005.8785,0.3199,0
161,0,999.4307,1005.3794,1009.0559,0.0380,0
162,1,1005.9385,1011.8584,1012.1585,0.1162,0
162,0,1005.9385,1011.8584,1015.2896,0.0369,0
163,1,1012.2129,1018.0154,1018.3042,0.1132,0
163,0,1012.2129,1018.0154,1021.3977,0.0388,0
164,1,1019.4978,1025.1220,1025.4964,0.1769,0
164,0,1019.4978,1025.1220,1028.6172,0.1802,0
165,1,1025.7759,1032.2784,1032.6133,0.1262,0
165,0,1025.7759,1032.2784,1035.8202,0.0419,0
166,1,1032.6790,1038.7843,1039.3317,0.3083,0
166,0,1032.6790,1038.7843,1042.4794,0.0454,0
167,1,1039.3973,1045.2960,1045.7038,0.1190,0
167,0,1039.3973,1045.2960,1048.8671,0.0528,0
168,1,1045.7779,1051.7492,1052.0782,0.1225,0
168,0,1045.7779,1051.7492,1055.2079,0.0413,0
169,1,1052.1443,1058.0184,1058.3565,0.1176,0
169,0,1052.1443,1058.0184,1061.5022,0.2189,0
170,1,1058.5958,1064.5089,1064.9859,0.2964,0
170,0,1058.5958,1064.5089,1068.1102,0.0446,0
171,1,1065.0486,1071.1050,1071.6052,0.3252,0
171,0,1065.0486,1071.1050,1074.7843,0.0442,0
172,1,1071.6685,1077.3397,1077.6290,0.1114,0
172,0,1071.6685,1077.3397,1080.7382,0.1654,0
173,1,1077.8136,1083.5403,1084.0784,0.2899,0
173,0,1077.8136,1083.5403,1087.1957,0.0508,0
174,1,1084.1468,1089.9121,1090.2440,0.1211,0
174,0,1084.1468,1089.9121,1093.3629,0.0435,0
175,1,1090.3034,1095.8651,1096.1503,0.1132,0
175,0,1090.3034,1095.8651,1099.2543,0.0381,0
176,1,1096.2116,1102.8580,1103.2548,0.2065,0
176,0,1096.2116,1102.8580,1106.3702,0.0533,0
177,1,1103.3312,1108.6687,1108.9607,0.1111,0
177,0,1103.3312,1108.6687,1112.0465,0.0450,0
178,1,1109.0271,1114.4412,1114.7551,0.1156,0
178,0,1109.0271,1114.4412,1117.8122,0.0434,0
179,1,1114.8157,1120.3578,1120.6410,0.1102,0
179,0,1114.8157,1120.3578,1123.7778,0.0429,0
180,1,1120.7028,1126.2713,1126.5922,0.1175,0
180,0,1120.7028,1126.2713,1129.6369,0.0455,0
181,1,1126.6550,1132.4810,1132.7660,0.1123,0
181,0,1126.6550,1132.4810,1135.8196,0.0414,0
182,1,1132.8266,1138.3377,1138.8050,0.2902,0
182,0,1132.8266,1138.3377,1141.8840,0.0761,0
183,1,1138.9023,1144.1095,1144.5779,0.2869,0
183,0,1138.9023,1144.1095,1147.5989,0.1606,0
184,1,1144.7734,1150.0204,1150.6902,0.4929,0
184,0,1144.7734,1150.0204,1153.6731,0.0443,0
185,1,1150.7699,1156.4482,1156.7403,0.1134,0
185,0,1150.7699,1156.4482,1159.7187,0.0384,0
186,1,1156.8188,1162.2880,1162.6322,0.1391,0
186,0,1156.8188,1162.2880,1165.6361,0.0472,0
187,1,1162.7002,1168.6101,1168.8978,0.1125,0
187,0,1162.7002,1168.6101,1171.9235,0.0437,0
188,1,1168.9593,1173.9915,1174.2795,0.1146,0
188,0,1168.9593,1173.9915,1177.2268,0.0377,0
189,1,1174.3402,1179.6288,1179.9974,0.1935,0
189,0,1174.3402,1179.6288,1182.9278,0.0457,0
190,1,1180.0778,1185.1590,1185.5406,0.1282,0
190,0,1180.0778,1185.1590,1188.4771,0.0508,0
191,1,1185.6164,1190.6907,1190.9818,0.1160,0
191,0,1185.6164,1190.6907,1193.8635,0.0430,0
192,1,1191.0426,1196.2502,1196.6700,0.1601,0
192,0,1191.0426,1196.2502,1199.5375,0.0480,0
193,1,1196.7423,1202.0067,1202.3012,0.1122,0
193,0,1196.7423,1202.0067,1205.1668,0.0450,0
194,1,1202.3656,1207.4257,1207.7237,0.1198,0
194,0,1202.3656,1207.4257,1210.5719,0.0440,0
195,1,1207.7846,1212.9437,1213.3135,0.1945,0
195,0,1207.7846,1212.9437,1216.1431,0.0454,0
196,1,1213.3768,1218.6042,1218.9196,0.1132,0
196,0,1213.3768,1218.6042,1221.7517,0.0421,0
197,1,1219.0269,1224.1897,1224.4874,0.1206,0
197,0,1219.0269,1224.1897,1227.3018,0.0386,0
198,1,1224.5470,1229.4616,1229.7544,0.1157,0
198,0,1224.5470,1229.4616,1232.5699,0.0535,0
199,1,1229.8273,1235.0940,1235.4495,0.1779,0
199,0,1229.8273,1235.0940,1238.2621,0.0437,0
200,1,1235.5129,1240.7673,1241.0604,0.1157,0
200,0,1235.5129,1240.7673,1243.8498,0.0431,0
201,1,1241.1223,1246.1707,1246.4622,0.1178,0
201,0,1241.1223,1246.1707,1249.2671,0.0421,0
202,1,1246.5201,1251.7140,1252.1024,0.1833,0
202,0,1246.5201,1251.7140,1254.8715,0.0421,0
203,1,1252.1610,1257.4310,1257.7222,0.1197,0
203,0,1252.1610,1257.4310,1260.4926,0.0460,0
204,1,1257.7834,1263.0810,1263.4161,0.1196,0
204,0,1257.7834,1263.0810,1266.2243,0.0570,0
205,1,1263.4981,1268.7371,1269.0194,0.1064,0
205,0,1263.4981,1268.7371,1271.7994,0.0389,0
206,1,1269.0762,1274.4152,1274.7542,0.1177,0
206,0,1269.0762,1274.4152,1277.6135,0.0446,0
207,1,1274.8167,1279.5382,1279.7806,0.0577,0
207,0,1274.8167,1279.5382,1282.5277,0.2138,0
208,1,1280.0119,1285.2483,1285.5802,0.1259,0
208,0,1280.0119,1285.2483,1288.3309,0.0450,0
209,1,1285.6410,1290.8717,1291.1989,0.1194,0
209,0,1285.6410,1290.8717,1293.9794,0.0442,0
210,1,1291.2587,1296.2040,1296.5062,0.1168,0
210,0,1291.2587,1296.2040,1299.2514,0.0433,0
211,1,1296.5668,1301.8678,1302.1761,0.1162,0
211,0,1296.5668,1301.8678,1304.9187,0.0485,0
212,1,1302.2414,1307.5277,1307.8222,0.1196,0
212,0,1302.2414,1307.5277,1310.5767,0.0449,0
213,1,1307.8827,1312.8259,1313.1171,0.1206,0
213,0,1307.8827,1312.8259,1315.8491,0.0434,0
214,1,1313.1762,1318.3902,1318.7763,0.1792,0
214,0,1313.1762,1318.3902,1321.5095,0.0448,0
215,1,1318.8374,1324.0911,1324.3868,0.1167,0
215,0,1318.8374,1324.0911,1327.1889,0.0381,0
216,1,1324.4468,1329.7383,1330.0586,0.1167,0
216,0,1324.4468,1329.7383,1332.8148,0.1819,0
217,1,1330.2601,1335.1819,1335.4732,0.1171,0
217,0,1330.2601,1335.1819,1338.2130,0.0442,0
218,1,1335.5337,1340.7582,1341.1446,0.1838,0
218,0,1335.5337,1340.7582,1343.8994,0.0448,0
219,1,1341.2059,1346.4044,1346.7353,0.1211,0
219,0,1341.2059,1346.4044,1349.4730,0.0478,0
220,1,1346.8006,1351.6961,1352.0225,0.1202,0
220,0,1346.8006,1351.6961,1354.7449,0.0430,0
221,1,1352.0823,1357.3678,1357.8048,0.1807,0
221,0,1352.0823,1357.3678,1360.5406,0.0508,0
222,1,1357.8742,1363.0732,1363.4053,0.1233,0
222,0,1357.8742,1363.0732,1366.1227,0.0502,0
223,1,1363.4724,1368.7200,1369.0900,0.1159,0
223,0,1363.4724,1368.7200,1371.8306,0.0444,0
224,1,1369.1758,1374.2114,1374.7756,0.3149,0
224,0,1369.1758,1374.2114,1377.5535,0.0429,0
225,1,1374.8381,1379.5741,1380.0764,0.3225,0
225,0,1374.8381,1379.5741,1382.7841,0.0449,0
226,1,1380.1401,1385.2691,1385.5612,0.1161,0
226,0,1380.1401,1385.2691,1388.2647,0.0429,0
227,1,1385.6230,1390.7847,1391.1020,0.1199,0
227,0,1385.6230,1390.7847,1393.8094,0.0448,0
228,1,1391.1654,1396.3475,1396.6418,0.1146,0
228,0,1391.1654,1396.3475,1399.3353,0.0461,0
229,1,1396.7246,1401.9546,1402.3045,0.1206,0
229,0,1396.7246,1401.9546,1405.0345,0.0434,0
230,1,1402.3669,1407.4043,1407.6988,0.1179,0
230,0,1402.3669,1407.4043,1410.4115,0.0434,0
231,1,1407.7604,1412.9133,1413.2680,0.1827,0
231,0,1407.7604,1412.9133,1415.9798,0.0449,0
232,1,1413.3314,1418.5842,1418.8746,0.1144,0
232,0,1413.3314,1418.5842,1421.6132,0.0481,0
233,1,1418.9401,1423.9225,1424.2180,0.1182,0
233,0,1418.9401,1423.9225,1426.9265,0.0372,0
234,1,1424.2771,1429.5673,1429.9262,0.1877,0
234,0,1424.2771,1429.5673,1432.6245,0.0457,0
235,1,1429.9889,1435.3516,1435.6549,0.1135,0
235,0,1429.9889,1435.3516,1438.3919,0.0373,0
236,1,1435.7111,1440.6732,1440.9612,0.1163,0
236,0,1435.7111,1440.6732,1443.6752,0.0376,0
237,1,1441.0165,1446.2191,1446.5762,0.1816,0
237,0,1441.0165,1446.2191,1449.3308,0.0457,0
238,1,1446.6404,1451.8929,1452.1904,0.1197,0
238,0,1446.6404,1451.8929,1454.9149,0.0501,0
239,1,1452.2604,1457.4451,1457.7453,0.1222,0
239,0,1452.2604,1457.4451,1460.4706,0.0436,0
240,1,1457.8076,1462.7383,1463.0269,0.1143,0
240,0,1457.8076,1462.7383,1465.7272,0.0367,0
241,1,1463.0848,1468.5680,1468.9079,0.1227,0
241,0,1463.0848,1468.5680,1471.6299,0.0456,0
242,1,1469.1188,1474.2213,1474.5269,0.1170,0
242,0,1469.1188,1474.2213,1477.2555,0.0459,0
243,1,1474.5925,1479.6101,1479.9034,0.1156,0
243,0,1474.5925,1479.6101,1482.6377,0.0365,0
244,1,1479.9577,1485.1049,1485.5113,0.1556,0
244,0,1479.9577,1485.1049,1488.2714,0.0474,0
245,1,1485.5773,1490.8050,1491.0989,0.1181,0
245,0,1485.5773,1490.8050,1493.8198,0.0519,0
246,1,1491.1675,1496.3846,1496.6791,0.1199,0
246,0,1491.1675,1496.3846,1499.5080,0.0386,0
247,1,1496.7442,1502.0340,1502.3268,0.1171,0
247,0,1496.7442,1502.0340,1505.0673,0.0378,0
248,1,1502.3839,1507.4154,1507.7146,0.1204,0
248,0,1502.3839,1507.4154,1510.4447,0.0435,0
249,1,1507.7748,1512.9119,1513.2627,0.1776,0
249,0,1507.7748,1512.9119,1516.0158,0.0391,0
250,1,1513.3228,1518.3714,1518.6670,0.1178,0
250,0,1513.3228,1518.3714,1521.3684,0.0368,0
251,1,1519.6731,1524.3423,1524.6458,0.1169,0
251,0,1519.6731,1524.3423,1527.3430,0.0373,0
252,1,1524.7908,1529.6866,1530.3378,0.3298,0
252,0,1524.7908,1529.6866,1533.1172,0.1300,0
253,1,1530.5100,1535.5635,1535.9950,0.2171,0
253,0,1530.5100,1535.5635,1538.6895,0.1869,0
254,1,1536.2027,1541.0862,1541.5378,0.1803,0
254,0,1536.2027,1541.0862,1544.2505,0.0464,0
255,1,1541.6012,1546.3261,1546.8529,0.3230,0
255,0,1541.6012,1546.3261,1549.5354,0.1197,0
256,1,1547.0074,1551.7894,1552.0759,0.1160,0
256,0,1547.0074,1551.7894,1554.7173,0.0433,0
257,1,1552.1357,1557.2741,1557.6251,0.1606,0
257,0,1552.1357,1557.2741,1560.3290,0.0458,0
258,1,1557.6869,1562.8872,1563.2123,0.1169,0
258,0,1557.6869,1562.8872,1565.8823,0.0491,0
259,1,1563.2777,1568.7168,1569.0151,0.1116,0
259,0,1563.2777,1568.7168,1571.6976,0.0372,0
260,1,1569.0688,1573.9334,1574.3007,0.1237,0
260,0,1569.0688,1573.9334,1577.0041,0.0459,0
261,1,1574.3708,1579.5781,1579.9456,0.1868,0
261,0,1574.3708,1579.5781,1582.6221,0.0453,0
262,1,1580.0089,1584.8766,1585.3618,0.3154,0
262,0,1580.0089,1584.8766,1588.0299,0.0381,0
263,1,1585.4230,1590.3518,1590.8168,0.2917,0
263,0,1585.4230,1590.3518,1593.4938,0.0452,0
264,1,1590.8790,1595.8411,1596.3381,0.2977,0
264,0,1590.8790,1595.8411,1598.9937,0.0433,0
265,1,1596.3985,1601.4802,1601.9802,0.2918,0
265,0,1596.3985,1601.4802,1604.6370,0.0481,0
266,1,1602.0445,1607.0246,1607.5207,0.2899,0
266,0,1602.0445,1607.0246,1610.2426,0.0448,0
267,1,1607.5841,1612.4600,1612.9816,0.3155,0
267,0,1607.5841,1612.4600,1615.6288,0.0434,0
268,1,1613.0421,1617.9285,1618.4137,0.3051,0
268,0,1613.0421,1617.9285,1621.0602,0.0364,0
269,1,1618.4711,1623.9498,1624.2456,0.1154,0
269,0,1618.4711,1623.9498,1626.9298,0.0380,0
270,1,1624.3044,1629.3121,1629.8019,0.3186,0
270,0,1624.3044,1629.3121,1632.4777,0.0368,0
271,1,1629.8562,1635.4629,1635.7655,0.1140,0
271,0,1629.8562,1635.4629,1638.4620,0.0379,0
272,1,1635.8451,1640.6575,1641.1544,0.3177,0
272,0,1635.8451,1640.6575,1643.8641,0.0365,0
273,1,1641.2272,1646.1117,1646.4124,0.1124,0
273,0,1641.2272,1646.1117,1649.0836,0.0366,0
274,1,1646.4990,1651.7747,1652.1282,0.1750,0
274,0,1646.4990,1651.7747,1654.7960,0.0450,0
275,1,1652.2282,1657.2784,1657.5837,0.1169,0
275,0,1652.2282,1657.2784,1660.3888,0.0429,0
276,1,1657.6614,1662.8112,1663.3460,0.2685,0
276,0,1657.6614,1662.8112,1666.0424,0.0480,0
277,1,1663.4231,1668.8663,1669.1948,0.1174,0
277,0,1663.4231,1668.8663,1671.9326,0.0466,0
278,1,1669.2747,1674.3859,1674.7685,0.1863,0
278,0,1669.2747,1674.3859,1677.5616,0.0367,0
279,1,1674.8322,1679.6268,1680.1261,0.3220,0
279,0,1674.8322,1679.6268,1682.8193,0.0390,0
280,1,1680.1826,1685.3380,1685.6602,0.1214,0
280,0,1680.1826,1685.3380,1688.3532,0.0410,0
281,1,1685.7179,1690.4960,1691.0004,0.2914,0
281,0,1685.7179,1690.4960,1693.7003,0.0451,0
282,1,1691.0624,1696.3491,1696.6352,0.1157,0
282,0,1691.0624,1696.3491,1699.3247,0.0441,0
283,1,1696.6964,1701.8834,1702.2016,0.1201,0
283,0,1696.6964,1701.8834,1704.8969,0.0440,0
284,1,1702.2625,1707.3352,1707.6943,0.1540,0
284,0,1702.2625,1707.3352,1710.3836,0.0475,0
285,1,1707.7600,1712.6958,1713.1800,0.3072,0
285,0,1707.7600,1712.6958,1715.8630,0.0469,0
286,1,1713.2490,1718.3446,1718.6399,0.1178,0
286,0,1713.2490,1718.3446,1721.3349,0.0419,0
287,1,1718.6984,1723.9584,1724.3131,0.1782,0
287,0,1718.6984,1723.9584,1727.0093,0.0447,0
288,1,1724.3951,1729.3237,1729.6174,0.1187,0
288,0,1724.3951,1729.3237,1732.3066,0.0424,0
289,1,1729.6761,1735.1103,1735.4711,0.1830,0
289,0,1729.6761,1735.1103,1738.1806,0.0429,0
290,1,1735.5355,1740.7610,1741.0646,0.1217,0
290,0,1735.5355,1740.7610,1743.7735,0.0456,0
291,1,1741.1287,1746.3042,1746.5926,0.1165,0
291,0,1741.1287,1746.3042,1749.3061,0.0449,0
292,1,1746.6545,1751.8674,1752.1590,0.1155,0
292,0,1746.6545,1751.8674,1754.8922,0.0444,0
293,1,1752.2215,1757.4164,1757.7131,0.1178,0
293,0,1752.2215,1757.4164,1760.4282,0.0441,0
294,1,1757.7755,1762.7623,1763.0551,0.1175,0
294,0,1757.7755,1762.7623,1765.7523,0.0367,0
295,1,1763.1147,1768.7725,1769.0928,0.1139,0
295,0,1763.1147,1768.7725,1771.9402,0.0494,0
296,1,1769.1689,1774.1800,1774.4713,0.1181,0
296,0,1769.1689,1774.1800,1777.2020,0.0437,0
297,1,1774.5325,1779.4373,1779.7363,0.1217,0
297,0,1774.5325,1779.4373,1782.4533,0.0432,0
298,1,1779.7960,1784.9581,1785.3122,0.1834,0
298,0,1779.7960,1784.9581,1788.0523,0.0458,0
299,1,1785.3741,1790.6755,1790.9656,0.1189,0
299,0,1785.3741,1790.6755,1793.6912,0.0442,0
300,1,1791.0272,1796.2539,1796.5401,0.1152,0
300,0,1791.0272,1796.2539,1799.3326,0.0433,0
301,1,1796.6002,1801.7776,1802.1038,0.1202,0
301,0,1796.6002,1801.7776,1804.8330,0.0438,0
302,1,1802.1660,1807.2950,1807.6494,0.1799,0
302,0,1802.1660,1807.2950,1810.3783,0.0369,0
303,1,1807.7027,1812.9400,1813.2348,0.1162,0
303,0,1807.7027,1812.9400,1815.9635,0.0529,0
304,1,1813.3042,1818.6269,1818.9180,0.1168,0
304,0,1813.3042,1818.6269,1821.6643,0.0368,0
305,1,1818.9727,1824.1912,1824.5165,0.1212,0
305,0,1818.9727,1824.1912,1827.2594,0.0441,0
306,1,1824.5770,1829.4845,1829.8116,0.1242,0
306,0,1824.5770,1829.4845,1832.6402,0.0444,0
307,1,1829.8725,1835.2027,1835.4913,0.1138,0
307,0,1829.8725,1835.2027,1838.2492,0.0446,0
308,1,1835.5547,1840.7621,1841.1723,0.1811,0
308,0,1835.5547,1840.7621,1843.9057,0.0474,0
309,1,1841.2372,1846.3963,1846.7254,0.1232,0
309,0,1841.2372,1846.3963,1849.4735,0.0433,0
310,1,1846.7851,1851.9596,1852.2761,0.1229,0
310,0,1846.7851,1851.9596,1855.0088,0.0374,0
311,1,1852.3378,1857.2588,1857.5633,0.1217,0
311,0,1852.3378,1857.2588,1860.3147,0.0426,0
312,1,1857.6259,1862.8053,1863.2443,0.1923,0
312,0,1857.6259,1862.8053,1865.9538,0.0451,0
313,1,1863.3085,1868.7478,1869.0532,0.1128,0
313,0,1863.3085,1868.7478,1871.7909,0.0372,0
314,1,1869.1076,1874.3174,1874.6996,0.1186,0
314,0,1869.1076,1874.3174,1877.4942,0.0452,0
315,1,1874.7711,1879.5776,1879.8686,0.1155,0
315,0,1874.7711,1879.5776,1882.5823,0.0432,0
316,1,1879.9299,1885.1179,1885.5081,0.1797,0
316,0,1879.9299,1885.1179,1888.2719,0.0449,0
317,1,1885.5687,1890.8524,1891.1515,0.1165,0
317,0,1885.5687,1890.8524,1893.8743,0.0477,0
318,1,1891.2152,1896.4225,1896.7122,0.1166,0
318,0,1891.2152,1896.4225,1899.4375,0.0476,0
319,1,1896.7802,1901.7747,1902.0928,0.1194,0
319,0,1896.7802,1901.7747,1904.8088,0.0434,0
320,1,1902.1533,1907.3878,1907.7735,0.1830,0
320,0,1902.1533,1907.3878,1910.5337,0.0441,0
321,1,1907.8334,1913.0841,1913.3751,0.1145,0
321,0,1907.8334,1913.0841,1916.1041,0.0431,0
322,1,1913.4364,1918.6071,1918.8975,0.1149,0
322,0,1913.4364,1918.6071,1921.6278,0.0377,0
323,1,1918.9540,1924.1916,1924.4852,0.1176,0
323,0,1918.9540,1924.1916,1927.2359,0.0446,0
324,1,1924.5483,1929.6859,1930.0579,0.1646,0
324,0,1924.5483,1929.6859,1932.8153,0.1754,0
325,1,1930.2538,1935.0884,1935.3827,0.1176,0
325,0,1930.2538,1935.0884,1938.0955,0.0386,0
326,1,1935.4435,1940.6957,1941.0660,0.1891,0
326,0,1935.4435,1940.6957,1943.8030,0.0395,0
327,1,1941.1287,1946.4071,1946.7080,0.1202,0
327,0,1941.1287,1946.4071,1949.4356,0.0441,0
328,1,1946.7693,1951.9076,1952.1972,0.1164,0
328,0,1946.7693,1951.9076,1954.9256,0.0443,0
329,1,1952.2579,1957.4630,1957.8192,0.1799,0
329,0,1952.2579,1957.4630,1960.5551,0.0471,0
330,1,1957.8855,1963.0711,1963.3604,0.1153,0
330,0,1957.8855,1963.0711,1966.0854,0.0361,0
331,1,1963.4132,1968.9080,1969.3343,0.1162,0
331,0,1963.4132,1968.9080,1972.0997,0.2880,0
332,1,1969.6466,1974.7483,1975.0480,0.1130,0
332,0,1969.6466,1974.7483,1977.7950,0.2434,0
333,1,1975.3313,1980.3363,1980.6243,0.1151,0
333,0,1975.3313,1980.3363,1983.3572,0.2246,0
334,1,1980.8682,1985.8234,1986.3130,0.3030,0
334,0,1980.8682,1985.8234,1989.2355,0.2806,0
335,1,1986.6145,1991.5566,1991.9239,0.1336,0
335,0,1986.6145,1991.5566,1994.6315,0.1383,0
336,1,1992.0822,1997.4741,1998.0173,0.3483,0
336,0,1992.0822,1997.4741,2000.7400,0.0731,0
337,1,1998.1173,2003.5926,2003.8827,0.1124,0
337,0,1998.1173,2003.5926,2006.6519,0.0388,0
338,1,2003.9424,2009.2258,2009.5287,0.1203,0
338,0,2003.9424,2009.2258,2012.2990,0.0362,0
339,1,2009.5833,2014.8549,2015.1437,0.1126,0
339,0,2009.5833,2014.8549,2017.8879,0.0423,0
340,1,2015.2051,2020.6783,2020.9650,0.1124,0
340,0,2015.2051,2020.6783,2023.7123,0.0370,0
341,1,2021.9837,2026.7701,2027.1715,0.1316,0
341,0,2021.9837,2026.7701,2029.8967,0.0436,0
342,1,2027.2966,2032.9253,2033.2367,0.1160,0
342,0,2027.2966,2032.9253,2036.0180,0.1142,0
343,1,2033.3862,2039.1908,2039.5605,0.1846,0
343,0,2033.3862,2039.1908,2042.3669,0.0459,0
344,1,2039.6250,2044.8782,2045.1829,0.1155,0
344,0,2039.6250,2044.8782,2047.9695,0.0848,0
345,1,2045.2880,2050.5412,2050.9012,0.1827,0
345,0,2045.2880,2050.5412,2053.7123,0.0370,0
346,1,2050.9545,2056.4162,2056.7026,0.1093,0
346,0,2050.9545,2056.4162,2059.4965,0.0437,0
347,1,2056.7638,2062.0972,2062.3917,0.1175,0
347,0,2056.7638,2062.0972,2065.1903,0.0430,0
348,1,2062.4563,2068.2017,2068.4961,0.1145,0
348,0,2062.4563,2068.2017,2071.3242,0.0447,0
349,1,2068.5609,2074.0742,2074.3696,0.1183,0
349,0,2068.5609,2074.0742,2077.2004,0.0424,0
350,1,2074.4304,2079.7460,2080.0374,0.1161,0
350,0,2074.4304,2079.7460,2082.8655,0.0425,0
351,1,2080.0963,2085.2848,2085.5866,0.1150,0
351,0,2080.0963,2085.2848,2088.4043,0.0446,0
352,1,2085.6492,2090.8291,2091.1218,0.1186,0
352,0,2085.6492,2090.8291,2093.9347,0.0437,0
353,1,2091.1818,2096.3851,2096.7577,0.1269,0
353,0,2091.1818,2096.3851,2099.5989,0.0462,0
354,1,2096.8211,2102.2595,2102.6628,0.1248,0
354,0,2096.8211,2102.2595,2105.4868,0.2362,0
355,1,2102.9184,2108.0305,2108.3218,0.1093,0
355,0,2102.9184,2108.0305,2111.1377,0.0431,0
356,1,2108.3855,2113.5830,2113.9498,0.1139,0
356,0,2108.3855,2113.5830,2116.7755,0.2001,0
357,1,2114.1804,2119.1536,2119.5403,0.1903,0
357,0,2114.1804,2119.1536,2122.3176,0.0744,0
358,1,2119.6421,2124.7590,2125.0583,0.1208,0
358,0,2119.6421,2124.7590,2127.8287,0.0505,0
359,1,2125.1268,2130.2280,2130.8073,0.2788,0
359,0,2125.1268,2130.2280,2133.5948,0.3113,0
360,1,2131.1412,2136.7260,2137.0884,0.1797,0
360,0,2131.1412,2136.7260,2139.9284,0.0624,0
361,1,2137.1878,2142.5436,2142.8395,0.1164,0
361,0,2137.1878,2142.5436,2145.6267,0.0440,0
362,1,2142.9088,2148.1850,2148.4842,0.1215,0
362,0,2142.9088,2148.1850,2151.2648,0.0446,0
363,1,2148.5641,2154.0803,2154.3675,0.1115,0
363,0,2148.5641,2154.0803,2157.1688,0.0440,0
364,1,2154.4456,2159.7074,2160.0500,0.1625,0
364,0,2154.4456,2159.7074,2163.0010,0.0426,0
365,1,2160.1254,2166.1001,2166.5271,0.1485,0
365,0,2160.1254,2166.1001,2169.4577,0.0432,0
366,1,2166.5895,2171.9234,2172.2861,0.1842,0
366,0,2166.5895,2171.9234,2175.1157,0.0382,0
367,1,2172.3441,2177.4119,2177.7821,0.1329,0
367,0,2172.3441,2177.4119,2180.6010,0.2833,0
368,1,2178.0911,2183.1113,2183.4566,0.1162,0
368,0,2178.0911,2183.1113,2186.2512,0.2115,0
369,1,2183.6867,2189.1867,2189.5761,0.1971,0
369,0,2183.6867,2189.1867,2192.3833,0.0507,0
370,1,2189.6476,2194.9450,2195.3081,0.1843,0
370,0,2189.6476,2194.9450,2198.1101,0.0449,0
371,1,2195.3718,2201.0925,2201.3832,0.1155,0
371,0,2195.3718,2201.0925,2204.2060,0.0424,0
372,1,2201.4460,2206.9710,2207.2674,0.1161,0
372,0,2201.4460,2206.9710,2210.1168,0.0373,0
373,1,2207.3262,2212.6563,2212.9416,0.1181,0
373,0,2207.3262,2212.6563,2215.7699,0.0446,0
374,1,2213.0058,2218.3299,2218.6275,0.1175,0
374,0,2213.0058,2218.3299,2221.4810,0.0426,0
375,1,2218.6869,2224.1196,2224.4056,0.1099,0
375,0,2218.6869,2224.1196,2227.2870,0.0377,0
376,1,2224.4614,2229.5218,2229.8090,0.1160,0
376,0,2224.4614,2229.5218,2232.6280,0.0435,0
377,1,2229.8721,2235.1985,2235.5643,0.1866,0
377,0,2229.8721,2235.1985,2238.4035,0.0424,0
378,1,2235.6235,2240.9233,2241.2206,0.1194,0
378,0,2235.6235,2240.9233,2244.0375,0.0428,0
379,1,2241.3270,2246.2279,2246.5283,0.1135,0
379,0,2241.3270,2246.2279,2249.3191,0.0426,0
380,1,2246.5894,2251.8682,2252.2428,0.1945,0
380,0,2246.5894,2251.8682,2255.0329,0.0432,0
381,1,2252.3049,2257.4928,2257.7889,0.1173,0
381,0,2252.3049,2257.4928,2260.5720,0.0376,0
382,1,2257.8447,2263.0846,2263.4428,0.1847,0
382,0,2257.8447,2263.0846,2266.2275,0.0496,0
383,1,2263.5129,2268.7583,2269.0566,0.1052,0
383,0,2263.5129,2268.7583,2271.8460,0.0415,0
384,1,2269.1404,2274.2140,2274.5040,0.1162,0
384,0,2269.1404,2274.2140,2277.2811,0.0374,0
385,1,2274.5640,2279.6551,2279.9431,0.1139,0
385,0,2274.5640,2279.6551,2282.7043,0.0448,0
386,1,2280.0099,2285.1427,2285.4323,0.1138,0
386,0,2280.0099,2285.1427,2288.2410,0.0436,0
387,1,2285.4958,2290.8408,2291.2162,0.1799,0
387,0,2285.4958,2290.8408,2294.0103,0.0457,0
388,1,2291.2812,2296.2941,2296.5837,0.1134,0
388,0,2291.2812,2296.2941,2299.3348,0.0373,0
389,1,2296.6466,2301.9401,2302.2341,0.1209,0
389,0,2296.6466,2301.9401,2305.0210,0.0438,0
390,1,2302.2967,2307.4059,2307.7003,0.1172,0
390,0,2302.2967,2307.4059,2310.4487,0.0445,0
391,1,2307.7631,2313.0356,2313.3944,0.1830,0
391,0,2307.7631,2313.0356,2316.1651,0.0379,0
392,1,2313.4515,2318.4818,2318.8733,0.1140,0
392,0,2313.4515,2318.4818,2321.6492,0.0446,0
393,1,2318.9448,2324.1134,2324.4057,0.1191,0
393,0,2318.9448,2324.1134,2327.1492,0.0371,0
394,1,2324.4675,2329.6564,2329.9444,0.1150,0
394,0,2324.4675,2329.6564,2332.6733,0.0428,0
395,1,2330.0060,2335.6245,2335.9594,0.1150,0
395,0,2330.0060,2335.6245,2338.7279,0.2697,0
396,1,2336.2488,2341.4505,2341.7399,0.1165,0
396,0,2336.2488,2341.4505,2344.5012,0.0397,0
397,1,2341.8015,2347.0574,2347.3439,0.1146,0
397,0,2341.8015,2347.0574,2350.1301,0.2266,0
398,1,2347.5956,2352.9963,2353.5009,0.2894,0
398,0,2347.5956,2352.9963,2356.2754,0.0408,0
399,1,2353.5612,2358.9268,2359.2976,0.1845,0
399,0,2353.5612,2358.9268,2362.1035,0.0460,0
400,1,2359.3608,2365.2854,2365.8762,0.1117,0
400,0,2359.3608,2365.2854,2368.7209,0.0585,0
401,1,2365.9610,2371.6098,2371.9702,0.1163,0
401,0,2365.9610,2371.6098,2374.8031,0.0427,0
402,1,2372.0417,2377.2918,2377.6907,0.1738,0
402,0,2372.0417,2377.2918,2380.5118,0.0457,0
403,1,2377.7601,2383.0520,2383.3388,0.1114,0
403,0,2377.7601,2383.0520,2386.2023,0.2728,0
404,1,2383.6311,2389.4056,2389.8644,0.2808,0
404,0,2383.6311,2389.4056,2392.7016,0.0384,0
405,1,2389.9238,2395.6619,2395.9524,0.1141,0
405,0,2389.9238,2395.6619,2398.8397,0.0611,0
406,1,2396.0351,2402.0802,2402.3660,0.1129,0
406,0,2396.0351,2402.0802,2405.2916,0.0368,0
407,1,2402.4219,2407.6511,2407.9432,0.1116,0
407,0,2402.4219,2407.6511,2410.8166,0.0373,0
408,1,2407.9986,2413.4052,2413.6965,0.1154,0
408,0,2407.9986,2413.4052,2416.5502,0.2153,0
409,1,2413.9439,2419.8309,2420.3392,0.3130,0
409,0,2413.9439,2419.8309,2423.2599,0.0460,0
410,1,2420.4054,2426.0338,2426.3289,0.1175,0
410,0,2420.4054,2426.0338,2429.2515,0.0423,0
411,1,2426.3889,2432.4208,2432.7241,0.1230,0
411,0,2426.3889,2432.4208,2435.6529,0.0460,0
412,1,2432.7896,2438.6747,2438.9648,0.1124,0
412,0,2432.7896,2438.6747,2441.9440,0.0370,0
413,1,2439.0240,2444.4888,2445.0780,0.4116,0
413,0,2439.0240,2444.4888,2448.0168,0.0499,0
414,1,2445.1482,2450.7538,2451.1112,0.1808,0
414,0,2445.1482,2450.7538,2454.0430,0.0447,0
415,1,2451.1746,2457.0284,2457.3180,0.1135,0
415,0,2451.1746,2457.0284,2460.2982,0.0372,0
416,1,2457.3801,2463.0976,2463.4202,0.1138,0
416,0,2457.3801,2463.0976,2466.4074,0.1781,0
417,1,2463.6178,2468.8743,2469.1612,0.1129,0
417,0,2463.6178,2468.8743,2472.1010,0.0385,0
418,1,2469.2374,2474.9278,2475.2287,0.1298,0
418,0,2469.2374,2474.9278,2478.1730,0.2827,0
419,1,2475.5335,2481.1561,2481.5349,0.2019,0
419,0,2475.5335,2481.1561,2484.4806,0.0460,0
420,1,2481.5998,2487.6196,2487.9102,0.1112,0
420,0,2481.5998,2487.6196,2490.9035,0.0369,0
421,1,2487.9673,2493.5977,2493.8863,0.1161,0
421,0,2487.9673,2493.5977,2497.0649,0.0444,0
422,1,2493.9496,2499.6706,2500.0018,0.1111,0
422,0,2493.9496,2499.6706,2502.9738,0.0389,0
423,1,2500.0601,2505.6414,2506.2286,0.3464,0
423,0,2500.0601,2505.6414,2509.2589,0.0915,0
424,1,2506.3681,2512.3509,2512.6469,0.1171,0
424,0,2506.3681,2512.3509,2515.6711,0.0379,0
425,1,2512.7103,2518.7001,2519.0621,0.1201,0
425,0,2512.7103,2518.7001,2522.1535,0.0453,0
426,1,2519.1294,2524.6326,2524.9110,0.1093,0
426,0,2519.1294,2524.6326,2527.9230,0.1406,0
427,1,2526.2634,2532.8212,2533.1937,0.1181,0
427,0,2526.2634,2532.8212,2536.2854,0.0426,0
428,1,2533.3446,2539.1998,2539.8018,0.4264,0
428,0,2533.3446,2539.1998,2542.8795,0.0370,0
429,1,2539.8645,2545.9243,2546.2075,0.1137,0
429,0,2539.8645,2545.9243,2549.2967,0.0364,0
430,1,2546.2727,2552.3661,2552.7050,0.1119,0
430,0,2546.2727,2552.3661,2555.8123,0.1798,0
431,1,2552.9084,2558.8491,2559.3374,0.3159,0
431,0,2552.9084,2558.8491,2562.4430,0.0455,0
432,1,2559.4082,2565.9278,2566.2172,0.1151,0
432,0,2559.4082,2565.9278,2569.4710,0.0494,0
433,1,2566.2909,2572.3952,2572.6895,0.1136,0
433,0,2566.2909,2572.3952,2575.8932,0.0445,0
434,1,2572.7590,2578.8103,2579.1630,0.1786,0
434,0,2572.7590,2578.8103,2582.4791,0.0406,0
435,1,2579.2361,2585.4258,2585.7108,0.1131,0
435,0,2579.2361,2585.4258,2588.9440,0.0370,0
436,1,2585.7731,2591.5456,2591.8946,0.1717,0
436,0,2585.7731,2591.5456,2595.0510,0.1732,0
437,1,2592.0940,2598.5439,2598.8887,0.1141,0
437,0,2592.0940,2598.5439,2602.0798,0.0529,0
438,1,2598.9661,2605.1588,2605.4550,0.1068,0
438,0,2598.9661,2605.1588,2608.6636,0.0418,0
439,1,2605.5212,2611.6052,2611.9783,0.1926,0
439,0,2605.5212,2611.6052,2615.1764,0.0441,0
440,1,2612.0454,2617.9630,2618.2721,0.1205,0
440,0,2612.0454,2617.9630,2621.4692,0.0476,0
441,1,2618.3446,2624.4688,2624.8189,0.1172,0
441,0,2618.3446,2624.4688,2628.0335,0.0417,0
442,1,2624.8853,2630.8690,2631.6023,0.5550,0
442,0,2624.8853,2630.8690,2634.8018,0.0460,0
443,1,2631.6742,2637.9000,2638.1867,0.1159,0
443,0,2631.6742,2637.9000,2641.4123,0.0391,0
444,1,2638.2502,2643.7783,2644.1396,0.1213,0
444,0,2638.2502,2643.7783,2647.3057,0.0489,0
445,1,2644.2095,2649.8147,2650.1038,0.1107,0
445,0,2644.2095,2649.8147,2653.2727,0.2426,0
446,1,2650.3880,2656.4805,2656.9589,0.2978,0
446,0,2650.3880,2656.4805,2660.1222,0.0374,0
447,1,2657.0356,2662.8822,2663.1770,0.1156,0
447,0,2657.0356,2662.8822,2666.4865,0.0451,0
448,1,2663.2628,2669.2772,2669.7386,0.2068,0
448,0,2663.2628,2669.2772,2672.8951,0.1796,0
449,1,2669.9407,2675.3927,2675.6921,0.1174,0
449,0,2669.9407,2675.3927,2678.9009,0.0380,0
450,1,2675.7554,2681.5624,2681.9323,0.1757,0
450,0,2675.7554,2681.5624,2685.0658,0.0440,0
451,1,2682.0000,2688.0051,2688.2994,0.1170,0
451,0,2682.0000,2688.0051,2691.7649,0.0372,0
452,1,2688.3606,2693.7889,2694.0755,0.1103,0
452,0,2688.3606,2693.7889,2697.2799,0.0361,0
453,1,2694.1364,2699.7951,2700.1638,0.1914,0
453,0,2694.1364,2699.7951,2703.2717,0.0879,0
454,1,2700.2774,2706.2603,2706.6009,0.1562,0
454,0,2700.2774,2706.2603,2709.7169,0.0417,0
455,1,2706.6664,2712.4436,2712.7482,0.1130,0
455,0,2706.6664,2712.4436,2715.8460,0.0503,0
456,1,2712.8194,2718.2922,2718.5845,0.1149,0
456,0,2712.8194,2718.2922,2721.6749,0.0424,0
457,1,2718.6705,2724.2151,2724.5043,0.1178,0
457,0,2718.6705,2724.2151,2727.6474,0.0437,0
458,1,2724.5760,2729.9000,2730.1921,0.1173,0
458,0,2724.5760,2729.9000,2733.2491,0.0372,0
459,1,2730.2555,2735.7105,2736.0243,0.1055,0
459,0,2730.2555,2735.7105,2739.0833,0.3393,0
460,1,2736.3892,2742.0969,2742.3876,0.1174,0
460,0,2736.3892,2742.0969,2745.4260,0.0793,0
461,1,2742.4937,2748.2270,2748.5124,0.1164,0
461,0,2742.4937,2748.2270,2751.5486,0.0366,0
462,1,2748.5735,2754.5261,2754.8603,0.1138,0
462,0,2748.5735,2754.5261,2757.9081,0.0485,0
463,1,2754.9287,2760.4829,2760.7726,0.1125,0
463,0,2754.9287,2760.4829,2763.8470,0.1040,0
464,1,2760.9019,2766.7129,2767.0691,0.1878,0
464,0,2760.9019,2766.7129,2770.0895,0.1556,0
465,1,2767.2431,2773.1669,2773.5518,0.1832,0
465,0,2767.2431,2773.1669,2776.6159,0.0373,0
466,1,2773.6150,2779.3638,2779.6568,0.1146,0
466,0,2773.6150,2779.3638,2782.7159,0.0372,0
467,1,2779.7195,2785.4745,2786.0561,0.1374,0
467,0,2779.7195,2785.4745,2789.1540,0.1266,0
468,1,2786.2070,2791.8597,2792.3542,0.2930,0
468,0,2786.2070,2791.8597,2795.4131,0.0471,0
469,1,2792.4295,2798.6208,2798.9103,0.1126,0
469,0,2792.4295,2798.6208,2801.9815,0.0433,0
470,1,2799.0052,2805.0327,2805.3972,0.1200,0
470,0,2799.0052,2805.0327,2808.5181,0.0446,0
471,1,2805.4644,2810.7075,2811.0680,0.1707,0
471,0,2805.4644,2810.7075,2814.1627,0.2928,0
472,1,2811.3841,2816.7281,2817.2274,0.3148,0
472,0,2811.3841,2816.7281,2820.2580,0.2030,0
473,1,2817.4551,2823.4404,2823.7425,0.1187,0
473,0,2817.4551,2823.4404,2826.7962,0.0442,0
474,1,2823.8108,2829.5785,2829.9293,0.1679,0
474,0,2823.8108,2829.5785,2832.9846,0.0382,0
475,1,2829.9924,2835.5670,2835.8512,0.1191,0
475,0,2829.9924,2835.5670,2838.9003,0.0406,0
476,1,2835.9155,2841.6024,2841.8957,0.1184,0
476,0,2835.9155,2841.6024,2844.9453,0.1810,0
477,1,2842.1029,2847.8397,2848.2242,0.1822,0
477,0,2842.1029,2847.8397,2851.2793,0.0432,0
478,1,2848.2899,2854.2563,2854.5391,0.1151,0
478,0,2848.2899,2854.2563,2857.5955,0.0377,0
479,1,2854.6018,2860.3610,2860.6426,0.1173,0
479,0,2854.6018,2860.3610,2863.8835,0.0360,0
480,1,2860.7030,2866.2947,2866.5799,0.1132,0
480,0,2860.7030,2866.2947,2869.6379,0.1347,0
481,1,2866.7418,2872.5830,2873.0845,0.3298,0
481,0,2866.7418,2872.5830,2876.1470,0.0370,0
482,1,2873.1467,2878.8980,2879.1848,0.1173,0
482,0,2873.1467,2878.8980,2882.2642,0.0487,0
483,1,2879.2588,2884.9260,2885.2208,0.1229,0
483,0,2879.2588,2884.9260,2888.2765,0.0416,0
484,1,2885.2872,2891.0273,2891.3254,0.1176,0
484,0,2885.2872,2891.0273,2894.3755,0.0919,0
485,1,2891.4425,2896.6606,2897.1536,0.2868,0
485,0,2891.4425,2896.6606,2900.1840,0.2577,0
486,1,2897.4387,2903.1094,2903.6069,0.3166,0
486,0,2897.4387,2903.1094,2906.6334,0.0464,0
487,1,2903.6781,2909.4395,2909.7251,0.1144,0
487,0,2903.6781,2909.4395,2912.7502,0.0434,0
488,1,2909.7931,2915.5528,2915.8501,0.1213,0
488,0,2909.7931,2915.5528,2918.8825,0.0427,0
489,1,2915.9186,2921.4989,2921.7910,0.1231,0
489,0,2915.9186,2921.4989,2924.8552,0.0379,0
490,1,2921.8542,2927.0816,2927.3705,0.1142,0
490,0,2921.8542,2927.0816,2930.5221,0.0369,0
491,1,2927.4327,2933.0819,2933.4145,0.1146,0
491,0,2927.4327,2933.0819,2936.4052,0.2137,0
492,1,2933.6554,2939.5686,2939.9371,0.1860,0
492,0,2933.6554,2939.5686,2943.1342,0.0383,0
493,1,2940.0007,2945.8928,2946.2033,0.1184,0
493,0,2940.0007,2945.8928,2949.2646,0.0413,0
494,1,2946.2698,2952.0242,2952.3152,0.1179,0
494,0,2946.2698,2952.0242,2955.4373,0.0358,0
495,1,2952.3759,2957.6124,2958.2100,0.1206,0
495,0,2952.3759,2957.6124,2961.2412,0.0452,0
496,1,2958.2950,2964.3322,2964.9162,0.4032,0
496,0,2958.2950,2964.3322,2967.9461,0.0433,0
497,1,2964.9854,2970.9789,2971.2760,0.1138,0
497,0,2964.9854,2970.9789,2974.3249,0.0438,0
498,1,2971.3457,2977.0989,2977.3925,0.1177,0
498,0,2971.3457,2977.0989,2980.4416,0.0367,0
499,1,2977.4536,2982.9634,2983.3079,0.1747,0
499,0,2977.4536,2982.9634,2986.3397,0.2910,0
500,1,2983.6200,2989.5238,2989.9029,0.1856,0
500,0,2983.6200,2989.5238,2992.9513,0.0456,0
501,1,2989.9735,2995.7201,2996.0058,0.1170,0
501,0,2989.9735,2995.7201,2999.0492,0.0445,0
502,1,2996.0750,3002.1827,3002.5396,0.1215,0
502,0,2996.0750,3002.1827,3005.6807,0.0371,0
503,1,3002.6024,3007.7907,3008.0776,0.1193,0
503,0,3002.6024,3007.7907,3011.1128,0.0361,0
504,1,3008.1382,3013.6489,3013.9215,0.1080,0
504,0,3008.1382,3013.6489,3016.9458,0.2456,0
505,1,3014.1960,3019.8002,3020.2555,0.2892,0
505,0,3014.1960,3019.8002,3023.2794,0.0964,0
506,1,3020.3781,3026.1023,3026.3927,0.1166,0
506,0,3020.3781,3026.1023,3029.4044,0.0383,0
507,1,3027.6314,3033.2062,3033.5846,0.1806,0
507,0,3027.6314,3033.2062,3036.6000,0.0842,0
508,1,3033.7821,3039.5707,3039.9371,0.1816,0
508,0,3033.7821,3039.5707,3042.9612,0.0369,0
509,1,3040.0001,3046.1019,3046.4217,0.1189,0
509,0,3040.0001,3046.1019,3049.4695,0.0407,0
510,1,3046.4878,3052.1336,3052.7335,0.1440,0
510,0,3046.4878,3052.1336,3055.7814,0.1360,0
511,1,3052.8936,3058.7946,3059.1250,0.1115,0
511,0,3052.8936,3058.7946,3062.1858,0.0800,0
512,1,3059.2322,3065.4688,3065.7608,0.1169,0
512,0,3059.2322,3065.4688,3068.8392,0.0388,0
513,1,3065.8251,3071.8243,3072.1338,0.1172,0
513,0,3065.8251,3071.8243,3075.2295,0.0432,0
514,1,3072.2035,3077.8827,3078.4569,0.3983,0
514,0,3072.2035,3077.8827,3081.5365,0.0387,0
515,1,3078.5450,3084.2740,3084.7111,0.1466,0
515,0,3078.5450,3084.2740,3087.7984,0.0624,0
516,1,3084.7993,3090.7358,3091.0256,0.1154,0
516,0,3084.7993,3090.7358,3094.1121,0.0362,0
517,1,3091.0869,3096.3687,3096.6575,0.1187,0
517,0,3091.0869,3096.3687,3099.7571,0.0365,0
518,1,3096.7190,3102.2323,3102.5168,0.1175,0
518,0,3096.7190,3102.2323,3105.5649,0.0375,0
519,1,3102.5850,3108.0820,3108.4048,0.1100,0
519,0,3102.5850,3108.0820,3111.4465,0.2303,0
520,1,3108.6606,3114.3515,3114.7072,0.1869,0
520,0,3108.6606,3114.3515,3117.7513,0.0374,0
521,1,3114.7686,3120.5284,3120.8128,0.1133,0
521,0,3114.7686,3120.5284,3123.8506,0.0454,0
522,1,3120.8839,3126.5707,3126.8521,0.1182,0
522,0,3120.8839,3126.5707,3129.8887,0.0380,0
523,1,3126.9144,3133.0839,3133.3722,0.1160,0
523,0,3126.9144,3133.0839,3136.4527,0.1490,0
524,1,3133.5465,3139.3165,3139.8089,0.3241,0
524,0,3133.5465,3139.3165,3142.8691,0.0466,0
525,1,3139.8807,3145.5738,3145.9929,0.1166,0
525,0,3139.8807,3145.5738,3149.0771,0.0617,0
526,1,3146.0747,3151.2866,3151.5726,0.1177,0
526,0,3146.0747,3151.2866,3154.5898,0.0394,0
527,1,3151.6530,3157.5817,3157.9535,0.1855,0
527,0,3151.6530,3157.5817,3161.0642,0.0385,0
528,1,3158.0337,3163.2030,3163.4946,0.1171,0
528,0,3158.0337,3163.2030,3166.6209,0.0372,0
529,1,3163.6188,3169.2156,3169.7753,0.3033,0
529,0,3163.6188,3169.2156,3172.8074,0.2248,0
530,1,3170.0228,3176.2624,3176.6681,0.1164,0
530,0,3170.0228,3176.2624,3179.7157,0.0462,0
531,1,3176.7407,3182.4879,3182.7739,0.1198,0
531,0,3176.7407,3182.4879,3185.8587,0.0374,0
532,1,3182.8354,3188.3086,3188.5871,0.1101,0
532,0,3182.8354,3188.3086,3191.6191,0.0365,0
533,1,3188.6475,3194.1592,3194.4961,0.1586,0
533,0,3188.6475,3194.1592,3197.5203,0.3043,0
534,1,3194.8225,3200.9872,3201.3647,0.1907,0
534,0,3194.8225,3200.9872,3204.4097,0.0386,0
535,1,3201.4269,3207.3702,3207.6618,0.1233,0
535,0,3201.4269,3207.3702,3210.7066,0.0442,0
536,1,3207.7287,3213.0349,3213.3333,0.1174,0
536,0,3207.7287,3213.0349,3216.3730,0.0434,0
537,1,3213.3997,3218.8089,3219.1176,0.1247,0
537,0,3213.3997,3218.8089,3222.1574,0.0419,0
538,1,3219.1837,3224.3348,3224.6201,0.1185,0
538,0,3219.1837,3224.3348,3227.6622,0.0377,0
539,1,3224.6814,3229.8379,3230.1785,0.1207,0
539,0,3224.6814,3229.8379,3233.2073,0.1230,0
540,1,3230.3233,3235.6813,3236.0137,0.1071,0
540,0,3230.3233,3235.6813,3238.9834,0.2317,0
541,1,3236.2687,3242.0153,3242.4653,0.1924,0
541,0,3236.2687,3242.0153,3245.4415,0.0484,0
542,1,3242.5506,3248.4736,3248.7731,0.1132,0
542,0,3242.5506,3248.4736,3251.7632,0.0377,0
543,1,3248.8376,3254.7716,3255.0531,0.1110,0
543,0,3248.8376,3254.7716,3258.1019,0.0372,0
544,1,3255.1155,3260.2710,3260.5612,0.1185,0
544,0,3255.1155,3260.2710,3263.5396,0.0363,0
545,1,3260.6229,3266.3338,3266.6219,0.1148,0
545,0,3260.6229,3266.3338,3269.6322,0.1410,0
546,1,3266.7885,3272.8965,3273.2717,0.1991,0
546,0,3266.7885,3272.8965,3276.2826,0.0361,0
547,1,3273.3329,3279.0471,3279.3336,0.1166,0
547,0,3273.3329,3279.0471,3282.3497,0.0447,0
548,1,3279.4035,3285.1107,3285.3973,0.1173,0
548,0,3279.4035,3285.1107,3288.4031,0.0368,0
549,1,3285.4586,3290.7176,3291.0085,0.1177,0
549,0,3285.4586,3290.7176,3294.0042,0.0358,0
550,1,3291.0691,3296.4117,3296.6959,0.1117,0
550,0,3291.0691,3296.4117,3299.6752,0.0460,0
551,1,3296.7665,3302.0514,3302.3419,0.1186,0
551,0,3296.7665,3302.0514,3305.3166,0.0390,0
552,1,3302.4056,3307.7488,3308.0282,0.1192,0
552,0,3302.4056,3307.7488,3310.9941,0.0464,0
553,1,3308.0997,3313.2360,3313.5235,0.1208,0
553,0,3308.0997,3313.2360,3316.4939,0.0374,0
554,1,3313.5852,3319.0560,3319.4341,0.1213,0
554,0,3313.5852,3319.0560,3322.3772,0.1539,0
555,1,3319.6130,3325.0312,3325.5618,0.3302,0
555,0,3319.6130,3325.0312,3328.4940,0.1013,0
556,1,3325.6856,3331.7610,3332.0424,0.1157,0
556,0,3325.6856,3331.7610,3335.0588,0.0382,0
557,1,3332.1043,3338.1348,3338.4763,0.1161,0
557,0,3332.1043,3338.1348,3341.5377,0.0510,0
558,1,3338.5562,3343.7952,3344.0877,0.1231,0
558,0,3338.5562,3343.7952,3347.1138,0.0365,0
559,1,3344.1492,3349.7148,3349.9910,0.1078,0
559,0,3344.1492,3349.7148,3352.9594,0.0383,0
560,1,3350.0546,3355.9282,3356.2896,0.1902,0
560,0,3350.0546,3355.9282,3359.2750,0.0393,0
561,1,3356.3781,3362.0560,3362.3506,0.1236,0
561,0,3356.3781,3362.0560,3365.3741,0.0440,0
562,1,3362.4188,3368.5135,3368.8448,0.1474,0
562,0,3362.4188,3368.5135,3371.8562,0.0424,0
563,1,3368.9126,3374.1728,3374.4581,0.1213,0
563,0,3368.9126,3374.1728,3377.4437,0.0364,0
564,1,3374.5195,3379.7662,3380.0466,0.1163,0
564,0,3374.5195,3379.7662,3383.0835,0.0363,0
565,1,3380.1070,3385.2712,3385.5546,0.1169,0
565,0,3380.1070,3385.2712,3388.5039,0.0422,0
566,1,3385.6216,3390.8942,3391.1837,0.1197,0
566,0,3385.6216,3390.8942,3394.1187,0.0498,0
567,1,3391.2599,3396.4867,3396.7799,0.1176,0
567,0,3391.2599,3396.4867,3399.7645,0.0374,0
568,1,3396.8444,3402.0177,3402.3010,0.1113,0
568,0,3396.8444,3402.0177,3405.2080,0.0447,0
569,1,3402.3699,3407.5394,3407.8250,0.1187,0
569,0,3402.3699,3407.5394,3410.7186,0.0366,0
570,1,3407.8861,3413.1027,3413.4988,0.1191,0
570,0,3407.8861,3413.1027,3416.4547,0.0439,0
571,1,3413.5648,3418.8431,3419.1459,0.1108,0
571,0,3413.5648,3418.8431,3422.0544,0.0420,0
572,1,3419.2107,3424.7067,3424.9833,0.1099,0
572,0,3419.2107,3424.7067,3427.8499,0.2869,0
573,1,3425.2950,3431.1408,3431.6493,0.3174,0
573,0,3425.2950,3431.1408,3434.5610,0.0440,0
574,1,3431.7187,3437.6728,3437.9511,0.1140,0
574,0,3431.7187,3437.6728,3440.8801,0.0359,0
575,1,3438.0121,3443.8053,3444.0927,0.1217,0
575,0,3438.0121,3443.8053,3447.0373,0.0353,0
576,1,3444.1523,3449.6196,3449.9653,0.1776,0
576,0,3444.1523,3449.6196,3452.8925,0.2585,0
577,1,3450.2494,3456.1473,3456.5140,0.1864,0
577,0,3450.2494,3456.1473,3459.4750,0.0448,0
578,1,3456.5836,3462.3038,3462.5963,0.1157,0
578,0,3456.5836,3462.3038,3465.5721,0.0425,0
579,1,3462.6647,3468.5958,3468.8766,0.1161,0
579,0,3462.6647,3468.5958,3471.8647,0.0433,0
580,1,3468.9451,3474.1440,3474.4243,0.1172,0
580,0,3468.9451,3474.1440,3477.3893,0.0427,0
581,1,3474.4928,3479.7870,3480.0821,0.1247,0
581,0,3474.4928,3479.7870,3483.0890,0.0417,0
582,1,3480.1495,3485.3119,3485.5930,0.1176,0
582,0,3480.1495,3485.3119,3488.5266,0.0426,0
583,1,3485.6596,3490.9123,3491.1997,0.1189,0
583,0,3485.6596,3490.9123,3494.1160,0.0437,0
584,1,3491.2668,3496.5080,3496.7950,0.1149,0
584,0,3491.2668,3496.5080,3499.7625,0.0379,0
585,1,3496.8588,3502.4963,3503.1022,0.4270,0
585,0,3496.8588,3502.4963,3506.0646,0.1078,0
586,1,3503.2352,3508.8984,3509.2619,0.1856,0
586,0,3503.2352,3508.8984,3512.1917,0.0374,0
587,1,3509.3227,3515.0371,3515.3231,0.1174,0
587,0,3509.3227,3515.0371,3518.2831,0.0445,0
588,1,3515.3918,3521.3097,3521.5971,0.1230,0
588,0,3515.3918,3521.3097,3524.5588,0.0413,0
589,1,3521.6627,3526.8846,3527.1688,0.1186,0
589,0,3521.6627,3526.8846,3530.1189,0.0383,0
590,1,3528.4078,3534.2491,3534.7560,0.3122,0
590,0,3528.4078,3534.2491,3537.7134,0.0447,0
591,1,3534.9038,3540.6262,3540.9266,0.1157,0
591,0,3534.9038,3540.6262,3543.9014,0.0433,0
592,1,3540.9961,3546.2926,3546.5905,0.1162,0
592,0,3540.9961,3546.2926,3549.5513,0.0422,0
593,1,3546.6582,3551.9947,3552.2819,0.1167,0
593,0,3546.6582,3551.9947,3555.3355,0.0374,0
594,1,3552.3441,3557.5074,3557.7902,0.1175,0
594,0,3552.3441,3557.5074,3560.7162,0.0421,0
595,1,3557.8567,3563.1179,3563.4050,0.1188,0
595,0,3557.8567,3563.1179,3566.3298,0.0359,0
596,1,3563.4660,3568.8675,3569.1604,0.1226,0
596,0,3563.4660,3568.8675,3572.1075,0.0371,0
597,1,3569.2220,3574.6644,3575.0058,0.1706,0
597,0,3569.2220,3574.6644,3577.9157,0.0370,0
598,1,3575.0669,3580.4493,3580.7492,0.1196,0
598,0,3575.0669,3580.4493,3583.6550,0.1897,0
599,1,3580.9646,3586.8224,3587.1818,0.1772,0
599,0,3580.9646,3586.8224,3590.1111,0.0430,0
600,1,3587.2501,3592.9747,3593.2755,0.1166,0
600,0,3587.2501,3592.9747,3596.2172,0.0379,0
601,1,3593.3384,3599.6017,3599.8834,0.1089,0
601,0,3593.3384,3599.6017,3603.3351,0.0368,0
602,1,3599.9446,3605.6586,3606.2538,0.4140,0
602,0,3599.9446,3605.6586,3609.2424,0.0391,0
603,1,3606.3175,3612.0371,3612.3321,0.1182,0
603,0,3606.3175,3612.0371,3615.3218,0.0443,0
604,1,3612.4047,3618.1403,3618.4493,0.1147,0
604,0,3612.4047,3618.1403,3621.4605,0.0447,0
605,1,3618.5168,3624.3127,3624.5951,0.1110,0
605,0,3618.5168,3624.3127,3627.6647,0.0442,0
606,1,3624.6873,3629.8890,3630.2455,0.1207,0
606,0,3624.6873,3629.8890,3633.3309,0.1115,0
607,1,3630.3842,3636.3827,3636.8923,0.3181,0
607,0,3630.3842,3636.3827,3639.8980,0.0461,0
608,1,3636.9816,3642.7443,3643.0421,0.1223,0
608,0,3636.9816,3642.7443,3646.0696,0.0438,0
609,1,3643.1281,3648.8938,3649.3549,0.1168,0
609,0,3643.1281,3648.8938,3652.3761,0.0457,0
610,1,3649.4425,3655.1390,3655.5404,0.1171,0
610,0,3649.4425,3655.1390,3658.5605,0.0514,0
611,1,3655.6116,3661.0573,3661.3531,0.1163,0
611,0,3655.6116,3661.0573,3664.3702,0.2397,0
612,1,3661.6189,3667.9124,3668.2356,0.1152,0
612,0,3661.6189,3667.9124,3671.2943,0.0405,0
613,1,3668.2987,3674.2904,3674.5668,0.1112,0
613,0,3668.2987,3674.2904,3677.7062,0.0441,0
614,1,3674.6342,3679.8821,3680.1693,0.1193,0
614,0,3674.6342,3679.8821,3683.2267,0.0361,0
615,1,3680.2308,3685.4800,3685.7598,0.1176,0
615,0,3680.2308,3685.4800,3688.7673,0.0360,0
616,1,3685.8209,3691.4023,3691.6914,0.1209,0
616,0,3685.8209,3691.4023,3694.6967,0.0364,0
617,1,3691.7515,3697.9681,3698.3512,0.1931,0
617,0,3691.7515,3697.9681,3701.3867,0.0440,0
618,1,3698.4194,3704.5585,3704.8425,0.1184,0
618,0,3698.4194,3704.5585,3707.8967,0.0361,0
619,1,3704.9022,3710.5771,3710.8889,0.1164,0
619,0,3704.9022,3710.5771,3713.9476,0.0371,0
620,1,3710.9508,3716.7074,3716.9942,0.1168,0
620,0,3710.9508,3716.7074,3720.0311,0.1901,0
621,1,3717.2089,3723.2094,3723.5775,0.1832,0
621,0,3717.2089,3723.2094,3726.6505,0.0377,0
622,1,3723.6383,3729.5287,3729.8147,0.1150,0
622,0,3723.6383,3729.5287,3732.8886,0.0418,0
623,1,3729.8804,3735.6186,3735.9498,0.1176,0
623,0,3729.8804,3735.6186,3739.0266,0.3230,0
624,1,3736.2934,3742.0295,3742.3926,0.1882,0
624,0,3736.2934,3742.0295,3745.4527,0.0379,0
625,1,3742.4536,3748.2204,3748.5173,0.1151,0
625,0,3742.4536,3748.2204,3751.5878,0.0369,0
626,1,3748.5779,3754.5725,3754.9126,0.1231,0
626,0,3748.5779,3754.5725,3757.9507,0.0432,0
627,1,3754.9755,3760.5816,3760.9075,0.1171,0
627,0,3754.9755,3760.5816,3763.9679,0.0377,0
628,1,3760.9685,3766.6461,3767.0992,0.2753,0
628,0,3760.9685,3766.6461,3770.1622,0.0804,0
629,1,3767.2053,3773.3243,3773.6344,0.1151,0
629,0,3767.2053,3773.3243,3776.8241,0.0374,0
630,1,3773.6961,3779.4387,3779.7323,0.1148,0
630,0,3773.6961,3779.4387,3782.8148,0.0429,0
631,1,3779.8019,3785.5109,3785.8793,0.1194,0
631,0,3779.8019,3785.5109,3788.9629,0.0418,0
632,1,3785.9449,3791.7029,3791.9896,0.1135,0
632,0,3785.9449,3791.7029,3795.0933,0.1724,0
633,1,3792.1872,3798.4212,3798.7078,0.1131,0
633,0,3792.1872,3798.4212,3801.8079,0.0455,0
634,1,3798.7769,3804.9010,3805.1997,0.1130,0
634,0,3798.7769,3804.9010,3808.3054,0.0398,0
635,1,3805.2680,3811.1542,3811.6587,0.3062,0
635,0,3805.2680,3811.1542,3814.7761,0.0450,0
636,1,3811.7314,3817.7096,3818.0618,0.1811,0
636,0,3811.7314,3817.7096,3821.1665,0.0384,0
637,1,3818.1256,3824.4273,3824.7792,0.1201,0
637,0,3818.1256,3824.4273,3827.9215,0.0370,0
638,1,3824.8413,3831.0530,3831.8645,0.6275,0
638,0,3824.8413,3831.0530,3835.0240,0.0447,0
639,1,3831.9329,3838.3903,3838.7426,0.1246,0
639,0,3831.9329,3838.3903,3841.9275,0.0432,0
640,1,3838.8119,3845.2033,3845.5568,0.1840,0
640,0,3838.8119,3845.2033,3848.7458,0.0441,0
641,1,3845.6225,3851.3444,3851.6314,0.1137,0
641,0,3845.6225,3851.3444,3854.8036,0.0375,0
642,1,3851.6939,3858.1442,3858.5058,0.1795,0
642,0,3851.6939,3858.1442,3861.7131,0.0365,0
643,1,3858.5667,3865.5567,3865.8542,0.1212,0
643,0,3858.5667,3865.5567,3869.1097,0.0457,0
644,1,3865.9245,3872.4260,3872.7176,0.1207,0
644,0,3865.9245,3872.4260,3876.0404,0.0512,0
645,1,3872.7936,3878.9474,3879.2292,0.1148,0
645,0,3872.7936,3878.9474,3882.5919,0.0349,0
646,1,3879.2885,3885.4956,3885.7855,0.1197,0
646,0,3879.2885,3885.4956,3889.0623,0.0355,0
647,1,3885.8459,3892.1817,3892.6384,0.2888,0
647,0,3885.8459,3892.1817,3895.9196,0.0372,0
648,1,3892.6993,3899.1637,3899.4525,0.1169,0
648,0,3892.6993,3899.1637,3902.7551,0.0444,0
649,1,3899.5221,3905.7381,3906.2211,0.3157,0
649,0,3899.5221,3905.7381,3909.5476,0.0373,0
650,1,3906.2823,3912.4641,3912.7444,0.1174,0
650,0,3906.2823,3912.4641,3916.0492,0.0375,0
651,1,3912.8062,3918.9713,3919.3983,0.1915,0
651,0,3912.8062,3918.9713,3922.6937,0.2420,0
652,1,3919.6912,3925.9463,3926.3104,0.1810,0
652,0,3919.6912,3925.9463,3929.6122,0.0448,0
653,1,3926.3809,3932.8554,3933.2523,0.1830,0
653,0,3926.3809,3932.8554,3936.5554,0.1409,0
654,1,3933.4273,3939.8990,3940.2686,0.1847,0
654,0,3933.4273,3939.8990,3943.5863,0.0366,0
655,1,3940.3304,3946.4072,3946.6859,0.1127,0
655,0,3940.3304,3946.4072,3950.0198,0.0375,0
656,1,3946.7479,3952.9502,3953.3445,0.1752,0
656,0,3946.7479,3952.9502,3956.6590,0.1293,0
657,1,3953.4985,3959.7550,3960.0425,0.1166,0
657,0,3953.4985,3959.7550,3963.3511,0.0466,0
658,1,3960.1103,3966.5861,3967.0334,0.1893,0
658,0,3960.1103,3966.5861,3970.3847,0.2543,0
659,1,3967.3112,3973.8039,3974.2820,0.2850,0
659,0,3967.3112,3973.8039,3977.7058,0.0431,0
660,1,3974.3511,3980.2660,3980.5852,0.1079,0
660,0,3974.3511,3980.2660,3983.9213,0.0427,0
661,1,3980.6541,3987.1325,3987.6178,0.3112,0
661,0,3980.6541,3987.1325,3990.9444,0.0381,0
662,1,3987.6812,3993.7322,3994.0139,0.1166,0
662,0,3987.6812,3993.7322,3997.5074,0.0359,0
663,1,3994.0744,4000.2035,4000.9901,0.6072,0
663,0,3994.0744,4000.2035,4004.2839,0.0470,0
664,1,4001.0634,4007.8111,4008.1384,0.1220,0
664,0,4001.0634,4007.8111,4011.4666,0.0361,0
665,1,4008.2006,4014.2845,4014.9908,0.3891,0
665,0,4008.2006,4014.2845,4018.3273,0.0477,0
666,1,4015.0613,4021.2072,4021.5008,0.1180,0
666,0,4015.0613,4021.2072,4024.8603,0.0366,0
667,1,4021.5627,4027.6139,4028.0408,0.2541,0
667,0,4021.5627,4027.6139,4031.3384,0.0789,0
668,1,4029.2370,4035.8622,4036.4436,0.3892,0
668,0,4029.2370,4035.8622,4039.7633,0.0389,0
669,1,4036.5933,4042.8145,4043.2362,0.2073,0
669,0,4036.5933,4042.8145,4046.6140,0.0510,0
670,1,4043.3206,4049.7969,4050.1561,0.1793,0
670,0,4043.3206,4049.7969,4053.4738,0.0438,0
671,1,4050.2257,4057.0272,4057.3976,0.1889,0
671,0,4050.2257,4057.0272,4060.7498,0.0371,0
672,1,4057.4606,4063.5359,4063.9002,0.1089,0
672,0,4057.4606,4063.5359,4067.2735,0.1149,0
673,1,4064.0457,4070.6363,4071.3329,0.5181,0
673,0,4064.0457,4070.6363,4074.6910,0.0482,0
674,1,4071.4067,4077.4902,4077.8743,0.1097,0
674,0,4071.4067,4077.4902,4081.2223,0.0388,0
675,1,4077.9373,4084.0161,4084.3728,0.1819,0
675,0,4077.9373,4084.0161,4087.6898,0.0367,0
676,1,4084.4341,4090.9834,4091.3593,0.1815,0
676,0,4084.4341,4090.9834,4094.7036,0.0948,0
677,1,4091.4830,4097.4728,4098.2230,0.5589,0
677,0,4091.4830,4097.4728,4101.5503,0.0541,0
678,1,4098.3023,4104.8467,4105.3584,0.3286,0
678,0,4098.3023,4104.8467,4108.7008,0.0380,0
679,1,4105.4231,4111.5056,4112.0872,0.4058,0
679,0,4105.4231,4111.5056,4115.4195,0.0452,0
680,1,4112.1558,4118.4097,4118.6925,0.1169,0
680,0,4112.1558,4118.4097,4122.0855,0.0363,0
681,1,4118.7525,4125.0743,4125.5507,0.2938,0
681,0,4118.7525,4125.0743,4128.8895,0.1748,0
682,1,4125.7517,4132.4785,4132.8296,0.1704,0
682,0,4125.7517,4132.4785,4136.2015,0.0442,0
683,1,4132.8997,4139.3033,4139.8656,0.3192,0
683,0,4132.8997,4139.3033,4143.2271,0.0456,0
684,1,4139.9535,4146.1564,4146.4447,0.1219,0
684,0,4139.9535,4146.1564,4149.7941,0.0444,0
685,1,4146.5293,4153.0094,4153.5737,0.3665,0
685,0,4146.5293,4153.0094,4156.9573,0.1497,0
686,1,4153.7638,4160.1849,4160.5892,0.1205,0
686,0,4153.7638,4160.1849,4164.0074,0.0539,0
687,1,4160.6629,4167.2169,4167.9251,0.5182,0
687,0,4160.6629,4167.2169,4171.3151,0.0891,0
688,1,4168.0420,4174.6038,4174.8937,0.1064,0
688,0,4168.0420,4174.6038,4178.3351,0.0371,0
689,1,4174.9561,4181.2244,4181.6077,0.1989,0
689,0,4174.9561,4181.2244,4185.0528,0.0434,0
690,1,4181.6753,4188.3477,4188.6321,0.1108,0
690,0,4181.6753,4188.3477,4192.0266,0.0355,0
691,1,4188.6913,4194.9608,4195.4260,0.2956,0
691,0,4188.6913,4194.9608,4198.8021,0.0379,0
692,1,4195.4869,4202.6130,4203.1583,0.3508,0
692,0,4195.4869,4202.6130,4206.5759,0.0463,0
693,1,4203.2281,4209.3066,4209.7432,0.2549,0
693,0,4203.2281,4209.3066,4213.1578,0.0455,0
694,1,4209.8153,4216.0565,4216.3502,0.1153,0
694,0,4209.8153,4216.0565,4219.7416,0.0460,0
695,1,4216.4210,4222.7585,4223.2489,0.3151,0
695,0,4216.4210,4222.7585,4226.6450,0.0739,0
696,1,4223.3496,4229.4330,4229.7181,0.1141,0
696,0,4223.3496,4229.4330,4233.1581,0.0428,0
697,1,4229.8106,4236.3379,4236.7991,0.2877,0
697,0,4229.8106,4236.3379,4240.1981,0.1845,0
698,1,4237.0096,4243.3919,4243.6824,0.1186,0
698,0,4237.0096,4243.3919,4247.0844,0.0442,0
699,1,4243.7513,4249.8184,4250.4839,0.4918,0
699,0,4243.7513,4249.8184,4253.8300,0.1669,0
700,1,4250.6765,4257.3345,4257.6366,0.1175,0
700,0,4250.6765,4257.3345,4261.0455,0.0369,0
701,1,4257.6978,4263.9214,4264.8266,0.6422,0
701,0,4257.6978,4263.9214,4268.1911,0.0471,0
702,1,4264.9028,4271.7190,4272.0364,0.1155,0
702,0,4264.9028,4271.7190,4275.4321,0.0378,0
703,1,4272.1006,4278.3495,4278.9247,0.4032,0
703,0,4272.1006,4278.3495,4282.3449,0.0393,0
704,1,4278.9891,4285.2834,4285.6364,0.1767,0
704,0,4278.9891,4285.2834,4289.0253,0.0422,0
705,1,4285.7036,4292.0218,4292.4937,0.2866,0
705,0,4285.7036,4292.0218,4295.8662,0.1745,0
706,1,4292.6943,4299.6738,4300.1245,0.2520,0
706,0,4292.6943,4299.6738,4303.5061,0.0458,0
707,1,4300.1954,4307.0567,4307.3663,0.1169,0
707,0,4300.1954,4307.0567,4310.7924,0.0443,0
708,1,4307.4366,4313.8339,4314.2022,0.1726,0
708,0,4307.4366,4313.8339,4317.6187,0.0564,0
709,1,4314.2844,4321.3796,4321.7480,0.1828,0
709,0,4314.2844,4321.3796,4325.2306,0.0463,0
710,1,4321.8179,4328.1215,4328.6362,0.2144,0
710,0,4321.8179,4328.1215,4332.1192,0.0441,0
711,1,4328.7028,4335.9604,4336.4521,0.3083,0
711,0,4328.7028,4335.9604,4339.9302,0.0394,0
712,1,4336.5171,4342.9507,4343.4130,0.2974,0
712,0,4336.5171,4342.9507,4346.8587,0.0454,0
713,1,4343.4833,4350.0209,4350.4801,0.2720,0
713,0,4343.4833,4350.0209,4353.9567,0.1630,0
714,1,4350.6736,4357.3805,4357.6804,0.1182,0
714,0,4350.6736,4357.3805,4361.1601,0.0374,0
715,1,4357.7424,4364.3466,4365.0658,0.5426,0
715,0,4357.7424,4364.3466,4368.5285,0.0739,0
716,1,4365.1650,4371.8754,4372.3780,0.3133,0
716,0,4365.1650,4371.8754,4375.9212,0.0456,0
717,1,4372.4467,4379.0702,4379.3988,0.1173,0
717,0,4372.4467,4379.0702,4382.8727,0.0428,0
718,1,4379.4640,4386.3253,4386.7285,0.1690,0
718,0,4379.4640,4386.3253,4390.2168,0.2134,0
719,1,4386.9723,4393.8171,4394.1631,0.1559,0
719,0,4386.9723,4393.8171,4397.6609,0.0839,0
720,1,4394.2773,4400.9261,4401.4519,0.3426,0
720,0,4394.2773,4400.9261,4404.9563,0.0559,0
721,1,4401.5350,4408.3390,4408.7931,0.2647,0
721,0,4401.5350,4408.3390,4412.3131,0.1074,0
722,1,4408.9245,4415.5058,4415.8099,0.1140,0
722,0,4408.9245,4415.5058,4419.3896,0.0397,0
723,1,4415.8742,4422.6573,4423.1594,0.3246,0
723,0,4415.8742,4422.6573,4426.6617,0.0622,0
724,1,4423.2485,4429.7427,4430.0549,0.1166,0
724,0,4423.2485,4429.7427,4433.5636,0.0453,0
725,1,4430.1259,4436.8881,4437.2663,0.2091,0
725,0,4430.1259,4436.8881,4440.7692,0.0805,0
726,1,4437.3733,4443.8565,4444.1554,0.1183,0
726,0,4437.3733,4443.8565,4447.6746,0.0366,0
727,1,4444.2176,4450.6391,4451.0147,0.2067,0
727,0,4444.2176,4450.6391,4454.4919,0.0773,0
728,1,4451.1156,4457.7764,4458.0769,0.1139,0
728,0,4451.1156,4457.7764,4461.6182,0.0379,0
729,1,4458.1400,4465.0625,4465.3600,0.1151,0
729,0,4458.1400,4465.0625,4468.8989,0.0380,0
730,1,4465.4226,4472.2129,4472.7137,0.3246,0
730,0,4465.4226,4472.2129,4476.2321,0.0452,0
731,1,4472.7840,4479.3125,4479.5939,0.1168,0
731,0,4472.7840,4479.3125,4483.1046,0.0424,0
732,1,4479.6615,4486.3847,4486.7861,0.1484,0
732,0,4479.6615,4486.3847,4490.3363,0.1126,0
733,1,4486.9231,4493.0868,4493.4334,0.1592,0
733,0,4486.9231,4493.0868,4496.9416,0.0368,0
734,1,4493.4950,4500.5030,4501.0242,0.3426,0
734,0,4493.4950,4500.5030,4504.5199,0.0705,0
735,1,4501.1214,4507.7541,4508.0522,0.1173,0
735,0,4501.1214,4507.7541,4511.5611,0.0394,0
736,1,4508.1181,4514.4187,4514.9111,0.3236,0
736,0,4508.1181,4514.4187,4518.4170,0.0864,0
737,1,4515.0234,4521.6474,4521.9610,0.1180,0
737,0,4515.0234,4521.6474,4525.4637,0.0395,0
738,1,4522.0250,4528.5527,4529.0706,0.3223,0
738,0,4522.0250,4528.5527,4532.5501,0.0428,0
739,1,4530.3841,4536.6996,4537.2051,0.3139,0
739,0,4530.3841,4536.6996,4540.6822,0.0508,0
740,1,4537.3665,4543.6355,4543.9171,0.1170,0
740,0,4537.3665,4543.6355,4547.3808,0.0362,0
741,1,4543.9762,4550.3070,4550.9593,0.4870,0
741,0,4543.9762,4550.3070,4554.3934,0.0376,0
742,1,4551.0209,4557.6425,4557.9461,0.1181,0
742,0,4551.0209,4557.6425,4561.4098,0.0369,0
743,1,4558.0637,4564.3952,4565.1930,0.5475,0
743,0,4558.0637,4564.3952,4568.6618,0.0626,0
744,1,4565.2828,4571.8946,4572.4027,0.3121,0
744,0,4565.2828,4571.8946,4575.8519,0.0432,0
745,1,4572.4710,4578.9641,4579.2478,0.1161,0
745,0,4572.4710,4578.9641,4582.6770,0.0391,0
746,1,4579.3114,4585.8239,4586.1139,0.1104,0
746,0,4579.3114,4585.8239,4589.5417,0.2291,0
747,1,4586.3690,4592.9752,4593.3696,0.1797,0
747,0,4586.3690,4592.9752,4596.8176,0.0384,0
748,1,4593.4325,4600.2327,4600.7393,0.3115,0
748,0,4593.4325,4600.2327,4604.1874,0.1496,0
749,1,4600.9119,4607.6135,4607.9121,0.1192,0
749,0,4600.9119,4607.6135,4611.3911,0.0376,0
750,1,4607.9772,4614.3098,4614.6895,0.2117,0
750,0,4607.9772,4614.3098,4618.1449,0.0782,0
751,1,4614.7932,4621.5762,4621.8982,0.1283,0
751,0,4614.7932,4621.5762,4625.3774,0.0384,0
752,1,4621.9616,4628.2164,4628.5935,0.2005,0
752,0,4621.9616,4628.2164,4632.0579,0.0767,0
753,1,4628.6964,4635.8889,4636.1771,0.1084,0
753,0,4628.6964,4635.8889,4639.6673,0.1095,0
754,1,4636.3127,4642.5665,4643.0638,0.2054,0
754,0,4636.3127,4642.5665,4646.5461,0.0508,0
755,1,4643.1360,4649.2615,4649.5608,0.1163,0
755,0,4643.1360,4649.2615,4653.0376,0.0438,0
756,1,4649.6474,4656.1377,4656.5136,0.2062,0
756,0,4649.6474,4656.1377,4659.9671,0.0739,0
757,1,4656.6309,4663.0255,4663.3186,0.1176,0
757,0,4656.6309,4663.0255,4666.7417,0.0468,0
758,1,4663.4085,4670.1483,4670.7454,0.3894,0
758,0,4663.4085,4670.1483,4674.2640,0.0456,0
759,1,4670.8192,4677.0124,4677.3177,0.1189,0
759,0,4670.8192,4677.0124,4680.7533,0.0422,0
760,1,4677.3851,4683.7234,4684.0834,0.1883,0
760,0,4677.3851,4683.7234,4687.5041,0.1753,0
761,1,4684.2892,4691.1169,4691.4735,0.1204,0
761,0,4684.2892,4691.1169,4694.9206,0.0387,0
762,1,4691.5358,4698.4083,4698.7345,0.1121,0
762,0,4691.5358,4698.4083,4702.2321,0.0462,0
763,1,4698.8078,4705.5570,4706.0549,0.3171,0
763,0,4698.8078,4705.5570,4709.5283,0.0638,0
764,1,4706.1493,4712.5909,4712.8733,0.1177,0
764,0,4706.1493,4712.5909,4716.3211,0.0368,0
765,1,4712.9352,4719.6515,4720.3646,0.4947,0
765,0,4712.9352,4719.6515,4723.8256,0.0877,0
766,1,4720.4768,4727.2190,4727.5912,0.1572,0
766,0,4720.4768,4727.2190,4731.0674,0.0417,0
767,1,4727.6553,4734.9347,4735.3169,0.2025,0
767,0,4727.6553,4734.9347,4738.8503,0.0366,0
768,1,4735.3780,4741.8107,4742.2465,0.2667,0
768,0,4735.3780,4741.8107,4745.7356,0.0748,0
769,1,4742.3469,4748.7804,4749.0716,0.1065,0
769,0,4742.3469,4748.7804,4752.5686,0.0423,0
770,1,4749.1379,4755.8288,4756.4765,0.4721,0
770,0,4749.1379,4755.8288,4759.9580,0.0412,0
771,1,4756.5429,4763.0088,4763.3074,0.1165,0
771,0,4756.5429,4763.0088,4766.7966,0.0359,0
772,1,4763.3688,4769.9661,4770.4819,0.3339,0
772,0,4763.3688,4769.9661,4773.9565,0.0586,0
773,1,4770.5672,4777.0339,4777.3337,0.1168,0
773,0,4770.5672,4777.0339,4780.8208,0.0435,0
774,1,4777.4024,4783.7044,4784.1152,0.1841,0
774,0,4777.4024,4783.7044,4787.5691,0.1247,0
775,1,4784.2653,4791.0246,4791.3290,0.1181,0
775,0,4784.2653,4791.0246,4794.8136,0.0370,0
776,1,4791.3911,4797.7199,4798.4473,0.5276,0
776,0,4791.3911,4797.7199,4801.8959,0.0505,0
777,1,4798.5215,4805.2126,4805.7338,0.3192,0
777,0,4798.5215,4805.2126,4809.1888,0.0458,0
778,1,4805.8045,4812.3520,4812.6615,0.1149,0
778,0,4805.8045,4812.3520,4816.1209,0.0440,0
779,1,4812.7311,4819.2804,4819.8015,0.3345,0
779,0,4812.7311,4819.2804,4823.2583,0.0618,0
780,1,4819.8903,4826.3472,4826.6609,0.1172,0
780,0,4819.8903,4826.3472,4830.1213,0.0426,0
781,1,4826.7284,4833.7473,4834.5213,0.5721,0
781,0,4826.7284,4833.7473,4837.9986,0.0383,0
782,1,4834.5835,4841.0622,4841.3641,0.1111,0
782,0,4834.5835,4841.0622,4844.8515,0.0366,0
783,1,4841.4254,4847.7371,4848.2561,0.3229,0
783,0,4841.4254,4847.7371,4851.7141,0.0597,0
784,1,4848.3388,4855.3979,4855.6989,0.1181,0
784,0,4848.3388,4855.3979,4859.2189,0.0399,0
785,1,4855.7633,4862.3298,4862.6326,0.1164,0
785,0,4855.7633,4862.3298,4866.1469,0.0366,0
786,1,4862.6939,4869.6365,4870.0900,0.2762,0
786,0,4862.6939,4869.6365,4873.5764,0.0606,0
787,1,4870.1777,4876.6248,4876.9149,0.1160,0
787,0,4870.1777,4876.6248,4880.5055,0.0346,0
788,1,4877.0357,4883.4503,4883.9078,0.2791,0
788,0,4877.0357,4883.4503,4887.3918,0.0709,0
789,1,4884.0046,4890.6444,4890.9482,0.1189,0
789,0,4884.0046,4890.6444,4894.4425,0.0361,0
790,1,4891.0100,4897.5854,4898.3323,0.5437,0
790,0,4891.0100,4897.5854,4901.8045,0.0426,0
791,1,4898.3989,4905.0550,4905.5630,0.3212,0
791,0,4898.3989,4905.0550,4909.0771,0.0457,0
792,1,4905.6334,4912.2393,4912.6333,0.1134,0
792,0,4905.6334,4912.2393,4916.1134,0.0468,0
793,1,4912.7074,4919.2571,4919.8046,0.3707,0
793,0,4912.7074,4919.2571,4923.2755,0.0739,0
794,1,4919.9056,4926.3415,4926.6426,0.1178,0
794,0,4919.9056,4926.3415,4930.0986,0.0367,0
795,1,4926.7045,4933.7831,4934.3936,0.4220,0
795,0,4926.7045,4933.7831,4937.8800,0.0458,0
796,1,4934.4648,4941.1314,4941.4256,0.1170,0
796,0,4934.4648,4941.1314,4944.9553,0.0364,0
797,1,4941.4872,4948.0519,4948.6586,0.4263,0
797,0,4941.4872,4948.0519,4952.1454,0.0407,0
798,1,4948.7233,4955.4156,4955.8033,0.2048,0
798,0,4948.7233,4955.4156,4959.2932,0.1038,0
799,1,4955.9335,4962.3662,4962.6695,0.1145,0
799,0,4955.9335,4962.3662,4966.1459,0.0392,0
800,1,4962.7335,4970.2772,4970.5786,0.1117,0
800,0,4962.7335,4970.2772,4974.1209,0.0455,0
801,1,4970.6482,4977.2117,4977.5098,0.1149,0
801,0,4970.6482,4977.2117,4981.0309,0.0452,0
802,1,4977.5788,4983.9137,4984.2948,0.2020,0
802,0,4977.5788,4983.9137,4987.8311,0.1638,0
803,1,4984.4812,4991.2969,4991.6067,0.1093,0
803,0,4984.4812,4991.2969,4995.1729,0.1551,0
804,1,4991.7890,4998.4874,4998.8120,0.1148,0
804,0,4991.7890,4998.4874,5002.3356,0.0426,0
805,1,4998.8797,5005.6579,5006.1564,0.3269,0
805,0,4998.8797,5005.6579,5009.6886,0.0462,0
806,1,5006.2270,5012.7685,5013.0611,0.1196,0
806,0,5006.2270,5012.7685,5016.6078,0.0425,0
807,1,5013.1349,5019.8739,5020.2554,0.2091,0
807,0,5013.1349,5019.8739,5023.7710,0.0662,0
808,1,5020.3471,5026.7659,5027.0612,0.1152,0
808,0,5020.3471,5026.7659,5030.6910,0.0425,0
809,1,5027.1286,5033.9159,5034.4345,0.3369,0
809,0,5027.1286,5033.9159,5037.9397,0.0520,0
810,1,5035.7347,5042.0140,5042.3926,0.1848,0
810,0,5035.7347,5042.0140,5045.9218,0.1385,0
811,1,5042.6402,5049.0440,5049.3425,0.1186,0
811,0,5042.6402,5049.0440,5052.8688,0.0411,0
812,1,5049.4101,5056.0068,5056.5088,0.3231,0
812,0,5049.4101,5056.0068,5059.9818,0.0643,0
813,1,5056.6008,5063.0032,5063.3076,0.1171,0
813,0,5056.6008,5063.0032,5066.7732,0.0365,0
814,1,5063.3694,5070.0035,5070.4943,0.3105,0
814,0,5063.3694,5070.0035,5073.9558,0.0653,0
815,1,5070.5863,5076.9992,5077.2998,0.1176,0
815,0,5070.5863,5076.9992,5080.7729,0.0373,0
816,1,5077.3628,5083.6763,5084.1659,0.3186,0
816,0,5077.3628,5083.6763,5087.5971,0.0772,0
817,1,5084.2688,5090.8657,5091.1634,0.1163,0
817,0,5084.2688,5090.8657,5094.6212,0.0436,0
818,1,5091.2315,5098.1760,5098.6377,0.2894,0
818,0,5091.2315,5098.1760,5102.1124,0.0369,0
819,1,5098.6991,5105.3598,5105.8813,0.3339,0
819,0,5098.6991,5105.3598,5109.3959,0.0379,0
820,1,5105.9441,5112.4364,5112.7236,0.1174,0
820,0,5105.9441,5112.4364,5116.2088,0.0359,0
821,1,5112.7844,5119.2882,5119.7795,0.3203,0
821,0,5112.7844,5119.2882,5123.2530,0.1117,0
822,1,5119.9174,5126.2960,5126.5774,0.1181,0
822,0,5119.9174,5126.2960,5130.0499,0.0351,0
823,1,5126.6401,5133.5866,5134.1223,0.3253,0
823,0,5126.6401,5133.5866,5137.6020,0.1401,0
824,1,5134.2869,5140.9081,5141.2203,0.1271,0
824,0,5134.2869,5140.9081,5144.7103,0.0460,0
825,1,5141.2898,5147.5847,5148.3664,0.3381,0
825,0,5141.2898,5147.5847,5151.8219,0.0515,0
826,1,5148.4374,5154.7979,5155.0920,0.1193,0
826,0,5148.4374,5154.7979,5158.5572,0.0441,0
827,1,5155.1797,5161.4363,5162.0561,0.4496,0
827,0,5155.1797,5161.4363,5165.4925,0.0451,0
828,1,5162.1422,5169.1763,5169.4986,0.1416,0
828,0,5162.1422,5169.1763,5172.9770,0.1270,0
829,1,5169.6668,5176.1301,5176.6181,0.1929,0
829,0,5169.6668,5176.1301,5180.0518,0.1489,0
830,1,5176.7965,5183.1919,5183.5673,0.1134,0
830,0,5176.7965,5183.1919,5187.0213,0.2031,0
831,1,5183.7956,5190.4354,5190.7378,0.1173,0
831,0,5183.7956,5190.4354,5194.1982,0.0353,0
832,1,5190.7978,5197.3887,5198.1356,0.5488,0
832,0,5190.7978,5197.3887,5201.5956,0.0490,0
833,1,5198.2129,5204.8775,5205.3979,0.3196,0
833,0,5198.2129,5204.8775,5208.8678,0.0371,0
834,1,5205.5114,5211.9222,5212.2776,0.1816,0
834,0,5205.5114,5211.9222,5215.7283,0.0452,0
835,1,5212.3478,5218.8337,5219.1368,0.1194,0
835,0,5212.3478,5218.8337,5222.5988,0.0370,0
836,1,5219.1982,5225.7166,5226.2136,0.3254,0
836,0,5219.1982,5225.7166,5229.6470,0.0436,0
837,1,5226.2816,5232.8592,5233.1556,0.1167,0
837,0,5226.2816,5232.8592,5236.6343,0.0419,0
838,1,5233.2231,5239.8715,5240.1972,0.1181,0
838,0,5233.2231,5239.8715,5243.6543,0.0485,0
839,1,5240.2721,5247.2370,5247.6085,0.1746,0
839,0,5240.2721,5247.2370,5251.0987,0.0441,0
840,1,5247.6786,5254.3800,5254.6602,0.1101,0
840,0,5247.6786,5254.3800,5258.3186,0.0450,0
841,1,5254.7306,5261.1361,5261.5857,0.2736,0
841,0,5254.7306,5261.1361,5265.0567,0.0627,0
842,1,5261.6751,5268.8383,5269.1319,0.1059,0
842,0,5261.6751,5268.8383,5272.6424,0.0363,0
843,1,5269.1934,5275.4824,5276.0221,0.3114,0
843,0,5269.1934,5275.4824,5279.5497,0.0531,0
844,1,5276.1028,5282.4627,5282.8120,0.1237,0
844,0,5276.1028,5282.4627,5286.3465,0.0496,0
845,1,5282.8802,5289.3851,5289.8682,0.2108,0
845,0,5282.8802,5289.3851,5293.3192,0.0533,0
846,1,5289.9438,5296.4138,5296.7645,0.1233,0
846,0,5289.9438,5296.4138,5300.2950,0.0508,0
847,1,5296.8411,5303.3369,5303.7194,0.2062,0
847,0,5296.8411,5303.3369,5307.1887,0.0630,0
848,1,5303.8099,5310.1272,5310.4183,0.1174,0
848,0,5303.8099,5310.1272,5313.8893,0.0450,0
849,1,5310.4885,5316.8115,5317.2510,0.2716,0
849,0,5310.4885,5316.8115,5320.6920,0.0685,0
850,1,5317.3455,5323.9949,5324.3052,0.1174,0
850,0,5317.3455,5323.9949,5327.7633,0.0460,0
851,1,5324.3760,5330.9103,5331.6444,0.5629,0
851,0,5324.3760,5330.9103,5335.2321,0.0644,0
852,1,5331.7349,5338.3395,5338.9366,0.3465,0
852,0,5331.7349,5338.3395,5342.4007,0.0483,0
853,1,5339.0047,5345.0878,5345.6671,0.4068,0
853,0,5339.0047,5345.0878,5349.0969,0.0451,0
854,1,5345.7372,5352.1014,5352.4023,0.1177,0
854,0,5345.7372,5352.1014,5355.8237,0.0449,0
855,1,5352.4724,5358.6689,5359.2231,0.3877,0
855,0,5352.4724,5358.6689,5362.6161,0.0373,0
856,1,5359.2845,5366.0657,5366.3683,0.1146,0
856,0,5359.2845,5366.0657,5369.7820,0.0370,0
857,1,5366.4413,5372.8245,5373.3364,0.3307,0
857,0,5366.4413,5372.8245,5376.7538,0.0471,0
858,1,5373.4085,5379.8877,5380.1888,0.1200,0
858,0,5373.4085,5379.8877,5383.6097,0.0425,0
859,1,5380.2571,5386.5150,5387.0005,0.3120,0
859,0,5380.2571,5386.5150,5390.4135,0.0664,0
860,1,5387.0935,5393.4689,5393.7514,0.1167,0
860,0,5387.0935,5393.4689,5397.1899,0.0377,0
861,1,5393.8127,5400.7692,5401.2869,0.3238,0
861,0,5393.8127,5400.7692,5404.7079,0.0432,0
862,1,5401.3556,5407.9663,5408.3530,0.1555,0
862,0,5401.3556,5407.9663,5411.7787,0.1010,0
863,1,5408.4804,5414.8959,5415.2085,0.1156,0
863,0,5408.4804,5414.8959,5418.6272,0.0433,0
864,1,5415.2776,5421.9833,5422.2882,0.1192,0
864,0,5415.2776,5421.9833,5425.7164,0.1047,0
865,1,5422.4187,5428.8141,5429.1221,0.1187,0
865,0,5422.4187,5428.8141,5432.5397,0.0371,0
866,1,5429.1835,5436.3759,5436.7544,0.1843,0
866,0,5429.1835,5436.3759,5440.2346,0.1646,0
867,1,5436.9442,5443.3310,5443.6125,0.1113,0
867,0,5436.9442,5443.3310,5447.3011,0.0433,0
868,1,5443.6810,5450.1637,5450.8091,0.4772,0
868,0,5443.6810,5450.1637,5454.2519,0.0455,0
869,1,5450.8804,5457.4823,5457.7787,0.1176,0
869,0,5450.8804,5457.4823,5461.2725,0.0351,0
870,1,5457.8384,5464.8358,5465.3350,0.3217,0
870,0,5457.8384,5464.8358,5468.8180,0.0447,0
871,1,5465.4058,5472.0087,5472.3582,0.1257,0
871,0,5465.4058,5472.0087,5475.8464,0.0395,0
872,1,5472.4228,5478.8380,5479.1366,0.1145,0
872,0,5472.4228,5478.8380,5482.6143,0.0386,0
873,1,5479.1984,5485.6385,5486.0418,0.1162,0
873,0,5479.1984,5485.6385,5489.5346,0.3540,0
874,1,5486.4197,5492.9743,5493.3407,0.1818,0
874,0,5486.4197,5492.9743,5496.8729,0.0412,0
875,1,5493.4057,5500.1923,5500.7252,0.3225,0
875,0,5493.4057,5500.1923,5504.2050,0.1269,0
876,1,5500.8771,5507.4513,5507.8508,0.1557,0
876,0,5500.8771,5507.4513,5511.3384,0.0432,0
877,1,5507.9188,5514.1404,5514.5779,0.2725,0
877,0,5507.9188,5514.1404,5518.0451,0.1677,0
878,1,5514.7703,5521.3650,5521.6451,0.1164,0
878,0,5514.7703,5521.3650,5525.1407,0.0364,0
879,1,5521.7588,5528.0273,5528.5570,0.2927,0
879,0,5521.7588,5528.0273,5531.9944,0.1100,0
880,1,5528.6983,5535.9037,5536.1954,0.1111,0
880,0,5528.6983,5535.9037,5539.6622,0.1043,0
881,1,5537.5248,5543.8915,5544.2769,0.1806,0
881,0,5537.5248,5543.8915,5547.7907,0.0385,0
882,1,5544.4328,5550.5196,5550.8690,0.1795,0
882,0,5544.4328,5550.5196,5554.2981,0.0379,0
883,1,5550.9316,5557.5724,5557.8793,0.1146,0
883,0,5550.9316,5557.5724,5561.3288,0.0363,0
884,1,5557.9404,5564.2847,5565.0149,0.5595,0
884,0,5557.9404,5564.2847,5568.4564,0.0714,0
885,1,5565.1118,5571.6896,5572.3464,0.3813,0
885,0,5565.1118,5571.6896,5575.8601,0.0658,0
886,1,5572.4374,5578.8919,5579.1900,0.1163,0
886,0,5572.4374,5578.8919,5582.6325,0.0433,0
887,1,5579.2583,5585.6948,5586.0150,0.1110,0
887,0,5579.2583,5585.6948,5589.4858,0.3152,0
888,1,5586.3538,5592.9058,5593.2738,0.1888,0
888,0,5586.3538,5592.9058,5596.8983,0.0462,0
889,1,5593.3449,5600.1288,5600.8225,0.3778,0
889,0,5593.3449,5600.1288,5604.2667,0.1516,0
890,1,5600.9955,5607.8764,5608.2027,0.1165,0
890,0,5600.9955,5607.8764,5611.6980,0.0372,0
891,1,5608.2647,5614.7980,5615.0809,0.1132,0
891,0,5608.2647,5614.7980,5618.5692,0.0425,0
892,1,5615.1506,5621.8285,5622.1095,0.1158,0
892,0,5615.1506,5621.8285,5625.5848,0.0361,0
893,1,5622.1754,5628.6103,5628.8934,0.1177,0
893,0,5622.1754,5628.6103,5632.5894,0.0422,0
894,1,5628.9594,5636.0120,5636.5282,0.3129,0
894,0,5628.9594,5636.0120,5640.0265,0.3099,0
895,1,5636.8649,5643.4504,5643.7360,0.1176,0
895,0,5636.8649,5643.4504,5647.2496,0.0450,0
896,1,5643.8083,5650.0988,5650.5654,0.2822,0
896,0,5643.8083,5650.0988,5654.0258,0.1504,0
897,1,5650.7402,5657.4391,5657.7436,0.1217,0
897,0,5650.7402,5657.4391,5661.2456,0.0394,0
898,1,5657.8083,5664.3245,5665.0565,0.5375,0
898,0,5657.8083,5664.3245,5668.5382,0.0655,0
899,1,5665.1698,5671.8145,5672.2991,0.2985,0
899,0,5665.1698,5671.8145,5675.7646,0.0451,0
900,1,5672.3873,5678.8848,5679.2498,0.1119,0
900,0,5672.3873,5678.8848,5682.9022,0.0554,0
901,1,5679.3808,5685.7146,5686.1282,0.1488,0
901,0,5679.3808,5685.7146,5689.6285,0.1519,0
902,1,5686.3030,5692.5565,5692.8443,0.1187,0
902,0,5686.3030,5692.5565,5696.2928,0.0434,0
903,1,5692.9136,5699.9249,5700.2810,0.1816,0
903,0,5692.9136,5699.9249,5703.7421,0.0818,0
904,1,5700.3897,5706.9751,5707.2795,0.1244,0
904,0,5700.3897,5706.9751,5710.7497,0.0364,0
905,1,5707.3450,5713.8012,5714.1740,0.2045,0
905,0,5707.3450,5713.8012,5717.6372,0.1546,0
906,1,5714.3537,5720.7548,5721.0525,0.1143,0
906,0,5714.3537,5720.7548,5724.5168,0.0449,0
907,1,5721.1414,5727.6134,5727.9464,0.1126,0
907,0,5721.1414,5727.6134,5731.4614,0.2093,0
908,1,5728.1822,5735.1923,5735.8513,0.4673,0
908,0,5728.1822,5735.1923,5739.3316,0.1010,0
909,1,5735.9789,5742.4624,5742.8464,0.2091,0
909,0,5735.9789,5742.4624,5746.3217,0.0746,0
910,1,5742.9455,5749.3206,5749.6791,0.1827,0
910,0,5742.9455,5749.3206,5753.1306,0.0389,0
911,1,5749.7448,5756.2447,5756.7480,0.3134,0
911,0,5749.7448,5756.2447,5760.2086,0.0480,0
912,1,5756.8237,5763.2399,5763.5316,0.1168,0
912,0,5756.8237,5763.2399,5766.9857,0.0445,0
913,1,5763.6012,5770.3545,5770.8381,0.3118,0
913,0,5763.6012,5770.3545,5774.2945,0.0723,0
914,1,5770.9374,5777.3376,5777.6412,0.1186,0
914,0,5770.9374,5777.3376,5781.1671,0.0434,0
915,1,5777.7083,5784.1547,5784.7890,0.4526,0
915,0,5777.7083,5784.1547,5788.2994,0.0449,0
916,1,5784.8589,5791.5825,5791.9993,0.2335,0
916,0,5784.8589,5791.5825,5795.4681,0.1787,0
917,1,5792.1973,5798.9579,5799.3452,0.1759,0
917,0,5792.1973,5798.9579,5802.8192,0.0434,0
918,1,5799.4093,5805.7521,5806.3575,0.4182,0
918,0,5799.4093,5805.7521,5809.8190,0.0422,0
919,1,5806.4250,5812.8640,5813.1542,0.1148,0
919,0,5806.4250,5812.8640,5816.6392,0.0430,0
920,1,5813.2224,5819.9810,5820.5791,0.4206,0
920,0,5813.2224,5819.9810,5824.0431,0.0464,0
921,1,5820.6509,5826.9743,5827.2547,0.1111,0
921,0,5820.6509,5826.9743,5830.7110,0.0360,0
922,1,5827.3155,5833.8798,5834.7177,0.6602,0
922,0,5827.3155,5833.8798,5838.1871,0.0436,0
923,1,5834.7858,5841.5820,5841.8776,0.1124,0
923,0,5834.7858,5841.5820,5845.3523,0.0369,0
924,1,5841.9386,5848.3005,5848.6297,0.1204,0
924,0,5841.9386,5848.3005,5852.1434,0.1583,0
925,1,5848.8388,5855.3550,5855.6880,0.1161,0
925,0,5848.8388,5855.3550,5859.1512,0.0392,0
926,1,5855.7517,5862.0352,5862.3263,0.1216,0
926,0,5855.7517,5862.0352,5865.7703,0.0386,0
927,1,5862.3884,5869.7607,5870.1548,0.2097,0
927,0,5862.3884,5869.7607,5873.6390,0.0374,0
928,1,5870.2174,5876.6617,5877.0209,0.1860,0
928,0,5870.2174,5876.6617,5880.5495,0.0362,0
929,1,5877.0806,5883.3314,5883.9052,0.4017,0
929,0,5877.0806,5883.3314,5887.3578,0.0693,0
930,1,5883.9990,5890.6287,5890.9275,0.1174,0
930,0,5883.9990,5890.6287,5894.4269,0.0364,0
931,1,5890.9879,5897.3884,5898.1337,0.4970,0
931,0,5890.9879,5897.3884,5901.5984,0.1098,0
932,1,5898.2705,5905.2483,5905.5443,0.1143,0
932,0,5898.2705,5905.2483,5909.0296,0.0408,0
933,1,5905.6111,5911.9988,5912.2812,0.1158,0
933,0,5905.6111,5911.9988,5915.7569,0.0461,0
934,1,5912.3541,5918.4248,5918.7869,0.1906,0
934,0,5912.3541,5918.4248,5922.2574,0.0364,0
935,1,5918.8485,5925.2561,5925.7014,0.2742,0
935,0,5918.8485,5925.2561,5929.1435,0.1745,0
936,1,5925.9014,5932.5297,5932.8991,0.1910,0
936,0,5925.9014,5932.5297,5936.3510,0.0426,0
937,1,5932.9666,5939.4008,5939.8964,0.3265,0
937,0,5932.9666,5939.4008,5943.3398,0.0381,0
938,1,5939.9587,5946.2954,5946.6040,0.1235,0
938,0,5939.9587,5946.2954,5950.0479,0.0411,0
939,1,5946.6694,5953.2993,5953.7733,0.3072,0
939,0,5946.6694,5953.2993,5957.2176,0.0764,0
940,1,5953.8720,5960.1443,5960.4366,0.1186,0
940,0,5953.8720,5960.1443,5963.9050,0.0381,0
941,1,5960.5000,5967.4036,5968.0730,0.3698,0
941,0,5960.5000,5967.4036,5971.5113,0.1378,0
942,1,5968.2861,5975.1815,5975.4850,0.1139,0
942,0,5968.2861,5975.1815,5978.9572,0.0378,0
943,1,5975.5477,5981.9162,5982.2854,0.1956,0
943,0,5975.5477,5981.9162,5985.7422,0.0365,0
944,1,5982.3478,5989.0584,5989.5387,0.3007,0
944,0,5982.3478,5989.0584,5993.0222,0.1672,0
945,1,5989.7307,5995.9877,5996.2780,0.1213,0
945,0,5989.7307,5995.9877,5999.7277,0.0419,0
946,1,5996.3449,6003.2418,6003.7156,0.3033,0
946,0,5996.3449,6003.2418,6007.1946,0.0749,0
947,1,6003.8158,6010.0734,6010.3632,0.1154,0
947,0,6003.8158,6010.0734,6013.8738,0.0364,0
948,1,6010.4249,6016.7241,6017.5048,0.6077,0
948,0,6010.4249,6016.7241,6020.9302,0.0370,0
949,1,6017.5662,6024.0562,6024.3658,0.1162,0
949,0,6017.5662,6024.0562,6027.8418,0.0371,0
950,1,6024.4270,6030.8357,6031.8284,0.6892,0
950,0,6024.4270,6030.8357,6035.2718,0.0584,0
951,1,6031.9098,6038.3594,6039.0091,0.3185,0
951,0,6031.9098,6038.3594,6042.4355,0.0852,0
952,1,6040.3879,6046.9349,6047.3111,0.1733,0
952,0,6040.3879,6046.9349,6050.7551,0.0462,0
953,1,6047.4696,6054.0733,6054.4156,0.1574,0
953,0,6047.4696,6054.0733,6057.8733,0.0435,0
954,1,6054.4844,6060.8672,6061.3688,0.1378,0
954,0,6054.4844,6060.8672,6064.8080,0.1608,0
955,1,6061.5530,6068.1316,6068.7531,0.4256,0
955,0,6061.5530,6068.1316,6072.2168,0.0387,0
956,1,6068.8183,6075.0212,6075.3805,0.1851,0
956,0,6068.8183,6075.0212,6078.8050,0.0834,0
957,1,6075.4905,6081.7438,6082.1433,0.1151,0
957,0,6075.4905,6081.7438,6085.6471,0.0466,0
958,1,6082.2151,6088.7091,6089.1125,0.1189,0
958,0,6082.2151,6088.7091,6092.5559,0.1731,0
959,1,6089.3106,6095.5444,6095.8323,0.1175,0
959,0,6089.3106,6095.5444,6099.2786,0.0436,0
960,1,6095.9009,6102.6514,6103.2041,0.3651,0
960,0,6095.9009,6102.6514,6106.6325,0.0527,0
961,1,6103.2817,6109.5056,6109.9376,0.2607,0
961,0,6103.2817,6109.5056,6113.3563,0.0383,0
962,1,6110.0004,6116.4808,6116.8718,0.1405,0
962,0,6110.0004,6116.4808,6120.3131,0.1997,0
963,1,6117.1106,6123.8613,6124.2394,0.1779,0
963,0,6117.1106,6123.8613,6127.7355,0.0381,0
964,1,6124.3025,6130.7549,6131.8906,0.7532,0
964,0,6124.3025,6130.7549,6135.2960,0.0496,0
965,1,6131.9646,6138.3145,6138.8412,0.3112,0
965,0,6131.9646,6138.3145,6142.2625,0.0436,0
966,1,6138.9102,6145.1232,6145.6858,0.3932,0
966,0,6138.9102,6145.1232,6149.0905,0.0364,0
967,1,6145.7480,6152.0585,6152.3464,0.1135,0
967,0,6145.7480,6152.0585,6155.7465,0.0423,0
968,1,6152.4315,6158.5690,6158.9282,0.1752,0
968,0,6152.4315,6158.5690,6162.3098,0.0634,0
969,1,6159.0346,6165.9524,6166.2412,0.1136,0
969,0,6159.0346,6165.9524,6169.6768,0.0371,0
970,1,6166.3491,6172.8211,6173.4260,0.2845,0
970,0,6166.3491,6172.8211,6176.8241,0.0498,0
971,1,6173.4990,6179.5197,6179.8729,0.1344,0
971,0,6173.4990,6179.5197,6183.2771,0.0506,0
972,1,6179.9564,6186.5294,6187.0334,0.3237,0
972,0,6179.9564,6186.5294,6190.4476,0.0739,0
973,1,6187.1343,6193.5180,6193.8047,0.1141,0
973,0,6187.1343,6193.5180,6197.2677,0.0437,0
974,1,6193.8744,6200.7060,6201.4399,0.5502,0
974,0,6193.8744,6200.7060,6204.8379,0.0471,0
975,1,6201.5126,6207.9237,6208.2446,0.1172,0
975,0,6201.5126,6207.9237,6211.6927,0.0402,0
976,1,6208.3083,6214.5978,6215.1020,0.3185,0
976,0,6208.3083,6214.5978,6218.5233,0.0714,0
977,1,6215.1986,6221.6316,6221.9155,0.1181,0
977,0,6215.1986,6221.6316,6225.3188,0.0361,0
978,1,6221.9751,6228.2576,6228.7609,0.2242,0
978,0,6221.9751,6228.2576,6232.2090,0.0640,0
979,1,6228.8502,6235.8396,6236.1953,0.1597,0
979,0,6228.8502,6235.8396,6239.6860,0.1181,0
980,1,6236.3606,6242.8753,6243.3552,0.2896,0
980,0,6236.3606,6242.8753,6246.7829,0.0426,0
981,1,6243.4240,6249.8179,6250.1538,0.1150,0
981,0,6243.4240,6249.8179,6253.5779,0.0398,0
982,1,6250.2201,6256.9629,6257.3348,0.1896,0
982,0,6250.2201,6256.9629,6260.7752,0.0439,0
983,1,6257.4040,6263.6890,6264.7952,0.8344,0
983,0,6257.4040,6263.6890,6268.2070,0.0802,0
984,1,6264.8981,6271.1119,6271.6061,0.3141,0
984,0,6264.8981,6271.1119,6275.0568,0.0450,0
985,1,6271.6772,6277.9162,6278.3649,0.2783,0
985,0,6271.6772,6277.9162,6281.7719,0.0687,0
986,1,6278.4608,6285.0459,6285.3307,0.1170,0
986,0,6278.4608,6285.0459,6288.7449,0.0434,0
987,1,6285.4024,6291.9741,6292.7366,0.5852,0
987,0,6285.4024,6291.9741,6296.1523,0.0381,0
988,1,6292.7999,6299.4629,6299.8154,0.1791,0
988,0,6292.7999,6299.4629,6303.2520,0.0371,0
989,1,6299.8765,6306.3660,6306.6589,0.1137,0
989,0,6299.8765,6306.3660,6310.0856,0.0406,0
990,1,6306.7240,6313.0476,6313.3288,0.1164,0
990,0,6306.7240,6313.0476,6316.7476,0.0362,0
991,1,6313.3915,6320.0910,6320.5413,0.2001,0
991,0,6313.3915,6320.0910,6323.9909,0.1700,0
992,1,6320.7348,6326.9843,6327.2714,0.1192,0
992,0,6320.7348,6326.9843,6330.7116,0.0384,0
993,1,6327.3324,6333.9665,6334.4924,0.3401,0
993,0,6327.3324,6333.9665,6337.9050,0.0572,0
994,1,6334.5740,6341.1749,6341.4688,0.1125,0
994,0,6334.5740,6341.1749,6344.9242,0.0378,0
995,1,6341.5307,6347.8761,6348.5051,0.4460,0
995,0,6341.5307,6347.8761,6351.9285,0.0407,0
996,1,6348.5687,6355.0510,6355.3967,0.1650,0
996,0,6348.5687,6355.0510,6358.8290,0.0399,0
997,1,6355.4591,6361.7541,6362.2477,0.3203,0
997,0,6355.4591,6361.7541,6365.6943,0.0399,0
998,1,6362.3105,6369.3391,6369.9157,0.3747,0
998,0,6362.3105,6369.3391,6373.3620,0.0446,0
999,1,6369.9865,6376.1870,6376.6060,0.2553,0
999,0,6369.9865,6376.1870,6380.0372,0.0370,0
1000,1,6376.6675,6383.0821,6383.3647,0.1104,0
1000,0,6376.6675,6383.0821,6386.7773,0.1356,0
1001,1,6383.5257,6390.2913,6390.7983,0.3208,0
1001,0,6383.5257,6390.2913,6394.2914,0.0452,0
1002,1,6390.8691,6397.2515,6398.0210,0.4921,0
1002,0,6390.8691,6397.2515,6401.4681,0.0754,0
1003,1,6398.1158,6404.6174,6404.8929,0.1100,0
1003,0,6398.1158,6404.6174,6408.3505,0.0431,0
1004,1,6404.9628,6411.1680,6411.6115,0.2775,0
1004,0,6404.9628,6411.1680,6415.0919,0.0859,0
1005,1,6411.7236,6418.4850,6418.7738,0.1148,0
1005,0,6411.7236,6418.4850,6422.2236,0.0427,0
1006,1,6418.8428,6425.0719,6425.4181,0.1878,0
1006,0,6418.8428,6425.0719,6428.8417,0.1053,0
1007,1,6425.5495,6432.1840,6432.6459,0.2893,0
1007,0,6425.5495,6432.1840,6436.1624,0.0369,0
1008,1,6432.7082,6439.1640,6439.6598,0.3236,0
1008,0,6432.7082,6439.1640,6443.0997,0.0454,0
1009,1,6439.7294,6446.0350,6446.3156,0.1179,0
1009,0,6439.7294,6446.0350,6449.7232,0.0358,0
1010,1,6446.3748,6453.5632,6454.0548,0.2990,0
1010,0,6446.3748,6453.5632,6457.5177,0.0536,0
1011,1,6454.1311,6460.3221,6460.6165,0.1179,0
1011,0,6454.1311,6460.3221,6464.0792,0.0353,0
1012,1,6460.6755,6467.2516,6467.8738,0.4513,0
1012,0,6460.6755,6467.2516,6471.3008,0.0743,0
1013,1,6467.9737,6474.6219,6474.9805,0.1181,0
1013,0,6467.9737,6474.6219,6478.4416,0.0374,0
1014,1,6475.0409,6481.2554,6481.7439,0.2762,0
1014,0,6475.0409,6481.2554,6485.1755,0.0681,0
1015,1,6481.8358,6488.3307,6488.6125,0.1130,0
1015,0,6481.8358,6488.3307,6492.0446,0.0374,0
1016,1,6488.7013,6495.0032,6495.6029,0.4236,0
1016,0,6488.7013,6495.0032,6499.0370,0.0387,0
1017,1,6495.6673,6502.7822,6503.2272,0.2661,0
1017,0,6495.6673,6502.7822,6506.6833,0.0495,0
1018,1,6503.3034,6509.4665,6509.9176,0.2649,0
1018,0,6503.3034,6509.4665,6513.3578,0.0425,0
1019,1,6509.9857,6516.3837,6516.6681,0.1079,0
1019,0,6509.9857,6516.3837,6520.0855,0.1712,0
1020,1,6516.8652,6523.3832,6524.0130,0.3376,0
1020,0,6516.8652,6523.3832,6527.4579,0.0531,0
1021,1,6524.1008,6530.4489,6531.0703,0.3935,0
1021,0,6524.1008,6530.4489,6534.4986,0.4018,0
1022,1,6531.4954,6538.1242,6538.4140,0.1166,0
1022,0,6531.4954,6538.1242,6541.8329,0.0384,0
1023,1,6538.4772,6544.6498,6545.1100,0.2855,0
1023,0,6538.4772,6544.6498,6548.5214,0.0741,0
1024,1,6546.3989,6553.1700,6553.4697,0.1156,0
1024,0,6546.3989,6553.1700,6556.9551,0.0447,0
1025,1,6553.6183,6559.8858,6560.1815,0.1153,0
1025,0,6553.6183,6559.8858,6563.6032,0.0429,0
1026,1,6560.2482,6567.2222,6567.8854,0.4875,0
1026,0,6560.2482,6567.2222,6571.3157,0.0499,0
1027,1,6567.9595,6574.6150,6574.9143,0.1094,0
1027,0,6567.9595,6574.6150,6578.3892,0.0381,0
1028,1,6574.9783,6581.2667,6581.7596,0.3261,0
1028,0,6574.9783,6581.2667,6585.2111,0.0368,0
1029,1,6581.8214,6588.4960,6589.0387,0.1952,0
1029,0,6581.8214,6588.4960,6592.5482,0.0651,0
1030,1,6589.1296,6595.3991,6595.7042,0.1214,0
1030,0,6589.1296,6595.3991,6599.1526,0.0371,0
1031,1,6595.7668,6602.6435,6603.6133,0.5001,0
1031,0,6595.7668,6602.6435,6607.0709,0.1824,0
1032,1,6603.8199,6610.0336,6610.3960,0.1805,0
1032,0,6603.8199,6610.0336,6613.8499,0.0458,0
1033,1,6610.4633,6616.8858,6617.3755,0.2808,0
1033,0,6610.4633,6616.8858,6620.8009,0.1583,0
1034,1,6617.5584,6623.9921,6624.2944,0.1181,0
1034,0,6617.5584,6623.9921,6627.7524,0.0365,0
1035,1,6624.3553,6630.7570,6631.4874,0.5495,0
1035,0,6624.3553,6630.7570,6634.9264,0.0606,0
1036,1,6631.5722,6638.0550,6638.5717,0.3264,0
1036,0,6631.5722,6638.0550,6641.9974,0.0492,0
1037,1,6638.6467,6644.7406,6645.0962,0.1796,0
1037,0,6638.6467,6644.7406,6648.5139,0.0823,0
1038,1,6645.2056,6651.4768,6651.7792,0.1195,0
1038,0,6645.2056,6651.4768,6655.1613,0.0417,0
1039,1,6651.8632,6658.7348,6659.0346,0.1169,0
1039,0,6651.8632,6658.7348,6662.4579,0.0450,0
1040,1,6659.1208,6665.9540,6666.3104,0.1428,0
1040,0,6659.1208,6665.9540,6669.7686,0.0438,0
1041,1,6666.4640,6672.6904,6673.4074,0.4128,0
1041,0,6666.4640,6672.6904,6676.8245,0.0567,0
1042,1,6673.4835,6679.6242,6679.9241,0.1195,0
1042,0,6673.4835,6679.6242,6683.3358,0.0416,0
1043,1,6679.9916,6686.4670,6686.9457,0.3091,0
1043,0,6679.9916,6686.4670,6690.3658,0.1850,0
1044,1,6687.1556,6693.6639,6693.9409,0.1077,0
1044,0,6687.1556,6693.6639,6697.4542,0.0415,0
1045,1,6694.0045,6700.5017,6701.0244,0.3361,0
1045,0,6694.0045,6700.5017,6704.4528,0.0572,0
1046,1,6701.1071,6707.8269,6708.1250,0.1168,0
1046,0,6701.1071,6707.8269,6711.5493,0.0899,0
1047,1,6708.2397,6714.3492,6714.7111,0.1781,0
1047,0,6708.2397,6714.3492,6718.1236,0.0690,0
1048,1,6714.8058,6721.2777,6721.5536,0.1136,0
1048,0,6714.8058,6721.2777,6724.9954,0.0364,0
1049,1,6721.6149,6727.9374,6728.4270,0.2677,0
1049,0,6721.6149,6727.9374,6731.8224,0.1158,0
1050,1,6728.5679,6735.6146,6735.9754,0.1184,0
1050,0,6728.5679,6735.6146,6739.4072,0.0403,0
1051,1,6736.0417,6742.1893,6742.5557,0.1890,0
1051,0,6736.0417,6742.1893,6745.9773,0.1938,0
1052,1,6742.7749,6748.9814,6749.2692,0.1177,0
1052,0,6742.7749,6748.9814,6752.7233,0.0433,0
1053,1,6749.3369,6756.0617,6756.6218,0.3962,0
1053,0,6749.3369,6756.0617,6760.0310,0.0398,0
1054,1,6756.6856,6762.9559,6763.2525,0.1164,0
1054,0,6756.6856,6762.9559,6766.6716,0.0451,0
1055,1,6763.3227,6769.8249,6770.3420,0.3248,0
1055,0,6763.3227,6769.8249,6773.7688,0.0502,0
1056,1,6770.4169,6776.6988,6776.9907,0.1147,0
1056,0,6770.4169,6776.6988,6780.3997,0.0371,0
1057,1,6777.0532,6783.3393,6783.7005,0.1734,0
1057,0,6777.0532,6783.3393,6787.1183,0.1465,0
1058,1,6783.8740,6790.3447,6790.6552,0.1184,0
1058,0,6783.8740,6790.3447,6794.0558,0.0398,0
1059,1,6790.7252,6797.2527,6797.8222,0.3959,0
1059,0,6790.7252,6797.2527,6801.2237,0.0819,0
1060,1,6797.9565,6804.4850,6804.7765,0.1170,0
1060,0,6797.9565,6804.4850,6808.2062,0.0357,0
1061,1,6804.8365,6811.2004,6811.5483,0.1829,0
1061,0,6804.8365,6811.2004,6814.9509,0.0877,0
1062,1,6811.6616,6817.9152,6818.2023,0.1176,0
1062,0,6811.6616,6817.9152,6821.5899,0.0433,0
1063,1,6818.2705,6824.9799,6825.3456,0.1806,0
1063,0,6818.2705,6824.9799,6828.7574,0.0391,0
1064,1,6825.4088,6832.1965,6832.5300,0.1520,0
1064,0,6825.4088,6832.1965,6835.9537,0.0438,0
1065,1,6832.5993,6839.1514,6839.6536,0.3070,0
1065,0,6832.5993,6839.1514,6843.1011,0.1365,0
1066,1,6839.8177,6846.1212,6846.4020,0.1130,0
1066,0,6839.8177,6846.1212,6849.8208,0.0439,0
1067,1,6846.4766,6853.1306,6853.4928,0.1941,0
1067,0,6846.4766,6853.1306,6856.9366,0.1817,0
1068,1,6853.7000,6859.9457,6860.2207,0.1108,0
1068,0,6853.7000,6859.9457,6863.6372,0.0362,0
1069,1,6860.2798,6867.0889,6867.7482,0.4020,0
1069,0,6860.2798,6867.0889,6871.1729,0.0479,0
1070,1,6867.8298,6874.3823,6874.6985,0.1160,0
1070,0,6867.8298,6874.3823,6878.1441,0.0434,0
1071,1,6874.7679,6880.9702,6881.5085,0.3642,0
1071,0,6874.7679,6880.9702,6884.9540,0.0477,0
1072,1,6881.5821,6888.0790,6888.3713,0.1086,0
1072,0,6881.5821,6888.0790,6891.8609,0.0374,0
1073,1,6888.4350,6894.5665,6895.0124,0.2768,0
1073,0,6888.4350,6894.5665,6898.4140,0.1698,0
1074,1,6895.2082,6902.1606,6902.4745,0.1158,0
1074,0,6895.2082,6902.1606,6905.9179,0.0370,0
1075,1,6902.5370,6908.6469,6909.0094,0.1825,0
1075,0,6902.5370,6908.6469,6912.4370,0.0688,0
1076,1,6909.1041,6915.3851,6915.7934,0.1476,0
1076,0,6909.1041,6915.3851,6919.3962,0.0636,0
1077,1,6915.8827,6922.4141,6922.8751,0.2679,0
1077,0,6915.8827,6922.4141,6926.2863,0.1476,0
1078,1,6923.0467,6929.3277,6929.6181,0.1179,0
1078,0,6923.0467,6929.3277,6933.0651,0.0434,0
1079,1,6929.6897,6936.6691,6936.9513,0.1149,0
1079,0,6929.6897,6936.6691,6940.3752,0.0378,0
1080,1,6937.0132,6943.3981,6943.6955,0.1222,0
1080,0,6937.0132,6943.3981,6947.1270,0.0405,0
1081,1,6943.7604,6950.0835,6950.5243,0.2677,0
1081,0,6943.7604,6950.0835,6953.9292,0.0757,0
1082,1,6950.6269,6957.1183,6957.4186,0.1172,0
1082,0,6950.6269,6957.1183,6960.8302,0.0404,0
1083,1,6957.4836,6963.9397,6964.6100,0.4948,0
1083,0,6957.4836,6963.9397,6968.0267,0.0720,0
1084,1,6964.7083,6971.2218,6971.5087,0.1139,0
1084,0,6964.7083,6971.2218,6974.9488,0.0371,0
1085,1,6971.5707,6977.8953,6978.4602,0.3697,0
1085,0,6971.5707,6977.8953,6981.8887,0.1639,0
1086,1,6978.6504,6984.9446,6985.2302,0.1166,0
1086,0,6978.6504,6984.9446,6988.6296,0.0381,0
1087,1,6985.2933,6991.9582,6992.3169,0.1155,0
1087,0,6985.2933,6991.9582,6995.7077,0.0461,0
1088,1,6992.3831,6998.9887,6999.3169,0.1168,0
1088,0,6992.3831,6998.9887,7002.8319,0.0434,0
1089,1,6999.3870,7005.8725,7006.3670,0.3207,0
1089,0,6999.3870,7005.8725,7009.8005,0.0385,0
1090,1,7006.4316,7012.8152,7013.1000,0.1173,0
1090,0,7006.4316,7012.8152,7016.5239,0.0369,0
1091,1,7013.1617,7019.7395,7020.1123,0.1809,0
1091,0,7013.1617,7019.7395,7023.5544,0.1816,0
1092,1,7020.3174,7026.6203,7026.9116,0.1201,0
1092,0,7020.3174,7026.6203,7030.4148,0.0429,0
1093,1,7026.9793,7033.7429,7034.4132,0.4951,0
1093,0,7026.9793,7033.7429,7037.8315,0.0453,0
1094,1,7034.4840,7041.2117,7041.5671,0.1144,0
1094,0,7034.4840,7041.2117,7045.0232,0.0378,0
1095,1,7041.6285,7047.8957,7048.4801,0.4096,0
1095,0,7041.6285,7047.8957,7051.8952,0.0465,0
1096,1,7049.7350,7056.0822,7056.4784,0.2079,0
1096,0,7049.7350,7056.0822,7059.8877,0.0693,0
1097,1,7056.6541,7062.7483,7063.0518,0.1167,0
1097,0,7056.6541,7062.7483,7066.4498,0.0423,0
1098,1,7063.1189,7070.0508,7070.5596,0.3169,0
1098,0,7063.1189,7070.0508,7073.9913,0.0522,0
1099,1,7070.6374,7076.9452,7077.2828,0.1532,0
1099,0,7070.6374,7076.9452,7080.7159,0.0422,0
1100,1,7077.3502,7083.6271,7084.1131,0.3156,0
1100,0,7077.3502,7083.6271,7087.5134,0.0813,0
1101,1,7084.2198,7090.6970,7091.0038,0.1157,0
1101,0,7084.2198,7090.6970,7094.4851,0.0427,0
1102,1,7091.0718,7097.5228,7098.2411,0.5452,0
1102,0,7091.0718,7097.5228,7101.6569,0.0741,0
1103,1,7098.3411,7104.8473,7105.3424,0.3232,0
1103,0,7098.3411,7104.8473,7108.7576,0.0378,0
1104,1,7105.4049,7111.5493,7111.9228,0.2055,0
1104,0,7105.4049,7111.5493,7115.3359,0.0829,0
1105,1,7112.0551,7118.3433,7118.6271,0.1182,0
1105,0,7112.0551,7118.3433,7122.0145,0.0365,0
1106,1,7118.6888,7125.0273,7125.3891,0.1798,0
1106,0,7118.6888,7125.0273,7128.7743,0.1340,0
1107,1,7125.5491,7132.2097,7132.5044,0.1210,0
1107,0,7125.5491,7132.2097,7135.9090,0.0428,0
1108,1,7132.5726,7139.1230,7139.6121,0.3173,0
1108,0,7132.5726,7139.1230,7143.0243,0.0464,0
1109,1,7139.6829,7146.0809,7146.3686,0.1166,0
1109,0,7139.6829,7146.0809,7149.7534,0.0376,0
1110,1,7146.4315,7152.9567,7153.3111,0.1764,0
1110,0,7146.4315,7152.9567,7156.7211,0.0847,0
1111,1,7153.4225,7159.7354,7160.0213,0.1172,0
1111,0,7153.4225,7159.7354,7163.4341,0.0362,0
1112,1,7160.0826,7167.0063,7167.5420,0.3075,0
1112,0,7160.0826,7167.0063,7170.9942,0.1105,0
1113,1,7167.6990,7174.4642,7174.8773,0.1566,0
1113,0,7167.6990,7174.4642,7178.3317,0.0430,0
1114,1,7174.9578,7181.0910,7181.7744,0.4118,0
1114,0,7174.9578,7181.0910,7185.2142,0.0653,0
1115,1,7181.8823,7188.4250,7188.8007,0.1380,0
1115,0,7181.8823,7188.4250,7192.2421,0.0490,0
1116,1,7188.8724,7195.0776,7195.7466,0.4074,0
1116,0,7188.8724,7195.0776,7199.1719,0.0532,0
1117,1,7195.8368,7203.1328,7203.4318,0.1163,0
1117,0,7195.8368,7203.1328,7206.8864,0.0433,0
1118,1,7203.5008,7209.8411,7210.1939,0.1834,0
1118,0,7203.5008,7209.8411,7213.6347,0.0421,0
1119,1,7210.2606,7216.6090,7217.0037,0.1216,0
1119,0,7210.2606,7216.6090,7220.4491,0.1744,0
1120,1,7217.2023,7223.7651,7224.0679,0.1226,0
1120,0,7217.2023,7223.7651,7227.4998,0.0386,0
1121,1,7224.1371,7230.6759,7231.3791,0.5112,0
1121,0,7224.1371,7230.6759,7234.8202,0.0954,0
1122,1,7231.5006,7238.0723,7238.5735,0.3253,0
1122,0,7231.5006,7238.0723,7242.0182,0.0480,0
1123,1,7238.6477,7244.8429,7245.2100,0.1903,0
1123,0,7238.6477,7244.8429,7248.6492,0.1556,0
1124,1,7245.3895,7251.7380,7252.0243,0.1174,0
1124,0,7245.3895,7251.7380,7255.4419,0.0365,0
1125,1,7252.0857,7258.4043,7258.7521,0.1806,0
1125,0,7252.0857,7258.4043,7262.1693,0.0986,0
1126,1,7258.8770,7265.4367,7265.7209,0.1158,0
1126,0,7258.8770,7265.4367,7269.1600,0.0359,0
1127,1,7265.7809,7272.3987,7272.8927,0.3225,0
1127,0,7265.7809,7272.3987,7276.3344,0.0379,0
1128,1,7272.9557,7279.3860,7279.6694,0.1164,0
1128,0,7272.9557,7279.3860,7283.0900,0.0439,0
1129,1,7279.7375,7286.3161,7286.6583,0.1815,0
1129,0,7279.7375,7286.3161,7290.0907,0.1115,0
1130,1,7286.7951,7293.1230,7293.4132,0.1147,0
1130,0,7286.7951,7293.1230,7296.8610,0.0436,0
1131,1,7293.4812,7300.3618,7300.8424,0.3123,0
1131,0,7293.4812,7300.3618,7304.2757,0.2009,0
1132,1,7301.0689,7307.8651,7308.5126,0.1584,0
1132,0,7301.0689,7307.8651,7312.0217,0.0645,0
1133,1,7308.6021,7315.0485,7315.3460,0.1147,0
1133,0,7308.6021,7315.0485,7318.7983,0.0433,0
1134,1,7315.4146,7322.0815,7322.4382,0.1302,0
1134,0,7315.4146,7322.0815,7325.9001,0.0373,0
1135,1,7322.5025,7328.9007,7329.1757,0.1065,0
1135,0,7322.5025,7328.9007,7332.6107,0.0359,0
1136,1,7329.2363,7336.6378,7336.9362,0.1126,0
1136,0,7329.2363,7336.6378,7340.4358,0.0369,0
1137,1,7336.9984,7343.4399,7343.7209,0.1142,0
1137,0,7336.9984,7343.4399,7347.2252,0.0357,0
1138,1,7343.7806,7350.0816,7350.5252,0.2701,0
1138,0,7343.7806,7350.0816,7353.9827,0.0747,0
1139,1,7350.6241,7357.1516,7357.4602,0.1204,0
1139,0,7350.6241,7357.1516,7360.9315,0.0411,0
1140,1,7357.5266,7364.0033,7364.6622,0.4873,0
1140,0,7357.5266,7364.0033,7368.1335,0.1462,0
1141,1,7364.8347,7371.3766,7371.6720,0.1212,0
1141,0,7364.8347,7371.3766,7375.1343,0.0359,0
1142,1,7371.7334,7378.0131,7378.4530,0.2674,0
1142,0,7371.7334,7378.0131,7381.9046,0.0724,0
1143,1,7378.5511,7384.8279,7385.1143,0.1133,0
1143,0,7378.5511,7384.8279,7388.5482,0.0363,0
1144,1,7385.1761,7391.7186,7392.0693,0.1827,0
1144,0,7385.1761,7391.7186,7395.5107,0.1591,0
1145,1,7392.2545,7398.9406,7399.3490,0.2303,0
1145,0,7392.2545,7398.9406,7402.8137,0.0360,0
1146,1,7399.4101,7405.9911,7406.6039,0.4297,0
1146,0,7399.4101,7405.9911,7410.0593,0.0383,0
1147,1,7406.6685,7413.1813,7413.4693,0.1184,0
1147,0,7406.6685,7413.1813,7416.9970,0.0364,0
1148,1,7413.5319,7419.9809,7420.3587,0.2043,0
1148,0,7413.5319,7419.9809,7423.8124,0.0732,0
1149,1,7420.4868,7426.7887,7427.0742,0.1177,0
1149,0,7420.4868,7426.7887,7430.5834,0.0499,0
1150,1,7427.1488,7434.0072,7434.5321,0.3497,0
1150,0,7427.1488,7434.0072,7437.9683,0.0754,0
1151,1,7434.6343,7441.2278,7441.5303,0.1176,0
1151,0,7434.6343,7441.2278,7444.9835,0.0434,0
1152,1,7441.6011,7448.0040,7448.5108,0.3290,0
1152,0,7441.6011,7448.0040,7451.9562,0.0455,0
1153,1,7448.5821,7455.0571,7455.3409,0.1170,0
1153,0,7448.5821,7455.0571,7458.7857,0.0357,0
1154,1,7455.4014,7461.5446,7461.9210,0.2087,0
1154,0,7455.4014,7461.5446,7465.3730,0.0822,0
1155,1,7462.0292,7469.0703,7469.4045,0.1173,0
1155,0,7462.0292,7469.0703,7472.8617,0.0434,0
1156,1,7469.4731,7475.5847,7475.9690,0.2106,0
1156,0,7469.4731,7475.5847,7479.4023,0.0773,0
1157,1,7476.0719,7482.3583,7482.6506,0.1152,0
1157,0,7476.0719,7482.3583,7486.1736,0.0416,0
1158,1,7482.7173,7489.2856,7489.7740,0.3275,0
1158,0,7482.7173,7489.2856,7493.2054,0.0973,0
1159,1,7489.8979,7496.1951,7496.4980,0.1164,0
1159,0,7489.8979,7496.1951,7499.9876,0.0389,0
1160,1,7496.5619,7503.2611,7503.6449,0.2065,0
1160,0,7496.5619,7503.2611,7507.0829,0.0729,0
1161,1,7503.7415,7510.0281,7510.3332,0.1175,0
1161,0,7503.7415,7510.0281,7513.7582,0.0444,0
1162,1,7510.4033,7516.7017,7517.0434,0.1766,0
1162,0,7510.4033,7516.7017,7520.4716,0.1625,0
1163,1,7517.2312,7523.7233,7524.0233,0.1162,0
1163,0,7517.2312,7523.7233,7527.4429,0.0367,0
1164,1,7524.0846,7530.5995,7531.2573,0.4886,0
1164,0,7524.0846,7530.5995,7534.6721,0.2502,0
1165,1,7531.5332,7538.2702,7538.6120,0.1542,0
1165,0,7531.5332,7538.2702,7542.0446,0.0413,0
1166,1,7538.6785,7544.8190,7545.2144,0.2145,0
1166,0,7538.6785,7544.8190,7548.6379,0.0632,0
1167,1,7545.3029,7551.6061,7551.8947,0.1185,0
1167,0,7545.3029,7551.6061,7555.3431,0.0411,0
1168,1,7553.1657,7559.3605,7559.7596,0.2095,0
1168,0,7553.1657,7559.3605,7563.1551,0.0602,0
1169,1,7559.9299,7566.4065,7566.6921,0.1140,0
1169,0,7559.9299,7566.4065,7570.0767,0.1417,0
1170,1,7566.8595,7573.5696,7573.9388,0.1669,0
1170,0,7566.8595,7573.5696,7577.3529,0.0425,0
1171,1,7574.0077,7580.3145,7580.6124,0.1117,0
1171,0,7574.0077,7580.3145,7584.0299,0.1224,0
1172,1,7580.7611,7587.3317,7587.6206,0.1116,0
1172,0,7580.7611,7587.3317,7591.0362,0.0460,0
1173,1,7587.6896,7594.0781,7594.3807,0.1139,0
1173,0,7587.6896,7594.0781,7597.7814,0.0423,0
1174,1,7594.4520,7601.5714,7601.9671,0.2068,0
1174,0,7594.4520,7601.5714,7605.4963,0.0408,0
1175,1,7602.0331,7608.3618,7608.7206,0.1854,0
1175,0,7602.0331,7608.3618,7612.1567,0.1372,0
1176,1,7608.8842,7615.1673,7615.4539,0.1203,0
1176,0,7608.8842,7615.1673,7618.8708,0.0371,0
1177,1,7615.5155,7622.1057,7622.4406,0.1122,0
1177,0,7615.5155,7622.1057,7625.8903,0.2123,0
1178,1,7622.6785,7628.9459,7629.2232,0.1087,0
1178,0,7622.6785,7628.9459,7632.6350,0.0378,0
1179,1,7629.2856,7636.6228,7636.9788,0.1544,0
1179,0,7629.2856,7636.6228,7640.4376,0.0469,0
1180,1,7637.0491,7643.4490,7643.7313,0.1160,0
1180,0,7637.0491,7643.4490,7647.2318,0.0421,0
1181,1,7643.7986,7650.1407,7650.5785,0.2683,0
1181,0,7643.7986,7650.1407,7654.0085,0.0785,0
1182,1,7650.6793,7657.2329,7657.5296,0.1166,0
1182,0,7650.6793,7657.2329,7660.9706,0.0411,0
1183,1,7657.6077,7664.0605,7664.7710,0.5327,0
1183,0,7657.6077,7664.0605,7668.2108,0.0741,0
1184,1,7664.8709,7671.3921,7671.9091,0.3428,0
1184,0,7664.8709,7671.3921,7675.3481,0.0437,0
1185,1,7671.9971,7678.1319,7678.5265,0.2127,0
1185,0,7671.9971,7678.1319,7681.9479,0.1499,0
1186,1,7678.7174,7684.9953,7685.2900,0.1194,0
1186,0,7678.7174,7684.9953,7688.7340,0.0453,0
1187,1,7685.3774,7691.7801,7692.3968,0.3575,0
1187,0,7685.3774,7691.7801,7695.7968,0.1760,0
1188,1,7692.5964,7699.0850,7699.3882,0.1254,0
1188,0,7692.5964,7699.0850,7702.8430,0.0432,0
1189,1,7699.4596,7705.9880,7706.4857,0.3224,0
1189,0,7699.4596,7705.9880,7709.9036,0.0464,0
1190,1,7706.5568,7712.9387,7713.2993,0.1195,0
1190,0,7706.5568,7712.9387,7716.7105,0.0463,0
1191,1,7713.3679,7719.7453,7720.2137,0.2873,0
1191,0,7713.3679,7719.7453,7723.6320,0.1935,0
1192,1,7720.4306,7726.9462,7727.2373,0.1192,0
1192,0,7720.4306,7726.9462,7730.6934,0.0372,0
1193,1,7727.2999,7733.8483,7734.4856,0.4559,0
1193,0,7727.2999,7733.8483,7737.8894,0.0394,0
1194,1,7734.5745,7741.0487,7741.3523,0.1169,0
1194,0,7734.5745,7741.0487,7744.7650,0.0434,0
1195,1,7741.4208,7747.5962,7748.2827,0.4605,0
1195,0,7741.4208,7747.5962,7751.6906,0.0490,0
1196,1,7748.3545,7754.8396,7755.1287,0.1174,0
1196,0,7748.3545,7754.8396,7758.5555,0.0438,0
1197,1,7755.1963,7761.3166,7761.7553,0.2643,0
1197,0,7755.1963,7761.3166,7765.1259,0.0838,0
1198,1,7761.8654,7768.9009,7769.2520,0.1589,0
1198,0,7761.8654,7768.9009,7772.6768,0.0989,0
1199,1,7769.3773,7775.5288,7775.9171,0.2163,0
1199,0,7769.3773,7775.5288,7779.3355,0.0802,0
1200,1,7776.0229,7782.3033,7782.6008,0.1158,0
1200,0,7776.0229,7782.3033,7785.9980,0.0381,0
1201,1,7782.6644,7789.1487,7789.8166,0.4823,0
1201,0,7782.6644,7789.1487,7793.1841,0.0459,0
1202,1,7789.8856,7796.0605,7796.3625,0.1195,0
1202,0,7789.8856,7796.0605,7799.7399,0.0443,0
1203,1,7796.4276,7803.2389,7803.7057,0.2816,0
1203,0,7796.4276,7803.2389,7807.1366,0.1863,0
1204,1,7803.9188,7810.1881,7810.4693,0.1111,0
1204,0,7803.9188,7810.1881,7813.8998,0.0406,0
1205,1,7810.5350,7816.7668,7817.1289,0.1796,0
1205,0,7810.5350,7816.7668,7820.4750,0.1380,0
1206,1,7817.2975,7823.6164,7823.9306,0.1190,0
1206,0,7817.2975,7823.6164,7827.3252,0.0455,0
1207,1,7824.0014,7830.3596,7830.6746,0.1253,0
1207,0,7824.0014,7830.3596,7834.1246,0.2818,0
1208,1,7830.9822,7837.7772,7838.1446,0.1835,0
1208,0,7830.9822,7837.7772,7841.5896,0.0394,0
1209,1,7838.2075,7844.4843,7844.8591,0.2015,0
1209,0,7838.2075,7844.4843,7848.2643,0.1278,0
1210,1,7845.0118,7851.2963,7851.5792,0.1157,0
1210,0,7845.0118,7851.2963,7854.9511,0.0471,0
1211,1,7851.6497,7858.3563,7858.7195,0.1799,0
1211,0,7851.6497,7858.3563,7862.1289,0.0374,0
1212,1,7858.7810,7865.6874,7866.0221,0.1611,0
1212,0,7858.7810,7865.6874,7869.5156,0.0480,0
1213,1,7866.0960,7872.6032,7873.2212,0.4103,0
1213,0,7866.0960,7872.6032,7876.6540,0.0438,0
1214,1,7873.2875,7879.5660,7879.8510,0.1177,0
1214,0,7873.2875,7879.5660,7883.2677,0.0358,0
1215,1,7879.9110,7886.4811,7886.8581,0.1849,0
1215,0,7879.9110,7886.4811,7890.2807,0.1422,0
1216,1,7887.0233,7893.3164,7893.6116,0.1162,0
1216,0,7887.0233,7893.3164,7897.0856,0.0371,0
1217,1,7893.6737,7900.4501,7900.9742,0.3056,0
1217,0,7893.6737,7900.4501,7904.3931,0.1248,0
1218,1,7901.1276,7907.8887,7908.2422,0.1390,0
1218,0,7901.1276,7907.8887,7911.6887,0.0366,0
1219,1,7908.3070,7914.6207,7915.2069,0.4150,0
1219,0,7908.3070,7914.6207,7918.6447,0.0466,0
1220,1,7915.2792,7921.7879,7922.0837,0.1185,0
1220,0,7915.2792,7921.7879,7925.5274,0.0370,0
1221,1,7922.1459,7928.4558,7928.9444,0.3178,0
1221,0,7922.1459,7928.4558,7932.3585,0.0440,0
1222,1,7929.0132,7935.9512,7936.4510,0.1282,0
1222,0,7929.0132,7935.9512,7939.8893,0.0773,0
1223,1,7936.5581,7942.8722,7943.2558,0.2124,0
1223,0,7936.5581,7942.8722,7946.6983,0.0770,0
1224,1,7943.3591,7949.6317,7949.9287,0.1250,0
1224,0,7943.3591,7949.6317,7953.3614,0.0423,0
1225,1,7949.9985,7956.4966,7957.0175,0.1439,0
1225,0,7949.9985,7956.4966,7960.5782,0.0717,0
1226,1,7957.1198,7963.5775,7964.0033,0.1574,0
1226,0,7957.1198,7963.5775,7967.4214,0.3877,0
1227,1,7964.4166,7970.8532,7971.3700,0.3134,0
1227,0,7964.4166,7970.8532,7974.7912,0.0455,0
1228,1,7971.4420,7977.7340,7978.0903,0.1799,0
1228,0,7971.4420,7977.7340,7981.5162,0.0890,0
1229,1,7978.2046,7984.4830,7984.8633,0.1212,0
1229,0,7978.2046,7984.4830,7988.2829,0.1326,0
1230,1,7985.0159,7991.3554,7991.6508,0.1132,0
1230,0,7985.0159,7991.3554,7995.0772,0.2250,0
1231,1,7991.8981,7998.3327,7999.1814,0.5602,0
1231,0,7991.8981,7998.3327,8002.5754,0.1361,0
1232,1,7999.3648,8006.2014,8006.5075,0.1099,0
1232,0,7999.3648,8006.2014,8009.9287,0.0448,0
1233,1,8006.5753,8012.9461,8013.2389,0.1216,0
1233,0,8006.5753,8012.9461,8016.8439,0.0380,0
