frame,interpolated,sample_ms,ready_ms,present_ms,gpu_wait_ms,caught_up
0,0,8.3681,17.7551,18.9482,0.4671,0
1,1,18.2733,25.8779,28.4247,2.4338,0
1,0,18.2733,25.8779,32.5725,0.4113,0
2,1,30.4603,36.9662,37.6504,0.5816,0
2,0,30.4603,36.9662,41.9543,0.6770,0
3,1,38.3763,44.4313,46.0806,1.5732,0
3,0,38.3763,44.4313,50.2627,0.1820,0
4,1,46.3449,52.2713,53.8570,1.5551,0
4,0,46.3449,52.2713,58.0360,0.1656,0
5,1,54.0722,59.7248,61.0214,1.2393,0
5,0,54.0722,59.7248,65.1553,0.1670,0
6,1,61.2439,67.2994,67.5353,0.1926,0
6,0,61.2439,67.2994,71.6389,0.1545,0
7,1,67.7324,73.3357,74.4988,1.1047,0
7,0,67.7324,73.3357,78.4826,0.1851,0
8,1,74.7451,80.4838,81.6060,1.0881,0
8,0,74.7451,80.4838,85.5552,0.1735,0
9,1,81.8520,87.6967,87.9663,0.2337,0
9,0,81.8520,87.6967,91.8736,0.1687,0
10,1,88.1899,95.1271,95.3816,0.2223,0
10,0,88.1899,95.1271,99.2915,0.1660,0
11,1,95.6249,101.6089,102.7455,1.0904,0
11,0,95.6249,101.6089,106.6210,0.2015,0
12,1,103.0166,108.9120,109.2932,0.3334,0
12,0,103.0166,108.9120,113.1140,1.2472,0
13,1,110.5967,116.2556,116.5007,0.2125,0
13,0,110.5967,116.2556,120.3127,0.1662,0
14,1,116.7019,122.2425,123.4343,1.1301,0
14,0,116.7019,122.2425,127.1842,0.2323,0
15,1,123.7394,130.5520,131.7420,1.1049,0
15,0,123.7394,130.5520,136.0775,0.2251,0
16,1,132.0345,140.7841,141.2030,0.3519,0
16,0,132.0345,140.7841,145.1287,0.2368,0
17,1,141.5102,147.4855,147.7633,0.2372,0
17,0,141.5102,147.4855,151.6494,0.1721,0
18,1,147.9869,154.0440,155.2020,1.0440,0
18,0,147.9869,154.0440,159.5972,0.2028,0
19,1,155.4749,162.0046,163.1161,1.0310,0
19,0,155.4749,162.0046,168.1806,0.2018,0
20,1,163.3674,169.8050,170.9604,1.1088,0
20,0,163.3674,169.8050,176.0373,0.2069,0
21,1,171.2242,177.0064,177.2880,0.2430,0
21,0,171.2242,177.0064,183.0353,0.1919,0
22,1,177.5229,183.8173,184.9635,1.1054,0
22,0,177.5229,183.8173,190.5734,2.0809,0
23,1,187.1068,192.8245,194.0387,1.1638,0
23,0,187.1068,192.8245,198.0021,0.4535,0
24,1,194.5332,200.2256,201.4239,1.0579,0
24,0,194.5332,200.2256,205.3605,0.3119,0
25,1,201.8238,208.7448,209.3212,0.2768,0
25,0,201.8238,208.7448,216.4711,1.3254,0
26,1,210.7129,218.2316,218.5264,0.2530,0
26,0,210.7129,218.2316,223.0368,0.1858,0
27,1,218.7573,225.3222,225.6249,0.2493,0
27,0,218.7573,225.3222,232.6666,0.1864,0
28,1,225.8731,235.2273,235.5589,0.2820,0
28,0,225.8731,235.2273,239.6077,0.1872,0
29,1,235.7923,241.7617,243.0111,1.1939,0
29,0,235.7923,241.7617,246.9717,0.3764,0
30,1,243.4902,249.4437,250.6023,1.0994,0
30,0,243.4902,249.4437,254.5537,0.2098,0
31,1,250.9030,256.6702,256.8621,0.1624,0
31,0,250.9030,256.6702,260.8604,0.1482,0
32,1,257.0451,262.4887,263.6823,1.1482,0
32,0,257.0451,262.4887,267.5752,0.2275,0
33,1,265.2327,271.7158,272.8972,1.1423,0
33,0,265.2327,271.7158,276.8018,0.1639,0
34,1,273.1134,278.7424,278.9607,0.1819,0
34,0,273.1134,278.7424,282.8265,0.1614,0
35,1,279.1673,285.0831,285.4805,0.3509,0
35,0,279.1673,285.0831,289.2862,0.2751,0
36,1,285.8361,291.8855,293.1286,1.1126,0
36,0,285.8361,291.8855,296.8916,0.2073,0
37,1,293.3798,299.3249,300.4788,1.1165,0
37,0,293.3798,299.3249,304.2505,0.1626,0
38,1,300.6873,306.2613,306.4813,0.1904,0
38,0,300.6873,306.2613,310.2218,0.1515,0
39,1,306.6715,312.2711,313.4144,1.1089,0
39,0,306.6715,312.2711,317.0745,0.1670,0
40,1,313.6282,319.1990,320.4083,1.1731,0
40,0,313.6282,319.1990,324.0524,0.1593,0
41,1,320.6153,326.2016,326.4082,0.1689,0
41,0,320.6153,326.2016,330.0422,0.1681,0
42,1,326.6073,332.1478,333.2978,1.1173,0
42,0,326.6073,332.1478,336.8682,0.1631,0
43,1,333.5106,339.0827,339.3236,0.2051,0
43,0,333.5106,339.0827,342.8878,1.1068,0
44,1,340.4817,346.0848,346.3023,0.1793,0
44,0,340.4817,346.0848,349.8610,0.1504,0
45,1,346.4876,352.0105,353.1605,1.1107,0
45,0,346.4876,352.0105,356.6575,0.1536,0
46,1,353.3636,358.9331,359.1526,0.1849,0
46,0,353.3636,358.9331,362.6504,0.1874,0
47,1,359.3804,366.4306,367.8422,1.3296,0
47,0,359.3804,366.4306,371.3713,0.1665,0
48,1,368.0586,373.6391,374.7829,1.1155,0
48,0,368.0586,373.6391,378.3133,0.1558,0
49,1,374.9719,380.4204,381.5678,1.1202,0
49,0,374.9719,380.4204,385.0861,0.1525,0
50,1,381.7646,387.2149,387.3944,0.1529,0
50,0,381.7646,387.2149,390.9055,0.1474,0
51,1,387.5692,392.9676,394.1368,1.1091,0
51,0,387.5692,392.9676,397.6360,0.2246,0
52,1,394.4432,400.3069,401.4533,1.1071,0
52,0,394.4432,400.3069,404.9277,0.1580,0
53,1,401.6644,407.2994,407.4823,0.1557,0
53,0,401.6644,407.2994,410.9616,0.1427,0
54,1,407.6523,413.0407,414.1916,1.1227,0
54,0,407.6523,413.0407,417.6113,0.1465,0
55,1,414.3779,419.7910,420.9414,1.1213,0
55,0,414.3779,419.7910,424.3567,0.1569,0
56,1,421.1395,426.5628,426.7456,0.1559,0
56,0,421.1395,426.5628,430.1614,0.1438,0
57,1,426.9178,432.2935,433.4434,1.1156,0
57,0,426.9178,432.2935,436.8054,0.1526,0
58,1,433.6430,439.2355,440.3925,1.1193,0
58,0,433.6430,439.2355,443.7668,0.1532,0
59,1,440.5925,446.1695,446.3494,0.1520,0
59,0,440.5925,446.1695,449.7373,0.1433,0
60,1,446.5192,451.9321,453.0530,1.0824,0
60,0,446.5192,451.9321,456.3903,0.1563,0
61,1,453.2502,458.7305,458.9099,0.1521,0
61,0,453.2502,458.7305,462.2544,0.1474,0
62,1,459.0931,464.9062,465.1180,0.1768,0
62,0,459.0931,464.9062,468.4394,0.1484,0
63,1,465.3122,470.7106,471.8617,1.1221,0
63,0,465.3122,470.7106,475.1445,0.1531,0
64,1,472.0546,477.4925,477.6757,0.1578,0
64,0,472.0546,477.4925,480.9718,0.1449,0
65,1,477.8469,483.1913,484.3367,1.1164,0
65,0,477.8469,483.1913,487.5883,0.1490,0
66,1,484.5527,489.9355,491.0939,1.1279,0
66,0,484.5527,489.9355,494.3635,0.1548,0
67,1,491.2921,496.8111,497.2125,0.2747,0
67,0,491.2921,496.8111,500.5065,0.2320,0
68,1,497.4923,503.1323,504.2746,1.1115,0
68,0,497.4923,503.1323,507.5519,0.1708,0
69,1,504.4918,510.6308,511.7934,1.1242,0
69,0,504.4918,510.6308,515.1168,0.1521,0
70,1,512.1265,517.6020,517.7888,0.1572,0
70,0,512.1265,517.6020,521.1473,0.1421,0
71,1,517.9736,523.4054,524.6444,1.1879,0
71,0,517.9736,523.4054,527.9744,0.1785,0
72,1,524.8872,530.6688,531.9618,1.2366,0
72,0,524.8872,530.6688,535.3196,0.2371,0
73,1,532.2641,538.1030,538.4073,0.2578,0
73,0,532.2641,538.1030,541.7921,0.1711,0
74,1,538.6198,545.2715,545.4702,0.1685,0
74,0,538.6198,545.2715,548.8689,0.1467,0
75,1,545.6678,551.1841,552.4327,1.2117,0
75,0,545.6678,551.1841,555.7882,0.1580,0
76,1,552.6224,558.1051,558.2998,0.1644,0
76,0,552.6224,558.1051,561.6718,0.1470,0
77,1,558.4713,563.8558,565.0147,1.1300,0
77,0,558.4713,563.8558,568.3353,0.1585,0
78,1,565.2164,570.5723,571.7199,1.1178,0
78,0,565.2164,570.5723,575.0471,0.1573,0
79,1,571.9191,577.3564,577.5596,0.1673,0
79,0,571.9191,577.3564,580.8980,0.1519,0
80,1,577.7399,583.1125,584.5954,1.4415,0
80,0,577.7399,583.1125,587.8905,0.1692,0
81,1,584.8169,590.3985,592.9749,2.5424,0
81,0,584.8169,590.3985,596.3043,0.1987,0
82,1,593.2197,598.7443,598.9448,0.1669,0
82,0,593.2197,598.7443,602.3614,0.1555,0
83,1,599.1316,606.4552,606.7376,0.2406,0
83,0,599.1316,606.4552,610.2184,0.1628,0
84,1,606.9563,612.6360,615.3937,2.7206,0
84,0,606.9563,612.6360,618.8255,0.1977,0
85,1,615.6340,621.3002,623.9409,2.5995,0
85,0,615.6340,621.3002,627.4670,0.1978,0
86,1,624.1925,629.7682,632.3551,2.5272,0
86,0,624.1925,629.7682,635.9725,0.2542,0
87,1,632.6795,638.5136,638.7845,0.2296,0
87,0,632.6795,638.5136,642.4697,0.1677,0
88,1,639.0229,646.6052,646.8712,0.2184,0
88,0,639.0229,646.6052,650.5984,0.1607,0
89,1,647.0859,652.6932,655.4359,2.7052,0
89,0,647.0859,652.6932,659.0959,0.1761,0
90,1,655.6542,661.2976,663.8846,2.5389,0
90,0,655.6542,661.2976,667.6030,0.2087,0
91,1,664.1454,669.7565,672.3108,2.5127,0
91,0,664.1454,669.7565,676.0825,0.1733,0
92,1,672.5359,678.1783,678.3698,0.1629,0
92,0,672.5359,678.1783,682.1927,0.1439,0
93,1,678.5436,686.5381,686.7961,0.2302,0
93,0,678.5436,686.5381,690.6602,0.1471,0
94,1,687.0007,692.6038,695.1885,2.5516,0
94,0,687.0007,692.6038,698.9618,0.2014,0
95,1,695.4277,701.0672,703.6466,2.5399,0
95,0,695.4277,701.0672,707.4689,0.1992,0
96,1,703.8952,709.5056,712.0576,2.4914,0
96,0,703.8952,709.5056,715.9260,0.1760,0
97,1,712.2846,717.9088,718.1324,0.1889,0
97,0,712.2846,717.9088,722.0407,0.1571,0
98,1,718.3240,723.8553,726.6031,2.7127,0
98,0,718.3240,723.8553,730.4211,0.1642,0
99,1,726.8173,732.4186,735.0166,2.5519,0
99,0,726.8173,732.4186,738.8742,0.1859,0
100,1,735.2410,740.8398,743.4359,2.5592,0
100,0,735.2410,740.8398,747.3324,0.1938,0
101,1,743.6808,749.2692,751.8649,2.5543,0
101,0,743.6808,749.2692,755.8016,0.1961,0
102,1,752.2008,758.0748,758.4926,0.3830,0
102,0,752.2008,758.0748,762.4796,0.1583,0
103,1,758.6904,766.6013,766.8632,0.2352,0
103,0,758.6904,766.6013,770.8796,0.1526,0
104,1,767.0658,772.6290,775.2266,2.5632,0
104,0,767.0658,772.6290,779.1403,0.1943,0
105,1,775.4590,781.0928,783.6906,2.5491,0
105,0,775.4590,781.0928,787.6391,0.2405,0
106,1,784.0199,789.7610,792.3202,2.5179,0
106,0,784.0199,789.7610,796.3070,0.1736,0
107,1,792.5449,798.2044,798.3937,0.1621,0
107,0,792.5449,798.2044,802.4142,0.1425,0
108,1,798.5627,806.5344,806.8038,0.2375,0
108,0,798.5627,806.5344,810.8467,0.1599,0
109,1,807.0336,812.6856,815.4319,2.7100,0
109,0,807.0336,812.6856,819.3737,0.1631,0
110,1,815.6337,821.3119,823.8997,2.5526,0
110,0,815.6337,821.3119,827.8769,0.2002,0
111,1,824.1495,829.7422,832.2990,2.4990,0
111,0,824.1495,829.7422,836.3276,0.1982,0
112,1,832.5550,838.3792,838.6464,0.2304,0
112,0,832.5550,838.3792,842.6917,0.1440,0
113,1,838.8310,846.7767,847.0432,0.2352,0
113,0,838.8310,846.7767,851.1083,0.1555,0
114,1,847.2467,852.8935,855.6466,2.7098,0
114,0,847.2467,852.8935,859.6088,0.1919,0
115,1,855.8807,861.5361,864.1241,2.5545,0
115,0,855.8807,861.5361,868.1185,0.1973,0
116,1,864.3695,869.9420,872.5196,2.5406,0
116,0,864.3695,869.9420,876.5388,0.1536,0
117,1,872.7185,878.3309,878.5193,0.1568,0
117,0,872.7185,878.3309,882.5632,0.1405,0
118,1,878.6889,886.4870,886.7508,0.2332,0
118,0,878.6889,886.4870,890.7986,0.1548,0
119,1,886.9563,892.5368,895.1028,2.5329,0
119,0,886.9563,892.5368,899.0467,0.1605,0
120,1,895.2972,900.8371,902.4706,1.5972,0
120,0,895.2972,900.8371,906.4408,0.1613,0
121,1,902.6795,908.2563,908.4512,0.1650,0
121,0,902.6795,908.2563,912.3983,0.1418,0
122,1,908.6222,915.5220,915.7181,0.1674,0
122,0,908.6222,915.5220,919.6418,0.1442,0
123,1,915.9056,921.3452,922.5038,1.1237,0
123,0,915.9056,921.3452,926.3182,0.1590,0
124,1,922.6973,928.1264,928.3052,0.1522,0
124,0,922.6973,928.1264,932.0838,0.1401,0
125,1,928.4719,933.8271,934.9991,1.1293,0
125,0,928.4719,933.8271,938.6831,0.1607,0
126,1,935.2037,940.5315,941.6872,1.1232,0
126,0,935.2037,940.5315,945.3417,0.1594,0
127,1,941.8901,947.2599,947.4368,0.1492,0
127,0,941.8901,947.2599,951.0688,0.1359,0
128,1,947.5987,952.7909,953.9475,1.1255,0
128,0,947.5987,952.7909,957.4904,0.1694,0
129,1,954.1641,959.4798,960.6180,1.1045,0
129,0,954.1641,959.4798,964.1430,0.1646,0
130,1,960.8272,966.1709,966.3585,0.1572,0
130,0,960.8272,966.1709,969.8717,0.1397,0
131,1,966.5287,971.7934,972.9380,1.1133,0
131,0,966.5287,971.7934,976.3786,0.1712,0
132,1,973.1531,978.4375,978.6121,0.1482,0
132,0,973.1531,978.4375,982.0465,0.1336,0
133,1,978.7786,984.8087,985.0159,0.1673,0
133,0,978.7786,984.8087,988.4235,0.1451,0
134,1,985.2042,990.4587,991.6101,1.1143,0
134,0,985.2042,990.4587,994.9630,0.1614,0
135,1,991.8188,997.1737,997.3587,0.1540,0
135,0,991.8188,997.1737,1000.7188,0.1468,0
136,1,997.5318,1002.6892,1003.8289,1.1104,0
136,0,997.5318,1002.6892,1007.1264,0.1502,0
137,1,1004.0331,1009.2969,1010.4167,1.0871,0
137,0,1004.0331,1009.2969,1013.7307,0.1750,0
138,1,1010.6394,1015.9947,1016.2093,0.1834,0
138,0,1010.6394,1015.9947,1019.5157,0.1511,0
139,1,1016.5309,1021.8729,1023.0199,1.1108,0
139,0,1016.5309,1021.8729,1026.3085,0.1601,0
140,1,1023.2317,1028.6406,1028.9306,0.2403,0
140,0,1023.2317,1028.6406,1032.2404,0.1783,0
141,1,1029.1602,1035.3163,1035.6160,0.2411,0
141,0,1029.1602,1035.3163,1038.9262,0.1538,0
142,1,1035.8263,1041.3236,1043.0104,1.6157,0
142,0,1035.8263,1041.3236,1046.2914,0.1974,0
143,1,1043.2575,1048.8017,1049.1562,0.3171,0
143,0,1043.2575,1048.8017,1052.4743,0.1496,0
144,1,1049.3488,1055.5257,1055.7338,0.1737,0
144,0,1049.3488,1055.5257,1059.0578,0.1430,0
145,1,1055.9250,1061.3242,1062.6512,1.2937,0
145,0,1055.9250,1061.3242,1065.9321,0.1489,0
146,1,1062.8344,1068.1806,1068.3665,0.1551,0
146,0,1062.8344,1068.1806,1071.6732,0.1385,0
147,1,1068.5312,1074.7987,1075.0315,0.2038,0
147,0,1068.5312,1074.7987,1078.3330,0.1464,0
148,1,1075.2295,1080.6313,1081.7890,1.1285,0
148,0,1075.2295,1080.6313,1085.0554,0.1588,0
149,1,1082.0019,1087.3872,1087.6246,0.1996,0
149,0,1082.0019,1087.3872,1090.9112,0.1403,0
150,1,1087.8039,1093.2270,1094.2214,0.9641,0
150,0,1087.8039,1093.2270,1097.4666,0.1543,0
151,1,1094.4232,1099.8176,1100.8084,0.9598,0
151,0,1094.4232,1099.8176,1104.0596,0.1502,0
152,1,1101.0120,1106.3612,1106.5408,0.1526,0
152,0,1101.0120,1106.3612,1109.7979,0.1361,0
153,1,1106.7034,1111.9407,1112.9324,0.9606,0
153,0,1106.7034,1111.9407,1116.1422,0.1676,0
154,1,1113.1434,1118.4427,1118.6246,0.1539,0
154,0,1113.1434,1118.4427,1121.8443,0.1687,0
155,1,1118.8192,1124.6370,1124.8258,0.1609,0
155,0,1118.8192,1124.6370,1128.0326,0.1429,0
156,1,1125.0186,1130.2525,1131.2471,0.9609,0
156,0,1125.0186,1130.2525,1134.4166,0.1524,0
157,1,1131.4685,1136.8363,1137.0406,0.1689,0
157,0,1131.4685,1136.8363,1140.2276,0.1479,0
158,1,1137.2287,1142.5501,1143.5472,0.9681,0
158,0,1137.2287,1142.5501,1146.6995,0.1552,0
159,1,1143.7524,1149.1126,1150.1228,0.9783,0
159,0,1143.7524,1149.1126,1153.2914,0.1690,0
160,1,1150.3421,1155.7317,1155.9176,0.1587,0
160,0,1150.3421,1155.7317,1159.1015,0.1512,0
161,1,1156.1039,1161.3614,1162.3593,0.9686,0
161,0,1156.1039,1161.3614,1165.5078,0.1556,0
162,1,1162.5642,1167.8926,1168.0772,0.1567,0
162,0,1162.5642,1167.8926,1171.2445,0.1471,0
163,1,1168.2574,1173.5115,1174.5105,0.9704,0
163,0,1168.2574,1173.5115,1177.6408,0.1569,0
164,1,1174.7141,1180.0106,1181.0287,0.9824,0
164,0,1174.7141,1180.0106,1184.1704,0.1628,0
165,1,1181.2472,1186.6185,1186.8013,0.1570,0
165,0,1181.2472,1186.6185,1189.9640,0.1447,0
166,1,1186.9805,1192.2425,1193.2463,0.9726,0
166,0,1186.9805,1192.2425,1196.3742,0.1575,0
167,1,1193.4530,1198.7999,1199.2000,0.3510,0
167,0,1193.4530,1198.7999,1202.3729,0.2626,0
168,1,1199.7308,1206.8803,1207.6205,0.6728,0
168,0,1199.7308,1206.8803,1210.8750,0.4187,0
169,1,1208.1453,1214.5496,1217.2512,2.6272,0
169,0,1208.1453,1214.5496,1220.5669,0.2513,0
170,1,1217.5507,1223.3356,1225.0610,1.6672,0
170,0,1217.5507,1223.3356,1228.4929,0.2062,0
171,1,1225.3220,1230.9144,1232.6086,1.6427,0
171,0,1225.3220,1230.9144,1236.0674,0.1776,0
172,1,1232.8429,1238.3781,1238.6030,0.1915,0
172,0,1232.8429,1238.3781,1242.0947,0.1586,0
173,1,1238.8060,1245.1938,1245.4336,0.2046,0
173,0,1238.8060,1245.1938,1248.9162,0.1573,0
174,1,1245.6391,1251.1509,1252.3205,1.1339,0
174,0,1245.6391,1251.1509,1255.7568,0.1788,0
175,1,1252.5380,1258.1258,1258.3669,0.1924,0
175,0,1252.5380,1258.1258,1261.8177,0.1701,0
176,1,1258.5731,1264.9114,1265.1893,0.2382,0
176,0,1258.5731,1264.9114,1268.6372,0.1700,0
177,1,1265.4072,1270.9130,1272.1062,1.1459,0
177,0,1265.4072,1270.9130,1275.5025,0.1784,0
178,1,1272.3387,1277.8697,1278.1028,0.2018,0
178,0,1272.3387,1277.8697,1281.5235,0.1534,0
179,1,1278.2925,1283.8312,1285.0174,1.1228,0
179,0,1278.2925,1283.8312,1288.4490,0.3836,0
180,1,1285.4605,1291.0469,1292.5292,1.4389,0
180,0,1285.4605,1291.0469,1295.9271,0.3190,0
181,1,1292.8987,1298.4756,1298.8152,0.3098,0
181,0,1292.8987,1298.4756,1302.2487,0.1645,0
182,1,1299.0252,1304.9721,1305.3150,0.2812,0
182,0,1299.0252,1304.9721,1308.7337,0.1792,0
183,1,1305.5446,1311.1233,1312.5024,1.3404,0
183,0,1305.5446,1311.1233,1315.8885,0.1785,0
184,1,1312.7215,1318.2527,1318.5122,0.2193,0
184,0,1312.7215,1318.2527,1321.9203,0.1912,0
185,1,1318.7467,1324.9445,1325.2700,0.2780,0
185,0,1318.7467,1324.9445,1328.6857,0.1752,0
186,1,1325.4947,1331.0580,1332.4474,1.3377,0
186,0,1325.4947,1331.0580,1335.8272,0.1818,0
187,1,1332.6816,1338.2948,1338.5642,0.2287,0
187,0,1332.6816,1338.2948,1341.9833,0.1553,0
188,1,1338.7617,1345.1211,1345.4098,0.2438,0
188,0,1338.7617,1345.1211,1348.8165,0.2137,0
189,1,1345.6739,1351.1944,1352.4340,1.2013,0
189,0,1345.6739,1351.1944,1355.8032,0.1627,0
190,1,1352.6365,1358.1617,1358.4151,0.2202,0
190,0,1352.6365,1358.1617,1361.8027,0.1503,0
191,1,1358.6040,1365.0410,1365.3364,0.2499,0
191,0,1358.6040,1365.0410,1368.7330,0.1766,0
192,1,1365.5837,1371.2333,1372.3956,1.1237,0
192,0,1365.5837,1371.2333,1375.7571,0.1771,0
193,1,1372.6193,1378.1792,1378.3871,0.1761,0
193,0,1372.6193,1378.1792,1381.7585,0.1413,0
194,1,1378.5585,1384.9109,1385.1515,0.2097,0
194,0,1378.5585,1384.9109,1388.5228,0.1446,0
195,1,1385.4202,1390.9987,1392.1542,1.1200,0
195,0,1385.4202,1390.9987,1395.4959,0.1673,0
196,1,1392.3811,1397.8465,1398.0308,0.1563,0
196,0,1392.3811,1397.8465,1401.3962,0.1426,0
197,1,1398.2063,1403.4763,1404.6442,1.1271,0
197,0,1398.2063,1403.4763,1407.9495,0.1717,0
198,1,1404.8710,1410.2754,1411.4519,1.1320,0
198,0,1404.8710,1410.2754,1414.7655,0.1657,0
199,1,1411.6690,1417.0862,1417.2808,0.1642,0
199,0,1411.6690,1417.0862,1420.6178,0.1438,0
200,1,1417.4552,1422.7202,1423.8817,1.1273,0
200,0,1417.4552,1422.7202,1427.1600,0.1702,0
201,1,1424.1055,1429.4827,1430.6606,1.1435,0
201,0,1424.1055,1429.4827,1433.9594,0.1664,0
202,1,1430.8794,1436.3163,1436.5288,0.1817,0
202,0,1430.8794,1436.3163,1439.8375,0.1408,0
203,1,1436.6981,1442.0037,1443.1505,1.1135,0
203,0,1436.6981,1442.0037,1446.4085,0.1722,0
204,1,1443.3797,1448.8370,1449.0278,0.1637,0
204,0,1443.3797,1448.8370,1452.3043,0.1477,0
205,1,1449.2154,1454.9782,1455.1826,0.1692,0
205,0,1449.2154,1454.9782,1458.4398,0.1411,0
206,1,1455.3752,1460.6615,1461.8109,1.1187,0
206,0,1455.3752,1460.6615,1465.0271,0.1590,0
207,1,1462.0309,1467.5058,1467.6946,0.1590,0
207,0,1462.0309,1467.5058,1470.9319,0.1442,0
208,1,1467.8679,1473.1660,1474.3122,1.1195,0
208,0,1467.8679,1473.1660,1477.5117,0.1607,0
209,1,1474.5133,1479.7780,1480.9322,1.1214,0
209,0,1474.5133,1479.7780,1484.1530,0.1617,0
210,1,1481.1392,1486.4417,1486.6455,0.1741,0
210,0,1481.1392,1486.4417,1489.8731,0.1379,0
211,1,1486.8104,1492.0912,1493.2367,1.1172,0
211,0,1486.8104,1492.0912,1496.4247,0.1453,0
212,1,1493.4261,1498.7246,1498.9086,0.1574,0
212,0,1493.4261,1498.7246,1502.1104,0.1361,0
213,1,1499.0859,1504.7830,1504.9731,0.1634,0
213,0,1499.0859,1504.7830,1508.1597,0.1496,0
214,1,1505.1871,1510.6034,1511.7514,1.1200,0
214,0,1505.1871,1510.6034,1514.9127,0.1453,0
215,1,1511.9396,1517.2157,1517.3972,0.1539,0
215,0,1511.9396,1517.2157,1520.5736,0.1374,0
216,1,1517.6873,1522.9498,1524.0973,1.1199,0
216,0,1517.6873,1522.9498,1527.2524,0.1465,0
217,1,1524.2905,1529.5626,1530.6989,1.0984,0
217,0,1524.2905,1529.5626,1533.8740,0.1790,0
218,1,1530.9538,1536.7132,1537.0239,0.2502,0
218,0,1530.9538,1536.7132,1540.2496,0.1715,0
219,1,1537.2508,1542.8543,1544.0271,1.1051,0
219,0,1537.2508,1542.8543,1547.2302,0.1824,0
220,1,1544.2807,1549.7789,1550.9269,1.1198,0
220,0,1544.2807,1549.7789,1554.1559,0.1781,0
221,1,1551.1591,1556.5502,1556.7425,0.1623,0
221,0,1551.1591,1556.5502,1559.9830,0.1390,0
222,1,1556.9078,1562.1821,1563.3297,1.1197,0
222,0,1556.9078,1562.1821,1566.5322,0.1475,0
223,1,1563.5203,1568.8026,1568.9838,0.1544,0
223,0,1563.5203,1568.8026,1572.2006,1.2214,0
224,1,1570.2511,1575.5274,1575.7117,0.1574,0
224,0,1570.2511,1575.5274,1578.9413,0.1376,0
225,1,1575.8765,1581.1565,1582.3029,1.1155,0
225,0,1575.8765,1581.1565,1585.4933,0.1463,0
226,1,1582.4893,1587.7815,1587.9750,0.1651,0
226,0,1582.4893,1587.7815,1591.1791,0.1501,0
227,1,1588.1548,1593.4691,1594.6100,1.1150,0
227,0,1588.1548,1593.4691,1597.7811,0.1464,0
228,1,1594.7978,1600.0673,1601.2111,1.1167,0
228,0,1594.7978,1600.0673,1604.3956,0.1480,0
229,1,1601.3997,1606.6741,1606.8575,0.1555,0
229,0,1601.3997,1606.6741,1610.0560,0.1463,0
230,1,1607.0310,1612.2547,1613.4015,1.1199,0
230,0,1607.0310,1612.2547,1616.5637,0.1590,0
231,1,1613.6020,1618.8667,1619.0561,0.1566,0
231,0,1613.6020,1618.8667,1622.2333,1.1741,0
232,1,1620.2739,1625.5423,1625.7192,0.1490,0
232,0,1620.2739,1625.5423,1628.9352,0.1524,0
233,1,1625.8988,1631.1762,1632.3329,1.1109,0
233,0,1625.8988,1631.1762,1635.5002,0.1484,0
234,1,1632.5262,1637.8354,1638.0591,0.1842,0
234,0,1632.5262,1637.8354,1641.2528,0.1429,0
235,1,1638.2322,1643.4781,1644.6259,1.1153,0
235,0,1638.2322,1643.4781,1647.7738,0.1465,0
236,1,1644.8132,1650.0414,1651.1946,1.1205,0
236,0,1644.8132,1650.0414,1654.3552,0.1464,0
237,1,1651.3811,1656.6875,1656.8775,0.1585,0
237,0,1651.3811,1656.6875,1660.0573,0.1414,0
238,1,1657.0468,1662.2702,1663.4172,1.1169,0
238,0,1657.0468,1662.2702,1666.5608,0.1455,0
239,1,1663.6025,1668.8609,1669.0492,0.1570,0
239,0,1663.6025,1668.8609,1672.2106,1.1553,0
240,1,1670.2495,1675.5301,1675.7120,0.1522,0
240,0,1670.2495,1675.5301,1678.8934,0.1395,0
241,1,1675.8788,1681.1246,1682.2755,1.1196,0
241,0,1675.8788,1681.1246,1685.4196,0.1463,0
242,1,1682.4626,1687.7318,1687.9171,0.1574,0
242,0,1682.4626,1687.7318,1691.0770,0.1450,0
243,1,1688.0901,1693.3371,1694.4851,1.1189,0
243,0,1688.0901,1693.3371,1697.6137,0.1507,0
244,1,1694.6760,1699.8958,1701.0495,1.1207,0
244,0,1694.6760,1699.8958,1704.1926,0.1464,0
245,1,1701.2391,1706.5179,1706.6962,0.1528,0
245,0,1701.2391,1706.5179,1709.8594,0.1390,0
246,1,1706.8626,1712.1049,1713.2549,1.1153,0
246,0,1706.8626,1712.1049,1716.3808,0.1536,0
247,1,1713.4495,1718.7176,1718.8974,0.1542,0
247,0,1713.4495,1718.7176,1722.0423,0.1351,0
248,1,1719.0607,1724.7415,1724.9243,0.1562,0
248,0,1719.0607,1724.7415,1728.0602,0.1381,0
249,1,1725.1028,1730.3303,1731.4793,1.1172,0
249,0,1725.1028,1730.3303,1734.5821,0.1435,0
250,1,1731.6626,1736.9403,1737.1299,0.1638,0
250,0,1731.6626,1736.9403,1740.2541,0.1506,0
251,1,1737.3082,1742.5310,1743.6786,1.1176,0
251,0,1737.3082,1742.5310,1746.7744,0.1492,0
252,1,1743.8694,1749.1346,1750.2845,1.1162,0
252,0,1743.8694,1749.1346,1753.4053,0.1460,0
253,1,1750.4728,1755.7485,1755.9470,0.1679,0
253,0,1750.4728,1755.7485,1759.0869,0.1544,0
254,1,1756.1281,1761.3564,1762.5064,1.1179,0
254,0,1756.1281,1761.3564,1765.6145,0.1482,0
255,1,1762.6965,1767.9585,1768.1525,0.1663,0
255,0,1762.6965,1767.9585,1771.2795,0.1429,0
256,1,1768.3223,1773.5891,1774.7367,1.1162,0
256,0,1768.3223,1773.5891,1777.8370,0.1509,0
257,1,1774.9272,1780.1697,1781.3213,1.1197,0
257,0,1774.9272,1780.1697,1784.4429,0.1512,0
258,1,1781.5129,1786.8045,1787.0296,0.1958,0
258,0,1781.5129,1786.8045,1790.1719,0.1484,0
259,1,1787.2237,1792.7278,1793.8747,1.1169,0
259,0,1787.2237,1792.7278,1797.0076,0.1476,0
260,1,1794.0711,1799.3123,1800.4603,1.1195,0
260,0,1794.0711,1799.3123,1803.6027,0.1439,0
261,1,1800.6456,1805.9548,1806.1575,0.1761,0
261,0,1800.6456,1805.9548,1809.3225,0.1372,0
262,1,1806.3266,1811.6247,1812.7680,1.1142,0
262,0,1806.3266,1811.6247,1815.9018,0.1487,0
263,1,1812.9605,1818.2695,1818.4544,0.1566,0
263,0,1812.9605,1818.2695,1821.6071,0.1415,0
264,1,1818.6227,1824.8062,1825.0095,0.1639,0
264,0,1818.6227,1824.8062,1828.1781,0.1482,0
265,1,1825.1999,1830.4626,1831.6078,1.1108,0
265,0,1825.1999,1830.4626,1834.7429,0.1664,0
266,1,1831.8216,1837.2050,1837.3917,0.1578,0
266,0,1831.8216,1837.2050,1840.5519,0.1390,0
267,1,1837.5572,1842.8161,1843.9570,1.1117,0
267,0,1837.5572,1842.8161,1847.0846,0.1740,0
268,1,1844.1730,1849.4204,1850.5673,1.1163,0
268,0,1844.1730,1849.4204,1853.7394,0.1486,0
269,1,1850.7535,1856.0288,1856.2537,0.1923,0
269,0,1850.7535,1856.0288,1859.4165,0.1454,0
270,1,1856.4271,1861.7339,1862.8814,1.1177,0
270,0,1856.4271,1861.7339,1866.0162,0.1525,0
271,1,1863.0752,1868.3435,1868.5259,0.1535,0
271,0,1863.0752,1868.3435,1871.6776,0.1409,0
272,1,1868.6924,1874.7502,1874.9364,0.1575,0
272,0,1868.6924,1874.7502,1878.0976,0.1493,0
273,1,1875.1283,1880.3685,1881.5177,1.1195,0
273,0,1875.1283,1880.3685,1884.6530,0.1829,0
274,1,1881.7444,1887.0822,1887.3446,0.2292,0
274,0,1881.7444,1887.0822,1890.5035,0.1505,0
275,1,1887.5424,1893.0578,1894.2072,1.1140,0
275,0,1887.5424,1893.0578,1897.3489,0.1573,0
276,1,1894.4235,1899.8076,1900.9591,1.1199,0
276,0,1894.4235,1899.8076,1904.1236,0.1565,0
277,1,1901.1592,1906.4480,1906.6308,0.1544,0
277,0,1901.1592,1906.4480,1909.8128,0.1387,0
278,1,1906.7958,1912.0602,1913.2055,1.1171,0
278,0,1906.7958,1912.0602,1916.3512,0.1491,0
279,1,1913.3951,1918.6657,1918.8445,0.1511,0
279,0,1913.3951,1918.6657,1922.0104,0.1343,0
280,1,1919.0113,1924.7711,1924.9562,0.1577,0
280,0,1919.0113,1924.7711,1928.1082,0.1500,0
281,1,1925.1452,1930.3757,1931.5248,1.1203,0
281,0,1925.1452,1930.3757,1934.6440,0.1424,0
282,1,1931.7060,1937.0048,1937.1866,0.1541,0
282,0,1931.7060,1937.0048,1940.3268,0.1379,0
283,1,1937.3511,1942.5753,1943.7232,1.1202,0
283,0,1937.3511,1942.5753,1946.8283,0.1482,0
284,1,1943.9131,1949.1765,1950.3232,1.1186,0
284,0,1943.9131,1949.1765,1953.4519,0.1456,0
285,1,1950.5118,1955.8474,1956.0374,0.1635,0
285,0,1950.5118,1955.8474,1959.1996,0.1487,0
286,1,1956.2580,1961.5826,1962.7258,1.1143,0
286,0,1956.2580,1961.5826,1965.8498,0.1440,0
287,1,1962.9128,1968.1956,1968.3762,0.1532,0
287,0,1962.9128,1968.1956,1971.5204,0.1374,0
288,1,1968.5401,1974.7676,1974.9515,0.1566,0
288,0,1968.5401,1974.7676,1978.1111,0.1496,0
289,1,1975.1421,1980.3911,1981.5348,1.1132,0
289,0,1975.1421,1980.3911,1984.6682,0.1482,0
290,1,1981.7300,1987.1510,1987.3420,0.1636,0
290,0,1981.7300,1987.1510,1990.4950,0.1393,0
291,1,1987.5080,1992.7780,1993.9211,1.1147,0
291,0,1987.5080,1992.7780,1997.0436,0.1532,0
292,1,1994.1159,1999.3998,2000.5491,1.1211,0
292,0,1994.1159,1999.3998,2003.6924,0.1448,0
293,1,2000.7336,2006.0266,2006.2071,0.1545,0
293,0,2000.7336,2006.0266,2009.3656,0.1379,0
294,1,2006.3706,2011.6214,2012.7731,1.1172,0
294,0,2006.3706,2011.6214,2015.9023,0.1748,0
295,1,2013.0299,2018.8909,2019.1015,0.1810,0
295,0,2013.0299,2018.8909,2022.2850,1.1267,0
296,1,2020.4281,2025.9013,2026.0949,0.1639,0
296,0,2020.4281,2025.9013,2029.3129,0.1443,0
297,1,2026.2824,2031.6515,2032.7222,1.0354,0
297,0,2026.2824,2031.6515,2035.9160,0.2454,0
298,1,2033.0501,2038.8374,2039.1777,0.2845,0
298,0,2033.0501,2038.8374,2042.4252,0.1905,0
299,1,2039.4180,2045.1729,2045.4796,0.2513,0
299,0,2039.4180,2045.1729,2048.7204,0.1794,0
300,1,2045.7383,2051.5180,2052.6139,1.0617,0
300,0,2045.7383,2051.5180,2055.8389,0.1658,0
301,1,2052.8213,2058.3814,2058.5747,0.1623,0
301,0,2052.8213,2058.3814,2061.8202,0.1450,0
302,1,2058.7509,2064.8958,2065.1005,0.1736,0
302,0,2058.7509,2064.8958,2068.3475,0.1556,0
303,1,2065.2951,2070.5764,2071.6945,1.0601,0
303,0,2065.2951,2070.5764,2074.9036,0.1639,0
304,1,2071.8997,2077.2677,2077.4564,0.1578,0
304,0,2071.8997,2077.2677,2080.6826,0.1419,0
305,1,2077.6262,2082.9107,2084.0114,1.0626,0
305,0,2077.6262,2082.9107,2087.1963,0.1520,0
306,1,2084.2059,2089.4902,2090.5872,1.0640,0
306,0,2084.2059,2089.4902,2093.7866,0.1614,0
307,1,2090.8004,2096.1435,2096.3389,0.1643,0
307,0,2090.8004,2096.1435,2099.5537,0.1654,0
308,1,2096.5346,2101.8766,2102.9780,1.0678,0
308,0,2096.5346,2101.8766,2106.1646,0.1836,0
309,1,2103.2069,2108.6840,2108.9502,0.2088,0
309,0,2103.2069,2108.6840,2112.1568,0.1667,0
310,1,2109.1553,2114.9694,2115.1632,0.1658,0
310,0,2109.1553,2114.9694,2118.3635,0.1508,0
311,1,2115.3533,2120.6423,2121.7415,1.0714,0
311,0,2115.3533,2120.6423,2124.9072,0.1572,0
312,1,2121.9381,2127.2793,2127.4666,0.1575,0
312,0,2121.9381,2127.2793,2130.6514,0.1479,0
313,1,2127.6397,2132.9013,2133.9988,1.0595,0
313,0,2127.6397,2132.9013,2137.1478,0.1548,0
314,1,2134.1911,2139.4628,2140.5574,1.0632,0
314,0,2134.1911,2139.4628,2143.7209,0.1617,0
315,1,2140.7578,2146.0915,2146.2763,0.1569,0
315,0,2140.7578,2146.0915,2149.4577,0.1476,0
316,1,2146.4492,2151.7090,2152.8014,1.0606,0
316,0,2146.4492,2151.7090,2155.9646,0.1521,0
317,1,2153.0008,2158.3430,2158.5310,0.1565,0
317,0,2153.0008,2158.3430,2161.6979,0.1378,0
318,1,2158.6962,2164.8163,2165.0211,0.1722,0
318,0,2158.6962,2164.8163,2168.1950,0.1452,0
319,1,2165.2067,2170.5213,2171.6165,1.0606,0
319,0,2165.2067,2170.5213,2174.7611,0.1455,0
320,1,2171.8004,2177.1812,2177.3624,0.1520,0
320,0,2171.8004,2177.1812,2180.5285,0.1472,0
321,1,2177.5353,2182.8192,2183.9146,1.0650,0
321,0,2177.5353,2182.8192,2187.0456,0.1482,0
322,1,2184.1022,2189.3866,2190.4785,1.0581,0
322,0,2184.1022,2189.3866,2193.6263,0.1528,0
323,1,2190.6739,2196.0342,2196.2161,0.1524,0
323,0,2190.6739,2196.0342,2199.3862,0.1371,0
324,1,2196.3783,2201.6649,2202.7533,1.0581,0
324,0,2196.3783,2201.6649,2205.8894,0.1585,0
325,1,2202.9564,2208.4113,2208.5955,0.1555,0
325,0,2202.9564,2208.4113,2211.7618,0.1404,0
326,1,2208.7630,2214.8827,2215.0998,0.1890,0
326,0,2208.7630,2214.8827,2218.2700,0.1424,0
327,1,2215.2899,2220.7109,2221.8039,1.0600,0
327,0,2215.2899,2220.7109,2224.9482,0.1485,0
328,1,2222.0011,2227.3720,2227.5568,0.1512,0
328,0,2222.0011,2227.3720,2230.7241,0.1376,0
329,1,2227.7194,2233.0040,2233.9283,0.8938,0
329,0,2227.7194,2233.0040,2237.0613,0.1575,0
330,1,2234.1245,2239.4154,2240.3387,0.8896,0
330,0,2234.1245,2239.4154,2243.4799,0.1460,0
331,1,2240.5251,2245.8742,2246.0561,0.1541,0
331,0,2240.5251,2245.8742,2249.2134,0.1425,0
332,1,2246.2235,2251.5084,2252.4292,0.8914,0
332,0,2246.2235,2251.5084,2255.5493,0.1482,0
333,1,2252.6155,2257.9638,2258.1546,0.1612,0
333,0,2252.6155,2257.9638,2261.2909,0.1479,0
334,1,2258.3300,2263.6753,2264.5984,0.8936,0
334,0,2258.3300,2263.6753,2267.7068,0.1470,0
335,1,2264.7830,2270.0922,2271.0226,0.8986,0
335,0,2264.7830,2270.0922,2274.1413,0.1452,0
336,1,2271.2077,2276.5598,2276.7439,0.1524,0
336,0,2271.2077,2276.5598,2279.8789,0.1437,0
337,1,2276.9124,2282.2074,2283.1264,0.8895,0
337,0,2276.9124,2282.2074,2286.2312,0.1488,0
338,1,2283.3127,2288.6709,2288.8613,0.1566,0
338,0,2283.3127,2288.6709,2291.9806,0.1511,0
339,1,2289.0421,2294.6048,2294.7897,0.1555,0
339,0,2289.0421,2294.6048,2297.8963,0.1366,0
340,1,2294.9625,2300.2511,2301.1854,0.8929,0
340,0,2294.9625,2300.2511,2304.2689,0.1860,0
341,1,2301.4380,2307.1340,2307.3271,0.1622,0
341,0,2301.4380,2307.1340,2310.4456,0.1426,0
342,1,2307.5005,2312.8513,2313.7754,0.8922,0
342,0,2307.5005,2312.8513,2316.8694,0.1481,0
343,1,2313.9662,2319.3067,2320.2336,0.8972,0
343,0,2313.9662,2319.3067,2323.3435,0.1552,0
344,1,2320.4301,2325.7972,2325.9837,0.1576,0
344,0,2320.4301,2325.7972,2329.1071,0.1612,0
345,1,2326.1727,2331.4729,2332.4002,0.8833,0
345,0,2326.1727,2331.4729,2335.4986,0.1579,0
346,1,2332.6070,2338.1353,2338.3244,0.1588,0
346,0,2332.6070,2338.1353,2341.4489,0.1436,0
347,1,2338.4955,2344.6997,2344.8850,0.1567,0
347,0,2338.4955,2344.6997,2348.0266,0.1426,0
348,1,2345.0693,2350.3814,2351.3019,0.8902,0
348,0,2345.0693,2350.3814,2354.4147,0.1480,0
349,1,2351.4901,2356.8529,2357.0368,0.1529,0
349,0,2351.4901,2356.8529,2360.1659,0.1431,0
350,1,2357.2060,2362.4962,2363.4162,0.8900,0
350,0,2357.2060,2362.4962,2366.5151,0.1599,0
351,1,2363.6160,2368.9626,2369.1692,0.1723,0
351,0,2363.6160,2368.9626,2372.2826,0.8889,0
352,1,2370.1018,2375.4493,2375.6285,0.1510,0
352,0,2370.1018,2375.4493,2378.7563,0.1408,0
353,1,2375.7947,2381.1205,2382.0429,0.8911,0
353,0,2375.7947,2381.1205,2385.1451,0.1519,0
354,1,2382.2336,2387.5855,2387.7953,0.1755,0
354,0,2382.2336,2387.5855,2390.9198,0.1715,0
355,1,2388.0110,2393.3594,2394.2859,0.8934,0
355,0,2388.0110,2393.3594,2397.3799,0.1571,0
356,1,2394.4837,2399.8589,2400.7849,0.8927,0
356,0,2394.4837,2399.8589,2403.8996,0.1491,0
357,1,2400.9763,2406.3972,2406.5988,0.1706,0
357,0,2400.9763,2406.3972,2409.7328,0.1506,0
358,1,2406.7786,2412.1498,2413.0653,0.8854,0
358,0,2406.7786,2412.1498,2416.1735,0.1479,0
359,1,2413.2567,2418.6627,2418.8476,0.1573,0
359,0,2413.2567,2418.6627,2421.9748,0.1545,0
360,1,2419.0324,2424.6366,2424.8248,0.1571,0
360,0,2419.0324,2424.6366,2427.9407,0.1387,0
361,1,2425.0124,2430.3156,2431.2371,0.8887,0
361,0,2425.0124,2430.3156,2434.3278,0.1572,0
362,1,2431.4452,2437.0027,2437.2095,0.1744,0
362,0,2431.4452,2437.0027,2440.3293,0.1429,0
363,1,2437.3877,2442.8448,2443.7748,0.8936,0
363,0,2437.3877,2442.8448,2446.8915,0.1816,0
364,1,2444.0182,2449.4765,2450.4029,0.8903,0
364,0,2444.0182,2449.4765,2453.5247,0.1762,0
365,1,2450.6293,2456.1518,2456.3415,0.1570,0
365,0,2450.6293,2456.1518,2459.4909,0.1455,0
366,1,2456.5133,2461.8075,2462.7249,0.8853,0
366,0,2456.5133,2461.8075,2465.8410,0.1594,0
367,1,2462.9282,2468.2896,2468.4721,0.1543,0
367,0,2462.9282,2468.2896,2471.6051,0.1455,0
368,1,2468.6442,2474.5851,2474.7704,0.1570,0
368,0,2468.6442,2474.5851,2477.9024,0.1533,0
369,1,2474.9615,2480.2835,2481.2066,0.8892,0
369,0,2474.9615,2480.2835,2484.3183,0.1630,0
370,1,2481.4116,2486.6877,2487.7148,0.9238,0
370,0,2481.4116,2486.6877,2490.8666,1.0098,0
371,1,2488.7889,2495.0825,2495.4227,0.2793,0
371,0,2488.7889,2495.0825,2498.6767,0.2229,0
372,1,2495.7096,2501.4762,2502.4134,0.8767,0
372,0,2495.7096,2501.4762,2505.6716,0.2151,0
373,1,2502.6989,2508.4863,2508.8228,0.2814,0
373,0,2502.6989,2508.4863,2512.1061,0.6215,0
374,1,2509.4996,2515.1804,2515.4917,0.2585,0
374,0,2509.4996,2515.1804,2518.7906,0.1818,0
375,1,2515.7365,2521.4019,2522.3293,0.8772,0
375,0,2515.7365,2521.4019,2525.6306,0.1615,0
376,1,2522.6753,2528.1493,2528.5675,0.3430,0
376,0,2522.6753,2528.1493,2531.8593,0.2161,0
377,1,2529.0124,2535.0557,2535.3527,0.2426,0
377,0,2529.0124,2535.0557,2538.6544,0.1612,0
378,1,2535.5694,2541.0944,2542.0211,0.8693,0
378,0,2535.5694,2541.0944,2545.2980,0.1723,0
379,1,2542.2476,2547.7317,2547.9818,0.2163,0
379,0,2542.2476,2547.7317,2551.2657,0.3001,0
380,1,2548.3309,2554.6829,2554.9297,0.2101,0
380,0,2548.3309,2554.6829,2558.2311,0.1614,0
381,1,2555.1507,2560.5818,2561.5036,0.8881,0
381,0,2555.1507,2560.5818,2564.7686,0.1726,0
382,1,2561.7306,2567.0957,2567.2821,0.1580,0
382,0,2561.7306,2567.0957,2570.5462,0.1522,0
383,1,2567.4633,2572.6377,2573.5552,0.8857,0
383,0,2567.4633,2572.6377,2576.7705,0.1476,0
384,1,2573.7420,2578.9422,2579.1446,0.1743,0
384,0,2573.7420,2578.9422,2582.3564,0.8883,0
385,1,2580.0725,2585.2713,2585.4602,0.1587,0
385,0,2580.0725,2585.2713,2588.6687,0.1418,0
386,1,2585.6296,2590.7606,2591.6835,0.8905,0
386,0,2585.6296,2590.7606,2594.8471,0.1488,0
387,1,2591.8742,2597.1466,2597.3364,0.1581,0
387,0,2591.8742,2597.1466,2600.5055,0.1412,0
388,1,2597.5047,2602.6263,2603.5487,0.8926,0
388,0,2597.5047,2602.6263,2606.6831,0.1477,0
389,1,2603.7361,2608.9090,2609.1414,0.2015,0
389,0,2603.7361,2608.9090,2612.2762,0.9438,0
390,1,2610.1345,2615.4838,2615.6992,0.1832,0
390,0,2610.1345,2615.4838,2618.8466,0.1444,0
391,1,2615.8757,2621.1176,2622.0383,0.8855,0
391,0,2615.8757,2621.1176,2625.1548,0.1521,0
392,1,2622.2314,2627.4466,2627.6979,0.1881,0
392,0,2622.2314,2627.4466,2630.8492,0.1571,0
393,1,2627.8907,2633.2441,2634.1708,0.8762,0
393,0,2627.8907,2633.2441,2637.2838,0.1795,0
394,1,2634.4129,2639.9578,2640.8821,0.8813,0
394,0,2634.4129,2639.9578,2644.0214,0.1703,0
395,1,2641.1209,2646.7108,2646.9061,0.1650,0
395,0,2641.1209,2646.7108,2650.0665,0.1436,0
396,1,2647.0866,2652.3063,2653.2289,0.8934,0
396,0,2647.0866,2652.3063,2656.3518,0.1514,0
397,1,2653.4293,2658.7548,2658.9411,0.1567,0
397,0,2653.4293,2658.7548,2662.0781,0.1486,0
398,1,2659.1242,2664.5225,2664.7070,0.1550,0
398,0,2659.1242,2664.5225,2667.8186,0.1388,0
399,1,2664.8850,2670.0195,2670.9398,0.8885,0
399,0,2664.8850,2670.0195,2674.0271,0.1561,0
400,1,2671.1372,2676.3160,2676.4981,0.1533,0
400,0,2671.1372,2676.3160,2679.5877,0.1423,0
401,1,2676.6664,2681.8223,2682.7459,0.8947,0
401,0,2676.6664,2681.8223,2685.8005,0.1454,0
402,1,2682.9314,2688.1636,2688.3413,0.1510,0
402,0,2682.9314,2688.1636,2691.4129,0.1384,0
403,1,2688.5048,2694.4618,2694.6516,0.1616,0
403,0,2688.5048,2694.4618,2697.7305,0.1434,0
404,1,2694.8336,2699.9712,2700.8893,0.8868,0
404,0,2694.8336,2699.9712,2703.9377,0.1438,0
405,1,2701.0784,2706.3045,2706.4891,0.1553,0
405,0,2701.0784,2706.3045,2709.5507,0.1392,0
406,1,2706.6542,2711.8040,2712.7192,0.8874,0
406,0,2706.6542,2711.8040,2715.7514,0.1463,0
407,1,2712.9036,2718.0903,2718.2699,0.1515,0
407,0,2712.9036,2718.0903,2721.3194,0.1395,0
408,1,2718.4354,2724.4625,2724.6443,0.1542,0
408,0,2718.4354,2724.4625,2727.7063,0.1387,0
409,1,2724.8211,2729.9192,2730.8458,0.8959,0
409,0,2724.8211,2729.9192,2733.8759,0.1491,0
410,1,2731.0339,2736.1857,2736.3659,0.1533,0
410,0,2731.0339,2736.1857,2739.4111,0.1393,0
411,1,2736.5309,2741.6581,2742.5824,0.8971,0
411,0,2736.5309,2741.6581,2745.5955,0.1452,0
412,1,2742.7650,2747.9336,2748.1235,0.1608,0
412,0,2742.7650,2747.9336,2751.1533,0.1396,0
413,1,2748.2884,2753.4456,2754.3719,0.8971,0
413,0,2748.2884,2753.4456,2757.3782,0.1477,0
414,1,2754.5562,2759.7027,2760.6244,0.8903,0
414,0,2754.5562,2759.7027,2763.6410,0.1460,0
415,1,2760.8107,2766.0095,2766.1889,0.1520,0
415,0,2760.8107,2766.0095,2769.2236,0.1389,0
416,1,2766.3539,2771.4753,2772.4028,0.8983,0
416,0,2766.3539,2771.4753,2775.4077,0.1462,0
417,1,2772.5884,2777.7780,2777.9602,0.1534,0
417,0,2772.5884,2777.7780,2780.9984,0.1477,0
418,1,2778.1352,2783.2758,2784.1985,0.8899,0
418,0,2778.1352,2783.2758,2787.2105,0.1741,0
419,1,2784.4273,2789.8281,2790.7523,0.8905,0
419,0,2784.4273,2789.8281,2793.7780,0.1514,0
420,1,2790.9543,2796.2944,2796.4789,0.1554,0
420,0,2790.9543,2796.2944,2799.5290,0.1372,0
421,1,2796.6417,2801.7801,2802.6988,0.8904,0
421,0,2796.6417,2801.7801,2805.7200,0.1485,0
422,1,2802.8871,2808.0469,2808.2304,0.1553,0
422,0,2802.8871,2808.0469,2811.2663,0.1356,0
423,1,2808.3913,2814.4392,2814.6281,0.1599,0
423,0,2808.3913,2814.4392,2817.6789,0.1410,0
424,1,2814.8096,2819.9476,2820.8715,0.8947,0
424,0,2814.8096,2819.9476,2823.8953,0.1472,0
425,1,2821.0686,2826.2625,2826.4394,0.1506,0
425,0,2821.0686,2826.2625,2829.4811,0.1395,0
426,1,2826.6039,2831.7616,2832.6981,0.8954,0
426,0,2826.6039,2831.7616,2835.7215,0.1837,0
427,1,2832.9355,2838.4089,2838.6242,0.1810,0
427,0,2832.9355,2838.4089,2841.6711,0.1425,0
428,1,2838.8082,2844.5541,2844.7412,0.1571,0
428,0,2838.8082,2844.5541,2847.7901,0.1468,0
429,1,2844.9296,2850.0801,2851.0070,0.8861,0
429,0,2844.9296,2850.0801,2854.0343,0.1516,0
430,1,2851.2026,2856.3793,2856.5834,0.1738,0
430,0,2851.2026,2856.3793,2859.6233,0.1371,0
431,1,2856.7525,2861.9972,2862.9178,0.8909,0
431,0,2856.7525,2861.9972,2865.9354,0.1425,0
432,1,2863.1014,2868.2660,2868.4490,0.1553,0
432,0,2863.1014,2868.2660,2871.4816,0.1373,0
433,1,2868.6118,2874.4125,2874.6014,0.1592,0
433,0,2868.6118,2874.4125,2877.6401,0.1355,0
434,1,2874.7759,2879.8717,2880.8031,0.8899,0
434,0,2874.7759,2879.8717,2883.8316,0.1540,0
435,1,2881.0213,2886.4306,2886.6678,0.2069,0
435,0,2881.0213,2886.4306,2889.7076,0.1528,0
436,1,2886.8583,2892.2262,2893.1497,0.8922,0
436,0,2886.8583,2892.2262,2896.1751,0.1495,0
437,1,2893.3423,2898.5572,2898.7356,0.1522,0
437,0,2893.3423,2898.5572,2901.7787,0.1417,0
438,1,2898.9040,2904.4425,2904.6242,0.1560,0
438,0,2898.9040,2904.4425,2907.6572,0.1452,0
439,1,2904.8077,2909.9239,2910.8442,0.8910,0
439,0,2904.8077,2909.9239,2913.8504,0.1532,0
440,1,2911.0398,2916.2103,2916.3939,0.1563,0
440,0,2911.0398,2916.2103,2919.4157,0.1448,0
441,1,2916.5638,2921.6849,2922.5994,0.8886,0
441,0,2916.5638,2921.6849,2925.5937,0.1513,0
442,1,2922.7892,2927.9625,2928.1525,0.1632,0
442,0,2922.7892,2927.9625,2931.1661,0.1442,0
443,1,2928.3217,2933.4986,2934.4240,0.8990,0
443,0,2928.3217,2933.4986,2937.4137,0.1477,0
444,1,2934.6087,2939.7245,2940.6567,0.9009,0
444,0,2934.6087,2939.7245,2943.6602,0.1520,0
445,1,2940.8489,2946.0280,2946.2100,0.1543,0
445,0,2940.8489,2946.0280,2949.2315,0.1503,0
446,1,2946.3873,2951.4950,2952.4230,0.8993,0
446,0,2946.3873,2951.4950,2955.4168,0.1547,0
447,1,2952.6145,2957.7928,2957.9797,0.1579,0
447,0,2952.6145,2957.7928,2961.0003,0.1496,0
448,1,2958.1572,2963.3519,2964.2813,0.9011,0
448,0,2958.1572,2963.3519,2967.2721,0.1494,0
449,1,2964.4664,2969.5903,2970.5241,0.9018,0
449,0,2964.4664,2969.5903,2973.5301,0.1505,0
450,1,2970.7117,2975.9026,2976.0943,0.1633,0
450,0,2970.7117,2975.9026,2979.1167,0.1435,0
451,1,2976.2627,2981.3969,2982.3236,0.8984,0
451,0,2976.2627,2981.3969,2985.3227,0.1564,0
452,1,2982.5198,2987.7222,2987.9072,0.1575,0
452,0,2982.5198,2987.7222,2990.9236,0.1382,0
453,1,2988.0743,2993.2607,2994.1867,0.8970,0
453,0,2988.0743,2993.2607,2997.1790,0.1443,0
454,1,2994.3693,2999.5202,3000.4508,0.8988,0
454,0,2994.3693,2999.5202,3003.4615,0.1468,0
455,1,3000.6370,3005.8508,3006.0944,0.2075,0
455,0,3000.6370,3005.8508,3009.1238,0.1452,0
456,1,3006.2744,3011.6054,3012.5313,0.8955,0
456,0,3006.2744,3011.6054,3015.5437,0.1444,0
457,1,3012.7202,3018.0214,3018.2167,0.1636,0
457,0,3012.7202,3018.0214,3021.2560,0.1486,0
458,1,3018.3945,3023.6398,3024.5686,0.8932,0
458,0,3018.3945,3023.6398,3027.5827,0.1486,0
459,1,3024.8942,3030.0864,3031.0259,0.9045,0
459,0,3024.8942,3030.0864,3034.0764,0.1500,0
460,1,3031.2243,3036.5363,3036.8075,0.2328,0
460,0,3031.2243,3036.5363,3039.8821,0.1650,0
461,1,3037.0287,3042.5606,3043.4716,0.8634,0
461,0,3037.0287,3042.5606,3046.5426,0.1785,0
462,1,3043.7041,3049.1505,3050.2485,1.0438,0
462,0,3043.7041,3049.1505,3053.3298,0.1619,0
463,1,3050.4662,3055.8814,3056.0774,0.1625,0
463,0,3050.4662,3055.8814,3059.1929,0.1528,0
464,1,3056.2577,3061.4106,3062.3362,0.8943,0
464,0,3056.2577,3061.4106,3065.4167,0.1628,0
465,1,3062.5452,3067.8123,3068.0107,0.1592,0
465,0,3062.5452,3067.8123,3071.1055,0.1469,0
466,1,3068.1897,3073.3708,3074.3060,0.8963,0
466,0,3068.1897,3073.3708,3077.3709,0.1696,0
467,1,3074.5218,3079.7710,3080.6926,0.8926,0
467,0,3074.5218,3079.7710,3083.7730,0.1632,0
468,1,3080.9511,3086.2708,3086.4687,0.1669,0
468,0,3080.9511,3086.2708,3089.5680,0.1429,0
469,1,3086.6446,3091.8623,3092.7855,0.8936,0
469,0,3086.6446,3091.8623,3095.8557,0.1465,0
470,1,3092.9742,3098.1744,3098.3598,0.1564,0
470,0,3092.9742,3098.1744,3101.4476,0.1396,0
471,1,3098.5259,3104.4753,3104.6927,0.1820,0
471,0,3098.5259,3104.4753,3107.7820,0.1383,0
472,1,3104.8770,3110.1751,3111.0985,0.8924,0
472,0,3104.8770,3110.1751,3114.1656,0.1444,0
473,1,3111.2852,3116.5408,3116.7208,0.1512,0
473,0,3111.2852,3116.5408,3119.8013,0.1369,0
474,1,3116.8831,3122.0502,3122.9780,0.8974,0
474,0,3116.8831,3122.0502,3126.0266,0.1518,0
475,1,3123.1710,3128.3539,3128.5437,0.1608,0
475,0,3123.1710,3128.3539,3131.6076,0.1705,0
476,1,3128.7399,3134.4254,3134.6207,0.1666,0
476,0,3128.7399,3134.4254,3137.6808,0.1360,0
477,1,3134.7955,3139.9269,3140.8555,0.8990,0
477,0,3134.7955,3139.9269,3143.8869,0.1468,0
478,1,3141.0444,3146.2535,3146.4351,0.1521,0
478,0,3141.0444,3146.2535,3149.4834,0.1351,0
479,1,3146.5959,3151.7476,3152.6716,0.8931,0
479,0,3146.5959,3151.7476,3155.6904,0.1468,0
480,1,3152.8591,3158.0534,3158.2575,0.1718,0
480,0,3152.8591,3158.0534,3161.2959,0.1373,0
481,1,3158.4240,3164.5317,3164.7165,0.1559,0
481,0,3158.4240,3164.5317,3167.7724,0.1383,0
482,1,3164.8955,3170.0607,3170.9996,0.8942,0
482,0,3164.8955,3170.0607,3174.0273,0.1448,0
483,1,3171.1856,3176.3919,3176.5712,0.1508,0
483,0,3171.1856,3176.3919,3179.6190,0.1357,0
484,1,3176.7322,3181.8986,3182.8178,0.8911,0
484,0,3176.7322,3181.8986,3185.8340,0.1468,0
485,1,3183.0111,3188.1985,3188.3779,0.1504,0
485,0,3183.0111,3188.1985,3191.4120,0.1354,0
486,1,3188.5384,3194.4354,3194.6222,0.1561,0
486,0,3188.5384,3194.4354,3197.6656,0.1420,0
487,1,3194.8047,3199.9601,3200.8864,0.8947,0
487,0,3194.8047,3199.9601,3203.9044,0.1475,0
488,1,3201.0739,3206.2603,3206.4442,0.1539,0
488,0,3201.0739,3206.2603,3209.4787,0.1420,0
489,1,3206.6127,3211.7433,3212.6738,0.8981,0
489,0,3206.6127,3211.7433,3215.6787,0.1508,0
490,1,3212.8642,3218.0957,3218.2763,0.1521,0
490,0,3212.8642,3218.0957,3221.3018,0.1414,0
491,1,3218.4441,3224.4502,3224.6397,0.1608,0
491,0,3218.4441,3224.4502,3227.6808,0.1498,0
492,1,3224.8277,3229.9834,3230.9181,0.8887,0
492,0,3224.8277,3229.9834,3233.9338,0.1632,0
493,1,3231.1286,3236.4822,3236.6761,0.1654,0
493,0,3231.1286,3236.4822,3239.7181,0.1414,0
494,1,3236.8448,3242.0221,3242.9453,0.8935,0
494,0,3236.8448,3242.0221,3245.9614,0.1586,0
495,1,3243.1457,3248.3633,3248.5455,0.1517,0
495,0,3243.1457,3248.3633,3251.5805,0.1681,0
496,1,3248.7420,3254.4638,3254.6487,0.1553,0
496,0,3248.7420,3254.4638,3257.6842,0.1405,0
497,1,3254.8274,3259.9739,3260.8996,0.8962,0
497,0,3254.8274,3259.9739,3263.9105,0.1457,0
498,1,3261.0872,3266.3358,3266.5162,0.1516,0
498,0,3261.0872,3266.3358,3269.5463,0.1403,0
499,1,3266.6815,3271.8361,3272.7620,0.8948,0
499,0,3266.6815,3271.8361,3275.7658,0.1462,0
500,1,3272.9476,3278.1503,3278.3302,0.1524,0
500,0,3272.9476,3278.1503,3281.3536,0.1392,0
501,1,3278.4946,3284.4520,3284.6491,0.1630,0
501,0,3278.4946,3284.4520,3287.6860,0.1435,0
502,1,3284.8309,3289.9633,3290.8839,0.8925,0
502,0,3284.8309,3289.9633,3293.8953,0.1489,0
503,1,3291.0797,3296.3243,3296.5123,0.1574,0
503,0,3291.0797,3296.3243,3299.5426,0.1491,0
504,1,3296.6895,3301.8594,3302.7913,0.9013,0
504,0,3296.6895,3301.8594,3305.7962,0.1768,0
505,1,3303.0182,3308.2127,3308.3956,0.1531,0
505,0,3303.0182,3308.2127,3311.4212,0.1386,0
506,1,3308.5609,3314.4920,3314.6906,0.1673,0
506,0,3308.5609,3314.4920,3317.7307,0.1402,0
507,1,3314.8826,3320.1916,3321.1222,0.8980,0
507,0,3314.8826,3320.1916,3324.1432,0.1479,0
508,1,3321.3196,3326.6281,3326.8525,0.1937,0
508,0,3321.3196,3326.6281,3329.8976,0.1568,0
509,1,3327.0475,3332.3491,3333.2743,0.8950,0
509,0,3327.0475,3332.3491,3336.3003,0.1474,0
510,1,3333.4661,3338.7192,3338.9032,0.1536,0
510,0,3333.4661,3338.7192,3341.9481,0.1421,0
511,1,3339.0790,3344.4575,3344.6437,0.1574,0
511,0,3339.0790,3344.4575,3347.6729,0.1400,0
512,1,3344.8211,3349.9349,3350.8567,0.8874,0
512,0,3344.8211,3349.9349,3353.8607,0.1798,0
513,1,3351.0932,3356.5617,3356.7643,0.1741,0
513,0,3351.0932,3356.5617,3359.8048,0.1596,0
514,1,3356.9577,3362.2576,3363.1829,0.8923,0
514,0,3356.9577,3362.2576,3366.2004,0.1596,0
515,1,3363.3938,3368.7443,3368.9573,0.1789,0
515,0,3363.3938,3368.7443,3372.0104,0.1564,0
516,1,3369.1496,3374.6041,3374.7968,0.1589,0
516,0,3369.1496,3374.6041,3377.8293,0.1514,0
517,1,3375.0003,3380.1411,3381.0678,0.8939,0
517,0,3375.0003,3380.1411,3384.0806,0.1549,0
518,1,3381.2659,3386.4656,3386.6568,0.1592,0
518,0,3381.2659,3386.4656,3389.6850,0.1471,0
519,1,3386.8320,3392.0023,3392.9184,0.8848,0
519,0,3386.8320,3392.0023,3395.9221,0.1587,0
520,1,3393.1194,3398.3094,3398.4884,0.1518,0
520,0,3393.1194,3398.3094,3401.5083,0.1439,0
521,1,3398.6584,3404.5048,3404.6962,0.1594,0
521,0,3398.6584,3404.5048,3407.7239,0.1432,0
522,1,3404.8797,3409.9997,3410.9224,0.8974,0
522,0,3404.8797,3409.9997,3413.9252,0.1631,0
523,1,3411.1269,3416.3629,3416.5452,0.1523,0
523,0,3411.1269,3416.3629,3419.5689,0.1391,0
524,1,3416.7106,3421.8622,3422.7863,0.8965,0
524,0,3416.7106,3421.8622,3425.7845,0.1489,0
525,1,3422.9735,3428.1600,3428.3382,0.1525,0
525,0,3422.9735,3428.1600,3431.3528,0.1384,0
526,1,3428.5015,3434.5158,3434.7019,0.1571,0
526,0,3428.5015,3434.5158,3437.7353,0.1425,0
527,1,3434.8842,3440.0241,3440.9606,0.9014,0
527,0,3434.8842,3440.0241,3443.9682,0.1653,0
528,1,3441.1694,3446.4144,3446.6104,0.1649,0
528,0,3441.1694,3446.4144,3449.6447,0.1430,0
529,1,3446.7889,3452.0067,3452.9289,0.8912,0
529,0,3446.7889,3452.0067,3455.9435,0.1668,0
530,1,3453.1406,3458.4500,3458.6462,0.1676,0
530,0,3453.1406,3458.4500,3461.6786,0.1389,0
531,1,3458.8214,3464.5613,3464.7564,0.1628,0
531,0,3458.8214,3464.5613,3467.7895,0.1476,0
532,1,3464.9473,3470.1591,3471.0897,0.8986,0
532,0,3464.9473,3470.1591,3474.1004,0.1498,0
533,1,3471.2800,3476.5016,3476.6835,0.1554,0
533,0,3471.2800,3476.5016,3479.7150,0.1435,0
534,1,3476.8530,3481.9970,3482.9113,0.8858,0
534,0,3476.8530,3481.9970,3485.9164,0.1489,0
535,1,3483.0991,3488.2722,3488.4520,0.1554,0
535,0,3483.0991,3488.2722,3491.4730,0.1414,0
536,1,3488.6183,3494.4169,3494.6067,0.1608,0
536,0,3488.6183,3494.4169,3497.6326,0.1482,0
537,1,3494.7932,3499.9216,3500.8457,0.8944,0
537,0,3494.7932,3499.9216,3503.8479,0.1548,0
538,1,3501.0426,3506.2483,3506.4343,0.1575,0
538,0,3501.0426,3506.2483,3509.4684,0.1468,0
539,1,3506.6069,3511.7826,3512.7057,0.8830,0
539,0,3506.6069,3511.7826,3515.7052,0.1596,0
540,1,3512.9143,3518.2811,3518.4682,0.1595,0
540,0,3512.9143,3518.2811,3521.4937,0.1488,0
541,1,3518.6423,3524.5174,3524.7005,0.1559,0
541,0,3518.6423,3524.5174,3527.7355,0.1428,0
542,1,3525.0186,3530.1641,3531.0938,0.9021,0
542,0,3525.0186,3530.1641,3534.1172,0.1464,0
543,1,3531.2873,3536.5366,3536.7851,0.2103,0
543,0,3531.2873,3536.5366,3539.8360,0.1649,0
544,1,3537.0037,3542.5121,3543.4462,0.8834,0
544,0,3537.0037,3542.5121,3546.4948,0.1761,0
545,1,3543.6792,3549.1548,3549.4426,0.2395,0
545,0,3543.6792,3549.1548,3552.5228,0.8759,0
546,1,3550.3917,3556.1260,3556.3459,0.1894,0
546,0,3550.3917,3556.1260,3559.4595,0.2202,0
547,1,3556.6077,3561.9796,3562.9021,0.8885,0
547,0,3556.6077,3561.9796,3565.9987,0.1504,0
548,1,3563.0984,3568.3401,3568.5228,0.1546,0
548,0,3563.0984,3568.3401,3571.6248,0.1423,0
549,1,3568.6929,3574.4446,3574.6366,0.1620,0
549,0,3568.6929,3574.4446,3577.7347,0.1467,0
550,1,3574.8196,3579.9536,3580.8765,0.8948,0
550,0,3574.8196,3579.9536,3583.9453,0.1510,0
551,1,3581.0941,3586.3222,3586.5116,0.1624,0
551,0,3581.0941,3586.3222,3589.5920,0.1404,0
552,1,3586.6786,3591.8306,3592.7577,0.8965,0
552,0,3586.6786,3591.8306,3595.8059,0.1536,0
553,1,3592.9519,3598.1651,3598.3472,0.1560,0
553,0,3592.9519,3598.1651,3601.4312,0.1401,0
554,1,3598.5131,3604.4480,3604.6689,0.1824,0
554,0,3598.5131,3604.4480,3607.7429,0.1447,0
555,1,3604.8599,3610.0425,3610.9649,0.8918,0
555,0,3604.8599,3610.0425,3614.0125,0.1535,0
556,1,3611.1627,3616.3621,3616.5494,0.1593,0
556,0,3611.1627,3616.3621,3619.6078,0.1392,0
557,1,3616.7154,3621.8767,3622.8047,0.8976,0
557,0,3616.7154,3621.8767,3625.8347,0.1479,0
558,1,3623.0034,3628.1991,3628.4070,0.1796,0
558,0,3623.0034,3628.1991,3631.4527,0.1402,0
559,1,3628.6317,3634.3825,3634.6406,0.2088,0
559,0,3628.6317,3634.3825,3637.6958,0.1889,0
560,1,3634.8924,3640.3458,3641.2642,0.8884,0
560,0,3634.8924,3640.3458,3644.3111,0.1612,0
561,1,3641.4889,3646.9994,3647.2018,0.1708,0
561,0,3641.4889,3646.9994,3650.2841,0.1700,0
562,1,3647.4156,3652.6679,3653.5919,0.8947,0
562,0,3647.4156,3652.6679,3656.6490,0.1605,0
563,1,3653.7966,3658.9605,3660.0104,1.0135,0
563,0,3653.7966,3658.9605,3663.0751,0.1560,0
564,1,3660.2080,3665.3773,3665.5671,0.1613,0
564,0,3660.2080,3665.3773,3668.6475,0.1487,0
565,1,3665.7417,3670.8906,3671.8162,0.8959,0
565,0,3665.7417,3670.8906,3674.8675,0.1512,0
566,1,3672.0150,3677.1545,3677.3408,0.1582,0
566,0,3672.0150,3677.1545,3680.4041,0.1445,0
567,1,3677.5111,3682.6676,3683.5899,0.8940,0
567,0,3677.5111,3682.6676,3686.6259,0.1561,0
568,1,3683.7930,3689.0232,3690.0470,0.9957,0
568,0,3683.7930,3689.0232,3693.0957,0.1555,0
569,1,3690.2435,3695.4149,3695.6050,0.1597,0
569,0,3690.2435,3695.4149,3698.6686,0.1470,0
570,1,3695.7783,3700.9573,3701.8801,0.8930,0
570,0,3695.7783,3700.9573,3704.9224,0.1503,0
571,1,3702.0716,3707.2377,3707.4326,0.1659,0
571,0,3702.0716,3707.2377,3710.4817,0.1425,0
572,1,3707.6039,3712.7880,3713.7105,0.8920,0
572,0,3707.6039,3712.7880,3716.7355,0.1479,0
573,1,3713.9003,3719.0604,3719.9810,0.8911,0
573,0,3713.9003,3719.0604,3723.0192,0.1565,0
574,1,3720.1779,3725.3283,3725.5123,0.1562,0
574,0,3720.1779,3725.3283,3728.5600,0.1398,0
575,1,3725.6783,3730.8178,3731.7430,0.8948,0
575,0,3725.6783,3730.8178,3734.7650,0.1440,0
576,1,3731.9270,3737.1011,3737.2968,0.1660,0
576,0,3731.9270,3737.1011,3740.3315,0.1403,0
577,1,3737.4641,3742.6311,3743.5545,0.8934,0
577,0,3737.4641,3742.6311,3746.5631,0.1474,0
578,1,3743.7434,3748.8960,3749.0892,0.1661,0
578,0,3743.7434,3748.8960,3752.1123,0.8902,0
579,1,3750.0305,3755.2021,3755.3887,0.1579,0
579,0,3750.0305,3755.2021,3758.4317,0.1458,0
580,1,3755.5608,3760.7002,3761.8135,1.0814,0
580,0,3755.5608,3760.7002,3764.8256,0.1539,0
581,1,3762.0308,3767.3566,3767.5425,0.1578,0
581,0,3762.0308,3767.3566,3770.5879,0.1447,0
582,1,3767.7148,3772.8756,3773.9735,1.0694,0
582,0,3767.7148,3772.8756,3777.0020,0.1649,0
583,1,3774.1808,3779.3769,3780.4773,1.0718,0
583,0,3774.1808,3779.3769,3783.5242,0.1520,0
584,1,3780.6760,3786.0188,3786.2504,0.2011,0
584,0,3780.6760,3786.0188,3789.3420,0.1498,0
585,1,3786.4443,3791.8907,3792.9860,1.0661,0
585,0,3786.4443,3791.8907,3796.0479,0.1543,0
586,1,3793.1945,3798.3690,3798.5549,0.1575,0
586,0,3793.1945,3798.3690,3801.6363,0.1625,0
587,1,3798.7452,3804.6401,3804.8246,0.1567,0
587,0,3798.7452,3804.6401,3807.9147,0.1442,0
588,1,3805.0168,3810.1444,3811.0583,0.8839,0
588,0,3805.0168,3810.1444,3814.1151,0.1511,0
589,1,3811.2489,3816.3581,3816.5441,0.1572,0
589,0,3811.2489,3816.3581,3819.6083,0.1447,0
590,1,3816.7150,3821.8188,3822.7333,0.8846,0
590,0,3816.7150,3821.8188,3825.7651,0.1493,0
591,1,3822.9228,3828.0175,3828.2031,0.1567,0
591,0,3822.9228,3828.0175,3831.2444,0.1430,0
592,1,3828.3718,3834.2944,3834.5202,0.1966,0
592,0,3828.3718,3834.2944,3837.5731,0.1439,0
593,1,3834.7269,3839.9787,3840.8890,0.8743,0
593,0,3834.7269,3839.9787,3843.9224,0.1543,0
594,1,3841.0889,3846.1739,3846.3626,0.1588,0
594,0,3841.0889,3846.1739,3849.4044,0.1467,0
595,1,3846.5356,3851.5492,3852.4609,0.8808,0
595,0,3846.5356,3851.5492,3855.4819,0.1496,0
596,1,3852.6519,3857.6876,3857.9028,0.1859,0
596,0,3852.6519,3857.6876,3860.9206,0.1464,0
597,1,3858.0845,3863.2188,3864.1342,0.8840,0
597,0,3858.0845,3863.2188,3867.1269,0.1512,0
598,1,3864.3286,3869.2754,3870.1867,0.8820,0
598,0,3864.3286,3869.2754,3873.1886,0.1474,0
599,1,3870.3753,3875.3576,3875.5861,0.1969,0
599,0,3870.3753,3875.3576,3878.5907,0.1482,0
600,1,3875.7817,3881.0416,3881.9501,0.8772,0
600,0,3875.7817,3881.0416,3884.9405,0.1567,0
601,1,3882.1636,3887.1951,3887.3768,0.1529,0
601,0,3882.1636,3887.1951,3890.3769,0.1430,0
602,1,3887.5477,3892.5077,3893.4174,0.8794,0
602,0,3887.5477,3892.5077,3896.3861,0.1489,0
603,1,3893.6064,3898.5780,3898.7546,0.1493,0
603,0,3893.6064,3898.5780,3901.7321,0.1391,0
604,1,3898.9198,3904.1617,3904.3452,0.1554,0
604,0,3898.9198,3904.1617,3907.3061,0.1396,0
605,1,3904.5255,3909.4447,3910.3572,0.8828,0
605,0,3904.5255,3909.4447,3913.2881,0.1478,0
606,1,3910.5526,3915.6418,3915.8255,0.1559,0
606,0,3910.5526,3915.6418,3918.7751,0.1481,0
607,1,3916.0111,3920.9626,3921.8745,0.8776,0
607,0,3916.0111,3920.9626,3924.7994,0.1523,0
608,1,3922.0682,3927.0158,3927.1980,0.1559,0
608,0,3922.0682,3927.0158,3930.1309,0.1447,0
609,1,3927.3688,3932.3597,3933.2732,0.8810,0
609,0,3927.3688,3932.3597,3936.1826,0.1499,0
610,1,3933.4641,3938.4289,3938.6068,0.1509,0
610,0,3933.4641,3938.4289,3941.5291,0.1365,0
611,1,3938.7693,3944.1924,3944.3774,0.1566,0
611,0,3938.7693,3944.1924,3947.2982,0.1382,0
612,1,3944.5546,3949.4909,3950.3988,0.8811,0
612,0,3944.5546,3949.4909,3953.2952,0.1427,0
613,1,3950.5811,3955.5491,3955.7315,0.1524,0
613,0,3950.5811,3955.5491,3958.6403,0.1366,0
614,1,3955.8946,3960.8260,3961.7367,0.8813,0
614,0,3955.8946,3960.8260,3964.6251,0.1476,0
615,1,3961.9269,3966.9382,3967.1360,0.1713,0
615,0,3961.9269,3966.9382,3970.0409,0.1504,0
616,1,3967.3141,3972.2810,3973.1946,0.8825,0
616,0,3967.3141,3972.2810,3976.0822,0.1497,0
617,1,3973.3848,3978.3763,3978.5551,0.1518,0
617,0,3973.3848,3978.3763,3981.4569,0.1652,0
618,1,3978.7488,3984.1856,3984.3716,0.1570,0
618,0,3978.7488,3984.1856,3987.2762,0.1431,0
619,1,3984.5524,3989.4871,3990.4033,0.8865,0
619,0,3984.5524,3989.4871,3993.2849,0.1475,0
620,1,3990.5901,3995.5769,3995.7595,0.1548,0
620,0,3990.5901,3995.5769,3998.6571,0.1428,0
621,1,3995.9289,4000.8972,4001.8109,0.8833,0
621,0,3995.9289,4000.8972,4004.6884,0.1498,0
622,1,4002.0116,4006.9785,4007.1750,0.1618,0
622,0,4002.0116,4006.9785,4010.0689,0.1416,0
623,1,4007.3487,4012.4037,4013.3151,0.8793,0
623,0,4007.3487,4012.4037,4016.1937,0.1511,0
624,1,4013.5120,4018.5278,4018.7377,0.1823,0
624,0,4013.5120,4018.5278,4021.6361,0.1436,0
625,1,4018.9073,4024.2837,4024.4782,0.1616,0
625,0,4018.9073,4024.2837,4027.3780,0.1447,0
626,1,4024.6688,4029.6545,4030.5657,0.8831,0
626,0,4024.6688,4029.6545,4033.4455,0.1484,0
627,1,4030.8868,4035.9006,4036.0927,0.1629,0
627,0,4030.8868,4035.9006,4039.0122,0.1448,0
628,1,4036.2802,4041.2968,4042.1968,0.8667,0
628,0,4036.2802,4041.2968,4045.0956,0.1719,0
629,1,4042.4399,4047.8847,4048.1789,0.2330,0
629,0,4042.4399,4047.8847,4051.1209,0.1727,0
630,1,4048.3981,4054.7082,4055.0100,0.2534,0
630,0,4048.3981,4054.7082,4058.0046,0.1675,0
631,1,4055.2327,4060.5412,4061.4565,0.8842,0
631,0,4055.2327,4060.5412,4064.4334,0.1489,0
632,1,4061.6544,4066.7982,4066.9865,0.1598,0
632,0,4061.6544,4066.7982,4069.9817,0.1485,0
633,1,4067.1716,4072.1615,4073.0703,0.8791,0
633,0,4067.1716,4072.1615,4076.0348,0.1505,0
634,1,4073.2635,4078.2952,4078.4789,0.1566,0
634,0,4073.2635,4078.2952,4081.4570,0.1437,0
635,1,4078.6490,4084.2758,4084.4621,0.1573,0
635,0,4078.6490,4084.2758,4087.4408,0.1413,0
636,1,4084.6415,4089.5866,4090.5012,0.8849,0
636,0,4084.6415,4089.5866,4093.4530,0.1481,0
637,1,4090.6901,4095.7509,4095.9610,0.1792,0
637,0,4090.6901,4095.7509,4098.9308,0.1604,0
638,1,4096.1539,4101.2191,4102.1418,0.8742,0
638,0,4096.1539,4101.2191,4105.0922,0.1654,0
639,1,4102.3599,4107.5660,4107.7923,0.1785,0
639,0,4102.3599,4107.5660,4110.7633,0.1691,0
640,1,4108.0087,4113.1216,4114.0371,0.8862,0
640,0,4108.0087,4113.1216,4117.0077,0.1486,0
641,1,4114.2295,4119.2775,4120.1868,0.8796,0
641,0,4114.2295,4119.2775,4123.1505,0.1487,0
642,1,4120.3755,4125.4391,4125.6182,0.1506,0
642,0,4120.3755,4125.4391,4128.5966,0.1382,0
643,1,4125.7816,4130.7585,4131.6725,0.8875,0
643,0,4125.7816,4130.7585,4134.6203,0.1477,0
644,1,4131.8578,4136.8817,4137.0620,0.1523,0
644,0,4131.8578,4136.8817,4140.0250,0.1426,0
645,1,4137.2297,4142.2066,4143.1173,0.8828,0
645,0,4137.2297,4142.2066,4146.0511,0.1495,0
646,1,4143.3057,4148.3365,4148.5143,0.1505,0
646,0,4143.3057,4148.3365,4151.4644,0.1376,0
647,1,4148.6762,4154.2652,4154.4455,0.1534,0
647,0,4148.6762,4154.2652,4157.3979,0.1374,0
648,1,4154.6205,4159.5931,4160.5031,0.8785,0
648,0,4154.6205,4159.5931,4163.4277,0.1482,0
649,1,4160.6935,4165.8154,4166.0072,0.1527,0
649,0,4160.6935,4165.8154,4168.9558,0.1480,0
650,1,4166.2238,4171.2701,4172.1840,0.8845,0
650,0,4166.2238,4171.2701,4175.1106,0.1449,0
651,1,4172.3687,4177.4243,4177.6228,0.1702,0
651,0,4172.3687,4177.4243,4180.5697,0.1381,0
652,1,4177.7871,4182.7920,4183.7077,0.8874,0
652,0,4177.7871,4182.7920,4186.6268,0.1451,0
653,1,4183.8900,4188.9091,4189.0915,0.1530,0
653,0,4183.8900,4188.9091,4192.0276,0.9006,0
654,1,4190.0327,4195.0678,4195.2471,0.1490,0
654,0,4190.0327,4195.0678,4198.1993,0.1378,0
655,1,4195.4102,4200.3838,4201.3064,0.8879,0
655,0,4195.4102,4200.3838,4204.2329,0.1432,0
656,1,4201.4909,4206.5720,4206.7552,0.1539,0
656,0,4201.4909,4206.5720,4209.6992,0.1340,0
657,1,4206.9166,4211.9309,4212.8459,0.8827,0
657,0,4206.9166,4211.9309,4215.7675,0.1714,0
658,1,4213.0640,4218.3016,4218.4950,0.1636,0
658,0,4213.0640,4218.3016,4221.4497,0.1359,0
659,1,4218.6606,4224.4716,4224.6733,0.1697,0
659,0,4218.6606,4224.4716,4227.6338,0.1406,0
660,1,4224.8575,4229.8685,4230.7878,0.8835,0
660,0,4224.8575,4229.8685,4233.7285,0.1665,0
661,1,4231.0140,4236.2227,4236.4085,0.1569,0
661,0,4231.0140,4236.2227,4239.3953,0.1413,0
662,1,4236.5786,4241.6118,4242.5453,0.8895,0
662,0,4236.5786,4241.6118,4245.5025,0.1760,0
663,1,4242.7774,4248.1660,4248.3837,0.1851,0
663,0,4242.7774,4248.1660,4251.3629,0.1630,0
664,1,4248.5859,4254.6801,4254.8688,0.1581,0
664,0,4248.5859,4254.6801,4257.8746,0.1454,0
665,1,4255.0570,4260.1248,4261.2436,1.0863,0
665,0,4255.0570,4260.1248,4264.2237,0.1606,0
666,1,4261.4465,4266.6198,4266.8047,0.1564,0
666,0,4261.4465,4266.6198,4269.8131,0.1450,0
667,1,4266.9751,4272.0556,4273.1739,1.0865,0
667,0,4266.9751,4272.0556,4276.1529,0.1493,0
668,1,4273.3640,4278.4748,4278.6552,0.1531,0
668,0,4273.3640,4278.4748,4281.6626,0.1789,0
669,1,4278.8593,4284.3532,4284.5331,0.1518,0
669,0,4278.8593,4284.3532,4287.5347,0.1428,0
670,1,4284.7120,4289.7574,4290.6651,0.8788,0
670,0,4284.7120,4289.7574,4293.6380,0.1473,0
671,1,4290.8513,4296.0121,4296.1924,0.1524,0
671,0,4290.8513,4296.0121,4299.1838,0.1432,0
672,1,4296.3616,4301.4724,4302.3818,0.8816,0
672,0,4296.3616,4301.4724,4305.3481,0.1471,0
673,1,4302.5674,4307.7294,4307.9078,0.1508,0
673,0,4302.5674,4307.7294,4310.8949,0.1438,0
674,1,4308.0768,4313.1544,4314.0627,0.8802,0
674,0,4308.0768,4313.1544,4317.0234,0.1485,0
675,1,4314.2479,4319.3725,4320.2781,0.8738,0
675,0,4314.2479,4319.3725,4323.2545,0.1494,0
676,1,4320.4674,4325.6555,4325.8332,0.1519,0
676,0,4320.4674,4325.6555,4328.8387,0.1391,0
677,1,4326.0080,4331.1927,4332.0971,0.8758,0
677,0,4326.0080,4331.1927,4335.0727,0.1530,0
678,1,4332.2979,4337.6045,4337.7971,0.1621,0
678,0,4332.2979,4337.6045,4340.7988,0.1476,0
679,1,4337.9706,4343.0862,4344.0009,0.8781,0
679,0,4337.9706,4343.0862,4346.9750,0.1547,0
680,1,4344.1982,4349.2894,4350.1951,0.8730,0
680,0,4344.1982,4349.2894,4353.1856,0.1487,0
681,1,4350.3890,4355.6012,4355.7831,0.1536,0
681,0,4350.3890,4355.6012,4358.7928,0.1401,0
682,1,4355.9503,4361.0654,4361.9738,0.8807,0
682,0,4355.9503,4361.0654,4364.9564,0.1559,0
683,1,4362.1712,4367.3332,4367.5162,0.1532,0
683,0,4362.1712,4367.3332,4370.5198,0.1420,0
684,1,4367.6830,4372.7797,4373.6903,0.8772,0
684,0,4367.6830,4372.7797,4376.6646,0.1578,0
685,1,4373.8961,4379.1506,4380.1228,0.9351,0
685,0,4373.8961,4379.1506,4383.1196,0.1563,0
686,1,4380.3279,4385.5727,4385.7613,0.1601,0
686,0,4380.3279,4385.5727,4388.7807,0.1518,0
687,1,4385.9405,4391.0780,4392.0755,0.8805,0
687,0,4385.9405,4391.0780,4395.0687,0.1539,0
688,1,4392.2739,4397.4396,4397.6251,0.1557,0
688,0,4392.2739,4397.4396,4400.6407,0.1405,0
689,1,4397.7911,4402.8710,4403.7795,0.8746,0
689,0,4397.7911,4402.8710,4406.7671,0.1501,0
690,1,4403.9679,4409.0662,4410.0127,0.9165,0
690,0,4403.9679,4409.0662,4413.0162,0.1484,0
691,1,4410.2020,4415.3281,4415.5111,0.1544,0
691,0,4410.2020,4415.3281,4418.5262,0.1377,0
692,1,4415.6753,4420.7425,4421.6508,0.8781,0
692,0,4415.6753,4420.7425,4424.6387,0.1437,0
693,1,4421.8353,4427.0071,4427.1906,0.1548,0
693,0,4421.8353,4427.0071,4430.1962,0.1377,0
694,1,4427.3555,4432.4372,4433.3473,0.8819,0
694,0,4427.3555,4432.4372,4436.3227,0.1459,0
695,1,4433.5320,4438.6737,4438.8506,0.1505,0
695,0,4433.5320,4438.6737,4441.8454,0.1342,0
696,1,4439.0277,4444.3727,4444.5530,0.1527,0
696,0,4439.0277,4444.3727,4447.5326,0.1375,0
697,1,4444.7289,4449.8072,4450.7125,0.8736,0
697,0,4444.7289,4449.8072,4453.6677,0.1451,0
698,1,4450.8990,4456.0618,4456.2630,0.1710,0
698,0,4450.8990,4456.0618,4459.2401,0.1510,0
699,1,4456.4458,4461.8214,4462.7274,0.8745,0
699,0,4456.4458,4461.8214,4465.6947,0.1605,0
700,1,4462.9309,4468.1418,4468.3254,0.1562,0
700,0,4462.9309,4468.1418,4471.3163,0.1383,0
701,1,4468.4897,4474.5031,4474.6853,0.1552,0
701,0,4468.4897,4474.5031,4477.6949,0.1383,0
702,1,4474.8621,4479.9478,4480.8557,0.8782,0
702,0,4474.8621,4479.9478,4483.8389,0.1456,0
703,1,4481.0425,4486.1698,4486.3480,0.1520,0
703,0,4481.0425,4486.1698,4489.3478,0.1377,0
704,1,4486.5109,4491.6159,4492.5212,0.8787,0
704,0,4486.5109,4491.6159,4495.4943,0.1456,0
705,1,4492.7043,4497.8409,4498.0231,0.1544,0
705,0,4492.7043,4497.8409,4501.0129,0.1421,0
706,1,4498.1907,4503.2609,4504.1729,0.8848,0
706,0,4498.1907,4503.2609,4507.1346,0.1501,0
707,1,4504.3603,4509.4746,4510.3757,0.8732,0
707,0,4504.3603,4509.4746,4513.3587,0.1447,0
708,1,4510.5590,4515.7653,4515.9534,0.1603,0
708,0,4510.5590,4515.7653,4518.9507,0.1479,0
709,1,4516.1314,4521.2878,4522.1957,0.8792,0
709,0,4516.1314,4521.2878,4525.1708,0.1468,0
710,1,4522.3826,4527.5480,4527.7276,0.1513,0
710,0,4522.3826,4527.5480,4530.7235,0.1436,0
711,1,4527.9001,4533.0012,4533.9050,0.8762,0
711,0,4527.9001,4533.0012,4536.8744,0.1502,0
712,1,4534.2325,4539.3323,4540.2430,0.8804,0
712,0,4534.2325,4539.3323,4543.2422,0.1436,0
713,1,4540.4309,4545.6194,4545.8674,0.2055,0
713,0,4540.4309,4545.6194,4548.8926,0.1667,0
714,1,4546.0802,4551.5148,4552.4437,0.8737,0
714,0,4546.0802,4551.5148,4555.4591,0.1962,0
715,1,4552.7074,4558.2294,4558.5023,0.2315,0
715,0,4552.7074,4558.2294,4561.5549,0.1665,0
716,1,4558.7590,4564.6168,4564.8304,0.1829,0
716,0,4558.7590,4564.6168,4567.8874,0.1449,0
717,1,4565.0362,4570.3035,4571.2150,0.8837,0
717,0,4565.0362,4570.3035,4574.2541,0.1481,0
718,1,4571.4047,4576.5892,4576.7706,0.1529,0
718,0,4571.4047,4576.5892,4579.8228,0.1414,0
719,1,4576.9378,4582.0667,4582.9747,0.8779,0
719,0,4576.9378,4582.0667,4586.0046,0.1581,0
720,1,4583.1712,4588.3049,4588.4866,0.1547,0
720,0,4583.1712,4588.3049,4591.5210,0.1403,0
721,1,4588.6529,4594.3905,4594.5740,0.1544,0
721,0,4588.6529,4594.3905,4597.6111,0.1528,0
722,1,4594.7644,4599.8625,4600.7764,0.8844,0
722,0,4594.7644,4599.8625,4603.7847,0.1474,0
723,1,4600.9630,4606.1172,4606.2976,0.1544,0
723,0,4600.9630,4606.1172,4609.3208,0.1400,0
724,1,4606.4630,4611.5633,4612.4740,0.8843,0
724,0,4606.4630,4611.5633,4615.4669,0.1497,0
725,1,4612.6613,4617.8175,4618.0029,0.1540,0
725,0,4612.6613,4617.8175,4621.0135,0.1563,0
726,1,4618.1852,4623.2866,4624.1918,0.8781,0
726,0,4618.1852,4623.2866,4627.1757,0.1480,0
727,1,4624.3782,4629.4872,4630.4009,0.8853,0
727,0,4624.3782,4629.4872,4633.3995,0.1511,0
728,1,4630.5933,4635.8121,4636.0216,0.1754,0
728,0,4630.5933,4635.8121,4639.0377,0.1501,0
729,1,4636.2027,4641.3754,4642.2852,0.8793,0
729,0,4636.2027,4641.3754,4645.2807,0.1487,0
730,1,4642.4743,4647.6683,4647.8638,0.1639,0
730,0,4642.4743,4647.6683,4650.8769,0.1447,0
731,1,4648.0412,4653.2132,4654.1241,0.8819,0
731,0,4648.0412,4653.2132,4657.1137,0.1478,0
732,1,4654.3185,4659.4381,4660.3506,0.8853,0
732,0,4654.3185,4659.4381,4663.3563,0.1460,0
733,1,4660.5378,4665.7255,4665.9233,0.1662,0
733,0,4660.5378,4665.7255,4668.9432,0.1593,0
734,1,4666.1142,4671.2509,4672.1699,0.8878,0
734,0,4666.1142,4671.2509,4675.1655,0.1536,0
735,1,4672.3630,4677.5258,4677.7130,0.1571,0
735,0,4672.3630,4677.5258,4680.7264,0.1415,0
736,1,4677.8812,4682.9671,4683.8834,0.8855,0
736,0,4677.8812,4682.9671,4686.8700,0.1497,0
737,1,4684.0721,4689.2443,4690.1624,0.8895,0
737,0,4684.0721,4689.2443,4693.1643,0.1542,0
738,1,4690.3591,4695.5293,4695.7112,0.1545,0
738,0,4690.3591,4695.5293,4698.7374,0.1499,0
739,1,4695.8887,4701.0012,4701.9123,0.8786,0
739,0,4695.8887,4701.0012,4704.9049,0.1480,0
740,1,4702.1002,4707.2337,4707.4185,0.1570,0
740,0,4702.1002,4707.2337,4710.4269,0.1405,0
741,1,4707.6299,4712.7857,4713.7008,0.8851,0
741,0,4707.6299,4712.7857,4716.6857,0.1510,0
742,1,4713.8942,4719.0187,4720.0232,0.9721,0
742,0,4713.8942,4719.0187,4723.0232,0.1526,0
743,1,4720.2158,4725.3687,4725.5487,0.1530,0
743,0,4720.2158,4725.3687,4728.5689,0.1409,0
744,1,4725.7163,4730.8267,4731.7384,0.8817,0
744,0,4725.7163,4730.8267,4734.7290,0.1490,0
745,1,4731.9266,4737.0771,4737.2620,0.1557,0
745,0,4731.9266,4737.0771,4740.2688,0.1435,0
746,1,4737.4322,4742.5465,4743.4568,0.8815,0
746,0,4737.4322,4742.5465,4746.4390,0.1477,0
747,1,4743.6434,4748.7887,4748.9814,0.1625,0
747,0,4743.6434,4748.7887,4751.9799,0.1630,0
748,1,4749.1758,4754.4298,4754.6124,0.1546,0
748,0,4749.1758,4754.4298,4757.5933,0.1420,0
749,1,4754.7922,4759.8804,4760.7884,0.8754,0
749,0,4754.7922,4759.8804,4763.7454,0.1486,0
750,1,4760.9783,4766.1619,4766.3440,0.1539,0
750,0,4760.9783,4766.1619,4769.3245,0.1437,0
751,1,4766.5150,4771.6158,4772.5276,0.8818,0
751,0,4766.5150,4771.6158,4775.4831,0.1506,0
752,1,4772.7175,4777.8862,4778.0716,0.1552,0
752,0,4772.7175,4777.8862,4781.0469,0.1457,0
753,1,4778.2439,4783.3813,4784.3057,0.8854,0
753,0,4778.2439,4783.3813,4787.2773,0.1753,0
754,1,4784.5291,4789.8405,4790.7581,0.8857,0
754,0,4784.5291,4789.8405,4793.7417,0.1518,0
755,1,4790.9616,4796.2635,4796.4476,0.1567,0
755,0,4790.9616,4796.2635,4799.4568,0.1427,0
756,1,4796.6156,4801.7443,4802.6655,0.8847,0
756,0,4796.6156,4801.7443,4805.6509,0.1572,0
757,1,4802.8657,4808.0870,4808.2724,0.1569,0
757,0,4802.8657,4808.0870,4811.2824,0.1436,0
758,1,4808.4425,4813.6086,4814.5211,0.8827,0
758,0,4808.4425,4813.6086,4817.5023,0.1507,0
759,1,4814.7129,4819.8500,4820.7627,0.8787,0
759,0,4814.7129,4819.8500,4823.7634,0.1498,0
760,1,4820.9591,4826.2916,4826.4787,0.1590,0
760,0,4820.9591,4826.2916,4829.5015,0.1426,0
761,1,4826.6505,4831.8101,4832.7240,0.8765,0
761,0,4826.6505,4831.8101,4835.7225,0.1599,0
762,1,4832.9379,4838.2932,4838.4792,0.1585,0
762,0,4832.9379,4838.2932,4841.5064,0.1422,0
763,1,4838.6479,4844.5058,4844.6899,0.1544,0
763,0,4838.6479,4844.5058,4847.7248,0.1407,0
764,1,4844.8707,4849.9580,4850.8732,0.8811,0
764,0,4844.8707,4849.9580,4853.8831,0.1439,0
765,1,4851.0592,4856.2237,4856.4208,0.1698,0
765,0,4851.0592,4856.2237,4859.4422,0.1433,0
766,1,4856.5943,4861.7984,4862.7083,0.8804,0
766,0,4856.5943,4861.7984,4865.7067,0.1479,0
767,1,4862.8972,4868.0637,4868.2452,0.1542,0
767,0,4862.8972,4868.0637,4871.2608,0.1362,0
768,1,4868.4070,4874.3924,4874.5852,0.1633,0
768,0,4868.4070,4874.3924,4877.6152,0.1358,0
769,1,4874.7606,4879.8723,4880.7814,0.8757,0
769,0,4874.7606,4879.8723,4883.7854,0.1431,0
770,1,4880.9673,4886.1459,4886.3325,0.1552,0
770,0,4880.9673,4886.1459,4889.3518,0.1356,0
771,1,4886.4939,4891.6384,4892.5460,0.8794,0
771,0,4886.4939,4891.6384,4895.5377,0.1429,0
772,1,4892.7280,4897.8917,4898.0707,0.1510,0
772,0,4892.7280,4897.8917,4901.0809,0.1403,0
773,1,4898.2366,4903.3612,4904.2667,0.8766,0
773,0,4898.2366,4903.3612,4907.2489,0.1424,0
774,1,4904.4482,4909.5781,4910.4879,0.8753,0
774,0,4904.4482,4909.5781,4913.4869,0.1421,0
775,1,4910.6688,4915.8656,4916.0516,0.1582,0
775,0,4910.6688,4915.8656,4919.0688,0.1461,0
776,1,4916.2238,4921.3131,4922.2369,0.8950,0
776,0,4916.2238,4921.3131,4925.2238,0.1522,0
777,1,4922.4268,4927.5870,4927.7683,0.1539,0
777,0,4922.4268,4927.5870,4930.7732,0.1398,0
778,1,4927.9328,4933.0248,4933.9340,0.8802,0
778,0,4927.9328,4933.0248,4936.9124,0.1663,0
779,1,4934.1409,4939.2622,4940.1687,0.8757,0
779,0,4934.1409,4939.2622,4943.1624,0.1510,0
780,1,4940.3602,4945.5381,4945.7258,0.1593,0
780,0,4940.3602,4945.5381,4948.7435,0.1423,0
781,1,4945.8957,4951.0076,4951.9175,0.8814,0
781,0,4945.8957,4951.0076,4954.9022,0.1603,0
782,1,4952.1182,4957.2575,4957.4591,0.1665,0
782,0,4952.1182,4957.2575,4960.4609,0.1364,0
783,1,4957.6258,4962.8423,4963.7512,0.8809,0
783,0,4957.6258,4962.8423,4966.7331,0.1439,0
784,1,4963.9341,4969.0842,4970.0231,0.9078,0
784,0,4963.9341,4969.0842,4973.0199,0.1467,0
785,1,4970.2092,4975.3788,4975.5565,0.1512,0
785,0,4970.2092,4975.3788,4978.5702,0.1356,0
786,1,4975.7186,4980.8470,4981.7532,0.8760,0
786,0,4975.7186,4980.8470,4984.7409,0.1422,0
787,1,4981.9342,4987.1072,4987.2877,0.1523,0
787,0,4981.9342,4987.1072,4990.2928,0.1350,0
788,1,4987.4492,4992.5556,4993.4657,0.8828,0
788,0,4987.4492,4992.5556,4996.4428,0.1469,0
789,1,4993.6505,4998.8188,4999.0181,0.1529,0
789,0,4993.6505,4998.8188,5002.0140,0.9860,0
790,1,5000.0460,5005.2099,5005.3874,0.1504,0
790,0,5000.0460,5005.2099,5008.4041,0.1347,0
791,1,5005.5473,5010.6479,5011.5528,0.8761,0
791,0,5005.5473,5010.6479,5014.5419,0.1426,0
792,1,5011.7338,5016.9143,5017.1025,0.1599,0
792,0,5011.7338,5016.9143,5020.1087,0.1382,0
793,1,5017.2667,5022.3670,5023.2738,0.8789,0
793,0,5017.2667,5022.3670,5026.2532,0.1448,0
794,1,5023.4568,5028.6097,5028.7915,0.1508,0
794,0,5023.4568,5028.6097,5031.7886,0.1367,0
795,1,5028.9549,5034.3849,5034.5684,0.1548,0
795,0,5028.9549,5034.3849,5037.5562,0.1355,0
796,1,5034.8690,5039.9495,5040.8595,0.8783,0
796,0,5034.8690,5039.9495,5043.8358,0.1418,0
797,1,5041.0462,5046.2258,5046.4929,0.2232,0
797,0,5041.0462,5046.2258,5049.5209,0.1604,0
798,1,5046.6929,5052.1364,5053.0671,0.8819,0
798,0,5046.6929,5052.1364,5056.0688,0.1860,0
799,1,5053.3147,5058.8044,5059.0787,0.2337,0
799,0,5053.3147,5058.8044,5062.1121,0.1619,0
800,1,5059.2837,5064.7112,5064.9154,0.1739,0
800,0,5059.2837,5064.7112,5067.9315,0.1418,0
801,1,5065.1064,5070.3396,5071.2550,0.8823,0
801,0,5065.1064,5070.3396,5074.2533,0.1482,0
802,1,5071.4472,5076.6477,5076.8273,0.1522,0
802,0,5071.4472,5076.6477,5079.8427,0.1406,0
803,1,5077.0070,5082.1018,5083.0200,0.8879,0
803,0,5077.0070,5082.1018,5086.0151,0.1579,0
804,1,5083.2180,5088.3740,5088.5539,0.1532,0
804,0,5083.2180,5088.3740,5091.5606,0.1793,0
805,1,5088.7620,5094.4363,5094.6183,0.1544,0
805,0,5088.7620,5094.4363,5097.6296,0.1449,0
806,1,5094.8024,5099.8624,5100.7784,0.8852,0
806,0,5094.8024,5099.8624,5103.7598,0.1554,0
807,1,5100.9709,5106.1486,5106.3318,0.1543,0
807,0,5100.9709,5106.1486,5109.3337,0.1457,0
808,1,5106.5024,5111.5849,5112.4963,0.8829,0
808,0,5106.5024,5111.5849,5115.4692,0.1539,0
809,1,5112.6877,5117.8195,5118.0093,0.1530,0
809,0,5112.6877,5117.8195,5121.0061,0.1500,0
810,1,5118.1849,5123.2668,5124.1770,0.8815,0
810,0,5118.1849,5123.2668,5127.1413,0.1548,0
811,1,5124.3687,5129.4898,5130.4028,0.8836,0
811,0,5124.3687,5129.4898,5133.3847,0.1501,0
812,1,5130.5888,5135.7548,5135.9406,0.1567,0
812,0,5130.5888,5135.7548,5138.9388,0.1571,0
813,1,5136.1256,5141.2444,5142.1546,0.8819,0
813,0,5136.1256,5141.2444,5145.1282,0.1525,0
814,1,5142.3446,5147.4964,5147.7475,0.2233,0
814,0,5142.3446,5147.4964,5150.7420,0.1470,0
815,1,5147.9233,5153.0409,5153.9630,0.8907,0
815,0,5147.9233,5153.0409,5156.9354,0.1587,0
816,1,5154.1663,5159.3118,5160.2323,0.8908,0
816,0,5154.1663,5159.3118,5163.2230,0.1493,0
817,1,5160.4239,5165.5954,5165.7738,0.1526,0
817,0,5160.4239,5165.5954,5168.7793,0.1445,0
818,1,5165.9437,5171.0191,5171.9396,0.8911,0
818,0,5165.9437,5171.0191,5174.9202,0.1627,0
819,1,5172.1409,5177.2779,5177.4605,0.1532,0
819,0,5172.1409,5177.2779,5180.4584,0.1454,0
820,1,5177.6312,5182.7374,5183.6533,0.8856,0
820,0,5177.6312,5182.7374,5186.6259,0.1502,0
821,1,5183.8432,5188.9604,5189.1594,0.1670,0
821,0,5183.8432,5188.9604,5192.1475,0.8832,0
822,1,5190.0841,5195.2292,5195.4108,0.1542,0
822,0,5190.0841,5195.2292,5198.4160,0.1478,0
823,1,5195.5855,5200.6497,5201.5673,0.8893,0
823,0,5195.5855,5200.6497,5204.5439,0.1469,0
824,1,5201.7547,5206.9050,5207.1033,0.1670,0
824,0,5201.7547,5206.9050,5210.0974,0.1429,0
825,1,5207.2730,5212.3498,5213.2642,0.8843,0
825,0,5207.2730,5212.3498,5216.2337,0.1506,0
826,1,5213.4534,5218.5839,5218.7641,0.1528,0
826,0,5213.4534,5218.5839,5221.7498,0.1374,0
827,1,5218.9378,5224.4065,5224.5909,0.1562,0
827,0,5218.9378,5224.4065,5227.5703,0.1419,0
828,1,5224.7700,5229.8444,5230.7530,0.8820,0
828,0,5224.7700,5229.8444,5233.7093,0.1473,0
829,1,5230.9370,5236.0986,5236.2813,0.1530,0
829,0,5230.9370,5236.0986,5239.2599,0.1413,0
830,1,5236.4475,5241.5245,5242.4371,0.8843,0
830,0,5236.4475,5241.5245,5245.3915,0.1509,0
831,1,5242.6251,5247.8046,5248.0100,0.1698,0
831,0,5242.6251,5247.8046,5250.9836,0.1433,0
832,1,5248.2267,5253.5672,5254.4813,0.8835,0
832,0,5248.2267,5253.5672,5257.4450,0.1479,0
833,1,5254.6692,5259.7997,5260.7117,0.8771,0
833,0,5254.6692,5259.7997,5263.6937,0.1558,0
834,1,5260.9120,5266.1487,5266.3544,0.1788,0
834,0,5260.9120,5266.1487,5269.3644,0.1486,0
835,1,5266.5325,5271.7824,5272.6933,0.8759,0
835,0,5266.5325,5271.7824,5275.6818,0.1546,0
836,1,5272.8928,5278.1837,5278.3710,0.1560,0
836,0,5272.8928,5278.1837,5281.3811,0.1437,0
837,1,5278.5427,5284.4896,5284.6753,0.1554,0
837,0,5278.5427,5284.4896,5287.7016,0.1502,0
838,1,5284.8684,5289.9868,5290.8948,0.8699,0
838,0,5284.8684,5289.9868,5293.8951,0.1459,0
839,1,5291.0787,5296.2487,5296.4336,0.1557,0
839,0,5291.0787,5296.2487,5299.4482,0.1433,0
840,1,5296.6053,5301.6959,5302.6136,0.8895,0
840,0,5296.6053,5301.6959,5305.6017,0.1477,0
841,1,5302.7980,5307.9492,5308.1437,0.1634,0
841,0,5302.7980,5307.9492,5311.1480,0.1392,0
842,1,5308.3085,5313.3864,5314.2999,0.8852,0
842,0,5308.3085,5313.3864,5317.2785,0.1497,0
843,1,5314.4863,5319.5760,5320.4933,0.8888,0
843,0,5314.4863,5319.5760,5323.4821,0.1478,0
844,1,5320.6787,5325.8218,5326.0163,0.1648,0
844,0,5320.6787,5325.8218,5329.0206,0.1458,0
845,1,5326.1894,5331.2906,5332.2052,0.8869,0
845,0,5326.1894,5331.2906,5335.1879,0.1510,0
846,1,5332.3947,5337.5097,5337.6951,0.1561,0
846,0,5332.3947,5337.5097,5340.6907,0.1440,0
847,1,5337.8646,5342.9597,5343.8762,0.8866,0
847,0,5337.8646,5342.9597,5346.8466,0.1516,0
848,1,5344.0641,5349.1668,5350.0762,0.8804,0
848,0,5344.0641,5349.1668,5353.0623,0.1463,0
849,1,5350.2581,5355.3951,5355.5758,0.1516,0
849,0,5350.2581,5355.3951,5358.5771,0.1426,0
850,1,5355.7439,5360.8285,5361.7489,0.8910,0
850,0,5355.7439,5360.8285,5364.7244,0.1469,0
851,1,5361.9320,5367.0818,5367.2655,0.1535,0
851,0,5361.9320,5367.0818,5370.2585,0.1401,0
852,1,5367.4315,5372.5345,5373.4493,0.8860,0
852,0,5367.4315,5372.5345,5376.4154,0.1542,0
853,1,5373.6413,5378.8179,5379.0031,0.1507,0
853,0,5373.6413,5378.8179,5381.9966,0.1487,0
854,1,5379.1789,5384.4051,5384.5842,0.1519,0
854,0,5379.1789,5384.4051,5387.5522,0.1398,0
855,1,5384.7580,5389.8181,5390.7271,0.8808,0
855,0,5384.7580,5389.8181,5393.6717,0.1439,0
856,1,5390.9060,5396.0502,5396.2280,0.1506,0
856,0,5390.9060,5396.0502,5399.1925,0.1388,0
857,1,5396.3916,5401.4695,5402.3917,0.8869,0
857,0,5396.3916,5401.4695,5405.3320,0.1643,0
858,1,5402.5982,5407.8135,5407.9989,0.1509,0
858,0,5402.5982,5407.8135,5410.9664,0.1443,0
859,1,5408.1694,5413.2692,5414.1775,0.8788,0
859,0,5408.1694,5413.2692,5417.1333,0.1832,0
860,1,5414.4013,5419.5103,5420.4195,0.8763,0
860,0,5414.4013,5419.5103,5423.3813,0.1545,0
861,1,5420.6150,5425.7940,5425.9734,0.1529,0
861,0,5420.6150,5425.7940,5428.9555,0.1550,0
862,1,5426.1561,5431.2360,5432.1436,0.8801,0
862,0,5426.1561,5431.2360,5435.1021,0.1511,0
863,1,5432.3318,5437.4428,5437.6231,0.1532,0
863,0,5432.3318,5437.4428,5440.5988,0.1415,0
864,1,5437.7912,5442.8546,5443.7645,0.8822,0
864,0,5437.7912,5442.8546,5446.7146,0.1566,0
865,1,5443.9608,5449.0791,5450.0376,0.9253,0
865,0,5443.9608,5449.0791,5453.0136,0.1504,0
866,1,5450.2286,5455.3699,5455.5537,0.1560,0
866,0,5450.2286,5455.3699,5458.5405,0.1449,0
867,1,5455.7254,5460.8069,5461.7242,0.8800,0
867,0,5455.7254,5460.8069,5464.6883,0.1608,0
868,1,5461.9321,5467.2347,5467.4191,0.1569,0
868,0,5461.9321,5467.2347,5470.4112,0.1486,0
869,1,5467.5950,5472.6829,5473.5919,0.8818,0
869,0,5467.5950,5472.6829,5476.5617,0.1492,0
870,1,5473.7803,5478.9046,5479.1068,0.1669,0
870,0,5473.7803,5478.9046,5482.0895,0.8975,0
871,1,5480.0474,5485.1885,5485.3771,0.1592,0
871,0,5480.0474,5485.1885,5488.3756,0.1445,0
872,1,5485.5510,5490.5897,5491.5042,0.8819,0
872,0,5485.5510,5490.5897,5494.4769,0.1512,0
873,1,5491.6954,5496.8499,5497.0338,0.1565,0
873,0,5491.6954,5496.8499,5500.0224,0.1468,0
874,1,5497.2077,5502.2817,5503.1958,0.8853,0
874,0,5497.2077,5502.2817,5506.1598,0.1477,0
875,1,5503.3828,5508.4983,5508.6840,0.1566,0
875,0,5503.3828,5508.4983,5511.6661,0.1405,0
876,1,5508.8520,5514.3776,5514.5830,0.1747,0
876,0,5508.8520,5514.3776,5517.5647,0.1637,0
877,1,5514.8009,5520.1972,5521.1160,0.8870,0
877,0,5514.8009,5520.1972,5524.0887,0.1470,0
878,1,5521.3070,5526.4655,5526.6448,0.1511,0
878,0,5521.3070,5526.4655,5529.6394,0.1403,0
879,1,5526.8107,5531.8759,5532.7965,0.8911,0
879,0,5526.8107,5531.8759,5535.7619,0.1471,0
880,1,5532.9822,5538.0864,5538.2750,0.1593,0
880,0,5532.9822,5538.0864,5541.2569,0.1411,0
881,1,5538.5688,5544.3953,5544.5752,0.1518,0
881,0,5538.5688,5544.3953,5547.5846,0.1380,0
882,1,5544.7554,5549.8057,5550.7268,0.8774,0
882,0,5544.7554,5549.8057,5553.7161,0.1659,0
883,1,5550.9546,5556.4139,5556.6657,0.2170,0
883,0,5550.9546,5556.4139,5559.7266,0.1615,0
884,1,5556.8732,5562.3625,5563.3325,0.8741,0
884,0,5556.8732,5562.3625,5566.3561,0.2460,0
885,1,5563.6397,5569.0785,5570.2506,1.0415,0
885,0,5563.6397,5569.0785,5573.2937,0.1587,0
886,1,5570.4586,5575.8862,5576.0686,0.1548,0
886,0,5570.4586,5575.8862,5579.1518,0.1459,0
887,1,5576.2426,5581.3499,5582.2712,0.8847,0
887,0,5576.2426,5581.3499,5585.3187,0.1566,0
888,1,5582.4651,5587.6070,5587.7916,0.1549,0
888,0,5582.4651,5587.6070,5590.8493,0.1426,0
889,1,5587.9601,5593.0164,5593.9361,0.8866,0
889,0,5587.9601,5593.0164,5596.9604,0.1680,0
890,1,5594.1412,5599.2404,5600.1576,0.8870,0
890,0,5594.1412,5599.2404,5603.1913,0.1470,0
891,1,5600.3425,5605.4723,5605.6528,0.1514,0
891,0,5600.3425,5605.4723,5608.7288,0.1428,0
892,1,5605.8202,5610.8811,5611.8010,0.8887,0
892,0,5605.8202,5610.8811,5614.8121,0.1595,0
893,1,5612.0040,5617.1302,5617.3097,0.1529,0
893,0,5612.0040,5617.1302,5620.3358,0.1427,0
894,1,5617.4776,5622.5411,5623.4611,0.8905,0
894,0,5617.4776,5622.5411,5626.4570,0.1493,0
895,1,5623.6472,5628.7532,5628.9394,0.1597,0
895,0,5623.6472,5628.7532,5631.9477,0.1582,0
896,1,5629.1269,5634.3629,5634.5420,0.1513,0
896,0,5629.1269,5634.3629,5637.5308,0.1431,0
897,1,5634.7214,5639.7591,5640.6796,0.8894,0
897,0,5634.7214,5639.7591,5643.6437,0.1476,0
898,1,5640.8653,5645.9789,5646.1660,0.1520,0
898,0,5640.8653,5645.9789,5649.1482,0.1423,0
899,1,5646.3338,5651.4113,5652.3292,0.8894,0
899,0,5646.3338,5651.4113,5655.2970,0.1476,0
900,1,5652.5137,5657.6297,5657.8279,0.1717,0
900,0,5652.5137,5657.6297,5660.8052,0.1464,0
901,1,5658.0098,5663.0634,5663.9815,0.8889,0
901,0,5658.0098,5663.0634,5666.9289,0.1611,0
902,1,5664.1824,5669.2827,5670.1995,0.8886,0
902,0,5664.1824,5669.2827,5673.1648,0.1477,0
903,1,5670.3862,5675.5024,5675.6792,0.1503,0
903,0,5670.3862,5675.5024,5678.6623,0.1388,0
904,1,5675.8430,5680.8899,5681.8058,0.8878,0
904,0,5675.8430,5680.8899,5684.7617,0.1459,0
905,1,5682.0137,5687.1312,5687.3071,0.1487,0
905,0,5682.0137,5687.1312,5690.2824,0.1380,0
906,1,5687.4701,5692.5243,5693.4397,0.8849,0
906,0,5687.4701,5692.5243,5696.3869,0.1523,0
907,1,5693.6292,5698.7374,5698.9298,0.1575,0
907,0,5693.6292,5698.7374,5701.8972,0.1434,0
908,1,5699.1083,5704.3644,5704.5462,0.1533,0
908,0,5699.1083,5704.3644,5707.4980,0.1408,0
909,1,5704.7226,5709.7431,5710.6667,0.8898,0
909,0,5704.7226,5709.7431,5713.5947,0.1512,0
910,1,5710.8548,5715.9617,5716.1497,0.1596,0
910,0,5710.8548,5715.9617,5719.0989,0.1430,0
911,1,5716.3198,5721.3637,5722.2828,0.8886,0
911,0,5716.3198,5721.3637,5725.2071,0.1502,0
912,1,5722.4705,5727.5701,5727.7491,0.1519,0
912,0,5722.4705,5727.5701,5730.6973,0.1450,0
913,1,5727.9192,5732.9620,5733.8768,0.8871,0
913,0,5727.9192,5732.9620,5736.7985,0.1455,0
914,1,5734.0630,5739.1382,5740.0607,0.8899,0
914,0,5734.0630,5739.1382,5743.0125,0.1482,0
915,1,5740.2473,5745.3622,5745.5393,0.1503,0
915,0,5740.2473,5745.3622,5748.5009,0.1461,0
916,1,5745.7102,5750.7368,5751.6556,0.8911,0
916,0,5745.7102,5750.7368,5754.5902,0.1508,0
917,1,5751.8423,5756.9465,5757.1344,0.1602,0
917,0,5751.8423,5756.9465,5760.0896,0.1478,0
918,1,5757.3072,5762.3703,5763.2885,0.8898,0
918,0,5757.3072,5762.3703,5766.2201,0.1531,0
919,1,5763.4795,5768.6176,5768.8236,0.1802,0
919,0,5763.4795,5768.6176,5771.7761,0.1466,0
920,1,5769.0030,5774.3748,5774.5518,0.1504,0
920,0,5769.0030,5774.3748,5777.4995,0.1407,0
921,1,5774.7278,5779.7779,5780.6914,0.8864,0
921,0,5774.7278,5779.7779,5783.6161,0.1427,0
922,1,5780.8718,5786.0584,5786.3592,0.2409,0
922,0,5780.8718,5786.0584,5789.3106,0.1485,0
923,1,5786.5941,5791.9272,5792.8385,0.8832,0
923,0,5786.5941,5791.9272,5795.7851,0.1432,0
924,1,5793.0297,5798.1817,5798.3589,0.1490,0
924,0,5793.0297,5798.1817,5801.3305,0.1401,0
925,1,5798.5266,5804.3942,5804.5811,0.1574,0
925,0,5798.5266,5804.3942,5807.5638,0.1385,0
926,1,5804.7582,5809.8292,5810.7449,0.8849,0
926,0,5804.7582,5809.8292,5813.7044,0.1419,0
927,1,5810.9254,5816.0552,5816.2360,0.1533,0
927,0,5810.9254,5816.0552,5819.2124,0.1366,0
928,1,5816.3979,5821.4615,5822.3705,0.8804,0
928,0,5816.3979,5821.4615,5825.3195,0.1456,0
929,1,5822.5527,5827.6779,5827.8561,0.1488,0
929,0,5822.5527,5827.6779,5830.8270,0.1427,0
930,1,5828.0248,5833.0673,5833.9744,0.8769,0
930,0,5828.0248,5833.0673,5836.9171,0.1675,0
931,1,5834.1819,5839.3052,5840.2222,0.8860,0
931,0,5834.1819,5839.3052,5843.1843,0.1478,0
932,1,5840.4086,5845.5604,5845.7394,0.1519,0
932,0,5840.4086,5845.5604,5848.7204,0.1398,0
933,1,5845.9044,5850.9741,5851.8823,0.8760,0
933,0,5845.9044,5850.9741,5854.8394,0.1506,0
934,1,5852.0739,5857.2013,5857.3933,0.1626,0
934,0,5852.0739,5857.2013,5860.3680,0.1452,0
935,1,5857.5676,5862.7452,5863.6512,0.8773,0
935,0,5857.5676,5862.7452,5866.6049,0.1471,0
936,1,5863.8391,5869.0115,5869.2161,0.1728,0
936,0,5863.8391,5869.0115,5872.1921,0.8761,0
937,1,5870.1331,5875.2948,5875.5595,0.2276,0
937,0,5870.1331,5875.2948,5878.5753,0.1652,0
938,1,5875.7718,5881.3239,5882.2325,0.8726,0
938,0,5875.7718,5881.3239,5885.2295,0.1583,0
939,1,5882.4442,5887.7333,5887.9148,0.1527,0
939,0,5882.4442,5887.7333,5890.9355,0.1547,0
940,1,5888.0954,5893.1422,5894.0685,0.8924,0
940,0,5888.0954,5893.1422,5897.0577,0.1544,0
941,1,5894.2647,5899.3688,5900.2870,0.8907,0
941,0,5894.2647,5899.3688,5903.2911,0.1476,0
942,1,5900.4754,5905.5884,5905.7654,0.1502,0
942,0,5900.4754,5905.5884,5908.7811,0.1459,0
943,1,5905.9376,5910.9841,5911.9041,0.8846,0
943,0,5905.9376,5910.9841,5914.9010,0.1478,0
944,1,5912.0926,5917.2165,5917.4131,0.1679,0
944,0,5912.0926,5917.2165,5920.4175,0.1426,0
945,1,5917.5901,5922.7515,5923.6675,0.8868,0
945,0,5917.5901,5922.7515,5926.6474,0.1485,0
946,1,5923.8594,5928.9724,5929.1845,0.1794,0
946,0,5923.8594,5928.9724,5932.1811,0.8778,0
947,1,5930.1028,5935.2107,5935.3984,0.1581,0
947,0,5930.1028,5935.2107,5938.4085,0.1395,0
948,1,5935.5635,5940.5861,5941.5072,0.8899,0
948,0,5935.5635,5940.5861,5944.4867,0.1495,0
949,1,5941.6943,5946.7761,5946.9616,0.1541,0
949,0,5941.6943,5946.7761,5949.9560,0.1542,0
950,1,5947.1423,5952.1815,5953.1007,0.8908,0
950,0,5947.1423,5952.1815,5956.0658,0.1515,0
951,1,5953.2902,5958.3859,5958.5763,0.1597,0
951,0,5953.2902,5958.3859,5961.5583,0.1683,0
952,1,5958.7716,5964.4040,5964.5919,0.1574,0
952,0,5958.7716,5964.4040,5967.5777,0.1415,0
953,1,5964.7701,5969.7749,5970.6953,0.8880,0
953,0,5964.7701,5969.7749,5973.6537,0.1569,0
954,1,5970.8913,5976.0164,5976.2000,0.1546,0
954,0,5970.8913,5976.0164,5979.1752,0.1407,0
955,1,5976.3655,5981.4084,5982.3264,0.8867,0
955,0,5976.3655,5981.4084,5985.2755,0.1493,0
956,1,5982.5167,5987.6760,5987.8588,0.1544,0
956,0,5982.5167,5987.6760,5990.8300,0.1463,0
957,1,5988.0315,5993.0705,5993.9956,0.8882,0
957,0,5988.0315,5993.0705,5996.9408,0.1518,0
958,1,5994.1835,5999.2371,6000.1523,0.8837,0
958,0,5994.1835,5999.2371,6003.1156,0.1482,0
959,1,6000.3430,6005.4483,6005.6414,0.1599,0
959,0,6000.3430,6005.4483,6008.6214,0.1418,0
960,1,6005.8164,6010.9189,6011.8340,0.8763,0
960,0,6005.8164,6010.9189,6014.7896,0.1628,0
961,1,6012.0465,6017.2860,6017.4728,0.1545,0
961,0,6012.0465,6017.2860,6020.4536,0.1481,0
962,1,6017.6473,6022.6707,6023.5872,0.8864,0
962,0,6017.6473,6022.6707,6026.5398,0.1554,0
963,1,6023.7841,6028.8980,6029.0811,0.1547,0
963,0,6023.7841,6028.8980,6032.0522,0.9582,0
964,1,6030.0818,6035.1823,6035.3657,0.1534,0
964,0,6030.0818,6035.1823,6038.3565,0.1473,0
965,1,6035.5403,6040.5899,6041.5027,0.8816,0
965,0,6035.5403,6040.5899,6044.4658,0.1506,0
966,1,6041.8233,6046.9413,6047.1297,0.1604,0
966,0,6041.8233,6046.9413,6050.1313,0.1445,0
967,1,6047.3153,6052.3978,6053.3183,0.8744,0
967,0,6047.3153,6052.3978,6056.3007,0.1697,0
968,1,6053.5404,6058.8882,6059.1771,0.2493,0
968,0,6053.5404,6058.8882,6062.1880,0.1737,0
969,1,6059.3951,6064.7762,6065.0841,0.2506,0
969,0,6059.3951,6064.7762,6068.0862,0.1834,0
970,1,6065.3230,6070.6456,6071.5663,0.8848,0
970,0,6065.3230,6070.6456,6074.5560,0.1609,0
971,1,6071.7769,6077.0558,6077.2409,0.1551,0
971,0,6071.7769,6077.0558,6080.2479,0.1448,0
972,1,6077.4135,6082.4825,6083.4043,0.8904,0
972,0,6077.4135,6082.4825,6086.3858,0.1567,0
973,1,6083.6018,6088.7110,6088.8939,0.1570,0
973,0,6083.6018,6088.7110,6091.8914,0.1410,0
974,1,6089.0617,6094.3711,6094.5621,0.1593,0
974,0,6089.0617,6094.3711,6097.5423,0.1534,0
975,1,6094.7533,6099.7739,6100.6939,0.8923,0
975,0,6094.7533,6099.7739,6103.6483,0.1470,0
976,1,6100.8783,6105.9778,6106.1774,0.1610,0
976,0,6100.8783,6105.9778,6109.1488,0.1502,0
977,1,6106.3547,6111.3823,6112.2979,0.8870,0
977,0,6106.3547,6111.3823,6115.2431,0.1482,0
978,1,6112.4849,6117.6059,6117.7872,0.1548,0
978,0,6112.4849,6117.6059,6120.7543,0.1473,0
979,1,6117.9599,6122.9846,6123.9064,0.8860,0
979,0,6117.9599,6122.9846,6126.8466,0.1514,0
980,1,6124.0989,6129.1462,6130.0631,0.8841,0
980,0,6124.0989,6129.1462,6133.0204,0.1530,0
981,1,6130.2557,6135.3905,6135.5741,0.1550,0
981,0,6130.2557,6135.3905,6138.5545,0.1413,0
982,1,6135.7409,6140.7860,6141.6952,0.8757,0
982,0,6135.7409,6140.7860,6144.6468,0.1588,0
983,1,6141.9020,6147.1977,6147.3880,0.1605,0
983,0,6141.9020,6147.1977,6150.3657,0.1491,0
984,1,6147.5643,6152.6364,6153.5463,0.8814,0
984,0,6147.5643,6152.6364,6156.4983,0.1479,0
985,1,6153.7344,6158.8274,6159.0265,0.1625,0
985,0,6153.7344,6158.8274,6162.0027,0.1575,0
986,1,6159.2152,6164.4111,6164.5973,0.1570,0
986,0,6159.2152,6164.4111,6167.5490,0.1429,0
987,1,6164.7769,6169.8013,6170.7153,0.8853,0
987,0,6164.7769,6169.8013,6173.6452,0.1461,0
988,1,6170.9007,6176.0131,6176.1972,0.1557,0
988,0,6170.9007,6176.0131,6179.1442,0.1417,0
989,1,6176.3648,6181.4098,6182.3255,0.8856,0
989,0,6176.3648,6181.4098,6185.2497,0.1485,0
990,1,6182.5115,6187.6204,6187.8037,0.1557,0
990,0,6182.5115,6187.6204,6190.7495,0.1423,0
991,1,6187.9716,6193.0390,6193.9512,0.8830,0
991,0,6187.9716,6193.0390,6196.8750,0.1639,0
992,1,6194.1532,6199.2314,6200.1485,0.8878,0
992,0,6194.1532,6199.2314,6203.0904,0.1490,0
993,1,6200.3349,6205.4552,6205.6385,0.1550,0
993,0,6200.3349,6205.4552,6208.5993,0.1419,0
994,1,6205.8062,6210.8430,6211.7613,0.8900,0
994,0,6205.8062,6210.8430,6214.7003,0.1561,0
995,1,6211.9708,6217.0795,6217.2581,0.1544,0
995,0,6211.9708,6217.0795,6220.2156,0.1490,0
996,1,6217.4343,6222.4846,6223.3979,0.8861,0
996,0,6217.4343,6222.4846,6226.3313,0.1502,0
997,1,6223.5839,6228.6772,6228.8643,0.1556,0
997,0,6223.5839,6228.6772,6231.8166,0.1395,0
998,1,6229.0350,6234.3713,6234.5832,0.1793,0
998,0,6229.0350,6234.3713,6237.5280,0.1414,0
999,1,6234.7734,6239.9748,6240.8814,0.8770,0
999,0,6234.7734,6239.9748,6243.8127,0.1489,0
1000,1,6241.0724,6246.1874,6246.4005,0.1802,0
1000,0,6241.0724,6246.1874,6249.3527,0.1445,0
1001,1,6246.5800,6251.7715,6252.6828,0.8769,0
1001,0,6246.5800,6251.7715,6255.6193,0.1545,0
1002,1,6252.8786,6258.0193,6258.2061,0.1581,0
1002,0,6252.8786,6258.0193,6261.1654,0.1434,0
1003,1,6258.3765,6263.5118,6264.4194,0.8806,0
1003,0,6258.3765,6263.5118,6267.3582,0.1538,0
1004,1,6264.6127,6269.6498,6270.5673,0.8835,0
1004,0,6264.6127,6269.6498,6273.5323,0.1572,0
1005,1,6270.7725,6276.0252,6276.2292,0.1729,0
1005,0,6270.7725,6276.0252,6279.2127,0.1424,0
1006,1,6276.4077,6281.6080,6282.5148,0.8669,0
1006,0,6276.4077,6281.6080,6285.4800,0.1545,0
1007,1,6282.7176,6287.9754,6288.2108,0.2018,0
1007,0,6282.7176,6287.9754,6291.1992,0.1583,0
1008,1,6288.4042,6294.4908,6294.6937,0.1697,0
1008,0,6288.4042,6294.4908,6297.7078,0.1550,0
1009,1,6294.8957,6300.0742,6300.9610,0.8479,0
1009,0,6294.8957,6300.0742,6303.9553,0.1679,0
1010,1,6301.1723,6306.3367,6306.5259,0.1606,0
1010,0,6301.1723,6306.3367,6309.5358,0.1511,0
1011,1,6306.7019,6311.7496,6312.6656,0.8888,0
1011,0,6306.7019,6311.7496,6315.6483,0.1469,0
1012,1,6312.8498,6317.9618,6318.1549,0.1641,0
1012,0,6312.8498,6317.9618,6321.1501,0.1424,0
1013,1,6318.3225,6323.3780,6324.2925,0.8852,0
1013,0,6318.3225,6323.3780,6327.2682,0.1526,0
1014,1,6324.5640,6329.6940,6330.6114,0.8883,0
1014,0,6324.5640,6329.6940,6333.6020,0.1491,0
1015,1,6330.7998,6335.9531,6336.1438,0.1633,0
1015,0,6330.7998,6335.9531,6339.1485,0.1393,0
1016,1,6336.3113,6341.3526,6342.2684,0.8877,0
1016,0,6336.3113,6341.3526,6345.2457,0.1701,0
1017,1,6342.4758,6347.5708,6347.7482,0.1494,0
1017,0,6342.4758,6347.5708,6350.7411,0.1400,0
1018,1,6347.9130,6352.9676,6353.8832,0.8877,0
1018,0,6347.9130,6352.9676,6356.8494,0.1440,0
1019,1,6354.0640,6359.1159,6360.0422,0.8959,0
1019,0,6354.0640,6359.1159,6363.0307,0.1464,0
1020,1,6360.2251,6365.3425,6365.5548,0.1817,0
1020,0,6360.2251,6365.3425,6368.5492,0.1478,0
1021,1,6365.7354,6370.9572,6371.8736,0.8854,0
1021,0,6365.7354,6370.9572,6374.8503,0.1448,0
1022,1,6372.0594,6377.1858,6377.3653,0.1502,0
1022,0,6372.0594,6377.1858,6380.3575,0.1342,0
1023,1,6377.5244,6382.5583,6383.4730,0.8842,0
1023,0,6377.5244,6382.5583,6386.4360,0.1479,0
1024,1,6383.6581,6388.7675,6388.9546,0.1590,0
1024,0,6383.6581,6388.7675,6391.9353,0.1502,0
1025,1,6389.1427,6394.3714,6394.5496,0.1504,0
1025,0,6389.1427,6394.3714,6397.5235,0.1384,0
1026,1,6394.7258,6399.7483,6400.6637,0.8847,0
1026,0,6394.7258,6399.7483,6403.6017,0.1535,0
1027,1,6400.8615,6406.0103,6406.1925,0.1539,0
1027,0,6400.8615,6406.0103,6409.1523,0.1387,0
1028,1,6406.3584,6411.4019,6412.3102,0.8813,0
1028,0,6406.3584,6411.4019,6415.2471,0.1527,0
1029,1,6412.5046,6417.6080,6417.7948,0.1567,0
1029,0,6412.5046,6417.6080,6420.7480,0.1494,0
1030,1,6417.9692,6423.0182,6423.9361,0.8887,0
1030,0,6417.9692,6423.0182,6426.8654,0.1571,0
1031,1,6424.1308,6429.1909,6430.1060,0.8824,0
1031,0,6424.1308,6429.1909,6433.0529,0.1468,0
1032,1,6430.2882,6435.4014,6435.5796,0.1500,0
1032,0,6430.2882,6435.4014,6438.5442,0.1408,0
1033,1,6435.7444,6440.8095,6441.7252,0.8847,0
1033,0,6435.7444,6440.8095,6444.6662,0.1479,0
1034,1,6441.9098,6447.0088,6447.1922,0.1538,0
1034,0,6441.9098,6447.0088,6450.1527,0.1406,0
1035,1,6447.3574,6452.4069,6453.3254,0.8895,0
1035,0,6447.3574,6452.4069,6456.2596,0.1507,0
1036,1,6453.5132,6458.6621,6458.8729,0.1790,0
1036,0,6453.5132,6458.6621,6461.8313,0.2444,0
1037,1,6459.1576,6464.4796,6464.6842,0.1712,0
1037,0,6459.1576,6464.4796,6467.6412,0.1593,0
1038,1,6464.8848,6470.0452,6470.9607,0.8879,0
1038,0,6464.8848,6470.0452,6473.8996,0.1554,0
1039,1,6471.1631,6476.3218,6476.5062,0.1523,0
1039,0,6471.1631,6476.3218,6479.4677,0.1427,0
1040,1,6476.6756,6481.7396,6482.6576,0.8883,0
1040,0,6476.6756,6481.7396,6485.5943,0.1572,0
1041,1,6482.8643,6487.9606,6488.1556,0.1660,0
1041,0,6482.8643,6487.9606,6491.1128,0.1471,0
1042,1,6488.3300,6493.4175,6494.3360,0.8890,0
1042,0,6488.3300,6493.4175,6497.2740,0.1500,0
1043,1,6494.5243,6499.5595,6500.4785,0.8903,0
1043,0,6494.5243,6499.5595,6503.4307,0.1507,0
1044,1,6500.6747,6505.8504,6506.0314,0.1527,0
1044,0,6500.6747,6505.8504,6509.0160,0.1386,0
1045,1,6506.1989,6511.2583,6512.1740,0.8865,0
1045,0,6506.1989,6511.2583,6515.1237,0.1461,0
1046,1,6512.3598,6517.4619,6517.6784,0.1761,0
1046,0,6512.3598,6517.4619,6520.6549,0.1493,0
1047,1,6517.8616,6523.0191,6523.9311,0.8764,0
1047,0,6517.8616,6523.0191,6526.8788,0.1562,0
1048,1,6524.1382,6529.4075,6530.3246,0.8852,0
1048,0,6524.1382,6529.4075,6533.3075,0.1456,0
1049,1,6530.5132,6535.7868,6536.0251,0.2039,0
1049,0,6530.5132,6535.7868,6539.0391,0.1676,0
1050,1,6536.2359,6541.6426,6542.5592,0.8772,0
1050,0,6536.2359,6541.6426,6545.5518,0.1533,0
1051,1,6542.8931,6548.2188,6548.4101,0.1623,0
1051,0,6542.8931,6548.2188,6551.4534,0.1461,0
1052,1,6548.5982,6554.5549,6554.8768,0.2688,0
1052,0,6548.5982,6554.5549,6557.9420,0.2633,0
1053,1,6555.2082,6561.3014,6562.2241,0.8696,0
1053,0,6555.2082,6561.3014,6565.3225,0.2075,0
1054,1,6562.4937,6568.0237,6568.3869,0.2664,0
1054,0,6562.4937,6568.0237,6571.5053,0.1937,0
1055,1,6568.6301,6574.6058,6574.8356,0.1921,0
1055,0,6568.6301,6574.6058,6577.9656,0.1701,0
1056,1,6575.0545,6580.2953,6581.2077,0.8799,0
1056,0,6575.0545,6580.2953,6584.3095,0.1581,0
1057,1,6581.4134,6586.7067,6586.9274,0.1801,0
1057,0,6581.4134,6586.7067,6590.0464,0.1784,0
1058,1,6587.1423,6592.3818,6593.3049,0.8898,0
1058,0,6587.1423,6592.3818,6596.3935,0.1637,0
1059,1,6593.5135,6598.7528,6598.9455,0.1634,0
1059,0,6593.5135,6598.7528,6602.0550,0.1509,0
1060,1,6599.1295,6604.4759,6604.7208,0.2104,0
1060,0,6599.1295,6604.4759,6607.7990,0.1442,0
1061,1,6604.9128,6610.1361,6611.0456,0.8752,0
1061,0,6604.9128,6610.1361,6614.0995,0.1499,0
1062,1,6611.2348,6616.3782,6616.5589,0.1511,0
1062,0,6611.2348,6616.3782,6619.6246,0.1398,0
1063,1,6616.7236,6621.7807,6622.6962,0.8821,0
1063,0,6616.7236,6621.7807,6625.7254,0.1497,0
1064,1,6622.8847,6628.0076,6628.2155,0.1767,0
1064,0,6622.8847,6628.0076,6631.2700,0.1503,0
1065,1,6628.3987,6634.6000,6634.8627,0.2230,0
1065,0,6628.3987,6634.6000,6637.9396,0.1626,0
1066,1,6635.0787,6640.3694,6641.2955,0.8828,0
1066,0,6635.0787,6640.3694,6644.3499,0.1616,0
1067,1,6641.5089,6646.8383,6647.0277,0.1599,0
1067,0,6641.5089,6646.8383,6650.0995,0.1496,0
1068,1,6647.2103,6652.3402,6653.2557,0.8877,0
1068,0,6647.2103,6652.3402,6656.2977,0.1452,0
1069,1,6653.4404,6658.6196,6658.7921,0.1448,0
1069,0,6653.4404,6658.6196,6661.8460,0.1358,0
1070,1,6658.9533,6664.5425,6664.7271,0.1554,0
1070,0,6658.9533,6664.5425,6667.7728,0.1388,0
1071,1,6664.9038,6669.9702,6670.8892,0.8900,0
1071,0,6664.9038,6669.9702,6673.9051,0.1443,0
1072,1,6671.0756,6676.1890,6676.3698,0.1499,0
1072,0,6671.0756,6676.1890,6679.3970,0.1659,0
1073,1,6676.5645,6681.6197,6682.5336,0.8869,0
1073,0,6676.5645,6681.6197,6685.5332,0.1796,0
1074,1,6682.7573,6688.0093,6688.1945,0.1567,0
1074,0,6682.7573,6688.0093,6691.2174,0.1516,0
1075,1,6688.3769,6693.5200,6694.4346,0.8861,0
1075,0,6688.3769,6693.5200,6697.4281,0.1594,0
1076,1,6694.6366,6699.7276,6700.6419,0.8841,0
1076,0,6694.6366,6699.7276,6703.6475,0.1533,0
1077,1,6700.8370,6705.9979,6706.1814,0.1541,0
1077,0,6700.8370,6705.9979,6709.2040,0.1451,0
1078,1,6706.3531,6711.4170,6712.3322,0.8845,0
1078,0,6706.3531,6711.4170,6715.3227,0.1519,0
1079,1,6712.5222,6717.6736,6717.8592,0.1569,0
1079,0,6712.5222,6717.6736,6720.8689,0.1426,0
1080,1,6718.0285,6723.0756,6723.9955,0.8844,0
1080,0,6718.0285,6723.0756,6726.9733,0.1483,0
1081,1,6724.1805,6729.2626,6730.1805,0.8852,0
1081,0,6724.1805,6729.2626,6733.1720,0.1511,0
1082,1,6730.3708,6735.5193,6735.7014,0.1536,0
1082,0,6730.3708,6735.5193,6738.7089,0.1391,0
1083,1,6735.8664,6740.9288,6741.8453,0.8841,0
1083,0,6735.8664,6740.9288,6744.8243,0.1550,0
1084,1,6742.0402,6747.1477,6747.3283,0.1527,0
1084,0,6742.0402,6747.1477,6750.3229,0.1402,0
1085,1,6747.4938,6752.5758,6753.4926,0.8884,0
1085,0,6747.4938,6752.5758,6756.4592,0.1479,0
1086,1,6753.6787,6758.8169,6759.0783,0.2221,0
1086,0,6753.6787,6758.8169,6762.0660,0.1559,0
1087,1,6759.2703,6764.5129,6764.7000,0.1565,0
1087,0,6759.2703,6764.5129,6767.6739,0.1425,0
1088,1,6764.8766,6769.9167,6771.0159,1.0606,0
1088,0,6764.8766,6769.9167,6773.9612,0.1526,0
1089,1,6771.2107,6776.3610,6776.5420,0.1540,0
1089,0,6771.2107,6776.3610,6779.5190,0.1402,0
1090,1,6776.7084,6781.7816,6782.8717,1.0608,0
1090,0,6776.7084,6781.7816,6785.8497,0.1500,0
1091,1,6783.0624,6788.2010,6788.4498,0.2191,0
1091,0,6783.0624,6788.2010,6791.4331,0.1434,0
1092,1,6788.6327,6794.7229,6794.9073,0.1559,0
1092,0,6788.6327,6794.7229,6797.9156,0.1403,0
1093,1,6795.0890,6800.1616,6801.2616,1.0664,0
1093,0,6795.0890,6800.1616,6804.2440,0.1488,0
1094,1,6801.4496,6806.5955,6806.7776,0.1545,0
1094,0,6801.4496,6806.5955,6809.7868,0.1399,0
1095,1,6806.9423,6812.0211,6812.9399,0.8815,0
1095,0,6806.9423,6812.0211,6815.9273,0.1652,0
1096,1,6813.1545,6818.4517,6818.6414,0.1631,0
1096,0,6813.1545,6818.4517,6821.6497,0.1394,0
1097,1,6818.8140,6824.4988,6824.6851,0.1573,0
1097,0,6818.8140,6824.4988,6827.6953,0.1479,0
1098,1,6824.8702,6829.9372,6830.8690,0.8971,0
1098,0,6824.8702,6829.9372,6833.8524,0.1622,0
1099,1,6831.0934,6836.2506,6836.4429,0.1582,0
1099,0,6831.0934,6836.2506,6839.4444,0.1485,0
1100,1,6836.6187,6841.7078,6842.6256,0.8905,0
1100,0,6836.6187,6841.7078,6845.6012,0.1477,0
1101,1,6842.8108,6847.9404,6848.1321,0.1642,0
1101,0,6842.8108,6847.9404,6851.1254,0.1427,0
1102,1,6848.3027,6853.3913,6854.3129,0.8874,0
1102,0,6848.3027,6853.3913,6857.2817,0.1607,0
1103,1,6854.5654,6859.8534,6860.7732,0.8869,0
1103,0,6854.5654,6859.8534,6863.7692,0.1473,0
1104,1,6860.9650,6866.1747,6866.3574,0.1533,0
1104,0,6860.9650,6866.1747,6869.3716,0.1421,0
1105,1,6866.5266,6871.6070,6872.5291,0.8911,0
1105,0,6866.5266,6871.6070,6875.5242,0.1472,0
1106,1,6872.7153,6877.8910,6878.2033,0.2653,0
1106,0,6872.7153,6877.8910,6881.2238,0.1703,0
1107,1,6878.4156,6884.6423,6884.8817,0.2105,0
1107,0,6878.4156,6884.6423,6887.9313,0.1578,0
1108,1,6885.0902,6890.4270,6891.3417,0.8835,0
1108,0,6885.0902,6890.4270,6894.3728,0.1492,0
1109,1,6891.5353,6896.8324,6897.0309,0.1643,0
1109,0,6891.5353,6896.8324,6900.0843,0.1522,0
1110,1,6897.2213,6902.4734,6903.3899,0.8881,0
1110,0,6897.2213,6902.4734,6906.4201,0.1499,0
1111,1,6903.5856,6908.8075,6909.0339,0.1899,0
1111,0,6903.5856,6908.8075,6912.0875,0.1583,0
1112,1,6909.2312,6914.5744,6914.8472,0.2323,0
1112,0,6909.2312,6914.5744,6917.8798,0.1627,0
1113,1,6915.0626,6920.3618,6921.2752,0.8704,0
1113,0,6915.0626,6920.3618,6924.2937,0.1544,0
1114,1,6921.4747,6926.7240,6926.9025,0.1522,0
1114,0,6921.4747,6926.7240,6929.9405,0.1474,0
1115,1,6927.0772,6932.1472,6933.0516,0.8769,0
1115,0,6927.0772,6932.1472,6936.0556,0.1564,0
1116,1,6933.2532,6938.4736,6938.6524,0.1530,0
1116,0,6933.2532,6938.4736,6941.6753,0.1436,0
1117,1,6938.8289,6944.5090,6944.6970,0.1596,0
1117,0,6938.8289,6944.5090,6947.7223,0.1476,0
1118,1,6944.8831,6949.9597,6950.8850,0.8889,0
1118,0,6944.8831,6949.9597,6953.8811,0.1501,0
1119,1,6951.0748,6956.2136,6956.4027,0.1574,0
1119,0,6951.0748,6956.2136,6959.4185,0.1409,0
1120,1,6956.5698,6961.6556,6962.5704,0.8833,0
1120,0,6956.5698,6961.6556,6965.5541,0.1577,0
1121,1,6962.7696,6967.9761,6968.1703,0.1669,0
1121,0,6962.7696,6967.9761,6971.1751,0.1395,0
1122,1,6968.3351,6973.5021,6974.4148,0.8832,0
1122,0,6968.3351,6973.5021,6977.3969,0.1444,0
1123,1,6974.5953,6979.6845,6980.5962,0.8846,0
1123,0,6974.5953,6979.6845,6983.5924,0.1445,0
1124,1,6980.7774,6985.9380,6986.1223,0.1575,0
1124,0,6980.7774,6985.9380,6989.1308,0.1413,0
1125,1,6986.2899,6991.3560,6992.2698,0.8850,0
1125,0,6986.2899,6991.3560,6995.2514,0.1439,0
1126,1,6992.4498,6997.5602,6997.7429,0.1551,0
1126,0,6992.4498,6997.5602,7000.7399,0.1381,0
1127,1,6997.9057,7002.9643,7003.8769,0.8815,0
1127,0,6997.9057,7002.9643,7006.8444,0.1492,0
1128,1,7004.0628,7009.1547,7010.0831,0.8911,0
1128,0,7004.0628,7009.1547,7013.0699,0.1981,0
1129,1,7010.3341,7015.6671,7015.8715,0.1672,0
1129,0,7010.3341,7015.6671,7018.8830,0.1455,0
1130,1,7016.0510,7021.2095,7022.1262,0.8860,0
1130,0,7016.0510,7021.2095,7025.1164,0.1460,0
1131,1,7022.3109,7027.4677,7027.6623,0.1670,0
1131,0,7022.3109,7027.4677,7030.6683,0.1382,0
1132,1,7027.8259,7032.8880,7033.8079,0.8908,0
1132,0,7027.8259,7032.8880,7036.7857,0.1508,0
1133,1,7034.0080,7039.1094,7040.0285,0.8885,0
1133,0,7034.0080,7039.1094,7043.0213,0.1439,0
1134,1,7040.2087,7045.3272,7045.5097,0.1524,0
1134,0,7040.2087,7045.3272,7048.5167,0.1424,0
1135,1,7045.8045,7050.8635,7051.7803,0.8860,0
1135,0,7045.8045,7050.8635,7054.7746,0.1477,0
1136,1,7051.9719,7057.1923,7057.4381,0.2131,0
1136,0,7051.9719,7057.1923,7060.4580,0.1549,0
1137,1,7057.6324,7063.0079,7063.9174,0.8646,0
1137,0,7057.6324,7063.0079,7066.9269,0.1891,0
1138,1,7064.1610,7069.5678,7070.4901,0.8817,0
1138,0,7064.1610,7069.5678,7073.5323,0.2027,0
1139,1,7070.7467,7076.1745,7076.3901,0.1852,0
1139,0,7070.7467,7076.1745,7079.4480,0.1422,0
1140,1,7076.5713,7081.8284,7082.7495,0.8918,0
1140,0,7076.5713,7081.8284,7085.7858,0.1557,0
1141,1,7082.9464,7088.1810,7088.3673,0.1556,0
1141,0,7082.9464,7088.1810,7091.4189,0.1393,0
1142,1,7088.5327,7094.4206,7094.6078,0.1584,0
1142,0,7088.5327,7094.4206,7097.6686,0.1430,0
1143,1,7094.7889,7099.8695,7100.7887,0.8898,0
1143,0,7094.7889,7099.8695,7103.8184,0.1574,0
1144,1,7100.9842,7106.1009,7106.2844,0.1536,0
1144,0,7100.9842,7106.1009,7109.3236,0.1413,0
1145,1,7106.4516,7111.5397,7112.4597,0.8903,0
1145,0,7106.4516,7111.5397,7115.4681,0.1486,0
1146,1,7112.6440,7117.7882,7117.9680,0.1521,0
1146,0,7112.6440,7117.7882,7120.9975,0.1525,0
1147,1,7118.1466,7123.1988,7124.1177,0.8896,0
1147,0,7118.1466,7123.1988,7127.1094,0.1464,0
1148,1,7124.2994,7129.4035,7130.3274,0.8927,0
1148,0,7124.2994,7129.4035,7133.3437,0.1453,0
1149,1,7130.5089,7135.6622,7135.8447,0.1536,0
1149,0,7130.5089,7135.6622,7138.8737,0.1495,0
1150,1,7136.0213,7141.0843,7142.0131,0.8864,0
1150,0,7136.0213,7141.0843,7145.0146,0.1484,0
1151,1,7142.2070,7147.4700,7147.6636,0.1642,0
1151,0,7142.2070,7147.4700,7150.7032,0.1462,0
1152,1,7147.8380,7152.9692,7153.8881,0.8608,0
1152,0,7147.8380,7152.9692,7156.8792,0.1941,0
1153,1,7154.1346,7159.9472,7160.8652,0.8875,0
1153,0,7154.1346,7159.9472,7163.9042,0.1553,0
1154,1,7161.0670,7166.3118,7166.4912,0.1521,0
1154,0,7161.0670,7166.3118,7169.5472,0.1490,0
1155,1,7166.6664,7171.7767,7172.6905,0.8852,0
1155,0,7166.6664,7171.7767,7175.7184,0.1536,0
1156,1,7172.8821,7178.0428,7178.2221,0.1520,0
1156,0,7172.8821,7178.0428,7181.2617,0.1394,0
1157,1,7178.3869,7183.4932,7184.4132,0.8912,0
1157,0,7178.3869,7183.4932,7187.4219,0.1461,0
1158,1,7184.5968,7189.6778,7190.5914,0.8834,0
1158,0,7184.5968,7189.6778,7193.6101,0.1459,0
1159,1,7190.7753,7195.9114,7196.1160,0.1755,0
1159,0,7190.7753,7195.9114,7199.1487,0.1436,0
1160,1,7196.2849,7201.3452,7202.2696,0.8939,0
1160,0,7196.2849,7201.3452,7205.2709,0.1595,0
1161,1,7202.4720,7207.6963,7207.8795,0.1571,0
1161,0,7202.4720,7207.6963,7210.9014,0.1486,0
1162,1,7208.0554,7213.1118,7214.0296,0.8896,0
1162,0,7208.0554,7213.1118,7217.0210,0.1545,0
1163,1,7214.2251,7219.3392,7220.2594,0.8856,0
1163,0,7214.2251,7219.3392,7223.2659,0.1523,0
1164,1,7220.4509,7225.6303,7225.8098,0.1513,0
1164,0,7220.4509,7225.6303,7228.8301,0.1595,0
1165,1,7226.0062,7231.0821,7232.0034,0.8832,0
1165,0,7226.0062,7231.0821,7235.0161,0.1509,0
1166,1,7232.1936,7237.3061,7237.5181,0.1824,0
1166,0,7232.1936,7237.3061,7240.5305,0.1540,0
1167,1,7237.7079,7242.9627,7243.8768,0.8784,0
1167,0,7237.7079,7242.9627,7246.8732,0.1531,0
1168,1,7244.0759,7249.3690,7250.2832,0.8822,0
1168,0,7244.0759,7249.3690,7253.2979,0.1513,0
1169,1,7250.4796,7255.6941,7255.8770,0.1527,0
1169,0,7250.4796,7255.6941,7258.9085,0.1452,0
1170,1,7256.0514,7261.1719,7262.0935,0.8876,0
1170,0,7256.0514,7261.1719,7265.0985,0.1484,0
1171,1,7262.2830,7267.4472,7267.6286,0.1524,0
1171,0,7262.2830,7267.4472,7270.6497,0.1402,0
1172,1,7267.7943,7272.8805,7273.7991,0.8861,0
1172,0,7267.7943,7272.8805,7276.7890,0.1481,0
1173,1,7273.9858,7279.0900,7280.0482,0.9260,0
1173,0,7273.9858,7279.0900,7283.0534,0.1509,0
1174,1,7280.2404,7285.3753,7285.5699,0.1592,0
1174,0,7280.2404,7285.3753,7288.5941,0.1425,0
1175,1,7285.7430,7290.8774,7291.7928,0.8838,0
1175,0,7285.7430,7290.8774,7294.7901,0.1552,0
1176,1,7292.0040,7297.2592,7297.4474,0.1567,0
1176,0,7292.0040,7297.2592,7300.4667,0.1469,0
1177,1,7297.6228,7302.7648,7303.6824,0.8878,0
1177,0,7297.6228,7302.7648,7306.6757,0.1490,0
1178,1,7303.8686,7309.0058,7309.1961,0.1611,0
1178,0,7303.8686,7309.0058,7312.2030,0.8778,0
1179,1,7310.1142,7315.2700,7315.4491,0.1514,0
1179,0,7310.1142,7315.2700,7318.4730,0.1463,0
1180,1,7315.6204,7320.6892,7321.6029,0.8856,0
1180,0,7315.6204,7320.6892,7324.5954,0.1556,0
1181,1,7321.7958,7326.9531,7327.1449,0.1633,0
1181,0,7321.7958,7326.9531,7330.1520,0.1492,0
1182,1,7327.3222,7332.4436,7333.3600,0.8877,0
1182,0,7327.3222,7332.4436,7336.3423,0.1474,0
1183,1,7333.5452,7338.7141,7338.8927,0.1503,0
1183,0,7333.5452,7338.7141,7341.8937,0.1391,0
1184,1,7339.0660,7344.3993,7344.5775,0.1500,0
1184,0,7339.0660,7344.3993,7347.5622,0.1396,0
1185,1,7344.7531,7349.8130,7350.7300,0.8877,0
1185,0,7344.7531,7349.8130,7353.6900,0.1487,0
1186,1,7350.9178,7356.0686,7356.2457,0.1490,0
1186,0,7350.9178,7356.0686,7359.2242,0.1399,0
1187,1,7356.4114,7361.4982,7362.4211,0.8879,0
1187,0,7356.4114,7361.4982,7365.3849,0.1585,0
1188,1,7362.6217,7367.9942,7368.1896,0.1643,0
1188,0,7362.6217,7367.9942,7371.1798,0.1390,0
1189,1,7368.3620,7373.6596,7374.5794,0.8893,0
1189,0,7368.3620,7373.6596,7377.5511,0.1477,0
1190,1,7374.7714,7379.9777,7380.8950,0.8899,0
1190,0,7374.7714,7379.9777,7383.8868,0.1470,0
1191,1,7381.0839,7386.2870,7386.4623,0.1476,0
1191,0,7381.0839,7386.2870,7389.4757,0.1398,0
1192,1,7386.6751,7391.8218,7392.7366,0.8865,0
1192,0,7386.6751,7391.8218,7395.7243,0.1477,0
1193,1,7392.9267,7398.0938,7398.2769,0.1516,0
1193,0,7392.9267,7398.0938,7401.2824,0.1384,0
1194,1,7398.4418,7404.4241,7404.6104,0.1558,0
1194,0,7398.4418,7404.4241,7407.6332,0.1421,0
1195,1,7404.7917,7409.8830,7410.7998,0.8865,0
1195,0,7404.7917,7409.8830,7413.7945,0.1474,0
1196,1,7410.9958,7416.1624,7416.3383,0.1482,0
1196,0,7410.9958,7416.1624,7419.3521,0.1403,0
1197,1,7416.5047,7421.6153,7422.5332,0.8889,0
1197,0,7416.5047,7421.6153,7425.5177,0.1459,0
1198,1,7422.7200,7427.8767,7428.0557,0.1505,0
1198,0,7422.7200,7427.8767,7431.0594,0.1420,0
1199,1,7428.2246,7433.3476,7434.2680,0.8860,0
1199,0,7428.2246,7433.3476,7437.2453,0.1461,0
1200,1,7434.4516,7439.5595,7440.4754,0.8865,0
1200,0,7434.4516,7439.5595,7443.4663,0.1468,0
1201,1,7440.6612,7445.8298,7446.0166,0.1570,0
1201,0,7440.6612,7445.8298,7449.0226,0.1439,0
1202,1,7446.1882,7451.2727,7452.1877,0.8844,0
1202,0,7446.1882,7451.2727,7455.1697,0.1476,0
1203,1,7452.3735,7457.5529,7457.7310,0.1500,0
1203,0,7452.3735,7457.5529,7460.7400,0.1400,0
1204,1,7457.8975,7463.0248,7463.9334,0.8727,0
1204,0,7457.8975,7463.0248,7466.9133,0.1589,0
1205,1,7464.1433,7469.4277,7470.3425,0.8853,0
1205,0,7464.1433,7469.4277,7473.3407,0.1534,0
1206,1,7470.5420,7475.8190,7476.0113,0.1534,0
1206,0,7470.5420,7475.8190,7479.0341,0.1465,0
1207,1,7476.1833,7481.3159,7482.2294,0.8821,0
1207,0,7476.1833,7481.3159,7485.2270,0.1537,0
1208,1,7482.4213,7487.6005,7487.7856,0.1548,0
1208,0,7482.4213,7487.6005,7490.7989,0.1526,0
1209,1,7487.9673,7493.0591,7493.9743,0.8862,0
1209,0,7487.9673,7493.0591,7496.9610,0.1616,0
1210,1,7494.1755,7499.3193,7500.2334,0.8843,0
1210,0,7494.1755,7499.3193,7503.2363,0.1482,0
1211,1,7500.4214,7505.5697,7505.7492,0.1520,0
1211,0,7500.4214,7505.5697,7508.7648,0.1457,0
1212,1,7505.9205,7511.0069,7511.9285,0.8922,0
1212,0,7505.9205,7511.0069,7514.9172,0.1576,0
1213,1,7512.1231,7517.2570,7517.4334,0.1500,0
1213,0,7512.1231,7517.2570,7520.4393,0.1435,0
1214,1,7517.6018,7522.6857,7523.6028,0.8844,0
1214,0,7517.6018,7522.6857,7526.5799,0.1582,0
1215,1,7523.8121,7529.0652,7529.2671,0.1711,0
1215,0,7523.8121,7529.0652,7532.2673,0.8815,0
1216,1,7530.1901,7535.3793,7535.5571,0.1500,0
1216,0,7530.1901,7535.3793,7538.5759,0.1425,0
1217,1,7535.7249,7540.8281,7541.7408,0.8801,0
1217,0,7535.7249,7540.8281,7544.7340,0.1555,0
1218,1,7541.9395,7547.2120,7547.3975,0.1556,0
1218,0,7541.9395,7547.2120,7550.4104,0.1448,0
1219,1,7547.7004,7552.8857,7553.7999,0.8835,0
1219,0,7547.7004,7552.8857,7556.8104,0.1502,0
1220,1,7554.0032,7559.2243,7559.5139,0.2433,0
1220,0,7554.0032,7559.2243,7562.5386,0.8770,0
1221,1,7560.4545,7566.0355,7566.3192,0.2370,0
1221,0,7560.4545,7566.0355,7569.3956,0.1837,0
1222,1,7566.5463,7572.0406,7572.9567,0.8723,0
1222,0,7566.5463,7572.0406,7576.0356,0.2430,0
1223,1,7573.2549,7578.7928,7579.0139,0.1762,0
1223,0,7573.2549,7578.7928,7582.1045,0.1461,0
1224,1,7579.2008,7584.5634,7584.7522,0.1585,0
1224,0,7579.2008,7584.5634,7587.8217,0.1449,0
1225,1,7584.9354,7590.0523,7590.9722,0.8876,0
1225,0,7584.9354,7590.0523,7594.0206,0.1613,0
1226,1,7591.1833,7596.9344,7597.7504,0.5038,0
1226,0,7591.1833,7596.9344,7600.8541,0.3668,0
1227,1,7598.1716,7604.8478,7605.1889,0.2806,0
1227,0,7598.1716,7604.8478,7608.3784,0.1980,0
1228,1,7605.4554,7611.1041,7612.0312,0.8791,0
1228,0,7605.4554,7611.1041,7615.2082,0.1830,0
1229,1,7612.2666,7617.7112,7617.9647,0.2174,0
1229,0,7612.2666,7617.7112,7621.1627,0.1837,0
1230,1,7618.1888,7623.6698,7624.5807,0.8694,0
1230,0,7618.1888,7623.6698,7627.7795,0.1741,0
1231,1,7624.8109,7630.2475,7631.2428,0.9257,0
1231,0,7624.8109,7630.2475,7634.5778,0.2444,0
1232,1,7631.5639,7637.6415,7638.0032,0.2975,0
1232,0,7631.5639,7637.6415,7641.2602,0.1913,0
1233,1,7638.2482,7643.8300,7644.7476,0.8680,0
1233,0,7638.2482,7643.8300,7648.0288,0.1757,0
1234,1,7644.9827,7650.5254,7651.4599,0.8662,0
1234,0,7644.9827,7650.5254,7654.7462,0.2370,0
1235,1,7651.7840,7657.4791,7657.7610,0.2359,0
1235,0,7651.7840,7657.4791,7661.0269,0.1469,0
1236,1,7657.9481,7663.6246,7664.5390,0.8848,0
1236,0,7657.9481,7663.6246,7667.7843,0.1473,0
1237,1,7664.7320,7669.9428,7670.8615,0.8856,0
1237,0,7664.7320,7669.9428,7674.0998,0.1484,0
1238,1,7671.0501,7676.2306,7676.4135,0.1555,0
1238,0,7671.0501,7676.2306,7679.6463,0.1384,0
1239,1,7676.5776,7681.6913,7682.6041,0.8800,0
1239,0,7676.5776,7681.6913,7685.7954,0.1578,0
1240,1,7682.8046,7688.0822,7688.2759,0.1647,0
1240,0,7682.8046,7688.0822,7691.4647,0.1390,0
1241,1,7688.4484,7694.5348,7694.7318,0.1663,0
1241,0,7688.4484,7694.5348,7697.9228,0.1407,0
1242,1,7694.9155,7700.1300,7701.0466,0.8868,0
1242,0,7694.9155,7700.1300,7704.1999,0.1489,0
1243,1,7701.2349,7706.4434,7706.6245,0.1549,0
1243,0,7701.2349,7706.4434,7709.7825,0.1463,0
1244,1,7706.7960,7711.9016,7712.8196,0.8877,0
1244,0,7706.7960,7711.9016,7715.9343,0.1572,0
1245,1,7713.0298,7718.2012,7718.3804,0.1513,0
1245,0,7713.0298,7718.2012,7721.5015,0.1393,0
1246,1,7718.5453,7724.4703,7724.6558,0.1559,0
1246,0,7718.5453,7724.4703,7727.7804,0.1398,0
1247,1,7724.8360,7729.9425,7730.8563,0.8843,0
1247,0,7724.8360,7729.9425,7733.9433,0.1464,0
1248,1,7731.0479,7736.2244,7736.4064,0.1525,0
1248,0,7731.0479,7736.2244,7739.5004,0.1401,0
1249,1,7736.5727,7741.7038,7742.6183,0.8842,0
1249,0,7736.5727,7741.7038,7745.6793,0.1491,0
1250,1,7742.8072,7747.9627,7748.1502,0.1612,0
1250,0,7742.8072,7747.9627,7751.2197,0.1403,0
1251,1,7748.3183,7753.4503,7754.3632,0.8837,0
1251,0,7748.3183,7753.4503,7757.4031,0.1477,0
1252,1,7754.5510,7759.6887,7760.5987,0.8803,0
1252,0,7754.5510,7759.6887,7763.6465,0.1444,0
1253,1,7760.7838,7765.9786,7766.1690,0.1541,0
1253,0,7760.7838,7765.9786,7769.2309,0.1397,0
1254,1,7766.3355,7771.4424,7772.3563,0.8848,0
1254,0,7766.3355,7771.4424,7775.3866,0.1451,0
1255,1,7772.5410,7777.7295,7777.9073,0.1516,0
1255,0,7772.5410,7777.7295,7780.9510,0.1395,0
1256,1,7778.0751,7783.1733,7784.0843,0.8817,0
1256,0,7778.0751,7783.1733,7787.1190,0.1604,0
1257,1,7784.3105,7789.6176,7790.5307,0.8847,0
1257,0,7784.3105,7789.6176,7793.5646,0.1470,0
1258,1,7790.7286,7796.0680,7796.2493,0.1532,0
1258,0,7790.7286,7796.0680,7799.3080,0.1445,0
1259,1,7796.4202,7801.5350,7802.4538,0.8850,0
1259,0,7796.4202,7801.5350,7805.4807,0.1568,0
1260,1,7802.6535,7807.8985,7808.0793,0.1528,0
1260,0,7802.6535,7807.8985,7811.1263,0.1406,0
1261,1,7808.2468,7813.4216,7814.3307,0.8758,0
1261,0,7808.2468,7813.4216,7817.3481,0.1523,0
1262,1,7814.5305,7819.8217,7820.7398,0.8855,0
1262,0,7814.5305,7819.8217,7823.7769,0.1476,0
1263,1,7820.9346,7826.2322,7826.4125,0.1512,0
1263,0,7820.9346,7826.2322,7829.4688,0.1403,0
1264,1,7826.5788,7831.7188,7832.6293,0.8838,0
1264,0,7826.5788,7831.7188,7835.6558,0.1478,0
1265,1,7832.8208,7838.0712,7838.2508,0.1522,0
1265,0,7832.8208,7838.0712,7841.2932,0.1392,0
1266,1,7838.4159,7843.5989,7844.5192,0.8903,0
1266,0,7838.4159,7843.5989,7847.5370,0.1524,0
1267,1,7844.7094,7849.8347,7850.7506,0.8838,0
1267,0,7844.7094,7849.8347,7853.8002,0.1498,0
1268,1,7850.9405,7856.1143,7856.3473,0.1976,0
1268,0,7850.9405,7856.1143,7859.4120,0.1409,0
1269,1,7856.5247,7861.8383,7862.7538,0.8865,0
1269,0,7856.5247,7861.8383,7865.7803,0.1459,0
1270,1,7862.9419,7868.1463,7868.3275,0.1523,0
1270,0,7862.9419,7868.1463,7871.3704,0.1383,0
1271,1,7868.4933,7874.4618,7874.6460,0.1574,0
1271,0,7868.4933,7874.4618,7877.7118,0.1403,0
1272,1,7874.8243,7879.9545,7880.8696,0.8725,0
1272,0,7874.8243,7879.9545,7883.9086,0.1807,0
1273,1,7881.1059,7886.5704,7886.7684,0.1682,0
1273,0,7881.1059,7886.5704,7889.8241,0.1403,0
1274,1,7886.9441,7892.2030,7893.1074,0.8755,0
1274,0,7886.9441,7892.2030,7896.1432,0.1518,0
1275,1,7893.2988,7898.4922,7898.6722,0.1501,0
1275,0,7893.2988,7898.4922,7901.7209,0.1350,0
1276,1,7898.8359,7904.4534,7904.6404,0.1555,0
1276,0,7898.8359,7904.4534,7907.6836,0.1443,0
1277,1,7904.8232,7909.9570,7910.8748,0.8868,0
1277,0,7904.8232,7909.9570,7913.8905,0.1495,0
1278,1,7911.0654,7916.2387,7916.4693,0.1963,0
1278,0,7911.0654,7916.2387,7919.5019,0.1505,0
1279,1,7916.6548,7921.9606,7922.8798,0.8863,0
1279,0,7916.6548,7921.9606,7925.8943,0.1525,0
1280,1,7923.0763,7928.3217,7928.5061,0.1538,0
1280,0,7923.0763,7928.3217,7931.5402,0.1382,0
1281,1,7928.6719,7934.5396,7934.7181,0.1513,0
1281,0,7928.6719,7934.5396,7937.7629,0.1457,0
1282,1,7934.9484,7940.1168,7941.0386,0.8881,0
1282,0,7934.9484,7940.1168,7944.0581,0.1485,0
1283,1,7941.2275,7946.4218,7946.6114,0.1570,0
1283,0,7941.2275,7946.4218,7949.6480,0.1451,0
1284,1,7946.7839,7951.9008,7952.8139,0.8846,0
1284,0,7946.7839,7951.9008,7955.8214,0.1505,0
1285,1,7953.0135,7958.1738,7958.3622,0.1580,0
1285,0,7953.0135,7958.1738,7961.3876,0.1974,0
1286,1,7958.6191,7964.5121,7964.6960,0.1542,0
1286,0,7958.6191,7964.5121,7967.7341,0.1388,0
1287,1,7964.8788,7970.0114,7970.9159,0.8748,0
1287,0,7964.8788,7970.0114,7973.9269,0.1434,0
1288,1,7971.0977,7976.2986,7976.4805,0.1534,0
1288,0,7971.0977,7976.2986,7979.5079,0.1375,0
1289,1,7976.6448,7981.8163,7982.7292,0.8802,0
1289,0,7976.6448,7981.8163,7985.7317,0.1472,0
1290,1,7982.9176,7988.1409,7988.3227,0.1526,0
1290,0,7982.9176,7988.1409,7991.3447,0.1494,0
1291,1,7988.4979,7993.7020,7994.6154,0.8841,0
1291,0,7988.4979,7993.7020,7997.6124,0.1434,0
1292,1,7994.7946,7999.9345,8000.8444,0.8808,0
1292,0,7994.7946,7999.9345,8003.8572,0.1527,0
1293,1,8001.0411,8006.2369,8006.4171,0.1491,0
1293,0,8001.0411,8006.2369,8009.4430,0.1425,0
