frame,interpolated,sample_ms,ready_ms,present_ms,gpu_wait_ms,caught_up
0,0,4.0261,6.7460,10.5005,2.8252,0
1,0,9.6068,11.0495,11.4209,0.1137,0
2,0,11.2215,12.2125,12.5956,0.1394,0
3,0,12.4041,13.1914,13.4884,0.1151,0
4,0,13.3416,14.0366,14.4580,0.1114,0
5,0,14.1826,15.2931,15.5890,0.1134,0
6,0,15.4390,16.1267,16.4301,0.1102,0
7,0,16.2697,16.9671,17.2989,0.1371,0
8,0,17.1364,18.0731,18.3665,0.1066,0
9,0,18.2115,18.9181,19.2275,0.1132,0
10,0,19.0658,19.7839,20.0955,0.1095,0
11,0,19.9325,20.8262,21.1426,0.1162,0
12,0,20.9830,21.7292,22.2301,0.1119,0
13,0,21.8803,22.8088,23.4425,0.3701,0
14,0,23.2173,23.9941,24.2928,0.1135,0
15,0,24.1424,24.8772,25.1832,0.1132,0
16,0,25.0291,26.0192,26.3402,0.1282,0
17,0,26.1836,26.8870,27.1811,0.1091,0
18,0,27.0269,27.7313,28.0317,0.1128,0
19,0,27.8750,28.8826,29.1919,0.1122,0
20,0,29.0278,29.7432,30.0421,0.1088,0
21,0,29.8828,30.5887,30.9594,0.1106,0
22,0,30.7319,31.7367,32.2211,0.2552,0
23,0,32.0368,32.8023,33.0970,0.1123,0
24,0,32.9530,33.6759,33.9569,0.1053,0
25,0,33.8179,34.7663,35.0413,0.1136,0
26,0,34.9116,35.6023,35.8984,0.1100,0
27,0,35.7432,36.4462,36.7407,0.1067,0
28,0,36.5846,37.5203,37.7898,0.1121,0
29,0,37.6619,38.3434,38.6131,0.1118,0
30,0,38.4845,39.1681,39.4868,0.1577,0
31,0,39.3556,40.2973,40.6333,0.1133,0
32,0,40.4517,41.2216,41.5167,0.1155,0
33,0,41.3778,42.1093,42.4058,0.1074,0
34,0,42.2510,43.0921,43.4741,0.1546,0
35,0,43.2907,44.0359,44.3254,0.1156,0
36,0,44.1845,44.8806,45.1802,0.1127,0
37,0,45.0222,45.9431,46.2492,0.1139,0
38,0,46.0903,46.8036,47.1082,0.1113,0
39,0,46.9470,47.6570,48.1667,0.2995,0
40,0,48.0193,48.7609,49.0493,0.1111,0
41,0,48.9099,49.6279,49.9075,0.1102,0
42,0,49.7722,50.4857,50.7556,0.1118,0
43,0,50.6267,51.5098,51.8200,0.1174,0
44,0,51.6610,52.3785,52.7079,0.1235,0
45,0,52.5433,53.2558,53.5535,0.1109,0
46,0,53.4069,54.2528,54.5340,0.1141,0
47,0,54.3993,55.0969,55.3751,0.1119,0
48,0,55.2435,55.9483,56.3311,0.1044,0
49,0,56.0987,57.0753,57.3969,0.1142,0
50,0,57.2373,57.9817,58.2628,0.1091,0
51,0,58.1250,58.8135,59.0789,0.1031,0
52,0,58.9457,59.8809,60.1919,0.1181,0
53,0,60.0300,60.7362,61.0329,0.1112,0
54,0,60.8781,61.5897,61.8853,0.1121,0
55,0,61.7325,62.5806,62.9115,0.1204,0
56,0,62.7445,63.4739,63.8005,0.1151,0
57,0,63.6295,64.3655,64.7863,0.1918,0
58,0,64.6170,65.3569,65.6456,0.1121,0
59,0,65.5040,66.1972,66.4755,0.1131,0
60,0,66.3405,67.0273,67.3218,0.1120,0
61,0,67.1696,68.0192,68.3155,0.1120,0
62,0,68.1631,68.8703,69.1638,0.1098,0
63,0,69.0105,69.7140,70.0639,0.1664,0
64,0,69.9113,70.7689,71.0755,0.1188,0
65,0,70.9188,71.6260,71.9311,0.1132,0
66,0,71.7832,72.5257,72.8575,0.1498,0
67,0,72.7153,73.7006,73.9840,0.1133,0
68,0,73.8495,74.5542,74.8357,0.1096,0
69,0,74.6991,75.3922,75.7253,0.1706,0
70,0,75.5940,76.4412,76.7425,0.1086,0
71,0,76.5840,77.2938,77.5910,0.1093,0
72,0,77.4351,78.1414,78.4354,0.1070,0
73,0,78.2803,79.2327,79.5457,0.1121,0
74,0,79.4469,80.1428,80.4441,0.1113,0
75,0,80.3159,81.0042,81.7708,0.5339,0
76,0,81.5826,82.3353,82.6356,0.1125,0
77,0,82.4888,83.2107,83.5276,0.1180,0
78,0,83.3625,84.3513,84.6270,0.1136,0
79,0,84.4946,85.1791,85.4731,0.1090,0
80,0,85.3196,86.0243,86.3416,0.1114,0
81,0,86.1832,87.2193,87.5533,0.1179,0
82,0,87.3745,88.1175,88.4739,0.1135,0
83,0,88.2967,89.0263,89.3665,0.1100,0
84,0,89.1709,90.1889,90.5301,0.1605,0
85,0,90.3851,91.0889,91.3683,0.1144,0
86,0,91.2339,91.9279,92.4540,0.1057,0
87,0,92.0659,93.0456,93.3837,0.1129,0
88,0,93.2198,93.9902,94.2879,0.1170,0
89,0,94.1424,94.8565,95.2974,0.1130,0
90,0,95.0066,95.9050,96.2409,0.1282,0
91,0,96.0912,96.8616,97.2067,0.1132,0
92,0,97.0340,97.7982,98.6447,0.5753,0
93,0,98.4095,99.1862,99.4830,0.1130,0
94,0,99.3353,100.0436,100.4022,0.1123,0
95,0,100.1893,101.2645,101.5461,0.1131,0
96,0,101.4097,102.1063,102.4303,0.1054,0
97,0,102.2474,103.0299,103.3724,0.1084,0
98,0,103.1807,104.2252,104.5330,0.1171,0
99,0,104.3794,105.1007,105.3915,0.1151,0
100,0,105.2491,105.9508,106.2291,0.1141,0
101,0,106.0949,106.9638,107.3092,0.1192,0
102,0,107.1203,107.8749,108.1830,0.1143,0
103,0,108.0264,108.7651,109.0665,0.1172,0
104,0,108.9158,109.8520,110.1403,0.1156,0
105,0,110.0002,110.6953,110.9738,0.1139,0
106,0,110.8397,111.5394,111.9095,0.1119,0
107,0,111.7435,112.6134,112.9180,0.1157,0
108,0,112.7668,113.4776,113.7674,0.1154,0
109,0,113.6251,114.3227,114.9006,0.3072,0
110,0,114.6774,115.4646,115.7666,0.1098,0
111,0,115.6094,116.3263,116.6048,0.1073,0
112,0,116.4661,117.1702,117.4560,0.1140,0
113,0,117.3146,118.0589,118.3532,0.1127,0
114,0,118.2110,118.9149,119.1945,0.1124,0
115,0,119.0582,119.7482,120.0374,0.1269,0
116,0,119.9055,120.8612,121.1401,0.1164,0
117,0,121.0089,121.6945,121.9763,0.1005,0
118,0,121.8309,122.5436,122.8436,0.1133,0
119,0,122.6971,123.5144,123.8071,0.1192,0
120,0,123.6698,124.3684,124.6422,0.1129,0
121,0,124.5112,125.1970,125.4712,0.1112,0
122,0,125.3384,126.3298,126.6055,0.1130,0
123,0,126.4732,127.1591,127.4400,0.1164,0
124,0,127.3048,128.0011,128.2663,0.1044,0
125,0,128.1356,129.1270,129.4016,0.1143,0
126,0,129.2710,129.9555,130.2275,0.1115,0
127,0,130.0970,130.7853,131.1278,0.1015,0
128,0,130.9164,132.0237,132.3293,0.1151,0
129,0,132.1744,132.8988,133.2078,0.1107,0
130,0,133.0518,133.7709,134.0950,0.1131,0
131,0,133.9170,134.7955,135.0974,0.1145,0
132,0,134.9457,135.6657,135.9696,0.1137,0
133,0,135.8146,136.5348,136.8047,0.1037,0
134,0,136.6700,137.6245,137.9030,0.1147,0
135,0,137.7703,138.4595,138.7415,0.1153,0
136,0,138.6045,139.2959,139.5691,0.1118,0
137,0,139.4373,140.2861,140.5634,0.1142,0
138,0,140.4314,141.1224,141.3956,0.1106,0
139,0,141.2624,141.9458,142.2799,0.1359,0
140,0,142.1232,143.0715,143.3731,0.1158,0
141,0,143.2281,143.9305,144.2210,0.1117,0
142,0,144.0785,144.7965,145.0671,0.1029,0
143,0,144.9317,145.7462,146.0245,0.1139,0
144,0,145.8914,146.5813,146.8576,0.1137,0
145,0,146.7247,147.4099,147.7611,0.1094,0
146,0,147.5560,148.6210,148.9164,0.1097,0
147,0,148.7666,149.4876,149.7817,0.1126,0
148,0,149.6356,150.3504,150.6356,0.1062,0
149,0,150.4893,151.3133,151.5989,0.1112,0
150,0,151.4577,152.1585,152.4540,0.1122,0
151,0,152.3065,153.0260,153.3367,0.1094,0
152,0,153.1835,154.1895,154.4910,0.1135,0
153,0,154.3429,155.0536,155.3313,0.1136,0
154,0,155.1985,155.8912,156.1615,0.1045,0
155,0,156.0263,156.8555,157.1294,0.1087,0
156,0,156.9956,157.6869,157.9610,0.1108,0
157,0,157.8267,158.5124,158.8056,0.1098,0
158,0,158.6511,159.6546,159.9360,0.1208,0
159,0,159.8045,160.4932,160.7664,0.1103,0
160,0,160.6332,161.3251,161.5944,0.1017,0
161,0,161.4573,162.4485,162.7345,0.1141,0
162,0,162.5994,163.2959,163.5721,0.1102,0
163,0,163.4365,164.1264,164.4775,0.1095,0
164,0,164.2972,165.3092,165.6098,0.1113,0
165,0,165.4562,166.1753,166.4806,0.1157,0
166,0,166.3278,167.0510,167.3309,0.1117,0
167,0,167.1980,168.0274,168.3311,0.1320,0
168,0,168.1923,168.8884,169.1674,0.1121,0
169,0,169.0305,169.7207,170.0381,0.1523,0
170,0,169.9044,170.7314,171.0048,0.1123,0
171,0,170.8752,171.5591,171.8315,0.1083,0
172,0,171.6973,172.3932,172.6987,0.1091,0
173,0,172.5386,173.5486,173.8257,0.1118,0
174,0,173.6905,174.3858,174.6630,0.1137,0
175,0,174.5291,175.2161,175.4789,0.1015,0
176,0,175.3470,176.3514,176.6235,0.1096,0
177,0,176.4904,177.1715,177.4413,0.1110,0
178,0,177.3119,178.0034,178.3202,0.1436,0
179,0,178.1817,179.1381,179.4302,0.1132,0
180,0,179.2888,179.9996,180.2752,0.1113,0
181,0,180.1423,180.8314,181.1718,0.1580,0
182,0,181.0422,182.0102,182.4166,0.1146,0
183,0,182.2606,183.0032,183.3130,0.1131,0
184,0,183.1571,183.8845,184.3944,0.3402,0
185,0,184.2593,184.9564,185.2377,0.1121,0
186,0,185.0992,185.7965,186.0768,0.1150,0
187,0,185.9412,186.6344,187.1682,0.3744,0
188,0,187.0378,187.7328,188.0059,0.1124,0
189,0,187.8751,188.5619,188.8339,0.1118,0
190,0,188.7037,189.3925,189.6748,0.1141,0
191,0,189.5367,190.2912,190.5599,0.1082,0
192,0,190.4294,191.1208,191.3919,0.1110,0
193,0,191.2614,191.9494,192.2577,0.1472,0
194,0,192.1262,192.9443,193.2611,0.1120,0
195,0,193.0928,193.8240,194.1214,0.1149,0
196,0,193.9751,194.6891,194.9807,0.1093,0
197,0,194.8345,195.7990,196.1072,0.1153,0
198,0,195.9520,196.6673,196.9350,0.1025,0
199,0,196.8009,197.5415,198.0108,0.1321,0
200,0,197.7125,198.6986,198.9960,0.1118,0
201,0,198.8451,199.5605,199.8480,0.1153,0
202,0,199.7081,200.4129,200.6976,0.1166,0
203,0,200.5600,201.5074,201.7955,0.1139,0
204,0,201.6969,202.3661,202.6492,0.1095,0
205,0,202.5094,203.2058,203.4839,0.1111,0
206,0,203.3475,204.2158,204.4988,0.1163,0
207,0,204.3638,205.0529,205.3291,0.1150,0
208,0,205.1976,205.8899,206.1637,0.1074,0
209,0,206.0270,206.8520,207.1335,0.1142,0
210,0,207.0060,207.7538,208.0588,0.1139,0
211,0,207.9076,208.6254,208.9360,0.1430,0
212,0,208.8000,209.7261,210.0044,0.1119,0
213,0,209.8695,210.5615,210.8324,0.1127,0
214,0,210.7037,211.3908,211.7100,0.1564,0
215,0,211.5775,212.4145,212.8934,0.1155,0
216,0,212.5773,213.4068,213.6926,0.1138,0
217,0,213.5524,214.2512,214.5305,0.1079,0
218,0,214.4174,215.2961,215.5930,0.1120,0
219,0,215.4419,216.1561,216.4399,0.1124,0
220,0,216.3025,216.9974,217.2694,0.1075,0
221,0,217.1359,218.1069,218.3857,0.1151,0
222,0,218.2533,218.9445,219.2178,0.1115,0
223,0,219.0856,219.7724,220.0394,0.1052,0
224,0,219.9072,220.7299,221.0031,0.1138,0
225,0,220.8747,221.5576,221.8292,0.1113,0
226,0,221.6987,222.3903,222.7235,0.1090,0
227,0,222.5356,223.5412,223.8239,0.1128,0
228,0,223.6841,224.3753,224.6581,0.1163,0
229,0,224.5211,225.2118,225.4837,0.1047,0
230,0,225.3465,226.3499,226.6254,0.1160,0
231,0,226.4956,227.1819,227.4536,0.1119,0
232,0,227.3232,228.0128,228.4288,0.1531,0
233,0,228.2742,229.1179,229.4143,0.1091,0
234,0,229.2662,229.9832,230.2719,0.1122,0
235,0,230.1299,230.8377,231.1894,0.1561,0
236,0,231.0340,232.0034,232.3171,0.1218,0
237,0,232.1621,232.8798,233.2009,0.1027,0
238,0,233.0197,233.7963,234.0989,0.1134,0
239,0,233.9482,234.9669,235.2563,0.1156,0
240,0,235.1224,235.8385,236.1124,0.1113,0
241,0,235.9813,236.6869,237.2146,0.3607,0
242,0,237.0821,237.7825,238.0570,0.1124,0
243,0,237.9247,238.6125,238.8804,0.1107,0
244,0,238.7520,239.4421,240.0381,0.3764,0
245,0,239.8482,240.5575,240.8450,0.1084,0
246,0,240.6962,241.4376,241.7478,0.1079,0
247,0,241.5813,242.3042,242.9561,0.4149,0
248,0,242.7612,243.5197,243.8216,0.1146,0
249,0,243.6740,244.3883,244.6654,0.1153,0
250,0,244.5350,245.5612,245.8634,0.1132,0
251,0,245.7056,246.4135,246.7089,0.1084,0
252,0,246.5532,247.2598,247.6228,0.1130,0
253,0,247.4041,248.3899,248.7852,0.2280,0
254,0,248.6473,249.3451,249.6144,0.1072,0
255,0,249.4821,250.1683,250.4850,0.1105,0
256,0,250.3076,251.3493,251.6461,0.1133,0
257,0,251.4932,252.1974,252.5272,0.1174,0
258,0,252.3554,253.0972,253.4515,0.1293,0
259,0,253.2650,254.2625,254.5552,0.1115,0
260,0,254.4092,255.1245,255.4181,0.1155,0
261,0,255.2766,255.9954,256.2746,0.1133,0
262,0,256.1405,257.0448,257.3497,0.1124,0
263,0,257.1895,257.9019,258.2705,0.1112,0
264,0,258.0697,258.8696,259.1631,0.1112,0
265,0,259.0165,259.7565,260.0465,0.1138,0
266,0,259.9047,260.6192,260.8939,0.1118,0
267,0,260.7603,261.4477,261.7614,0.1184,0
268,0,261.5960,262.4521,262.7335,0.1122,0
269,0,262.5996,263.2940,263.5765,0.1102,0
270,0,263.4342,264.1307,264.5002,0.1069,0
271,0,264.2663,265.2910,265.6508,0.1668,0
272,0,265.4987,266.2401,266.5440,0.1114,0
273,0,266.3920,267.1077,267.3837,0.1115,0
274,0,267.2568,268.0976,268.3967,0.1139,0
275,0,268.2432,268.9503,269.2695,0.1114,0
276,0,269.1019,269.8568,270.1560,0.1109,0
277,0,269.9991,270.8543,271.1398,0.1105,0
278,0,270.9958,271.6952,271.9650,0.1114,0
279,0,271.8357,272.5248,272.8519,0.1519,0
280,0,272.7125,273.6360,273.9461,0.1178,0
281,0,273.7845,274.5048,274.8488,0.1181,0
282,0,274.6704,275.4169,275.6981,0.1118,0
283,0,275.5634,276.4427,276.7451,0.1113,0
284,0,276.5871,277.2989,277.5931,0.1094,0
285,0,277.4386,278.1471,278.4513,0.1066,0
286,0,278.2887,279.1321,279.4132,0.1133,0
287,0,279.2755,279.9675,280.2390,0.1109,0
288,0,280.1089,280.8031,281.1801,0.1081,0
289,0,280.9408,282.0086,282.3633,0.1595,0
290,0,282.2087,282.9537,283.3036,0.1160,0
291,0,283.1071,283.8862,284.1743,0.1122,0
292,0,284.0333,284.7788,285.0870,0.1133,0
293,0,284.9354,285.6804,285.9854,0.1105,0
294,0,285.8278,286.5614,286.8305,0.1125,0
295,0,286.7029,287.5338,287.8338,0.1125,0
296,0,287.7025,288.4491,288.7432,0.1102,0
297,0,288.5952,289.3330,289.6241,0.1138,0
298,0,289.4834,290.4025,290.7601,0.1298,0
299,0,290.5685,291.3304,291.6175,0.1127,0
300,0,291.4751,292.1796,292.5173,0.1199,0
301,0,292.3292,293.0860,293.4244,0.1199,0
302,0,293.2644,293.9979,294.3188,0.1173,0
303,0,294.1520,294.8668,295.1813,0.1141,0
304,0,295.0144,295.9486,296.2262,0.1127,0
305,0,296.0953,296.7765,297.0842,0.1081,0
306,0,296.9205,297.6442,297.9361,0.1084,0
307,0,297.7851,298.6047,298.9605,0.1631,0
308,0,298.8026,299.5313,299.8114,0.1135,0
309,0,299.6765,300.3663,300.6452,0.1077,0
310,0,300.5048,301.4653,301.7689,0.1145,0
311,0,301.6119,302.3204,302.6391,0.1171,0
312,0,302.4708,303.1934,303.4760,0.1059,0
313,0,303.3328,304.1356,304.4219,0.1175,0
314,0,304.2860,304.9870,305.2791,0.1128,0
315,0,305.1355,305.9542,306.2828,0.1394,0
316,0,306.1372,307.0043,307.3219,0.1082,0
317,0,307.1515,307.8843,308.1852,0.1103,0
318,0,308.0257,308.7472,309.0547,0.1109,0
319,0,308.8923,309.7254,310.0296,0.1132,0
320,0,309.8710,310.5860,310.8786,0.1096,0
321,0,310.7247,311.4305,311.7601,0.1310,0
322,0,311.6001,312.4561,312.7421,0.1135,0
323,0,312.6048,313.2948,313.6162,0.1185,0
324,0,313.4501,314.1757,314.5326,0.1642,0
325,0,314.4024,315.3227,315.6830,0.1608,0
326,0,315.5188,316.2468,316.5452,0.1071,0
327,0,316.3863,317.1012,317.4082,0.1100,0
328,0,317.2433,318.1652,318.4660,0.1126,0
329,0,318.3088,319.0237,319.3170,0.1087,0
330,0,319.1624,319.8696,320.1777,0.1180,0
331,0,320.0179,320.9351,321.2094,0.1124,0
332,0,321.0790,321.7681,322.0918,0.1138,0
333,0,321.9332,322.6605,322.9579,0.1089,0
334,0,322.8147,323.6117,323.9121,0.1138,0
335,0,323.7645,324.4795,324.7539,0.1127,0
336,0,324.6224,325.3149,325.6437,0.1371,0
337,0,325.4824,326.3574,326.6605,0.1113,0
338,0,326.4992,327.2133,327.5151,0.1100,0
339,0,327.3528,328.0639,328.3866,0.1601,0
340,0,328.2537,329.1685,329.4459,0.1155,0
341,0,329.3138,329.9988,330.2658,0.1118,0
342,0,330.1395,330.8277,331.1560,0.1045,0
343,0,330.9694,332.1920,332.4957,0.1116,0
344,0,332.3453,333.0670,333.3775,0.1171,0
345,0,333.2170,333.9248,334.5218,0.3741,0
346,0,334.3370,335.0935,335.4030,0.1131,0
347,0,335.2416,335.9516,336.2477,0.1113,0
348,0,336.0937,336.7993,337.3891,0.2990,0
349,0,337.1292,337.9787,338.2930,0.1128,0
350,0,338.1329,338.8813,339.1849,0.1147,0
351,0,339.0350,340.0306,340.3394,0.1160,0
352,0,340.1787,340.8937,341.1958,0.1103,0
353,0,341.0351,341.7451,342.0829,0.1129,0
354,0,341.8921,342.9087,343.2923,0.1323,0
355,0,343.0862,343.8754,344.1910,0.1113,0
356,0,344.0222,344.7611,345.0998,0.1372,0
357,0,344.9315,345.7883,346.0949,0.1125,0
358,0,345.9380,346.6500,346.9426,0.1099,0
359,0,346.7910,347.4921,347.8187,0.1063,0
360,0,347.6446,348.6939,348.9899,0.1110,0
361,0,348.8438,349.5664,349.8508,0.1119,0
362,0,349.7138,350.4314,350.7080,0.1156,0
363,0,350.5775,351.3894,351.6924,0.1146,0
364,0,351.5366,352.2492,352.7182,0.1192,0
365,0,352.4196,353.3059,353.6038,0.1126,0
366,0,353.4552,354.3091,354.6107,0.1140,0
367,0,354.4618,355.1764,355.4690,0.1137,0
368,0,355.3229,356.0255,356.3286,0.1137,0
369,0,356.1721,357.0524,357.3493,0.1118,0
370,0,357.2059,357.9006,358.1736,0.1112,0
371,0,358.0436,358.7305,359.0032,0.1106,0
372,0,358.8695,359.7938,360.0979,0.1130,0
373,0,359.9395,360.6444,360.9423,0.1117,0
374,0,360.7875,361.5035,361.8058,0.1090,0
375,0,361.6518,362.4994,362.7960,0.1159,0
376,0,362.6531,363.3716,363.6499,0.1114,0
377,0,363.5153,364.2073,364.5861,0.1717,0
378,0,364.4190,365.3258,365.7267,0.1631,0
379,0,365.5246,366.2862,366.5751,0.1083,0
380,0,366.4290,367.1437,367.4180,0.1090,0
381,0,367.2843,368.1692,368.5018,0.1207,0
382,0,368.3383,369.1127,369.4569,0.1176,0
383,0,369.2707,370.0366,370.6088,0.4002,0
384,0,370.4718,371.1741,371.4747,0.1106,0
385,0,371.3162,372.0391,372.3527,0.1124,0
386,0,372.1962,373.2067,373.5042,0.1123,0
387,0,373.3596,374.0741,374.3642,0.1145,0
388,0,374.2235,374.9313,375.2037,0.1130,0
389,0,375.0751,375.9978,376.3538,0.1616,0
390,0,376.1953,376.9159,377.2180,0.1097,0
391,0,377.0566,377.7621,378.0546,0.1099,0
392,0,377.9026,378.8991,379.1963,0.1204,0
393,0,379.0572,379.7494,380.0210,0.1139,0
394,0,379.8921,380.5822,380.8592,0.1140,0
395,0,380.7270,381.6323,382.0847,0.2599,0
396,0,381.9296,382.6957,383.0169,0.1132,0
397,0,382.8505,383.5973,383.8895,0.1090,0
398,0,383.7430,384.7618,385.0518,0.1139,0
399,0,384.9055,385.6125,385.8955,0.1129,0
400,0,385.7990,386.4680,386.8006,0.1127,0
401,0,386.6237,387.4944,387.7837,0.1082,0
402,0,387.6410,388.3714,388.6748,0.1121,0
403,0,388.5149,389.2229,389.5308,0.1178,0
404,0,389.3723,390.2484,390.5230,0.1146,0
405,0,390.3939,391.0824,391.3476,0.1103,0
406,0,391.2216,391.9130,392.1747,0.1011,0
407,0,392.0432,392.9874,393.3724,0.1582,0
408,0,393.1927,393.9374,394.2247,0.1134,0
409,0,394.0848,394.7839,395.0668,0.1192,0
410,0,394.9340,395.8840,396.1618,0.1175,0
411,0,396.0321,396.7197,396.9821,0.1063,0
412,0,396.8551,397.5508,398.0108,0.1350,0
413,0,397.7451,398.7201,399.0043,0.1086,0
414,0,398.8591,399.5816,399.8777,0.1115,0
415,0,399.7239,400.4399,400.7455,0.1124,0
416,0,400.5871,401.4207,401.6983,0.1143,0
417,0,401.5657,402.2572,402.5879,0.1190,0
418,0,402.4398,403.1826,403.4548,0.1078,0
419,0,403.3515,404.2135,404.5071,0.1185,0
420,0,404.3672,405.0754,405.3573,0.1120,0
421,0,405.2193,405.9172,406.2126,0.1016,0
422,0,406.0493,407.0231,407.3183,0.1211,0
423,0,407.1801,407.8945,408.1940,0.1118,0
424,0,408.0381,408.7611,409.0767,0.1156,0
425,0,408.9133,409.8851,410.1602,0.1131,0
426,0,410.0276,410.7212,410.9927,0.1115,0
427,0,410.8618,411.5573,411.8231,0.1111,0
428,0,411.6973,412.5415,412.8664,0.1199,0
429,0,412.7016,413.4177,413.6925,0.1108,0
430,0,413.5589,414.2504,414.5393,0.1067,0
431,0,414.4160,415.3878,415.6931,0.1129,0
432,0,415.5391,416.2639,416.5398,0.1047,0
433,0,416.3993,417.0977,417.3752,0.1139,0
434,0,417.2417,418.0635,418.3453,0.1150,0
435,0,418.2091,418.9044,419.2233,0.1141,0
436,0,419.0528,419.8164,420.1238,0.1084,0
437,0,419.9596,420.8603,421.1719,0.1113,0
438,0,421.0092,421.7318,422.0460,0.1084,0
439,0,421.8768,422.6326,422.9711,0.1050,0
440,0,422.7913,423.6710,423.9653,0.1140,0
441,0,423.8225,424.5488,424.8494,0.1115,0
442,0,424.6955,425.4292,425.7049,0.1086,0
443,0,425.5673,426.5516,426.8199,0.1107,0
444,0,426.6925,427.3928,427.6631,0.1119,0
445,0,427.5344,428.2245,428.4910,0.1111,0
446,0,428.3650,429.2084,429.5119,0.1157,0
447,0,429.3557,430.0634,430.4210,0.1179,0
448,0,430.2204,430.9737,431.3014,0.1153,0
449,0,431.1275,432.0102,432.3957,0.1275,0
450,0,432.1794,432.9631,433.2995,0.1119,0
451,0,433.1134,433.8682,434.1685,0.1099,0
452,0,434.0163,434.7559,435.0930,0.1159,0
453,0,434.9080,435.6532,435.9539,0.1143,0
454,0,435.8025,436.5267,436.8747,0.1755,0
455,0,436.7369,437.5629,437.8446,0.1128,0
456,0,437.7080,438.4122,438.6847,0.1110,0
457,0,438.5534,439.2463,439.5353,0.1051,0
458,0,439.3822,440.3562,440.6571,0.1110,0
459,0,440.5029,441.2268,441.5216,0.1183,0
460,0,441.3793,442.0868,442.4004,0.1061,0
461,0,442.2449,443.0521,443.3562,0.1161,0
462,0,443.2058,443.9195,444.2162,0.1101,0
463,0,444.0661,444.7847,445.0579,0.1043,0
464,0,444.9216,445.7676,446.1357,0.1176,0
465,0,445.9161,446.6975,446.9926,0.1124,0
466,0,446.8462,447.5538,447.9115,0.1362,0
467,0,447.7490,448.7097,448.9961,0.1100,0
468,0,448.8538,449.5684,449.8715,0.1110,0
469,0,449.7106,450.4260,450.7307,0.1126,0
470,0,450.5709,451.5034,451.7811,0.1149,0
471,0,451.6491,452.3374,452.6381,0.1120,0
472,0,452.4927,453.2135,453.5642,0.1196,0
473,0,453.3846,454.3533,454.6530,0.1135,0
474,0,454.5035,455.2213,455.5066,0.1141,0
475,0,455.3665,456.0651,456.3788,0.1131,0
476,0,456.2151,457.0892,457.3758,0.1185,0
477,0,457.2390,457.9282,458.1973,0.1104,0
478,0,458.0683,458.7595,459.0359,0.1106,0
479,0,458.8992,459.7277,460.0067,0.1138,0
480,0,459.8727,460.5702,460.8734,0.1134,0
481,0,460.7151,461.4235,461.8499,0.1570,0
482,0,461.6217,462.5160,462.8433,0.1121,0
483,0,462.6708,463.4069,463.6887,0.1123,0
484,0,463.5505,464.2438,464.5500,0.1058,0
485,0,464.4559,465.3569,465.6535,0.1096,0
486,0,465.5048,466.2256,466.5116,0.1093,0
487,0,466.3692,467.0705,467.3681,0.1102,0
488,0,467.2123,468.0503,468.3301,0.1132,0
489,0,468.1982,468.8847,469.1564,0.1122,0
490,0,469.0269,469.7142,469.9757,0.1029,0
491,0,469.8459,470.8261,471.1164,0.1138,0
492,0,470.9705,471.6729,471.9438,0.1134,0
493,0,471.8155,472.5016,472.8702,0.1633,0
494,0,472.7062,473.6838,473.9623,0.1167,0
495,0,473.8307,474.5211,474.8429,0.1099,0
496,0,474.6694,475.4313,475.7335,0.1141,0
497,0,475.6090,476.4148,476.6978,0.1028,0
498,0,476.5570,477.3044,477.6114,0.1141,0
499,0,477.4597,478.1734,478.4688,0.1095,0
500,0,478.3270,479.2035,479.5074,0.1125,0
501,0,479.3490,480.0554,480.3722,0.1140,0
502,0,480.2073,480.9370,481.2129,0.1062,0
503,0,481.1035,482.0577,482.3885,0.1133,0
504,0,482.2192,482.9857,483.3403,0.1093,0
505,0,483.1326,483.9052,484.1920,0.1126,0
506,0,484.0521,484.7947,485.0876,0.1078,0
507,0,484.9465,485.6608,485.9344,0.1120,0
508,0,485.8037,486.4988,486.7738,0.1018,0
509,0,486.6399,487.4743,487.7802,0.1109,0
510,0,487.6199,488.3328,488.6296,0.1093,0
511,0,488.4763,489.1842,489.5354,0.1541,0
512,0,489.3702,490.4939,490.7961,0.1114,0
513,0,490.6358,491.3424,491.6426,0.1106,0
514,0,491.4832,492.1949,492.6628,0.1188,0
515,0,492.3591,493.2554,493.5480,0.1147,0
516,0,493.4016,494.1198,494.4033,0.1148,0
517,0,494.2648,494.9614,495.2428,0.1137,0
518,0,495.1034,495.8590,496.1345,0.1134,0
519,0,496.0013,496.6892,496.9487,0.1020,0
520,0,496.8204,497.5100,497.8779,0.1685,0
521,0,497.7334,498.6880,498.9896,0.1107,0
522,0,498.8334,499.5462,499.8570,0.1152,0
523,0,499.6956,500.4075,500.7011,0.1102,0
524,0,500.5481,501.3892,501.6916,0.1125,0
525,0,501.5335,502.2441,502.5773,0.1187,0
526,0,502.4008,503.1264,503.4035,0.1070,0
527,0,503.2660,504.2154,504.5202,0.1182,0
528,0,504.8213,505.4222,505.8084,0.1106,0
529,0,505.6454,506.5556,507.1257,0.3345,0
530,0,506.9761,507.7150,508.0905,0.1130,0
531,0,507.8640,508.6784,508.9833,0.1223,0
532,0,508.8339,509.6845,509.9976,0.1158,0
533,0,509.8334,510.5580,510.8290,0.1112,0
534,0,510.6982,511.3903,511.6722,0.1013,0
535,0,511.5302,512.5370,512.8327,0.1126,0
536,0,512.6862,513.4061,513.6906,0.1109,0
537,0,513.5519,514.2703,514.8379,0.3265,0
538,0,514.6435,515.4060,515.6900,0.1072,0
539,0,515.5497,516.2674,516.5755,0.1099,0
540,0,516.4123,517.1276,517.4300,0.1121,0
541,0,517.2733,518.1937,518.4974,0.1152,0
542,0,518.3410,519.0519,519.3490,0.1099,0
543,0,519.1944,519.9036,520.2012,0.1121,0
544,0,520.0469,521.0281,521.3110,0.1186,0
545,0,521.1796,521.8714,522.1884,0.1133,0
546,0,522.0185,522.7483,523.0278,0.1122,0
547,0,522.8940,523.7470,524.0714,0.1156,0
548,0,523.8916,524.6568,524.9541,0.1115,0
549,0,524.8005,525.5222,525.8137,0.1143,0
550,0,525.6735,526.5143,526.7888,0.1117,0
551,0,526.6556,527.3453,527.6139,0.1106,0
552,0,527.4842,528.1752,528.4420,0.1036,0
553,0,528.3074,529.1053,529.3846,0.1149,0
554,0,529.2506,529.9489,530.2495,0.1114,0
555,0,530.0993,530.8357,531.1661,0.1012,0
556,0,530.9781,532.0569,532.3926,0.1134,0
557,0,532.2173,532.9770,533.3125,0.1121,0
558,0,533.1302,533.8914,534.4492,0.3710,0
559,0,534.3007,535.0530,535.3460,0.1122,0
560,0,535.2034,535.9273,536.2016,0.1116,0
561,0,536.0720,536.7648,537.3126,0.3653,0
562,0,537.1586,537.8704,538.1686,0.1107,0
563,0,538.0109,538.7193,539.0201,0.1121,0
564,0,538.8617,539.8502,540.1600,0.1205,0
565,0,540.0161,540.7242,540.9941,0.1121,0
566,0,540.8650,541.5627,541.8552,0.1104,0
567,0,541.7029,542.6473,543.0064,0.1840,0
568,0,542.8658,543.5731,543.8782,0.1130,0
569,0,543.7181,544.4324,544.6980,0.1059,0
570,0,544.5674,545.5288,545.8493,0.1197,0
571,0,545.6918,546.4087,546.6841,0.1125,0
572,0,546.5477,547.2467,547.5369,0.1096,0
573,0,547.3839,548.3162,548.7568,0.2571,0
574,0,548.6033,549.3136,549.6178,0.1091,0
575,0,549.4505,550.1696,550.5094,0.1110,0
576,0,550.3078,551.3639,551.6544,0.1114,0
577,0,551.5030,552.2076,552.5182,0.1172,0
578,0,552.3572,553.0737,553.4874,0.1651,0
579,0,553.2820,554.2789,554.5843,0.1156,0
580,0,554.4330,555.1632,555.4679,0.1194,0
581,0,555.3200,556.0542,556.3550,0.1126,0
582,0,556.2034,557.0613,557.3380,0.1057,0
583,0,557.2015,557.9150,558.2249,0.1121,0
584,0,558.0617,558.7824,559.0752,0.1081,0
585,0,558.9189,559.8394,560.1439,0.1144,0
586,0,559.9829,560.7012,560.9938,0.1109,0
587,0,560.8397,561.5491,561.8434,0.1113,0
588,0,561.6896,562.6071,562.9064,0.1131,0
589,0,562.7491,563.4602,563.7388,0.1107,0
590,0,563.5998,564.3001,564.8142,0.3116,0
591,0,564.6754,565.4831,565.7742,0.1125,0
592,0,565.6294,566.3503,566.6489,0.1091,0
593,0,566.4886,567.1967,567.4696,0.1147,0
594,0,567.3386,568.1811,568.4872,0.1108,0
595,0,568.3405,569.0444,569.3639,0.1141,0
596,0,569.1949,569.9528,570.2470,0.1151,0
597,0,570.1037,570.9318,571.3735,0.1184,0
598,0,571.0879,571.8877,572.1870,0.1114,0
599,0,572.0325,572.7635,573.4128,0.3957,0
600,0,573.2114,574.0763,574.3710,0.1132,0
601,0,574.2204,574.9388,575.2570,0.1148,0
602,0,575.0829,576.1511,576.4388,0.1152,0
603,0,576.3015,577.0018,577.2867,0.1130,0
604,0,577.1421,577.8513,578.1146,0.1115,0
605,0,577.9895,578.9554,579.2520,0.1170,0
606,0,579.1035,579.8084,580.0883,0.1154,0
607,0,579.9507,580.6407,580.9667,0.1103,0
608,0,580.7795,581.7079,582.1230,0.2238,0
609,0,581.9640,582.6823,582.9918,0.1160,0
610,0,582.8296,583.5488,583.8458,0.1103,0
611,0,583.6867,584.6517,584.9476,0.1125,0
612,0,584.7914,585.4992,585.7871,0.1109,0
613,0,585.6375,586.3471,586.6983,0.1170,0
614,0,586.5097,587.5205,587.8344,0.1171,0
615,0,587.6681,588.3853,588.6797,0.1104,0
616,0,588.5237,589.2341,589.5368,0.1000,0
617,0,589.3894,590.2545,590.5622,0.1138,0
618,0,590.4093,591.1518,591.4635,0.1123,0
619,0,591.3178,592.1103,592.4868,0.1100,0
620,0,592.2807,593.1540,593.5024,0.1113,0
621,0,593.3109,594.0873,594.4163,0.1126,0
622,0,594.2372,595.0077,595.5434,0.3587,0
623,0,595.4010,596.1188,596.4235,0.1098,0
624,0,596.2570,596.9831,597.2737,0.1098,0
625,0,597.1209,598.0216,598.4585,0.2276,0
626,0,598.2780,599.0166,599.2942,0.1127,0
627,0,599.1579,599.8509,600.1584,0.1272,0
628,0,600.0073,600.9916,601.2602,0.1134,0
629,0,601.1329,601.8204,602.1448,0.1182,0
630,0,601.9786,602.7005,603.0738,0.1132,0
631,0,602.8456,603.9428,604.3684,0.1131,0
632,0,604.1432,604.9353,605.3456,0.1137,0
633,0,605.1144,605.8996,606.2770,0.1192,0
634,0,606.1092,606.9463,607.2772,0.1103,0
635,0,607.0969,607.8741,608.2126,0.1194,0
636,0,608.0316,608.7806,609.1646,0.1101,0
637,0,608.9242,609.7654,610.0903,0.1095,0
638,0,609.9124,610.7110,611.1388,0.1162,0
639,0,610.8581,611.7008,612.3218,0.3735,0
640,0,612.1336,612.8908,613.2010,0.1130,0
641,0,613.0368,613.7580,614.0547,0.1144,0
642,0,613.9060,614.8153,615.2099,0.2258,0
643,0,615.0734,615.7975,616.0834,0.1124,0
644,0,615.9391,616.6433,616.9530,0.1124,0
645,0,616.7841,617.8029,618.3046,0.1430,0
646,0,617.9913,618.8990,619.2336,0.1244,0
647,0,619.0603,619.8206,620.1533,0.1097,0
648,0,619.9693,620.8723,621.1874,0.1158,0
649,0,621.0294,621.7828,622.1141,0.1074,0
650,0,621.9376,622.7837,623.3010,0.2672,0
651,0,623.1012,623.8881,624.1822,0.1103,0
652,0,624.0368,624.7531,625.0258,0.1143,0
653,0,624.8974,625.8723,626.1716,0.1083,0
654,0,626.0197,626.7501,627.0621,0.1145,0
655,0,626.9031,627.6173,627.9250,0.1119,0
656,0,627.7711,628.7875,629.0781,0.1152,0
657,0,628.9354,629.6418,629.9159,0.1087,0
658,0,629.7780,630.4731,630.7420,0.1124,0
659,0,630.6125,631.4913,631.9034,0.2270,0
660,0,631.7483,632.4617,632.7733,0.1125,0
661,0,632.6198,633.3418,633.7552,0.1197,0
662,0,633.5021,634.6273,634.9301,0.1154,0
663,0,634.7782,635.5422,635.8774,0.1196,0
664,0,635.6988,636.4429,636.7339,0.1190,0
665,0,636.5907,637.4194,637.7442,0.1203,0
666,0,637.5821,638.3034,638.6122,0.1147,0
667,0,638.4465,639.1642,639.4306,0.1013,0
668,0,639.2968,640.1246,640.4383,0.1200,0
669,0,640.2757,640.9901,641.3146,0.1160,0
670,0,641.1589,641.9107,642.2527,0.1100,0
671,0,642.0715,642.9452,643.2473,0.1182,0
672,0,643.1058,643.8482,644.1506,0.1126,0
673,0,643.9975,644.7252,644.9906,0.1008,0
674,0,644.8566,645.6614,645.9369,0.1089,0
675,0,645.7994,646.4945,646.7591,0.1058,0
676,0,646.6292,647.3258,647.6325,0.1115,0
677,0,647.4660,648.3829,648.7930,0.2260,0
678,0,648.6403,649.3552,649.6535,0.1095,0
679,0,649.4961,650.2121,650.5524,0.1139,0
680,0,650.3710,651.3822,651.6666,0.1130,0
681,0,651.5258,652.2247,652.5462,0.1117,0
682,0,652.3684,653.1102,653.4620,0.1351,0
683,0,653.2859,654.1082,654.4223,0.1105,0
684,0,654.2533,654.9971,655.2771,0.1139,0
685,0,655.1410,655.8359,656.0931,0.1022,0
686,0,655.9650,656.9111,657.1790,0.1121,0
687,0,657.0519,657.7423,658.0067,0.1115,0
688,0,657.8808,658.5727,658.8723,0.1008,0
689,0,658.7001,659.6882,660.0117,0.1169,0
690,0,659.8380,660.5679,660.8631,0.1130,0
691,0,660.7087,661.4166,661.7685,0.1615,0
692,0,661.6255,662.5451,662.8577,0.1184,0
693,0,662.6977,663.4124,663.7128,0.1149,0
694,0,663.5553,664.2737,664.6086,0.1116,0
695,0,664.4437,665.4265,665.7192,0.1100,0
696,0,665.5717,666.3001,666.6028,0.1083,0
697,0,666.4484,667.1863,667.7295,0.3708,0
698,0,667.5903,668.3148,668.5993,0.1106,0
699,0,668.4608,669.1750,669.4423,0.1112,0
700,0,669.3149,670.0117,670.5535,0.3516,0
701,0,670.3929,671.1213,671.4293,0.1144,0
702,0,671.2731,672.0014,672.3000,0.1110,0
703,0,672.1434,673.1243,673.4815,0.1243,0
704,0,673.2888,674.0274,674.3328,0.1126,0
705,0,674.1710,674.8927,675.1979,0.1122,0
706,0,675.0358,676.0262,676.2994,0.1136,0
707,0,676.1711,676.8588,677.1352,0.1108,0
708,0,677.0025,677.7031,677.9699,0.1116,0
709,0,677.8431,678.8055,679.0903,0.1139,0
710,0,678.9490,679.6528,679.9901,0.1165,0
711,0,679.8100,680.5825,680.8737,0.1162,0
712,0,680.7339,681.8466,682.1895,0.1525,0
713,0,682.0396,682.7646,683.0451,0.1100,0
714,0,682.9056,683.6273,683.9046,0.1050,0
715,0,683.7622,684.5738,684.8490,0.1141,0
716,0,684.7155,685.4142,685.7160,0.1149,0
717,0,685.5596,686.2765,686.6175,0.1098,0
718,0,686.4169,687.4312,687.6987,0.1122,0
719,0,687.5720,688.2655,688.5362,0.1103,0
720,0,688.4058,689.0999,689.3814,0.1090,0
721,0,689.2375,690.2212,690.5209,0.1119,0
722,0,690.3647,691.0871,691.3807,0.1098,0
723,0,691.2274,691.9397,692.2262,0.1051,0
724,0,692.0750,693.0196,693.3734,0.1202,0
725,0,693.1901,693.9597,694.2513,0.1111,0
726,0,694.1083,694.8389,695.1066,0.1037,0
727,0,694.9748,695.8261,696.1175,0.1149,0
728,0,695.9693,696.6773,696.9651,0.1075,0
729,0,696.8126,697.5293,697.9188,0.1633,0
730,0,697.7647,698.8282,699.1615,0.1153,0
731,0,698.9850,699.7322,700.0293,0.1096,0
732,0,699.8717,700.5955,701.0775,0.2974,0
733,0,700.9224,701.6477,701.9486,0.1151,0
734,0,701.7911,702.5103,702.7893,0.1071,0
735,0,702.6494,703.3537,703.9084,0.3890,0
736,0,703.7703,704.4751,704.7499,0.1112,0
737,0,704.6151,705.3088,705.5759,0.1099,0
738,0,705.4457,706.1433,706.6078,0.2804,0
739,0,706.4518,707.1671,707.4785,0.1183,0
740,0,707.3163,708.0467,708.3462,0.1099,0
741,0,708.1849,708.8962,709.4604,0.3733,0
742,0,709.3011,710.0198,710.3131,0.1176,0
743,0,710.1678,710.8732,711.1564,0.1130,0
744,0,711.0133,711.9814,712.2803,0.1167,0
745,0,712.1290,712.8547,713.1369,0.1155,0
746,0,712.9974,713.6997,713.9908,0.1139,0
747,0,713.8451,714.7594,715.1706,0.2010,0
748,0,715.0190,715.7579,716.0564,0.1158,0
749,0,715.9092,716.6261,716.9036,0.1076,0
750,0,716.7674,717.8238,718.1316,0.1195,0
751,0,717.9840,718.6943,718.9952,0.1113,0
752,0,718.8463,719.5986,719.9559,0.1103,0
753,0,719.7438,720.7753,721.0624,0.1161,0
754,0,720.9262,721.6358,721.9212,0.1060,0
755,0,721.7758,722.4910,722.8845,0.1743,0
756,0,722.7098,723.5782,723.9009,0.1223,0
757,0,723.7368,724.4639,724.7371,0.1132,0
758,0,724.6049,725.3031,725.6198,0.1548,0
759,0,725.4876,726.3210,726.6337,0.1172,0
760,0,726.4729,727.1944,727.4953,0.1116,0
761,0,727.3373,728.0550,728.3513,0.1061,0
762,0,728.1957,729.0407,729.3456,0.1133,0
763,0,729.1876,729.9030,730.5088,0.1297,0
764,0,730.1021,731.0831,731.4922,0.2126,0
765,0,731.3469,732.2093,732.5182,0.1146,0
766,0,732.3666,733.0946,733.4324,0.1176,0
767,0,733.2553,734.2852,734.5737,0.1136,0
768,0,734.4332,735.1633,735.4835,0.1162,0
769,0,735.3145,736.0404,736.3173,0.1165,0
770,0,736.1890,737.1482,737.4224,0.1137,0
771,0,737.2893,737.9863,738.2706,0.1098,0
772,0,738.1288,738.8330,739.1328,0.1123,0
773,0,738.9814,740.0452,740.3239,0.1155,0
774,0,740.1929,740.8951,741.1721,0.1169,0
775,0,741.0402,741.7341,742.0897,0.1073,0
776,0,741.8768,742.9567,743.3220,0.1595,0
777,0,743.1518,743.8806,744.1957,0.1105,0
778,0,744.0273,744.7717,745.1050,0.1378,0
779,0,744.9419,745.8965,746.2442,0.1237,0
780,0,746.0643,746.8413,747.1473,0.1116,0
781,0,746.9967,747.7403,748.1395,0.1852,0
782,0,747.9860,748.7386,749.0168,0.1125,0
783,0,748.8819,749.5850,749.8949,0.1119,0
784,0,749.7250,750.4563,750.7522,0.1098,0
785,0,750.5942,751.4340,751.7084,0.1143,0
786,0,751.5760,752.2718,752.5571,0.1130,0
787,0,752.4201,753.1250,753.4849,0.1140,0
788,0,753.2845,754.1832,754.4782,0.1130,0
789,0,754.3370,755.0821,755.4077,0.1156,0
790,0,755.2828,755.9892,756.3052,0.1147,0
791,0,756.1407,756.9824,757.2794,0.1097,0
792,0,757.1238,757.8458,758.1435,0.1112,0
793,0,757.9891,758.7134,759.0152,0.1076,0
794,0,758.8567,759.7969,760.0815,0.1136,0
795,0,759.9455,760.6534,760.9503,0.1127,0
796,0,760.7967,761.5196,761.8366,0.1124,0
797,0,761.6657,762.5774,762.8955,0.1297,0
798,0,762.7519,763.5081,763.7941,0.1134,0
799,0,763.6537,764.3627,765.0969,0.5272,0
800,0,764.9234,765.6749,765.9562,0.1108,0
801,0,765.8198,766.5249,766.8291,0.1138,0
802,0,766.6673,767.6664,768.0249,0.1742,0
803,0,767.8694,768.5904,768.8817,0.1111,0
804,0,768.7296,769.4443,769.7395,0.1097,0
805,0,769.5837,770.6128,770.9077,0.1120,0
806,0,770.7553,771.4752,771.7680,0.1118,0
807,0,771.6150,772.3304,772.6650,0.1186,0
808,0,772.4889,773.5234,773.8606,0.1147,0
809,0,773.6997,774.4254,774.7402,0.1174,0
810,0,774.5742,775.3013,775.6504,0.1646,0
811,0,775.4944,776.4244,776.7414,0.1186,0
812,0,776.5792,777.3046,777.6280,0.1195,0
813,0,777.4589,778.2043,778.4717,0.1100,0
814,0,778.3420,779.3053,779.6035,0.1137,0
815,0,779.4483,780.1626,780.4403,0.1154,0
816,0,780.3049,781.0086,781.7301,0.5109,0
817,0,781.5792,782.3331,782.6688,0.1193,0
818,0,782.4946,783.2497,783.5603,0.1166,0
819,0,783.3963,784.3981,784.7092,0.1217,0
820,0,784.5493,785.2703,785.5771,0.1160,0
821,0,785.4176,786.1373,786.4300,0.1108,0
822,0,786.2757,787.2790,787.5802,0.1144,0
823,0,787.4223,788.1423,788.4430,0.1106,0
824,0,788.2805,789.0031,789.3071,0.1102,0
825,0,789.1406,790.1633,790.4778,0.1353,0
826,0,790.3265,791.0414,791.3412,0.1180,0
827,0,791.1865,791.8991,792.1834,0.1073,0
828,0,792.0335,793.0243,793.3592,0.1194,0
829,0,793.1968,793.9511,794.2531,0.1173,0
830,0,794.1082,794.8335,795.1026,0.1036,0
831,0,794.9682,795.8877,796.2107,0.1207,0
832,0,796.0435,796.7709,797.0647,0.1072,0
833,0,796.9109,797.6333,798.1698,0.3220,0
834,0,797.9965,798.7689,799.0625,0.1106,0
835,0,798.9157,799.6337,799.8976,0.1069,0
836,0,799.7675,800.4701,800.7656,0.1121,0
837,0,800.6108,801.3640,801.6602,0.1132,0
838,0,801.5065,802.2251,802.5510,0.1175,0
839,0,802.3806,803.1139,803.4135,0.1335,0
840,0,803.2796,804.1031,804.3793,0.1131,0
841,0,804.2461,804.9437,805.2225,0.1120,0
842,0,805.0876,805.7927,806.0638,0.1035,0
843,0,805.9234,806.8508,807.2000,0.1657,0
844,0,807.0441,807.7612,808.1997,0.1095,0
845,0,807.8978,808.7746,809.1131,0.1178,0
846,0,808.9369,809.8112,810.1308,0.1171,0
847,0,809.9618,810.6932,810.9920,0.1115,0
848,0,810.8334,811.5612,811.8728,0.1135,0
849,0,811.7065,812.5388,812.8503,0.1162,0
850,0,812.6891,813.4166,813.6943,0.1119,0
851,0,813.5557,814.2559,814.5869,0.1053,0
852,0,814.4167,815.3523,815.6544,0.1129,0
853,0,815.5058,816.2334,816.5513,0.1081,0
854,0,816.3809,817.1355,817.6790,0.3754,0
855,0,817.5443,818.2674,818.5692,0.1138,0
856,0,818.4099,819.1313,819.4372,0.1147,0
857,0,819.2772,819.9975,820.5604,0.3738,0
858,0,820.3987,821.1229,821.4311,0.1187,0
859,0,821.2710,821.9918,822.3074,0.1125,0
860,0,822.1396,822.8701,823.3540,0.2719,0
861,0,823.1842,823.9528,824.2921,0.1194,0
862,0,824.1369,824.8717,825.1523,0.1129,0
863,0,825.0161,826.0132,826.3085,0.1108,0
864,0,826.1541,826.8788,827.1983,0.1159,0
865,0,827.0326,827.7613,828.0571,0.1103,0
866,0,827.9021,828.9364,829.2439,0.1142,0
867,0,829.0831,829.8094,830.1152,0.1108,0
868,0,829.9507,830.6782,830.9942,0.1095,0
869,0,830.8178,831.9908,832.3014,0.1123,0
870,0,832.1431,832.8851,833.2057,0.1092,0
871,0,833.0327,833.8059,834.3958,0.3823,0
872,0,834.2284,834.9768,835.2995,0.1158,0
873,0,835.1317,835.8637,836.1679,0.1100,0
874,0,836.0069,836.9602,837.3227,0.1624,0
875,0,837.1589,837.9031,838.2207,0.1177,0
876,0,838.0563,838.7913,839.0952,0.1102,0
877,0,838.9323,839.9214,840.3624,0.1123,0
878,0,840.0792,840.9347,841.2354,0.1102,0
879,0,841.0864,841.8283,842.1809,0.1139,0
880,0,841.9791,842.9175,843.3089,0.1672,0
881,0,843.1216,843.9029,844.2139,0.1113,0
882,0,844.0486,844.7955,845.1056,0.1220,0
883,0,844.9479,845.8954,846.1708,0.1135,0
884,0,846.0374,846.7387,847.0076,0.1079,0
885,0,846.8740,847.5760,847.9154,0.1160,0
886,0,847.7462,848.6737,848.9660,0.1108,0
887,0,848.8197,849.5517,849.8743,0.1084,0
888,0,849.7293,850.4874,850.8320,0.1197,0
889,0,850.6618,851.4319,851.7323,0.1128,0
890,0,851.5793,852.3055,852.6379,0.1226,0
891,0,852.4586,853.2106,853.5251,0.1138,0
892,0,853.3606,854.2348,854.5408,0.1142,0
893,0,854.3793,855.1174,855.4041,0.1075,0
894,0,855.2507,855.9834,856.2978,0.1079,0
895,0,856.1339,857.0200,857.3193,0.1122,0
896,0,857.1677,857.8986,858.1773,0.1141,0
897,0,858.0396,858.7524,859.0191,0.1027,0
898,0,858.8803,859.7636,860.0675,0.1188,0
899,0,859.9160,860.6464,860.9532,0.1144,0
900,0,860.7979,861.5337,861.8238,0.1128,0
901,0,861.6787,862.4476,862.7831,0.1144,0
902,0,862.6047,863.4013,863.6971,0.1141,0
903,0,863.5489,864.2835,864.7440,0.1097,0
904,0,864.4292,865.4665,865.7712,0.1122,0
905,0,865.6187,866.3507,866.6798,0.1127,0
906,0,866.5133,867.5246,867.8220,0.1162,0
907,0,867.6720,868.3860,868.6701,0.1109,0
908,0,868.5263,869.2364,869.5199,0.1117,0
909,0,869.3767,870.3218,870.6561,0.1669,0
910,0,870.5180,871.2238,871.6125,0.1106,0
911,0,871.3629,872.1845,872.4865,0.1120,0
912,0,872.3324,873.3973,873.7082,0.1135,0
913,0,873.5492,874.2736,874.6286,0.1776,0
914,0,874.4840,875.1968,875.5111,0.1113,0
915,0,875.3463,876.3784,876.6657,0.1066,0
916,0,876.5164,877.2367,877.5456,0.1106,0
917,0,877.3793,878.1049,878.4171,0.1507,0
918,0,878.2852,879.1083,879.3941,0.1164,0
919,0,879.2555,879.9593,880.2608,0.1121,0
920,0,880.1021,880.8227,881.1973,0.1072,0
921,0,880.9610,882.0259,882.3173,0.1039,0
922,0,882.1647,882.9066,883.1837,0.1135,0
923,0,883.0787,883.8886,884.4604,0.3799,0
924,0,884.3096,885.0445,885.3317,0.1190,0
925,0,885.1952,885.9002,886.1755,0.1128,0
926,0,886.0424,886.9796,887.5157,0.1668,0
927,0,887.1913,888.0802,888.3659,0.1124,0
928,0,888.2228,888.9375,889.3347,0.1149,0
929,0,889.0885,890.1896,890.5022,0.1164,0
930,0,890.3397,891.0648,891.3654,0.1117,0
931,0,891.2075,891.9257,892.2348,0.1055,0
932,0,892.0612,893.0440,893.3797,0.1184,0
933,0,893.2126,893.9538,894.2525,0.1121,0
934,0,894.1048,894.8351,895.1145,0.1038,0
935,0,894.9718,895.8327,896.1030,0.1143,0
936,0,895.9755,896.6694,896.9336,0.1027,0
937,0,896.7990,897.4862,897.8431,0.1087,0
938,0,897.6232,898.6552,898.9532,0.1120,0
939,0,898.8005,899.5181,899.7954,0.1077,0
940,0,899.6584,900.3591,900.6319,0.1114,0
941,0,900.4988,901.3164,901.6187,0.1131,0
942,0,901.4608,902.1771,902.5581,0.1246,0
943,0,902.3440,903.1492,903.4798,0.1138,0
944,0,903.3071,904.1333,904.4706,0.1648,0
945,0,904.3283,905.0247,905.3223,0.1131,0
946,0,905.1650,905.8752,906.1942,0.1520,0
947,0,906.0553,906.8946,907.1755,0.1145,0
948,0,907.0378,907.7371,908.0097,0.1123,0
949,0,907.8764,908.5671,908.8380,0.1070,0
950,0,908.7017,909.6432,909.9531,0.1164,0
951,0,909.7871,910.5009,910.7944,0.1106,0
952,0,910.6396,911.3467,911.6553,0.1227,0
953,0,911.4986,912.4742,912.7860,0.1184,0
954,0,912.6252,913.3349,913.6841,0.1181,0
955,0,913.4965,914.2699,914.5810,0.1051,0
956,0,914.4337,915.3662,915.6829,0.1108,0
957,0,915.5113,916.2487,916.5405,0.1096,0
958,0,916.3910,917.0984,917.3787,0.1145,0
959,0,917.2441,918.1124,918.4155,0.1212,0
960,0,918.2647,918.9712,919.2714,0.1128,0
961,0,919.1127,919.8183,920.1232,0.1101,0
962,0,919.9611,920.8788,921.1592,0.1123,0
963,0,921.0227,921.7047,921.9880,0.1028,0
964,0,921.8424,922.5683,922.8667,0.1219,0
965,0,922.7269,923.5752,923.8580,0.1120,0
966,0,923.7203,924.4094,924.6795,0.1133,0
967,0,924.5505,925.2279,925.5208,0.1067,0
968,0,925.3654,926.3098,926.6142,0.1120,0
969,0,926.4542,927.1579,927.4522,0.1088,0
970,0,927.2982,927.9964,928.2788,0.1071,0
971,0,928.1342,929.0813,929.3607,0.1164,0
972,0,929.2274,929.9012,930.1734,0.1104,0
973,0,930.0410,930.7172,931.0417,0.1109,0
974,0,930.8564,931.9591,932.2613,0.1128,0
975,0,932.1031,932.8017,933.1269,0.1123,0
976,0,932.9518,933.6818,934.0291,0.1317,0
977,0,933.8482,934.7279,935.0178,0.1138,0
978,0,934.8764,935.5695,935.8727,0.1115,0
979,0,935.7129,936.4044,936.7594,0.1684,0
980,0,936.6049,937.5698,937.8499,0.1130,0
981,0,937.7134,938.3850,938.6802,0.1093,0
982,0,938.5254,939.2221,939.5243,0.1395,0
983,0,939.3895,940.1928,940.4869,0.1127,0
984,0,940.3360,941.0257,941.3265,0.1144,0
985,0,941.1931,941.8713,942.1957,0.1155,0
986,0,942.0255,942.9874,943.3513,0.1180,0
987,0,943.1453,943.9068,944.2174,0.1110,0
988,0,944.0551,944.7837,945.0998,0.1277,0
989,0,944.9456,945.7669,946.0825,0.1160,0
990,0,945.9194,946.6277,946.9183,0.1103,0
991,0,946.7658,947.4440,947.8047,0.1073,0
992,0,947.5791,948.5976,948.8878,0.1094,0
993,0,948.7433,949.4585,949.7524,0.1124,0
994,0,949.6071,950.2888,950.5802,0.1029,0
995,0,950.4285,951.2517,951.5302,0.1133,0
996,0,951.3960,952.0588,952.3553,0.1113,0
997,0,952.2072,952.8912,953.2038,0.1140,0
998,0,953.0384,954.0320,954.3765,0.1650,0
999,0,954.2327,954.9383,955.2265,0.1121,0
1000,0,955.0860,955.7759,956.0690,0.1105,0
1001,0,955.9189,956.8652,957.1625,0.1126,0
1002,0,957.0097,957.6868,957.9856,0.1107,0
1003,0,957.8286,958.5091,958.8543,0.1088,0
1004,0,958.6489,959.6391,959.9373,0.1147,0
1005,0,959.7841,960.4571,960.7664,0.1171,0
1006,0,960.6067,961.2898,961.6291,0.1091,0
1007,0,961.4294,962.4011,962.7232,0.1174,0
1008,0,962.5588,963.2493,963.5287,0.1110,0
1009,0,963.3905,964.0518,964.4631,0.1092,0
1010,0,964.1938,965.2427,965.5764,0.1208,0
1011,0,965.3994,966.1243,966.4198,0.1141,0
1012,0,966.2763,966.9822,967.3097,0.1583,0
1013,0,967.1735,967.9684,968.2443,0.1156,0
1014,0,968.1130,968.7681,969.0369,0.1119,0
1015,0,968.9074,969.5592,969.8882,0.1093,0
1016,0,969.6963,970.8304,971.1398,0.1127,0
1017,0,970.9715,971.6542,971.9446,0.1099,0
1018,0,971.7915,972.4618,972.7922,0.1175,0
1019,0,972.6142,973.5616,973.8904,0.1186,0
1020,0,973.7234,974.4116,974.7195,0.1124,0
1021,0,974.5574,975.2389,975.5567,0.1034,0
1022,0,975.3702,976.3923,976.7119,0.1143,0
1023,0,976.5468,977.2188,977.5377,0.1173,0
1024,0,977.3754,978.0522,978.3467,0.1057,0
1025,0,978.1888,979.1137,979.4137,0.1111,0
1026,0,979.2567,979.9262,980.2345,0.1264,0
1027,0,980.0861,980.7479,981.1223,0.1107,0
1028,0,980.8852,981.8790,982.1981,0.1169,0
1029,0,982.0378,982.7723,983.0750,0.1115,0
1030,0,982.9237,983.6183,983.8941,0.1062,0
1031,0,983.7555,984.5619,984.8386,0.1089,0
1032,0,984.7039,985.3797,985.6805,0.1127,0
1033,0,985.5233,986.1987,986.5363,0.1085,0
1034,0,986.3372,987.3121,987.6323,0.1662,0
1035,0,987.5067,988.1575,988.4257,0.1110,0
1036,0,988.2984,988.9528,989.2176,0.1112,0
1037,0,989.0923,990.0170,990.3159,0.1163,0
1038,0,990.1633,990.8364,991.1352,0.1086,0
1039,0,990.9756,991.6465,991.9401,0.1092,0
1040,0,991.7876,992.7834,993.1071,0.1176,0
1041,0,992.9409,993.6229,993.9418,0.1132,0
1042,0,993.8280,994.5197,994.8747,0.1134,0
1043,0,994.6672,995.7228,995.9982,0.1174,0
1044,0,995.8687,996.5868,996.8903,0.1137,0
1045,0,996.7303,997.4435,997.8492,0.1104,0
1046,0,997.5964,998.6591,998.9496,0.1099,0
1047,0,998.8037,999.4814,999.7600,0.1109,0
1048,0,999.6223,1000.2833,1000.5489,0.1020,0
1049,0,1000.4171,1001.3537,1001.6271,0.1149,0
1050,0,1001.4977,1002.1519,1002.4417,0.1031,0
1051,0,1002.2935,1003.0002,1003.3570,0.1091,0
1052,0,1003.1451,1004.1368,1004.4442,0.1192,0
1053,0,1004.2905,1004.9671,1005.2728,0.1175,0
1054,0,1005.6646,1006.5229,1006.9146,0.1184,0
1055,0,1006.7212,1007.6089,1007.9320,0.1184,0
1056,0,1007.7633,1008.4531,1008.8609,0.1137,0
1057,0,1008.5959,1009.6462,1009.9419,0.1161,0
1058,0,1009.7927,1010.4800,1010.7717,0.1141,0
1059,0,1010.6293,1011.3102,1011.6154,0.1104,0
1060,0,1011.4538,1012.4424,1012.7886,0.1153,0
1061,0,1012.6020,1013.3395,1013.6366,0.1127,0
1062,0,1013.4894,1014.1724,1014.4972,0.1071,0
1063,0,1014.3101,1015.3731,1015.6690,0.1084,0
1064,0,1015.5164,1016.2241,1016.5037,0.1036,0
1065,0,1016.3627,1017.0454,1017.3195,0.1092,0
1066,0,1017.1854,1018.0029,1018.2772,0.1131,0
1067,0,1018.1465,1018.7971,1019.1170,0.1109,0
1068,0,1019.0107,1019.7121,1020.0234,0.1177,0
1069,0,1019.8658,1020.8683,1021.1764,0.1158,0
1070,0,1021.0186,1021.7000,1022.0265,0.1185,0
1071,0,1021.8576,1022.5529,1022.9255,0.1662,0
1072,0,1022.7551,1023.6444,1023.9591,0.1201,0
1073,0,1023.7965,1024.4772,1024.7543,0.1061,0
1074,0,1024.6109,1025.2784,1025.5496,0.1051,0
1075,0,1025.4147,1026.3317,1026.6005,0.1132,0
1076,0,1026.4737,1027.1318,1027.4350,0.1116,0
1077,0,1027.2749,1027.9522,1028.2977,0.1094,0
1078,0,1028.0929,1029.0936,1029.4256,0.1184,0
1079,0,1029.2667,1029.9568,1030.2617,0.1128,0
1080,0,1030.1019,1030.7841,1031.1946,0.1072,0
1081,0,1030.9212,1031.9793,1032.2789,0.1109,0
1082,0,1032.1254,1032.8192,1033.1009,0.1148,0
1083,0,1032.9664,1033.6427,1033.9762,0.1629,0
1084,0,1033.8377,1034.6342,1034.9078,0.1140,0
1085,0,1034.7763,1035.4287,1035.6997,0.1131,0
1086,0,1035.5681,1036.2223,1036.5349,0.1122,0
1087,0,1036.3608,1037.4773,1037.7696,0.1126,0
1088,0,1037.6176,1038.2922,1038.5822,0.1097,0
1089,0,1038.4294,1039.0991,1039.4671,0.1096,0
1090,0,1039.3414,1040.2225,1040.5802,0.1216,0
1091,0,1040.3839,1041.1246,1041.4255,0.1105,0
1092,0,1041.2749,1041.9752,1042.3707,0.1654,0
1093,0,1042.1781,1043.0188,1043.3593,0.1198,0
1094,0,1043.1857,1043.8946,1044.1759,0.1095,0
1095,0,1044.0367,1044.7058,1044.9970,0.1071,0
1096,0,1044.8463,1045.7916,1046.0708,0.1141,0
1097,0,1045.9338,1046.5944,1046.8600,0.1122,0
1098,0,1046.7336,1047.3906,1047.8297,0.1080,0
1099,0,1047.5264,1048.6151,1048.9127,0.1104,0
1100,0,1048.7627,1049.4691,1049.7609,0.1149,0
1101,0,1049.6187,1050.3091,1050.5888,0.1010,0
1102,0,1050.4419,1051.2509,1051.5334,0.1133,0
1103,0,1051.3951,1052.0562,1052.3422,0.1157,0
1104,0,1052.2065,1052.9160,1053.2932,0.1129,0
1105,0,1053.0670,1054.1052,1054.4844,0.1568,0
1106,0,1054.3012,1055.0353,1055.3535,0.1215,0
1107,0,1055.1926,1055.8989,1056.2261,0.1334,0
1108,0,1056.0661,1056.8878,1057.2060,0.1151,0
1109,0,1057.0321,1057.7263,1058.0233,0.1104,0
1110,0,1057.8663,1058.5506,1058.8661,0.1086,0
1111,0,1058.6871,1059.6363,1059.9397,0.1156,0
1112,0,1059.7798,1060.4714,1060.7574,0.1105,0
1113,0,1060.6134,1061.2943,1061.6406,0.1106,0
1114,0,1061.4334,1062.4174,1062.7329,0.1176,0
1115,0,1062.5706,1063.2580,1063.5731,0.1161,0
1116,0,1063.4108,1064.1132,1064.4994,0.1163,0
1117,0,1064.2587,1065.2923,1065.5875,0.1090,0
1118,0,1065.4358,1066.1539,1066.4472,0.1114,0
1119,0,1066.2991,1066.9950,1067.3163,0.1494,0
1120,0,1067.1768,1067.9847,1068.2632,0.1135,0
1121,0,1068.1284,1068.7958,1069.0627,0.1111,0
1122,0,1068.9348,1069.6117,1070.0016,0.1113,0
1123,0,1069.7508,1070.7324,1071.0906,0.1544,0
1124,0,1070.9275,1071.6404,1071.9153,0.1118,0
1125,0,1071.7820,1072.4478,1072.7708,0.1124,0
1126,0,1072.5997,1073.5814,1073.9082,0.1192,0
1127,0,1073.7369,1074.4585,1074.7530,0.1146,0
1128,0,1074.6101,1075.3152,1075.6409,0.1621,0
1129,0,1075.5048,1076.3158,1076.6147,0.1081,0
1130,0,1076.4701,1077.1582,1077.4260,0.1117,0
1131,0,1077.2977,1077.9644,1078.2904,0.1139,0
1132,0,1078.1049,1079.1274,1079.4270,0.1212,0
1133,0,1079.2764,1079.9643,1080.2634,0.1113,0
1134,0,1080.1031,1080.8026,1081.1424,0.1078,0
1135,0,1080.9380,1081.9312,1082.2360,0.1114,0
1136,0,1082.0803,1082.8132,1083.1310,0.1114,0
1137,0,1082.9711,1083.7087,1083.9898,0.1045,0
1138,0,1083.8470,1084.7024,1084.9766,0.1142,0
1139,0,1084.8461,1085.5209,1085.7918,0.1133,0
1140,0,1085.6624,1086.3383,1086.6279,0.1088,0
1141,0,1086.4758,1087.5646,1087.8616,0.1108,0
1142,0,1087.7066,1088.4043,1088.7019,0.1096,0
1143,0,1088.5449,1089.2443,1089.5603,0.1278,0
1144,0,1089.4026,1090.3078,1090.6278,0.1183,0
1145,0,1090.4652,1091.1691,1091.4672,0.1098,0
1146,0,1091.3097,1092.0110,1092.4011,0.1668,0
1147,0,1092.2174,1093.1540,1093.4740,0.1127,0
1148,0,1093.3126,1094.0301,1094.3219,0.1106,0
1149,0,1094.1728,1094.8936,1095.1899,0.1168,0
1150,0,1095.0431,1095.9223,1096.2056,0.1164,0
1151,0,1096.0678,1096.7459,1097.0150,0.1026,0
1152,0,1096.8779,1097.5753,1097.8821,0.1283,0
1153,0,1097.7637,1098.7846,1099.0806,0.1100,0
1154,0,1098.9304,1099.6614,1099.9793,0.1109,0
1155,0,1099.8097,1100.5473,1101.1016,0.3667,0
1156,0,1100.9467,1101.6570,1101.9782,0.1158,0
1157,0,1101.8104,1102.5249,1102.8321,0.1126,0
1158,0,1102.6705,1103.3811,1103.9076,0.3601,0
1159,0,1103.7710,1104.4594,1104.7419,0.1114,0
1160,0,1104.6057,1105.2946,1105.5704,0.1135,0
1161,0,1105.4380,1106.1281,1106.6655,0.3790,0
1162,0,1106.5358,1107.2234,1107.5773,0.1107,0
1163,0,1107.3907,1108.1542,1108.5762,0.1126,0
1164,0,1108.3476,1109.5061,1109.8958,0.1178,0
1165,0,1109.7116,1110.4779,1110.8774,0.1089,0
1166,0,1110.6785,1111.4488,1111.8427,0.1398,0
1167,0,1111.6246,1112.5179,1112.8384,0.1173,0
1168,0,1112.6934,1113.4262,1113.8416,0.1106,0
1169,0,1113.5709,1114.3531,1115.1908,0.5516,0
1170,0,1114.9337,1115.7514,1116.0781,0.1108,0
1171,0,1115.8949,1116.6421,1116.9760,0.1096,0
1172,0,1116.7851,1117.7694,1118.1286,0.1767,0
1173,0,1117.9806,1118.7004,1118.9835,0.1165,0
1174,0,1118.8486,1119.5444,1119.8657,0.1126,0
1175,0,1119.6852,1120.7168,1121.0233,0.1153,0
1176,0,1120.8627,1121.5796,1121.8783,0.1109,0
1177,0,1121.7215,1122.4319,1122.8832,0.1140,0
1178,0,1122.5866,1123.5583,1123.8541,0.1133,0
1179,0,1123.7073,1124.4169,1124.7000,0.1150,0
1180,0,1124.5639,1125.2671,1125.5666,0.1054,0
1181,0,1125.4043,1126.3794,1126.6519,0.1131,0
1182,0,1126.5206,1127.2125,1127.4840,0.1134,0
1183,0,1127.3533,1128.0472,1128.3116,0.1082,0
1184,0,1128.1833,1129.1258,1129.4206,0.1107,0
1185,0,1129.2670,1129.9712,1130.2728,0.1119,0
1186,0,1130.1132,1130.8312,1131.1952,0.1128,0
1187,0,1130.9744,1131.8542,1132.3079,0.2646,0
1188,0,1132.1534,1132.9071,1133.2039,0.1135,0
1189,0,1133.0582,1133.7711,1134.0520,0.1146,0
1190,0,1133.9154,1134.8557,1135.1378,0.1151,0
1191,0,1134.9993,1135.6943,1135.9870,0.1109,0
1192,0,1135.8328,1136.5441,1136.8341,0.1059,0
1193,0,1136.6780,1137.5381,1137.8066,0.1136,0
1194,0,1137.6786,1138.3772,1138.8070,0.1283,0
1195,0,1138.5461,1139.3608,1139.6500,0.1107,0
1196,0,1139.5042,1140.3548,1140.6469,0.1137,0
1197,0,1140.5031,1141.2010,1141.4714,0.1124,0
1198,0,1141.3412,1142.0404,1142.3533,0.1074,0
1199,0,1142.1831,1143.0483,1143.4254,0.1208,0
1200,0,1143.2099,1143.9718,1144.2605,0.1085,0
1201,0,1144.1148,1144.8511,1145.1354,0.1060,0
1202,0,1144.9956,1145.8908,1146.1732,0.1165,0
1203,0,1146.0406,1146.7385,1147.0054,0.1119,0
1204,0,1146.8779,1147.5666,1147.8750,0.1390,0
1205,0,1147.7652,1148.7963,1149.0974,0.1105,0
1206,0,1148.9479,1149.6915,1149.9809,0.1124,0
1207,0,1149.8391,1150.5577,1151.0979,0.3769,0
1208,0,1150.9616,1151.6621,1151.9369,0.1112,0
1209,0,1151.8006,1152.4893,1152.7747,0.1112,0
1210,0,1152.6336,1153.3313,1153.8893,0.3894,0
1211,0,1153.7521,1154.4822,1154.7837,0.1132,0
1212,0,1154.6386,1155.3531,1155.6293,0.1130,0
1213,0,1155.4946,1156.1895,1156.6992,0.3472,0
1214,0,1156.5659,1157.2593,1157.5426,0.1109,0
1215,0,1157.4030,1158.0964,1158.3761,0.1147,0
1216,0,1158.2433,1158.9392,1159.4122,0.2728,0
1217,0,1159.2457,1159.9682,1160.2831,0.1161,0
1218,0,1160.1209,1160.8330,1161.1363,0.1129,0
1219,0,1160.9765,1161.6957,1162.2444,0.3527,0
1220,0,1162.0809,1162.8002,1163.1087,0.1157,0
1221,0,1162.9521,1163.6611,1163.9282,0.1119,0
1222,0,1163.8001,1164.6867,1165.1050,0.2250,0
1223,0,1164.9446,1165.6687,1165.9429,0.1131,0
1224,0,1165.8108,1166.5002,1166.7681,0.1132,0
1225,0,1166.6408,1167.6012,1167.8763,0.1137,0
1226,0,1167.7455,1168.4434,1168.7573,0.1163,0
1227,0,1168.5968,1169.3112,1169.6592,0.1117,0
1228,0,1169.4766,1170.5360,1170.8692,0.1193,0
1229,0,1170.7005,1171.4334,1171.7115,0.1103,0
1230,0,1171.5760,1172.2723,1172.6717,0.1147,0
1231,0,1172.4277,1173.5253,1173.8265,0.1176,0
1232,0,1173.6808,1174.4016,1174.6730,0.1127,0
1233,0,1174.5415,1175.2302,1175.5192,0.1110,0
1234,0,1175.3683,1176.3242,1176.6077,0.1071,0
1235,0,1176.4587,1177.1634,1177.4581,0.1100,0
1236,0,1177.3017,1178.0140,1178.3134,0.1101,0
1237,0,1178.1518,1179.1174,1179.4298,0.1161,0
1238,0,1179.2682,1179.9859,1180.2946,0.1135,0
1239,0,1180.1476,1180.8883,1181.2501,0.1518,0
1240,0,1181.1072,1182.1631,1182.4870,0.1164,0
1241,0,1182.3265,1183.0578,1183.4020,0.1172,0
1242,0,1183.2106,1184.2649,1184.5809,0.1201,0
1243,0,1184.4184,1185.1377,1185.4966,0.1341,0
1244,0,1185.3241,1186.0619,1186.3542,0.1171,0
1245,0,1186.2092,1187.0737,1187.4022,0.1688,0
1246,0,1187.2711,1187.9603,1188.2372,0.1091,0
1247,0,1188.0969,1188.7891,1189.0659,0.1141,0
1248,0,1188.9296,1189.8984,1190.2082,0.1172,0
1249,0,1190.0443,1190.7595,1191.0782,0.1142,0
1250,0,1190.9046,1191.6349,1191.9282,0.1115,0
1251,0,1191.7743,1192.8122,1193.1246,0.1177,0
1252,0,1192.9591,1193.7171,1194.0140,0.1078,0
1253,0,1193.8539,1194.5637,1194.8914,0.1145,0
1254,0,1194.7094,1195.7451,1196.0164,0.1152,0
1255,0,1195.8869,1196.5718,1196.8388,0.1107,0
1256,0,1196.7089,1197.3963,1197.8255,0.1091,0
1257,0,1197.5533,1198.6417,1198.9329,0.1098,0
1258,0,1198.7854,1199.5008,1199.7802,0.1129,0
1259,0,1199.6452,1200.3408,1200.6849,0.1519,0
1260,0,1200.5363,1201.5256,1201.8002,0.1114,0
1261,0,1201.6668,1202.3602,1202.6904,0.1149,0
1262,0,1202.5272,1203.2484,1203.5322,0.1108,0
1263,0,1203.3899,1204.2584,1204.5393,0.1177,0
1264,0,1204.4064,1205.0992,1205.3709,0.1117,0
1265,0,1205.2416,1205.9279,1206.2040,0.1173,0
1266,0,1206.0736,1206.9088,1207.2043,0.1140,0
1267,0,1207.0523,1207.7628,1208.0603,0.1095,0
1268,0,1207.9037,1208.6210,1208.9381,0.1066,0
1269,0,1208.7656,1209.6032,1209.9181,0.1133,0
1270,0,1209.7574,1210.4856,1210.7862,0.1111,0
1271,0,1210.6279,1211.3385,1211.6443,0.1076,0
1272,0,1211.4767,1212.4573,1212.7399,0.1130,0
1273,0,1212.6056,1213.2968,1213.5815,0.1115,0
1274,0,1213.4419,1214.1444,1214.4789,0.1122,0
1275,0,1214.2846,1215.4640,1215.8002,0.1120,0
1276,0,1215.6260,1216.3702,1216.6612,0.1116,0
1277,0,1216.5157,1217.2285,1217.8038,0.3801,0
1278,0,1217.6409,1218.3655,1218.6455,0.1131,0
1279,0,1218.5121,1219.2066,1219.4797,0.1128,0
1280,0,1219.3493,1220.0531,1220.5283,0.2846,0
1281,0,1220.3665,1221.0922,1221.4104,0.1153,0
1282,0,1221.2458,1221.9657,1222.2635,0.1099,0
1283,0,1222.1071,1222.8209,1223.3925,0.3507,0
1284,0,1223.2154,1223.9913,1224.2891,0.1148,0
1285,0,1224.1458,1224.8575,1225.1528,0.1121,0
1286,0,1225.0007,1226.0005,1226.2831,0.1162,0
1287,0,1226.1502,1226.8444,1227.1301,0.1105,0
1288,0,1226.9885,1227.6901,1227.9857,0.1092,0
1289,0,1227.8299,1228.8126,1229.1162,0.1133,0
1290,0,1228.9834,1229.7645,1230.0705,0.1100,0
1291,0,1229.9096,1230.6397,1230.9931,0.1104,0
1292,0,1230.7829,1231.7435,1232.1715,0.2190,0
1293,0,1232.0020,1232.7492,1233.0708,0.1163,0
1294,0,1232.9025,1233.6336,1233.9003,0.1073,0
1295,0,1233.7699,1234.6158,1234.8951,0.1161,0
1296,0,1234.7608,1235.4569,1235.7546,0.1095,0
1297,0,1235.5976,1236.3049,1236.6359,0.1093,0
1298,0,1236.4446,1237.4748,1237.7531,0.1152,0
1299,0,1237.6197,1238.3115,1238.5826,0.1138,0
1300,0,1238.4554,1239.1535,1239.4158,0.1005,0
1301,0,1239.2816,1240.2271,1240.5256,0.1119,0
1302,0,1240.3694,1241.0829,1241.3749,0.1105,0
1303,0,1241.2232,1241.9297,1242.2213,0.1035,0
1304,0,1242.0639,1243.0328,1243.3794,0.1116,0
1305,0,1243.1868,1243.9716,1244.2896,0.1142,0
1306,0,1244.1276,1244.8723,1245.1800,0.1129,0
1307,0,1245.0172,1245.8526,1246.1542,0.1110,0
1308,0,1245.9954,1246.7061,1247.0000,0.1090,0
1309,0,1246.8453,1247.6203,1247.9203,0.1125,0
1310,0,1247.7989,1248.8160,1249.1134,0.1125,0
1311,0,1248.9659,1249.7033,1249.9873,0.1091,0
1312,0,1249.8475,1250.5785,1251.1181,0.3661,0
1313,0,1250.9778,1251.6814,1251.9632,0.1110,0
1314,0,1251.8262,1252.5246,1252.8098,0.1125,0
1315,0,1252.6699,1253.3708,1253.9401,0.3926,0
1316,0,1253.7970,1254.5079,1254.7868,0.1113,0
1317,0,1254.6526,1255.3452,1255.6133,0.1118,0
1318,0,1255.4843,1256.1772,1256.7234,0.3470,0
1319,0,1256.5606,1257.2933,1257.6167,0.1163,0
1320,0,1257.4492,1258.1751,1258.4751,0.1136,0
1321,0,1258.3197,1259.3009,1259.5843,0.1112,0
1322,0,1259.4447,1260.1624,1260.4778,0.1151,0
1323,0,1260.3163,1261.0344,1261.3053,0.1106,0
1324,0,1261.1762,1262.1409,1262.4349,0.1148,0
1325,0,1262.2944,1263.0394,1263.3908,0.1159,0
1326,0,1263.2270,1263.9686,1264.3217,0.1110,0
1327,0,1264.1131,1265.0812,1265.4711,0.2260,0
1328,0,1265.3369,1266.0439,1266.3126,0.1115,0
1329,0,1266.1836,1266.8693,1267.1893,0.1096,0
1330,0,1267.0086,1268.0086,1268.3134,0.1188,0
1331,0,1268.1587,1268.8703,1269.1631,0.1106,0
1332,0,1269.0111,1269.7268,1270.0200,0.1049,0
1333,0,1269.8624,1270.8097,1271.1106,0.1130,0
1334,0,1270.9538,1271.6747,1271.9692,0.1103,0
1335,0,1271.8158,1272.5269,1272.8901,0.1622,0
1336,0,1272.7285,1273.6647,1274.0087,0.1193,0
1337,0,1273.8301,1274.5945,1274.8833,0.1127,0
1338,0,1274.7388,1275.4463,1275.7865,0.1124,0
1339,0,1275.5869,1276.4087,1276.6770,0.1034,0
1340,0,1276.5409,1277.2322,1277.5067,0.1135,0
1341,0,1277.3747,1278.0694,1278.4895,0.1122,0
1342,0,1278.2209,1279.1499,1279.4853,0.1287,0
1343,0,1279.3179,1280.0544,1280.3625,0.1149,0
1344,0,1280.2213,1281.0236,1281.7386,0.4731,0
1345,0,1281.5388,1282.3292,1282.6407,0.1115,0
1346,0,1282.4936,1283.2133,1283.5257,0.1066,0
1347,0,1283.3800,1284.3727,1284.6539,0.1143,0
1348,0,1284.5205,1285.2409,1285.5649,0.1169,0
1349,0,1285.3954,1286.1137,1286.4136,0.1097,0
1350,0,1286.2595,1287.3038,1287.5733,0.1137,0
1351,0,1287.4465,1288.1352,1288.4599,0.1177,0
1352,0,1288.2933,1289.0201,1289.3490,0.1157,0
1353,0,1289.1711,1290.2155,1290.4897,0.1156,0
1354,0,1290.3592,1291.0619,1291.3412,0.1151,0
1355,0,1291.2057,1291.9004,1292.2034,0.1100,0
1356,0,1292.0397,1292.9182,1293.2952,0.1642,0
1357,0,1293.1241,1293.8822,1294.2762,0.1133,0
1358,0,1294.0293,1294.8769,1295.1723,0.1080,0
1359,0,1295.0211,1295.8666,1296.1741,0.1161,0
1360,0,1296.0154,1296.7263,1297.0194,0.1064,0
1361,0,1296.8637,1297.5920,1297.9562,0.1184,0
1362,0,1297.7602,1298.7715,1299.0772,0.1133,0
1363,0,1298.9281,1299.6679,1299.9499,0.1064,0
1364,0,1299.8046,1300.5082,1301.1002,0.3965,0
1365,0,1300.9383,1301.6713,1301.9437,0.1103,0
1366,0,1301.8110,1302.5070,1302.7913,0.1096,0
1367,0,1302.6515,1303.3502,1303.8976,0.3792,0
1368,0,1303.7612,1304.4572,1304.7339,0.1108,0
1369,0,1304.6012,1305.2945,1305.5666,0.1125,0
1370,0,1305.4365,1306.1313,1306.6965,0.3791,0
1371,0,1306.5415,1307.2513,1307.5659,0.1167,0
1372,0,1307.4047,1308.1241,1308.4366,0.1108,0
1373,0,1308.2707,1309.2953,1309.6035,0.1142,0
1374,0,1309.4419,1310.1608,1310.5702,0.1191,0
1375,0,1310.3367,1311.0881,1311.4015,0.1106,0
1376,0,1311.2383,1312.2925,1312.6045,0.0966,0
1377,0,1312.4468,1313.1943,1313.4905,0.1156,0
1378,0,1313.3450,1314.0743,1314.4910,0.1081,0
1379,0,1314.2165,1315.3119,1315.6021,0.1137,0
1380,0,1315.4626,1316.1842,1316.4672,0.1092,0
1381,0,1316.3282,1317.0589,1317.3366,0.1118,0
1382,0,1317.2019,1318.0626,1318.3648,0.1120,0
1383,0,1318.2069,1318.9450,1319.2575,0.1128,0
1384,0,1319.0945,1319.8109,1320.1264,0.1270,0
1385,0,1319.9695,1320.8958,1321.2082,0.1164,0
1386,0,1321.0437,1321.7588,1322.0607,0.1137,0
1387,0,1321.9061,1322.6211,1322.9550,0.1120,0
1388,0,1322.7859,1323.6591,1323.9857,0.1134,0
1389,0,1323.8137,1324.6472,1324.9211,0.1088,0
1390,0,1324.7867,1325.4937,1325.9030,0.1174,0
1391,0,1325.6548,1326.5151,1326.8522,0.1192,0
1392,0,1326.6770,1327.4200,1327.6967,0.1162,0
1393,0,1327.5660,1328.2564,1328.5285,0.1096,0
1394,0,1328.3984,1329.2244,1329.5264,0.1108,0
1395,0,1329.3672,1330.0798,1330.3814,0.1095,0
1396,0,1330.2233,1330.9418,1331.2772,0.1072,0
1397,0,1331.1063,1332.1575,1332.4754,0.1127,0
1398,0,1332.3116,1333.0774,1333.3915,0.1122,0
1399,0,1333.2305,1333.9704,1334.4713,0.2864,0
1400,0,1334.3012,1335.0658,1335.3929,0.1206,0
1401,0,1335.2246,1335.9681,1336.2733,0.1108,0
1402,0,1336.1147,1337.1024,1337.3756,0.1142,0
1403,0,1337.2469,1337.9354,1338.2470,0.1110,0
1404,0,1338.0792,1338.7987,1339.0945,0.1131,0
1405,0,1338.9419,1339.9198,1340.2122,0.1146,0
1406,0,1340.0621,1340.7757,1341.1430,0.1180,0
1407,0,1340.9312,1341.7027,1342.0000,0.1092,0
1408,0,1341.8492,1342.9172,1343.2218,0.1194,0
1409,0,1343.0763,1343.7844,1344.0699,0.1065,0
1410,0,1343.9271,1344.6478,1344.9800,0.1095,0
1411,0,1344.7890,1345.7988,1346.0977,0.1120,0
1412,0,1345.9417,1346.6612,1346.9566,0.1101,0
1413,0,1346.8021,1347.5151,1347.8599,0.1065,0
1414,0,1347.6762,1348.7550,1349.0525,0.1098,0
1415,0,1348.9058,1349.6475,1349.9332,0.1102,0
1416,0,1349.7872,1350.4993,1350.7961,0.1115,0
1417,0,1350.6400,1351.3839,1351.6854,0.1127,0
1418,0,1351.5278,1352.2474,1352.5766,0.1185,0
1419,0,1352.4055,1353.1345,1353.4500,0.1231,0
1420,0,1353.2982,1354.1071,1354.4122,0.1185,0
1421,0,1354.2630,1354.9833,1355.2675,0.1127,0
1422,0,1355.1285,1355.8362,1356.1310,0.1105,0
1423,0,1355.9805,1356.8232,1357.2864,0.1366,0
1424,0,1357.0281,1357.8722,1358.1851,0.1181,0
1425,0,1358.0283,1358.7446,1359.0367,0.1197,0
1426,0,1358.8963,1359.7452,1360.0201,0.1099,0
1427,0,1359.8842,1360.5803,1360.8895,0.1172,0
1428,0,1360.7280,1361.4455,1361.7845,0.1205,0
1429,0,1361.6144,1362.4997,1362.7959,0.1157,0
1430,0,1362.6489,1363.3558,1363.6587,0.1153,0
1431,0,1363.5119,1364.2550,1364.5809,0.1171,0
1432,0,1364.4156,1365.4692,1365.7734,0.1191,0
1433,0,1365.6250,1366.3390,1366.6512,0.1156,0
1434,0,1366.4896,1367.2336,1367.8273,0.3921,0
1435,0,1367.6737,1368.3898,1368.6983,0.1144,0
1436,0,1368.5348,1369.2535,1369.5610,0.1172,0
1437,0,1369.4024,1370.4001,1370.7008,0.1179,0
1438,0,1370.5458,1371.2564,1371.7458,0.1177,0
1439,0,1371.4033,1372.3702,1372.7669,0.1174,0
1440,0,1372.5572,1373.5998,1373.9221,0.1214,0
1441,0,1373.7537,1374.4756,1374.7838,0.1152,0
1442,0,1374.6214,1375.3415,1375.6747,0.1448,0
1443,0,1375.5144,1376.4426,1376.7321,0.1079,0
1444,0,1376.5798,1377.2863,1377.5805,0.1129,0
1445,0,1377.4272,1378.1353,1378.4429,0.1241,0
1446,0,1378.2873,1379.2183,1379.4997,0.1166,0
1447,0,1379.3636,1380.0574,1380.3207,0.1068,0
1448,0,1380.1912,1380.8802,1381.2349,0.1640,0
1449,0,1381.1008,1382.1494,1382.4497,0.1110,0
1450,0,1382.3026,1383.0527,1383.4302,0.1228,0
1451,0,1383.2247,1384.2698,1384.5795,0.1198,0
1452,0,1384.4248,1385.1713,1385.4600,0.1125,0
1453,0,1385.3180,1386.0399,1386.3127,0.1129,0
1454,0,1386.1820,1387.1536,1387.4596,0.1136,0
1455,0,1387.3169,1388.0607,1388.3509,0.1142,0
1456,0,1388.2096,1388.9102,1389.2009,0.1126,0
1457,0,1389.0516,1390.0610,1390.3475,0.1218,0
1458,0,1390.2163,1390.9113,1391.2137,0.1113,0
1459,0,1391.0548,1391.7726,1392.1156,0.1103,0
1460,0,1391.9150,1392.9762,1393.3010,0.1130,0
1461,0,1393.1357,1393.8896,1394.1933,0.1109,0
1462,0,1394.0354,1394.7627,1395.0952,0.1627,0
1463,0,1394.9548,1395.8170,1396.1005,0.1170,0
1464,0,1395.9632,1396.6637,1396.9288,0.1094,0
1465,0,1396.8003,1397.4891,1397.8390,0.1022,0
1466,0,1397.6181,1398.6551,1398.9524,0.1084,0
1467,0,1398.7996,1399.5393,1399.8327,0.1172,0
1468,0,1399.6925,1400.4193,1400.7371,0.1032,0
1469,0,1400.5542,1401.5153,1401.8393,0.1188,0
1470,0,1401.6720,1402.4076,1402.9453,0.1097,0
1471,0,1402.6174,1403.8286,1404.1391,0.1186,0
1472,0,1403.9837,1404.7155,1404.9984,0.1124,0
1473,0,1404.8585,1405.5624,1405.8678,0.1158,0
1474,0,1405.7072,1406.7507,1407.0538,0.1165,0
1475,0,1406.8961,1407.6141,1407.9070,0.1114,0
1476,0,1407.7533,1408.4628,1408.7727,0.1096,0
1477,0,1408.6001,1409.6233,1409.9206,0.1126,0
1478,0,1409.7639,1410.4741,1410.7657,0.1114,0
1479,0,1410.6130,1411.3214,1411.6568,0.1070,0
1480,0,1411.4592,1412.4733,1412.7860,0.1188,0
1481,0,1412.6273,1413.3408,1413.6722,0.1180,0
1482,0,1413.5006,1414.2407,1414.5756,0.1305,0
1483,0,1414.4304,1415.4789,1415.7863,0.1118,0
1484,0,1415.6293,1416.3785,1416.6973,0.1070,0
1485,0,1416.5250,1417.2699,1417.7350,0.2778,0
1486,0,1417.5776,1418.2964,1418.7765,0.1102,0
1487,0,1418.4403,1419.2953,1419.5924,0.1115,0
1488,0,1419.4449,1420.4437,1420.7323,0.1183,0
1489,0,1420.5931,1421.2938,1421.5812,0.1113,0
1490,0,1421.4412,1422.1406,1422.4586,0.1192,0
1491,0,1422.3142,1423.5998,1423.9543,0.1433,0
1492,0,1423.7867,1424.5362,1424.8112,0.1122,0
1493,0,1424.6785,1425.3776,1425.6789,0.1100,0
1494,0,1425.5189,1426.3780,1426.6918,0.1186,0
1495,0,1426.5343,1427.2472,1427.5473,0.1126,0
1496,0,1427.3903,1428.1060,1428.4167,0.1532,0
1497,0,1428.2882,1429.1174,1429.4211,0.1145,0
1498,0,1429.2731,1429.9974,1430.2711,0.1128,0
1499,0,1430.1388,1430.8449,1431.1751,0.1071,0
1500,0,1430.9808,1431.9941,1432.2936,0.1112,0
1501,0,1432.1418,1432.8586,1433.1619,0.1165,0
1502,0,1433.0080,1433.7199,1434.0423,0.1054,0
1503,0,1433.8555,1434.7444,1435.0518,0.1122,0
1504,0,1434.8947,1435.6316,1435.9190,0.1156,0
1505,0,1435.7816,1436.4963,1436.7514,0.0994,0
1506,0,1436.6227,1437.4450,1437.7447,0.1137,0
1507,0,1437.5883,1438.3002,1438.5739,0.1135,0
1508,0,1438.4400,1439.1341,1439.4402,0.1075,0
1509,0,1439.2684,1440.2637,1440.5657,0.1192,0
1510,0,1440.4123,1441.1217,1441.4164,0.1102,0
1511,0,1441.2598,1441.9728,1442.3359,0.1526,0
1512,0,1442.1605,1443.0522,1443.3777,0.1147,0
1513,0,1443.2118,1443.9362,1444.2179,0.1038,0
1514,0,1444.0717,1444.7889,1445.1045,0.1421,0
1515,0,1444.9597,1445.8245,1446.1031,0.1138,0
1516,0,1445.9663,1446.6732,1446.9660,0.1097,0
1517,0,1446.8110,1447.5295,1447.9333,0.1056,0
1518,0,1447.6882,1448.6657,1448.9605,0.1121,0
1519,0,1448.8093,1449.5297,1449.8901,0.1158,0
1520,0,1449.6981,1450.4880,1450.8034,0.1092,0
1521,0,1450.6520,1451.4654,1451.7487,0.1163,0
1522,0,1451.6135,1452.3171,1452.6378,0.1182,0
1523,0,1452.4742,1453.1932,1453.5328,0.1175,0
1524,0,1453.3522,1454.2055,1454.5175,0.1143,0
1525,0,1454.4005,1455.0988,1455.3815,0.1145,0
1526,0,1455.2445,1455.9465,1456.2160,0.1097,0
1527,0,1456.0838,1456.9311,1457.1986,0.1038,0
1528,0,1457.0631,1457.7579,1458.0288,0.1125,0
1529,0,1457.8972,1458.5910,1458.9259,0.1518,0
1530,0,1458.7835,1459.5997,1459.9152,0.1150,0
1531,0,1459.7616,1460.5053,1460.7909,0.1139,0
1532,0,1460.6542,1461.3717,1461.6538,0.1095,0
1533,0,1461.5123,1462.4685,1462.7567,0.1155,0
1534,0,1462.6186,1463.3164,1463.5937,0.1118,0
1535,0,1463.4590,1464.1575,1464.4887,0.1047,0
1536,0,1464.2916,1465.3008,1465.5995,0.1106,0
1537,0,1465.4459,1466.1640,1466.4489,0.1098,0
1538,0,1466.3095,1467.0135,1467.3183,0.1444,0
1539,0,1467.1857,1467.9688,1468.3168,0.1645,0
1540,0,1468.1634,1468.8736,1469.1842,0.1095,0
1541,0,1469.0108,1469.7363,1470.0266,0.1064,0
1542,0,1469.8710,1470.8488,1471.1550,0.1125,0
1543,0,1470.9886,1471.7093,1471.9983,0.1107,0
1544,0,1471.8475,1472.5546,1472.8922,0.1446,0
1545,0,1472.7348,1473.6613,1473.9775,0.1178,0
1546,0,1473.8084,1474.5384,1474.8112,0.1101,0
1547,0,1474.6784,1475.3763,1475.6478,0.1163,0
1548,0,1475.5194,1476.3723,1476.6659,0.1088,0
1549,0,1476.5103,1477.2162,1477.5115,0.1113,0
1550,0,1477.3570,1478.0726,1478.3883,0.1055,0
1551,0,1478.2139,1479.0552,1479.3689,0.1153,0
1552,0,1479.2126,1479.9583,1480.3151,0.1109,0
1553,0,1480.1120,1480.9038,1481.2789,0.1471,0
1554,0,1481.1144,1482.0175,1482.3257,0.1081,0
1555,0,1482.1585,1482.9103,1483.2287,0.1203,0
1556,0,1483.0705,1483.7938,1484.0701,0.1117,0
1557,0,1483.9341,1484.8247,1485.0993,0.1125,0
1558,0,1484.9655,1485.6602,1485.9724,0.1102,0
1559,0,1485.7982,1486.5182,1486.8550,0.1161,0
1560,0,1486.6723,1487.5804,1487.8800,0.1160,0
1561,0,1487.7254,1488.4333,1488.7243,0.1088,0
1562,0,1488.5699,1489.2790,1489.5790,0.1049,0
1563,0,1489.4138,1490.3488,1490.6517,0.1151,0
1564,0,1490.4944,1491.2095,1491.5288,0.1154,0
1565,0,1491.3605,1492.1205,1492.4053,0.1135,0
1566,0,1492.2925,1493.1676,1493.4864,0.1132,0
1567,0,1493.3247,1494.0612,1494.3525,0.1052,0
1568,0,1494.2043,1494.9513,1495.5252,0.4038,0
1569,0,1495.3877,1496.0962,1496.5108,0.1297,0
1570,0,1496.2730,1497.0517,1497.3422,0.1103,0
1571,0,1497.1964,1498.1306,1498.5616,0.2610,0
1572,0,1498.4207,1499.1272,1499.4093,0.1124,0
1573,0,1499.2706,1499.9706,1500.2603,0.1140,0
1574,0,1500.1441,1501.3679,1501.6624,0.1133,0
1575,0,1501.5177,1502.2295,1502.5514,0.1179,0
1576,0,1502.3804,1503.1108,1503.4797,0.1466,0
1577,0,1503.3012,1504.2245,1504.5225,0.1130,0
1578,0,1504.3784,1505.0948,1505.3881,0.1123,0
1579,0,1505.6727,1506.5457,1506.9042,0.1145,0
1580,0,1506.7331,1507.6659,1507.9799,0.1165,0
1581,0,1507.8222,1508.5701,1508.8618,0.1112,0
1582,0,1508.7148,1509.7174,1510.0005,0.1154,0
1583,0,1509.8604,1510.5614,1510.8338,0.1127,0
1584,0,1510.7014,1511.3947,1511.7992,0.1773,0
1585,0,1511.6106,1512.4757,1512.7830,0.1143,0
1586,0,1512.6306,1513.3745,1513.6805,0.1134,0
1587,0,1513.5366,1514.2464,1514.5784,0.1440,0
1588,0,1514.4466,1515.4961,1515.7991,0.1139,0
1589,0,1515.6426,1516.3644,1516.6463,0.1039,0
1590,0,1516.5064,1517.2359,1517.7823,0.3778,0
1591,0,1517.6432,1518.3468,1518.6312,0.1110,0
1592,0,1518.4910,1519.1984,1519.4675,0.1123,0
1593,0,1519.3392,1520.0293,1520.5437,0.3523,0
1594,0,1520.4114,1521.1103,1521.4291,0.1162,0
1595,0,1521.2657,1521.9837,1522.3383,0.1153,0
1596,0,1522.1454,1523.1922,1523.5241,0.1230,0
1597,0,1523.3604,1524.0996,1524.4133,0.1162,0
1598,0,1524.2469,1524.9696,1525.2867,0.1130,0
1599,0,1525.1113,1526.1900,1526.4732,0.1143,0
1600,0,1526.3377,1527.0333,1527.6490,0.1102,0
1601,0,1527.1709,1528.1893,1531.2626,2.8694,0
1602,0,1531.1011,1532.1540,1532.4823,0.1146,0
1603,0,1532.3082,1533.0758,1533.3782,0.1127,0
1604,0,1533.2287,1534.2418,1534.5462,0.1215,0
1605,0,1534.4003,1535.1220,1535.4085,0.1112,0
1606,0,1535.2682,1535.9703,1536.2443,0.1121,0
1607,0,1536.1108,1537.0758,1537.3807,0.1166,0
1608,0,1537.2201,1537.9439,1538.2332,0.1147,0
1609,0,1538.0970,1538.7935,1539.0603,0.1106,0
1610,0,1538.9329,1539.9066,1540.2053,0.1118,0
1611,0,1540.0489,1540.7627,1541.0738,0.1147,0
1612,0,1540.9115,1541.6349,1541.9530,0.1125,0
1613,0,1541.7843,1543.0449,1543.4162,0.1334,0
1614,0,1543.2581,1543.9915,1544.2921,0.1100,0
1615,0,1544.1404,1544.8552,1545.2285,0.1222,0
1616,0,1545.0192,1545.9001,1546.2171,0.1144,0
1617,0,1546.0498,1546.7687,1547.0656,0.1120,0
1618,0,1546.9088,1547.6280,1547.9619,0.1201,0
1619,0,1547.7846,1548.8024,1549.1125,0.1170,0
1620,0,1548.9537,1549.6721,1549.9753,0.1130,0
1621,0,1549.8129,1550.5262,1551.0946,0.3803,0
1622,0,1550.9370,1551.6514,1551.9251,0.1105,0
1623,0,1551.7891,1552.4810,1552.7608,0.1118,0
1624,0,1552.6242,1553.3196,1553.9222,0.3821,0
1625,0,1553.7435,1554.5096,1554.8003,0.1134,0
1626,0,1554.6569,1555.3597,1555.6307,0.1130,0
1627,0,1555.5006,1556.1874,1556.6344,0.2812,0
1628,0,1556.4953,1557.1827,1557.4830,0.1139,0
1629,0,1557.3239,1558.0348,1558.3718,0.1108,0
1630,0,1558.1859,1558.9415,1559.4858,0.3513,0
1631,0,1559.3258,1560.0434,1560.3514,0.1162,0
1632,0,1560.1904,1560.9081,1561.2200,0.1109,0
1633,0,1561.0469,1562.0029,1562.3328,0.1611,0
1634,0,1562.1956,1562.8922,1563.1860,0.1104,0
1635,0,1563.0421,1563.7642,1564.0700,0.1127,0
1636,0,1563.9167,1564.8528,1565.2829,0.2628,0
1637,0,1565.1482,1565.8512,1566.1328,0.1102,0
1638,0,1565.9951,1566.6964,1566.9706,0.1098,0
1639,0,1566.8351,1567.8472,1568.1559,0.1133,0
1640,0,1567.9941,1568.7183,1569.0391,0.1184,0
1641,0,1568.8737,1569.5932,1569.9130,0.1118,0
1642,0,1569.7351,1570.7641,1571.0680,0.1181,0
1643,0,1570.9127,1571.6209,1571.9165,0.1097,0
1644,0,1571.7614,1572.4771,1572.7969,0.1154,0
1645,0,1572.6324,1573.6024,1573.9235,0.1193,0
1646,0,1573.7581,1574.4845,1574.8076,0.1153,0
1647,0,1574.6452,1575.3888,1575.6890,0.1094,0
1648,0,1575.5307,1576.4579,1576.7273,0.1050,0
1649,0,1576.5936,1577.2852,1577.5818,0.1097,0
1650,0,1577.4271,1578.1411,1578.4585,0.1326,0
1651,0,1578.3047,1579.2840,1579.5811,0.1125,0
1652,0,1579.4275,1580.1363,1580.4347,0.1101,0
1653,0,1580.2765,1580.9869,1581.5058,0.3002,0
1654,0,1581.3598,1582.1119,1582.4156,0.1169,0
1655,0,1582.2748,1583.0210,1583.3189,0.1148,0
1656,0,1583.1744,1583.9049,1584.4460,0.3622,0
1657,0,1584.3039,1585.0229,1585.3080,0.1103,0
1658,0,1585.1686,1585.8680,1586.1437,0.1133,0
1659,0,1586.0094,1586.7060,1587.2126,0.3466,0
1660,0,1587.0827,1587.7789,1588.0556,0.1121,0
1661,0,1587.9225,1588.6152,1588.8875,0.1124,0
1662,0,1588.7563,1589.4518,1590.0322,0.3833,0
1663,0,1589.8717,1590.6127,1590.9278,0.1158,0
1664,0,1590.7670,1591.4909,1591.7879,0.1098,0
1665,0,1591.6313,1592.5824,1592.9380,0.1640,0
1666,0,1592.7810,1593.5005,1593.7765,0.1118,0
1667,0,1593.6431,1594.3377,1594.6177,0.1100,0
1668,0,1594.4788,1595.4446,1595.7206,0.1134,0
1669,0,1595.5873,1596.2909,1596.5644,0.1059,0
1670,0,1596.4274,1597.1227,1597.3929,0.1120,0
1671,0,1597.2637,1598.1489,1598.5832,0.2704,0
1672,0,1598.4479,1599.1450,1599.4431,0.1115,0
1673,0,1599.2967,1600.0357,1600.3416,0.1131,0
1674,0,1600.1812,1601.2075,1601.5153,0.1141,0
1675,0,1601.3549,1602.0714,1602.3819,0.1144,0
1676,0,1602.3178,1603.2449,1603.5647,0.1181,0
1677,0,1603.4036,1604.1598,1604.4699,0.1109,0
1678,0,1604.3046,1605.0263,1605.3694,0.1113,0
1679,0,1605.1684,1605.9570,1606.4037,0.1098,0
1680,0,1606.1515,1607.0361,1607.4455,0.1135,0
1681,0,1607.2402,1608.0092,1608.3744,0.1064,0
1682,0,1608.2037,1608.9434,1609.6339,0.3293,0
1683,0,1609.3288,1610.2625,1610.5580,0.1137,0
1684,0,1610.4115,1611.1282,1611.4354,0.1101,0
1685,0,1611.2768,1612.3206,1612.9624,0.1237,0
1686,0,1612.4871,1613.1218,1613.5824,0.0831,0
1687,0,1613.2453,1614.1357,1614.5147,0.1052,0
1688,0,1614.2751,1615.2862,1615.7179,0.2588,0
1689,0,1615.5761,1616.2873,1616.5756,0.1032,0
1690,0,1616.4258,1617.1558,1617.4397,0.1128,0
1691,0,1617.3026,1618.0359,1618.3628,0.1619,0
1692,0,1618.2311,1618.9292,1619.2055,0.1128,0
1693,0,1619.0701,1619.7644,1620.0991,0.1722,0
1694,0,1619.9655,1620.9165,1621.3272,0.1112,0
1695,0,1621.0595,1621.8989,1622.2121,0.1147,0
1696,0,1622.0496,1622.8004,1623.3649,0.2872,0
1697,0,1623.1359,1623.9360,1624.2465,0.1110,0
1698,0,1624.0853,1624.8363,1625.1333,0.1156,0
1699,0,1624.9862,1625.9338,1626.2696,0.1665,0
1700,0,1626.1356,1626.8488,1627.1446,0.1107,0
1701,0,1626.9910,1627.7038,1627.9676,0.1062,0
1702,0,1627.8383,1628.8173,1629.1440,0.1175,0
1703,0,1629.0076,1629.7255,1630.0304,0.1141,0
1704,0,1629.8709,1630.5917,1630.8977,0.1150,0
1705,0,1630.7373,1631.8860,1632.1953,0.1203,0
1706,0,1632.0359,1632.7540,1633.0671,0.1153,0
1707,0,1632.9049,1633.6251,1633.9198,0.1099,0
1708,0,1633.7635,1634.7367,1635.0172,0.1178,0
1709,0,1634.8820,1635.5733,1635.8668,0.1105,0
1710,0,1635.7128,1636.5844,1636.8887,0.1130,0
1711,0,1636.7377,1637.4866,1637.7874,0.1112,0
1712,0,1637.6394,1638.3661,1638.6358,0.1111,0
1713,0,1638.5071,1639.2077,1639.5643,0.1615,0
1714,0,1639.4026,1640.3456,1640.6224,0.1158,0
1715,0,1640.4915,1641.1835,1641.4802,0.1094,0
1716,0,1641.3234,1642.0434,1642.3958,0.1256,0
1717,0,1642.2092,1643.2406,1643.5465,0.1164,0
1718,0,1643.3994,1644.1267,1644.4001,0.1132,0
1719,0,1644.2674,1644.9622,1645.5420,0.3952,0
1720,0,1645.3860,1646.1036,1646.3947,0.1109,0
1721,0,1646.2476,1646.9557,1647.2428,0.1108,0
1722,0,1647.0932,1647.9978,1648.4237,0.2630,0
1723,0,1648.2888,1648.9866,1649.2648,0.1089,0
1724,0,1649.1250,1649.8242,1650.0979,0.1139,0
1725,0,1649.9646,1650.9261,1651.2031,0.1157,0
1726,0,1651.0684,1651.7985,1652.0991,0.1117,0
1727,0,1651.9487,1652.6739,1652.9641,0.1120,0
1728,0,1652.8223,1653.7982,1654.0760,0.1127,0
1729,0,1653.9417,1654.6460,1654.9273,0.1120,0
1730,0,1654.7916,1655.4921,1655.7591,0.1112,0
1731,0,1655.6310,1656.5572,1656.8828,0.1593,0
1732,0,1656.7458,1657.4404,1657.7189,0.1116,0
1733,0,1657.5853,1658.2784,1658.5475,0.1118,0
1734,0,1658.4191,1659.2787,1659.6100,0.1691,0
1735,0,1659.4777,1660.1728,1660.4899,0.1164,0
1736,0,1660.3284,1661.0466,1661.3371,0.1106,0
1737,0,1661.1876,1662.1813,1662.5219,0.1165,0
1738,0,1662.3404,1663.1127,1663.4509,0.1234,0
1739,0,1663.2852,1664.0207,1664.3471,0.1127,0
1740,0,1664.1687,1665.0957,1665.5522,0.2632,0
1741,0,1665.3912,1666.1167,1666.4355,0.1121,0
1742,0,1666.2685,1667.0357,1667.4098,0.1408,0
1743,0,1667.2454,1668.1466,1668.4332,0.1105,0
1744,0,1668.2935,1669.0074,1669.2898,0.1124,0
1745,0,1669.1509,1669.8686,1670.1534,0.1122,0
1746,0,1670.0161,1670.8448,1671.1149,0.1131,0
1747,0,1670.9878,1671.6833,1671.9808,0.1097,0
1748,0,1671.8239,1672.5393,1672.9046,0.1698,0
1749,0,1672.7423,1673.7273,1674.0274,0.1186,0
1750,0,1673.8791,1674.5959,1674.8720,0.1158,0
1751,0,1674.7408,1675.4472,1675.7539,0.1145,0
1752,0,1675.5939,1676.4201,1676.7137,0.1083,0
1753,0,1676.5594,1677.2712,1677.5674,0.1092,0
1754,0,1677.4110,1678.1231,1678.4282,0.1460,0
1755,0,1678.2980,1679.1603,1679.4611,0.1137,0
1756,0,1679.3052,1680.0275,1680.3288,0.1145,0
1757,0,1680.1730,1680.8894,1681.2569,0.1514,0
1758,0,1681.1006,1682.0104,1682.3465,0.1156,0
1759,0,1682.1741,1682.9388,1683.2542,0.1192,0
1760,0,1683.0980,1683.8286,1684.4253,0.3999,0
1761,0,1684.2709,1685.0015,1685.3046,0.1125,0
1762,0,1685.1503,1685.8735,1686.1822,0.1126,0
1763,0,1686.0221,1686.7566,1687.2345,0.2936,0
1764,0,1687.0870,1687.8089,1688.0846,0.1085,0
1765,0,1687.9471,1688.6500,1688.9199,0.1116,0
1766,0,1688.7892,1689.4964,1690.0470,0.3702,0
1767,0,1689.8967,1690.6044,1690.8768,0.1098,0
1768,0,1690.7417,1691.4386,1691.7108,0.1117,0
1769,0,1691.5772,1692.2692,1692.7381,0.2567,0
1770,0,1692.5867,1693.3103,1693.6106,0.1116,0
1771,0,1693.4640,1694.1741,1694.4485,0.1127,0
1772,0,1694.3161,1695.0145,1695.5822,0.3788,0
1773,0,1695.4216,1696.1397,1696.4182,0.1115,0
1774,0,1696.2845,1696.9847,1697.2615,0.1132,0
1775,0,1697.1276,1698.0113,1698.4444,0.2497,0
1776,0,1698.3008,1699.0134,1699.2958,0.1095,0
1777,0,1699.1554,1699.8555,1700.1950,0.1170,0
1778,0,1700.0121,1701.0020,1701.3409,0.1642,0
1779,0,1701.1961,1701.9033,1702.2005,0.1106,0
1780,0,1702.0502,1702.7997,1703.0972,0.1166,0
1781,0,1702.9519,1703.9579,1704.2599,0.1170,0
1782,0,1704.1219,1704.8211,1705.1084,0.1111,0
1783,0,1704.9690,1705.6693,1706.0042,0.1097,0
1784,0,1705.8096,1706.8741,1707.1735,0.1119,0
1785,0,1707.0176,1707.7291,1708.0227,0.1092,0
1786,0,1707.8682,1708.5803,1708.8746,0.1077,0
1787,0,1708.7183,1709.6819,1709.9518,0.1136,0
1788,0,1709.8247,1710.5245,1710.8234,0.1097,0
1789,0,1710.6643,1711.3747,1711.6751,0.1024,0
1790,0,1711.5073,1712.4965,1712.7795,0.1137,0
1791,0,1712.6455,1713.3407,1713.6679,0.1172,0
1792,0,1713.5130,1714.3937,1715.1482,0.3337,0
1793,0,1714.8066,1715.7380,1716.0215,0.1123,0
1794,0,1715.9110,1716.6905,1716.9748,0.1132,0
1795,0,1716.8612,1718.0940,1718.4287,0.1186,0
1796,0,1718.2642,1719.0037,1719.3047,0.1108,0
1797,0,1719.1926,1719.9476,1720.2275,0.1132,0
1798,0,1720.1124,1720.9402,1721.2559,0.1106,0
1799,0,1721.0843,1721.8299,1722.1477,0.1138,0
1800,0,1721.9941,1722.8118,1723.4672,0.3942,0
1801,0,1723.2355,1724.0092,1724.3348,0.1159,0
1802,0,1724.1795,1724.9355,1725.2360,0.1133,0
1803,0,1725.0889,1726.0972,1726.3765,0.1150,0
1804,0,1726.2464,1726.9454,1727.2306,0.1099,0
1805,0,1727.0909,1727.7995,1728.0781,0.1162,0
1806,0,1727.9449,1728.9682,1729.2721,0.1203,0
1807,0,1729.1334,1729.8322,1730.2582,0.1111,0
1808,0,1729.9721,1730.8345,1731.1923,0.1075,0
1809,0,1730.9735,1731.9998,1732.2971,0.1103,0
1810,0,1732.1472,1732.9050,1740.2511,0.1162,0
1811,0,1733.0634,1740.9930,1741.3530,0.1419,0
1812,0,1741.1741,1742.2668,1742.6200,0.1557,0
1813,0,1742.4676,1743.2020,1743.5679,0.1328,0
1814,0,1743.3793,1744.1326,1744.4565,0.1136,0
1815,0,1744.3003,1745.0762,1745.6295,0.3217,0
1816,0,1745.5274,1746.3774,1746.7286,0.1275,0
1817,0,1746.5449,1747.3432,1747.8549,0.1227,0
1818,0,1747.5060,1748.5689,1748.8713,0.1139,0
1819,0,1748.7209,1749.4421,1749.7669,0.1153,0
1820,0,1749.6123,1750.5753,1751.1445,0.3753,0
1821,0,1750.9923,1751.7286,1752.0256,0.1130,0
1822,0,1751.8797,1752.5995,1752.9321,0.1154,0
1823,0,1752.7585,1753.8199,1754.4044,0.2522,0
1824,0,1754.1339,1755.0613,1755.6034,0.1378,0
1825,0,1755.2403,1756.2086,1756.6012,0.1366,0
1826,0,1756.3860,1757.2471,1757.5925,0.1431,0
1827,0,1757.4310,1758.2058,1758.5220,0.1228,0
1828,0,1758.3621,1759.3630,1759.6540,0.1067,0
1829,0,1759.5014,1760.2172,1760.5255,0.1101,0
1830,0,1760.3623,1761.1293,1761.4545,0.1101,0
1831,0,1761.2905,1762.3130,1762.6414,0.1207,0
1832,0,1762.4790,1763.2078,1763.5276,0.1268,0
1833,0,1763.3762,1764.1356,1764.5301,0.1105,0
1834,0,1764.2849,1765.3318,1765.6452,0.1171,0
1835,0,1765.4855,1766.2419,1766.5580,0.1118,0
1836,0,1766.3925,1767.1617,1767.4552,0.1136,0
1837,0,1767.3093,1768.0466,1768.3709,0.1155,0
1838,0,1768.2043,1768.9391,1769.2326,0.1043,0
1839,0,1769.0829,1769.8093,1770.1761,0.1743,0
1840,0,1770.0218,1770.8662,1771.1887,0.1182,0
1841,0,1771.0215,1771.7597,1772.0922,0.1132,0
1842,0,1771.9120,1772.6967,1773.0073,0.1181,0
1843,0,1772.8525,1773.7789,1774.0905,0.1154,0
1844,0,1773.9394,1774.7202,1775.0356,0.1142,0
1845,0,1774.8721,1775.8778,1776.3402,0.1149,0
1846,0,1776.0276,1776.9125,1777.2233,0.1143,0
1847,0,1777.0643,1777.7971,1778.0775,0.1131,0
1848,0,1777.9404,1778.9749,1779.3090,0.1197,0
1849,0,1779.1333,1779.8870,1780.3194,0.1111,0
1850,0,1780.0522,1780.8973,1781.2885,0.2043,0
1851,0,1781.1557,1782.1611,1782.4919,0.1131,0
1852,0,1782.3166,1783.0854,1783.5672,0.1145,0
1853,0,1783.2724,1784.6161,1784.9181,0.1126,0
1854,0,1784.7644,1785.5006,1786.0035,0.1125,0
1855,0,1785.6465,1786.5815,1786.8976,0.1107,0
1856,0,1786.7883,1787.6359,1787.9424,0.1143,0
1857,0,1787.7893,1788.5171,1788.9499,0.1130,0
1858,0,1788.6600,1789.5215,1790.1259,0.3511,0
1859,0,1789.9328,1790.7166,1790.9985,0.1128,0
1860,0,1790.8624,1791.5711,1791.9173,0.1120,0
1861,0,1791.7126,1792.7198,1793.0411,0.1127,0
1862,0,1792.8682,1793.6132,1794.0414,0.1102,0
1863,0,1793.7570,1794.6387,1795.1808,0.1124,0
1864,0,1794.7891,1795.8840,1796.2323,0.1141,0
1865,0,1796.0262,1796.7281,1796.9972,0.1030,0
1866,0,1796.8613,1797.5664,1798.2425,0.1771,0
1867,0,1797.7895,1798.8365,1799.1695,0.1132,0
1868,0,1798.9878,1799.7248,1800.0227,0.1127,0
1869,0,1799.8682,1800.5926,1801.3210,0.3522,0
1870,0,1800.9937,1801.8703,1802.1794,0.1130,0
1871,0,1802.0253,1802.7570,1803.2575,0.1125,0
1872,0,1802.9053,1804.0292,1804.3336,0.1116,0
1873,0,1804.1787,1804.9080,1805.1844,0.1124,0
1874,0,1805.0511,1805.7566,1806.0808,0.1128,0
1875,0,1805.8998,1806.8833,1807.2507,0.1190,0
1876,0,1807.0325,1807.8262,1808.1206,0.1105,0
1877,0,1807.9695,1808.7028,1809.0734,0.1770,0
1878,0,1808.9402,1809.8019,1810.5774,0.1438,0
1879,0,1809.9965,1810.6127,1811.0617,0.0870,0
1880,0,1810.7320,1811.5663,1811.9522,0.1129,0
1881,0,1811.7780,1812.5661,1812.8675,0.1120,0
1882,0,1812.7139,1813.4479,1813.8522,0.1134,0
1883,0,1813.5933,1814.4181,1814.9880,0.3549,0
1884,0,1814.8329,1815.5681,1816.0865,0.1126,0
1885,0,1815.7189,1816.6589,1817.2004,0.1150,0
1886,0,1816.8088,1818.0107,1818.3634,0.1133,0
1887,0,1818.1561,1818.9343,1819.2227,0.1123,0
1888,0,1819.0788,1819.7919,1820.3276,0.1330,0
1889,0,1819.9817,1820.9178,1821.2825,0.1154,0
1890,0,1821.0695,1821.8598,1822.1704,0.1056,0
1891,0,1822.0151,1822.8137,1823.4941,0.3580,0
1892,0,1823.2258,1824.0776,1824.4112,0.1160,0
1893,0,1824.2264,1824.9751,1825.2490,0.1082,0
1894,0,1825.1121,1826.2114,1826.6985,0.1144,0
1895,0,1826.4053,1827.2090,1827.6699,0.1153,0
1896,0,1827.3570,1828.2476,1828.5615,0.1121,0
1897,0,1828.4535,1829.2973,1829.5977,0.1138,0
1898,0,1829.4466,1830.1778,1832.0356,0.1151,0
1899,0,1830.3244,1831.2463,1832.9389,0.0459,0
1900,0,1832.1011,1832.9320,1833.6661,0.0458,0
1901,0,1833.0061,1833.6585,1833.9779,0.1551,0
1902,0,1833.8377,1834.6282,1835.0164,0.1173,0
1903,0,1834.7823,1835.5855,1835.8789,0.1134,0
1904,0,1835.7326,1836.4450,1836.8138,0.1835,0
1905,0,1836.6725,1837.5129,1837.8249,0.1153,0
1906,0,1837.6654,1838.3999,1838.7010,0.1123,0
1907,0,1838.5508,1839.2684,1839.6384,0.1674,0
1908,0,1839.4973,1840.3593,1840.6628,0.1287,0
1909,0,1840.5228,1841.2325,1841.5626,0.1054,0
1910,0,1841.3923,1842.1576,1842.4886,0.1385,0
1911,0,1842.3351,1843.0961,1843.3987,0.1144,0
1912,0,1843.2469,1843.9653,1844.2391,0.1068,0
1913,0,1844.1020,1844.8151,1845.1154,0.1402,0
1914,0,1844.9959,1845.9129,1846.2026,0.1092,0
1915,0,1846.0557,1846.8124,1847.0911,0.1122,0
1916,0,1846.9802,1848.1546,1848.4785,0.1175,0
1917,0,1848.3129,1849.9299,1850.6975,0.3644,0
1918,0,1850.3370,1852.3677,1852.7647,0.1330,0
1919,0,1852.5347,1853.7243,1854.0347,0.1147,0
1920,0,1853.8807,1854.6103,1854.9545,0.1125,0
1921,0,1854.7528,1855.4602,1855.7378,0.1127,0
1922,0,1855.6035,1856.5492,1856.8417,0.1118,0
1923,0,1856.6962,1857.4041,1857.7057,0.1127,0
1924,0,1857.5533,1858.2842,1858.5656,0.1150,0
1925,0,1858.4303,1859.3900,1859.6816,0.1107,0
1926,0,1859.5355,1860.2675,1860.5604,0.1114,0
1927,0,1860.4106,1861.1253,1861.4060,0.1100,0
1928,0,1861.2644,1862.4378,1862.7470,0.1097,0
1929,0,1862.5913,1863.3427,1863.6357,0.1113,0
1930,0,1863.4896,1864.2503,1864.6040,0.1664,0
1931,0,1864.4522,1865.3573,1865.6862,0.1170,0
1932,0,1865.5163,1866.2870,1866.6268,0.1182,0
1933,0,1866.4434,1868.3010,1868.9776,0.4670,0
1934,0,1868.8030,1870.3899,1870.8113,0.2219,0
1935,0,1870.6500,1871.6220,1871.9510,0.1269,0
1936,0,1871.7934,1872.5325,1872.8700,0.1376,0
1937,0,1872.7140,1873.5336,1873.8627,0.1116,0
1938,0,1873.6944,1874.4780,1874.9876,0.1141,0
1939,0,1874.6325,1875.5215,1876.1442,0.1155,0
1940,0,1875.6839,1876.3946,1876.7105,0.0629,0
1941,0,1876.5551,1877.3137,1877.6162,0.1116,0
1942,0,1877.4612,1878.2108,1878.6919,0.1249,0
1943,0,1878.3794,1879.3434,1879.6786,0.1084,0
1944,0,1879.4985,1880.3081,1880.6109,0.1103,0
1945,0,1880.4533,1881.1916,1883.9076,0.2671,0
1946,0,1881.5044,1882.1226,1884.1651,0.0545,0
1947,0,1883.9841,1885.0547,1885.8409,0.1551,0
1948,0,1885.8156,1886.4585,1886.9644,0.1450,0
1949,0,1886.6415,1887.2503,1887.8390,0.3357,0
1950,0,1887.6335,1888.5457,1888.8673,0.1135,0
1951,0,1888.6979,1889.4647,1889.9965,0.3344,0
1952,0,1889.8360,1890.5685,1890.8711,0.1143,0
1953,0,1890.7210,1891.4386,1891.7334,0.1106,0
1954,0,1891.5875,1892.5676,1892.8626,0.1129,0
1955,0,1892.7162,1893.4246,1893.7836,0.1110,0
1956,0,1893.5692,1894.3510,1894.6532,0.1149,0
1957,0,1894.5041,1895.4777,1895.8257,0.1313,0
1958,0,1895.6556,1896.4128,1896.7106,0.1121,0
1959,0,1896.5626,1897.2892,1897.5738,0.1115,0
1960,0,1897.4335,1898.4787,1898.7805,0.1114,0
1961,0,1898.6274,1899.3510,1899.6740,0.1141,0
1962,0,1899.5061,1900.2914,1900.6164,0.1242,0
1963,0,1900.4579,1901.3212,1901.6546,0.1131,0
1964,0,1901.4791,1902.2279,1902.5418,0.1120,0
1965,0,1902.3882,1903.2117,1903.5314,0.1107,0
1966,0,1903.3670,1904.2262,1904.5384,0.1136,0
1967,0,1904.3821,1905.1318,1905.4252,0.1126,0
1968,0,1905.2767,1905.9934,1906.3272,0.1375,0
1969,0,1906.1725,1907.0687,1907.4743,0.1425,0
1970,0,1907.2821,1908.0427,1908.3844,0.1223,0
1971,0,1908.2154,1908.9898,1909.5791,0.3840,0
1972,0,1909.4235,1910.2268,1910.5250,0.1136,0
1973,0,1910.3792,1911.1146,1911.4287,0.1140,0
1974,0,1911.2732,1912.8516,1913.2100,0.1175,0
1975,0,1913.0083,1913.8192,1914.1234,0.1107,0
1976,0,1913.9634,1914.9616,1924.1090,8.3975,0
1977,0,1923.4020,1924.2522,1924.9611,0.0743,0
1978,0,1924.3765,1925.1599,1925.5408,0.0907,0
1979,0,1925.2894,1926.2242,1926.5483,0.1144,0
1980,0,1926.3790,1927.1423,1927.5791,0.1120,0
1981,0,1927.3186,1928.3189,1928.7648,0.1380,0
1982,0,1928.4902,1929.3673,1929.6912,0.1304,0
1983,0,1929.5317,1930.2808,1930.7722,0.1146,0
1984,0,1930.4334,1931.5903,1932.9949,0.1146,0
1985,0,1931.7404,1932.9908,1933.9331,0.0477,0
1986,0,1933.0789,1933.9241,1934.8404,0.1471,0
1987,0,1934.1031,1935.3728,1936.3606,0.1158,0
1988,0,1936.0208,1937.3244,1937.8312,0.2765,0
1989,0,1937.6362,1938.4045,1938.7077,0.1135,0
1990,0,1938.5556,1939.2807,1939.5528,0.1056,0
1991,0,1939.4167,1940.2293,1940.7476,0.1138,0
1992,0,1940.3752,1941.2996,1941.5795,0.1108,0
1993,0,1941.4388,1942.1420,1942.4552,0.1157,0
1994,0,1942.2969,1943.0864,1943.5362,0.1138,0
1995,0,1943.2466,1944.1085,1944.4205,0.1159,0
1996,0,1944.2665,1944.9997,1945.5226,0.3504,0
1997,0,1945.3817,1946.0958,1946.6137,0.1145,0
1998,0,1946.2484,1947.4982,1947.8216,0.1113,0
1999,0,1947.6457,1948.5942,1949.1235,0.1125,0
2000,0,1948.7466,1949.6816,1950.1767,0.1847,0
2001,0,1949.8982,1950.9822,1951.3194,0.1153,0
2002,0,1951.1349,1951.9082,1952.2046,0.1136,0
2003,0,1952.0576,1952.7733,1953.2971,0.1123,0
2004,0,1952.9188,1954.1260,1954.4430,0.1243,0
2005,0,1954.2903,1955.0130,1955.4893,0.1084,0
2006,0,1955.1522,1956.0058,1956.4709,0.1118,0
2007,0,1956.2010,1957.1409,1957.5295,0.1161,0
2008,0,1957.2966,1958.1054,1958.4947,0.1122,0
2009,0,1958.2478,1959.2759,1959.8339,0.1155,0
2010,0,1959.4274,1960.0397,1960.3120,0.0899,0
2011,0,1960.1641,1960.8812,1961.1809,0.1158,0
2012,0,1961.0283,1961.7488,1962.2976,0.2520,0
2013,0,1962.0418,1962.8741,1963.1634,0.1145,0
2014,0,1963.0446,1963.8275,1964.1286,0.1132,0
2015,0,1963.9759,1965.1077,1965.5622,0.1170,0
2016,0,1965.2617,1966.0631,1966.5546,0.1124,0
2017,0,1966.2051,1967.1225,1967.9575,0.1180,0
2018,0,1967.2996,1968.5173,1968.8217,0.1128,0
2019,0,1968.6661,1969.3968,1969.9250,0.1162,0
2020,0,1969.5445,1970.7572,1971.0702,0.1203,0
2021,0,1970.9086,1971.6277,1972.1722,0.1105,0
2022,0,1971.7702,1972.7144,1973.4755,0.3729,0
2023,0,1973.1874,1974.0462,1974.3466,0.1110,0
2024,0,1974.1959,1974.9286,1975.2199,0.1144,0
2025,0,1975.0771,1976.0251,1976.4328,0.1355,0
2026,0,1976.1990,1977.0080,1977.2975,0.1126,0
2027,0,1977.1576,1977.8618,1978.3239,0.1136,0
2028,0,1978.0044,1979.1414,1979.5825,0.1163,0
2029,0,1979.2933,1980.1416,1980.4894,0.1740,0
2030,0,1980.3484,1981.0549,1981.7425,0.4091,0
2031,0,1981.5094,1982.3013,1983.0980,0.1095,0
2032,0,1982.4757,1983.1197,1983.4246,0.0672,0
2033,0,1983.2555,1984.2766,1984.5751,0.1074,0
2034,0,1984.4210,1985.1607,1985.6800,0.1152,0
2035,0,1985.3137,1986.2443,1986.6274,0.1213,0
2036,0,1986.4151,1987.4406,1987.7779,0.1182,0
2037,0,1987.6015,1988.3426,1988.6863,0.1132,0
2038,0,1988.4916,1989.2511,1989.7307,0.1911,0
2039,0,1989.4774,1990.3399,1990.6424,0.1129,0
2040,0,1990.4902,1991.2226,1991.5164,0.1176,0
2041,0,1991.3724,1992.0778,1992.4300,0.1334,0
2042,0,1992.2636,1993.2061,1993.5377,0.1193,0
2043,0,1993.3806,1994.1855,1994.5983,0.1116,0
2044,0,1994.3321,1995.4126,1995.7553,0.1284,0
2045,0,1995.5777,1996.2939,1996.5655,0.1043,0
2046,0,1996.4277,1997.1336,1997.4169,0.1144,0
2047,0,1997.2773,1998.2232,1998.6274,0.1153,0
2048,0,1998.3774,1999.2047,1999.5087,0.1163,0
2049,0,1999.3508,2000.0627,2000.5081,0.1105,0
2050,0,2000.2071,2001.3536,2001.8158,0.1171,0
2051,0,2001.5002,2002.3590,2002.6548,0.1081,0
2052,0,2002.5023,2003.2349,2003.6145,0.1130,0
2053,0,2003.3838,2004.2013,2004.6324,0.1162,0
2054,0,2004.3531,2005.1540,2005.4324,0.1151,0
2055,0,2005.7509,2006.6003,2007.1252,0.1154,0
2056,0,2006.9528,2007.9038,2008.3725,0.1184,0
2057,0,2008.0615,2008.8491,2009.1720,0.1118,0
2058,0,2008.9992,2009.8744,2010.1755,0.1111,0
2059,0,2010.0490,2010.7622,2011.0495,0.1129,0
2060,0,2010.9089,2011.6154,2011.9209,0.1159,0
2061,0,2011.7660,2012.6188,2012.9623,0.1145,0
2062,0,2012.7708,2013.5303,2013.8173,0.1118,0
2063,0,2013.6743,2014.3803,2014.9856,0.1114,0
2064,0,2014.5289,2015.2187,2015.6033,0.0864,0
2065,0,2015.3385,2016.1254,2016.4330,0.1186,0
2066,0,2016.3070,2017.0060,2017.3900,0.2015,0
2067,0,2017.2608,2018.0606,2018.5216,0.1150,0
2068,0,2018.2166,2019.0811,2019.4507,0.1109,0
2069,0,2019.2270,2020.0167,2020.7671,0.2833,0
2070,0,2020.3594,2021.3479,2021.9323,0.1152,0
2071,0,2021.4953,2022.4562,2022.8481,0.1072,0
2072,0,2022.6007,2023.5387,2023.9484,0.1138,0
2073,0,2023.6836,2024.5139,2024.9302,0.1101,0
2074,0,2024.6555,2025.4782,2025.9149,0.1123,0
2075,0,2025.6868,2026.5370,2026.8349,0.1142,0
2076,0,2026.6838,2027.4124,2027.8573,0.1130,0
2077,0,2027.5603,2028.4086,2028.9406,0.2414,0
2078,0,2028.7106,2029.5148,2029.8023,0.1152,0
2079,0,2029.6594,2030.3998,2031.0366,0.1159,0
2080,0,2030.5595,2031.8653,2032.1847,0.1312,0
2081,0,2032.0351,2032.7609,2033.1352,0.1118,0
2082,0,2032.9095,2033.7022,2034.0543,0.1668,0
2083,0,2033.9140,2034.8102,2035.2632,0.1156,0
2084,0,2034.9672,2035.7832,2036.0647,0.1130,0
2085,0,2035.9280,2036.6331,2037.3923,0.3584,0
2086,0,2037.0336,2037.9182,2038.2256,0.1147,0
2087,0,2038.0700,2038.8010,2039.2063,0.1134,0
2088,0,2038.9439,2040.0958,2040.4499,0.1198,0
2089,0,2040.2516,2040.9680,2041.2658,0.1134,0
2090,0,2041.1190,2041.8352,2042.2484,0.1154,0
2091,0,2041.9904,2043.0182,2043.3416,0.1137,0
2092,0,2043.1736,2043.9181,2044.2196,0.1147,0
2093,0,2044.0654,2044.7950,2045.1050,0.1361,0
2094,0,2044.9844,2045.8659,2046.5514,0.1107,0
2095,0,2046.0253,2046.6935,2046.9806,0.0872,0
2096,0,2046.8140,2047.5497,2048.0427,0.2058,0
2097,0,2047.8086,2048.7429,2049.0881,0.1141,0
2098,0,2048.8908,2049.6659,2049.9511,0.1107,0
2099,0,2049.8068,2050.5154,2050.8736,0.1133,0
2100,0,2050.6644,2051.4531,2051.8638,0.1168,0
2101,0,2051.6007,2052.4239,2052.7076,0.1118,0
2102,0,2052.5677,2053.2765,2053.8407,0.3691,0
2103,0,2053.6816,2054.4217,2054.8481,0.1136,0
2104,0,2054.5708,2055.4132,2055.7093,0.1093,0
2105,0,2055.5588,2056.5473,2056.8427,0.1111,0
2106,0,2056.6963,2057.4198,2057.6978,0.1127,0
2107,0,2057.5614,2058.2618,2058.6871,0.1109,0
2108,0,2058.4016,2059.5509,2059.8772,0.1201,0
2109,0,2059.7095,2060.4404,2060.8572,0.1123,0
2110,0,2060.5828,2061.3459,2061.7828,0.1121,0
2111,0,2061.4986,2062.5743,2062.9030,0.1216,0
2112,0,2062.7327,2063.4658,2063.8932,0.1269,0
2113,0,2063.6450,2064.5518,2065.1174,0.3560,0
2114,0,2064.9524,2065.7214,2066.0447,0.1129,0
2115,0,2065.8731,2066.6052,2067.1653,0.1110,0
2116,0,2066.7548,2068.0134,2068.3236,0.1151,0
2117,0,2068.1611,2068.8876,2069.2986,0.1165,0
2118,0,2069.0360,2069.8659,2070.2658,0.1087,0
2119,0,2070.0294,2070.9489,2071.4043,0.1130,0
2120,0,2071.0974,2071.9699,2072.4738,0.1142,0
2121,0,2072.1159,2073.2946,2073.5792,0.1149,0
2122,0,2073.4653,2074.2949,2074.5947,0.1150,0
2123,0,2074.4428,2075.1664,2075.5540,0.1149,0
2124,0,2075.3085,2076.3632,2076.6450,0.1058,0
2125,0,2076.5000,2077.2136,2077.5125,0.1129,0
2126,0,2077.3583,2078.0995,2079.0782,0.1284,0
2127,0,2078.2753,2079.1669,2079.5088,0.0898,0
2128,0,2079.2892,2080.0061,2080.2924,0.1078,0
2129,0,2080.1429,2080.8559,2081.1322,0.1074,0
2130,0,2080.9936,2081.9352,2082.4455,0.1163,0
2131,0,2082.0944,2082.9828,2083.2766,0.1109,0
2132,0,2083.1286,2083.8555,2084.4453,0.3733,0
2133,0,2084.2768,2085.0359,2085.5410,0.1132,0
2134,0,2085.1862,2086.1017,2086.4684,0.1126,0
2135,0,2086.2503,2087.3231,2087.6201,0.1180,0
2136,0,2087.4761,2088.1851,2088.6379,0.1135,0
2137,0,2088.3296,2089.1735,2089.5674,0.1025,0
2138,0,2089.3046,2090.3633,2090.7887,0.1209,0
2139,0,2090.5211,2091.3662,2091.7570,0.1117,0
2140,0,2091.5115,2092.5702,2092.8741,0.1154,0
2141,0,2092.7218,2093.4479,2093.8509,0.1141,0
2142,0,2093.5980,2094.4197,2095.2782,0.1148,0
2143,0,2094.5678,2095.2675,2095.8707,0.2349,0
2144,0,2095.5375,2096.4105,2096.7164,0.1007,0
2145,0,2096.5484,2097.2782,2097.7066,0.1174,0
2146,0,2097.4265,2098.5135,2098.7986,0.1187,0
2147,0,2098.6616,2099.3660,2099.6562,0.1118,0
2148,0,2099.5120,2100.2386,2100.6118,0.1118,0
2149,0,2100.4073,2101.4125,2101.7239,0.1130,0
2150,0,2101.5595,2102.2738,2102.8202,0.1122,0
2151,0,2102.4404,2103.4367,2103.8861,0.2530,0
2152,0,2103.7291,2104.4686,2104.8750,0.1141,0
2153,0,2104.6162,2105.4424,2105.8419,0.1131,0
2154,0,2105.5879,2106.7697,2107.0728,0.1122,0
2155,0,2106.9167,2107.6485,2108.2287,0.1155,0
2156,0,2107.7991,2108.8219,2109.1471,0.1115,0
2157,0,2108.9695,2109.8253,2110.3077,0.1256,0
2158,0,2110.0090,2110.8194,2111.7635,0.1101,0
2159,0,2111.2565,2112.4033,2113.1242,0.1681,0
2160,0,2112.7704,2113.7045,2114.2585,0.1149,0
2161,0,2114.0294,2115.1064,2115.6177,0.1669,0
2162,0,2115.3119,2116.1350,2116.6642,0.1140,0
2163,0,2116.2881,2116.9006,2117.4226,0.0872,0
2164,0,2117.0194,2118.0990,2118.4469,0.1107,0
2165,0,2118.2700,2119.0749,2119.5180,0.1161,0
2166,0,2119.2261,2120.0799,2120.6792,0.3395,0
2167,0,2120.4469,2121.2608,2121.7973,0.1113,0
2168,0,2121.4071,2122.3717,2123.2764,0.1135,0
2169,0,2122.5202,2123.2671,2123.7148,0.2275,0
2170,0,2123.5258,2124.2741,2125.0321,0.1128,0
2171,0,2124.4219,2125.0293,2125.3690,0.1018,0
2172,0,2125.1536,2126.2771,2126.6189,0.1162,0
2173,0,2126.4317,2127.1848,2127.9423,0.1131,0
2174,0,2127.3325,2127.9362,2128.3623,0.0967,0
2175,0,2128.0547,2129.1677,2129.6385,0.1155,0
2176,0,2129.3198,2130.1834,2130.5149,0.1139,0
2177,0,2130.3349,2131.0802,2131.4952,0.1128,0
2178,0,2131.2296,2132.1282,2132.5641,0.1154,0
2179,0,2132.3039,2133.1465,2133.4286,0.1113,0
2180,0,2133.3725,2134.3236,2134.7351,0.1176,0
2181,0,2134.4799,2135.2774,2135.5586,0.1091,0
2182,0,2135.4164,2136.1258,2136.4426,0.1141,0
2183,0,2136.2745,2137.3200,2137.7841,0.1175,0
2184,0,2137.4750,2138.3259,2138.7113,0.1119,0
2185,0,2138.4730,2139.2850,2139.5932,0.1446,0
2186,0,2139.4815,2140.3414,2140.8004,0.1154,0
2187,0,2140.4890,2141.3412,2141.6666,0.1100,0
2188,0,2141.4865,2142.2445,2142.8044,0.3507,0
2189,0,2142.6406,2143.3858,2143.8547,0.1149,0
2190,0,2143.5369,2144.4224,2145.0315,0.1159,0
2191,0,2144.5725,2145.8158,2146.1095,0.1170,0
2192,0,2145.9646,2146.6866,2147.1310,0.1094,0
2193,0,2146.8272,2147.6302,2148.0664,0.1035,0
2194,0,2147.7899,2148.7765,2149.0832,0.1121,0
2195,0,2148.9252,2149.6533,2150.0512,0.1152,0
2196,0,2149.7989,2150.4245,2150.7924,0.0917,0
2197,0,2150.5510,2151.4141,2151.8058,0.1164,0
2198,0,2151.5670,2152.3796,2152.6885,0.1164,0
2199,0,2152.5344,2153.2593,2153.6561,0.1092,0
2200,0,2153.4012,2154.2192,2154.5154,0.1172,0
2201,0,2154.3671,2155.0791,2155.4762,0.1136,0
2202,0,2155.2216,2155.9962,2156.3084,0.1266,0
2203,0,2156.1786,2157.0462,2157.3524,0.1121,0
2204,0,2157.1964,2157.9294,2158.3009,0.1125,0
2205,0,2158.0724,2158.8537,2159.4106,0.3440,0
2206,0,2159.2541,2159.9956,2160.2834,0.1138,0
2207,0,2160.1433,2160.8527,2161.2036,0.1113,0
2208,0,2160.9939,2161.7704,2162.2262,0.2373,0
2209,0,2162.0699,2162.8020,2163.0898,0.1108,0
2210,0,2162.9475,2163.6634,2164.0044,0.1130,0
2211,0,2163.8062,2164.5678,2165.0333,0.2605,0
2212,0,2164.8696,2165.6105,2165.9061,0.1138,0
2213,0,2165.7609,2166.4727,2166.8303,0.1128,0
2214,0,2166.6152,2167.3198,2167.7704,0.2486,0
2215,0,2167.6108,2168.3479,2168.7683,0.1158,0
2216,0,2168.4986,2169.3363,2169.7119,0.1145,0
2217,0,2169.4849,2170.6523,2170.9466,0.1123,0
2218,0,2170.7981,2171.5248,2171.8742,0.1170,0
2219,0,2171.6730,2172.3817,2172.8475,0.1124,0
2220,0,2172.5308,2173.6551,2174.0132,0.1122,0
2221,0,2173.8105,2174.6597,2174.9469,0.1155,0
2222,0,2174.8050,2175.5293,2176.2768,0.3495,0
2223,0,2175.9240,2176.7965,2177.0928,0.1067,0
2224,0,2176.9391,2177.6647,2178.0740,0.1145,0
2225,0,2177.8095,2178.8428,2179.2336,0.1160,0
2226,0,2178.9930,2179.7682,2180.0538,0.1114,0
2227,0,2179.9120,2180.6147,2180.9336,0.1106,0
2228,0,2180.7544,2181.7708,2182.0935,0.1073,0
2229,0,2181.9258,2182.7709,2183.0818,0.1148,0
2230,0,2182.9217,2183.6602,2184.0745,0.1633,0
2231,0,2183.8622,2184.8282,2185.1364,0.1193,0
2232,0,2184.9858,2185.7186,2185.9950,0.1131,0
2233,0,2185.8615,2186.5621,2186.8585,0.1081,0
2234,0,2186.7288,2187.5671,2187.8743,0.1155,0
2235,0,2187.7247,2188.4703,2188.8089,0.1235,0
2236,0,2188.6419,2189.3810,2189.6745,0.1087,0
2237,0,2189.5254,2190.3511,2190.6495,0.1130,0
2238,0,2190.5209,2191.2267,2191.5983,0.1134,0
2239,0,2191.3707,2192.1407,2192.5279,0.1092,0
2240,0,2192.3606,2193.2821,2193.7196,0.1175,0
2241,0,2193.4426,2194.2825,2194.6121,0.1115,0
2242,0,2194.4244,2195.3814,2195.6861,0.1231,0
2243,0,2195.5379,2196.2433,2196.5091,0.1027,0
2244,0,2196.3744,2197.0738,2197.3738,0.1110,0
2245,0,2197.2131,2198.1806,2198.6702,0.1182,0
2246,0,2198.3490,2199.2112,2199.6393,0.1131,0
2247,0,2199.3587,2200.2065,2200.5888,0.1120,0
2248,0,2200.3479,2201.3730,2202.5326,0.1130,0
2249,0,2201.5146,2203.2719,2204.1791,0.1137,0
2250,0,2203.4211,2204.1912,2204.8606,0.0834,0
2251,0,2204.3136,2205.0333,2205.7484,0.0995,0
2252,0,2205.1628,2205.7577,2206.4889,0.0875,0
2253,0,2205.8767,2206.5098,2207.5004,0.3177,0
2254,0,2206.8667,2207.4929,2208.2179,0.0904,0
2255,0,2207.6061,2208.2105,2208.9401,0.0907,0
2256,0,2208.3229,2208.9300,2209.9156,0.2995,0
2257,0,2209.2880,2210.4042,2211.2570,0.1121,0
2258,0,2210.5590,2211.2496,2212.3364,0.0434,0
2259,0,2211.3159,2212.3281,2212.9962,0.0442,0
2260,0,2212.3992,2213.0238,2213.7887,0.0704,0
2261,0,2213.1566,2213.7805,2214.5014,0.0864,0
2262,0,2213.8929,2214.4984,2215.4729,0.3279,0
2263,0,2214.8899,2216.0377,2216.7905,0.1162,0
2264,0,2216.1863,2216.7927,2217.5681,0.0860,0
2265,0,2216.9112,2217.5602,2218.4578,0.2786,0
2266,0,2217.8613,2218.4578,2219.2123,0.1018,0
2267,0,2218.5738,2219.2052,2219.9816,0.0556,0
2268,0,2219.2820,2219.9751,2220.7708,0.0528,0
2269,0,2220.0620,2220.9696,2221.6779,0.0858,0
2270,0,2221.0869,2221.6860,2222.4888,0.0894,0
2271,0,2221.8093,2222.4802,2223.2831,0.0412,0
2272,0,2222.5449,2223.2747,2224.1766,0.2571,0
2273,0,2223.5597,2224.1738,2224.9112,0.1011,0
2274,0,2224.2928,2224.9037,2225.6936,0.0885,0
2275,0,2225.0141,2225.6832,2226.6345,0.2420,0
2276,0,2225.9521,2226.6267,2227.2868,0.0474,0
2277,0,2226.6968,2227.2854,2228.0261,0.1030,0
2278,0,2227.4045,2228.0189,2228.5415,0.0749,0
2279,0,2228.1149,2228.7818,2237.1020,0.3162,0
2280,0,2229.1384,2237.7564,2238.1385,0.1735,0
2281,0,2237.9684,2239.0939,2239.4303,0.1215,0
2282,0,2239.2513,2240.0132,2240.5146,0.2881,0
2283,0,2240.3629,2241.7827,2242.8175,0.1156,0
2284,0,2241.9437,2243.2838,2243.5618,0.0831,0
2285,0,2243.4066,2244.1336,2244.4376,0.1170,0
2286,0,2244.2819,2245.0019,2245.5661,0.3628,0
2287,0,2245.3957,2246.1359,2246.4568,0.1161,0
2288,0,2246.2893,2247.0166,2247.3168,0.1097,0
2289,0,2247.1570,2247.8744,2248.3783,0.3032,0
2290,0,2248.2152,2248.9363,2249.2329,0.1165,0
2291,0,2249.0852,2249.7883,2250.0599,0.1111,0
2292,0,2249.9279,2250.6229,2251.2061,0.4061,0
2293,0,2251.0648,2251.7737,2252.0430,0.1091,0
2294,0,2251.9114,2252.6321,2253.1340,0.1185,0
2295,0,2252.7881,2253.9870,2254.2998,0.1177,0
2296,0,2254.1441,2254.8830,2255.1699,0.1150,0
2297,0,2255.0303,2255.7375,2256.0906,0.1127,0
2298,0,2255.8796,2256.9618,2257.2665,0.1094,0
2299,0,2257.1105,2257.8575,2258.1562,0.1104,0
2300,0,2258.0051,2258.7362,2259.0956,0.1068,0
2301,0,2258.8969,2259.9289,2260.2425,0.1110,0
2302,0,2260.0777,2260.8166,2261.0997,0.1112,0
2303,0,2260.9595,2261.6687,2262.2295,0.3766,0
2304,0,2262.0740,2262.7941,2263.1121,0.1160,0
2305,0,2262.9470,2263.6772,2263.9935,0.1122,0
2306,0,2263.8299,2264.8605,2265.1808,0.1180,0
2307,0,2265.0223,2265.7571,2266.0424,0.1121,0
2308,0,2265.9018,2266.6028,2266.8808,0.1136,0
2309,0,2266.7457,2267.6808,2268.0099,0.1655,0
2310,0,2267.8760,2268.5723,2268.8726,0.1149,0
2311,0,2268.7234,2269.4448,2269.7192,0.1128,0
2312,0,2269.5870,2270.6585,2270.9354,0.1143,0
2313,0,2270.8011,2271.4953,2271.7693,0.1102,0
2314,0,2271.6337,2272.3342,2272.6985,0.1225,0
2315,0,2272.4963,2273.5512,2273.8355,0.1160,0
2316,0,2273.6966,2274.3965,2274.6965,0.1123,0
2317,0,2274.5391,2275.2544,2275.6775,0.1084,0
2318,0,2275.3929,2276.5414,2276.8374,0.1095,0
2319,0,2276.6890,2277.4287,2277.7174,0.1149,0
2320,0,2277.5764,2278.2851,2278.6020,0.1220,0
2321,0,2278.4387,2279.1812,2279.4758,0.1133,0
2322,0,2279.3290,2280.0327,2280.3102,0.1135,0
2323,0,2280.1739,2280.8654,2281.1340,0.1058,0
2324,0,2280.9992,2281.9412,2282.2640,0.1181,0
2325,0,2282.0977,2282.8223,2283.1349,0.1168,0
2326,0,2282.9708,2283.6973,2284.0502,0.1562,0
2327,0,2283.9043,2284.8885,2285.2176,0.1187,0
2328,0,2285.0445,2285.7902,2286.0881,0.1100,0
2329,0,2285.9310,2286.6564,2287.2556,0.3983,0
2330,0,2287.0876,2287.8202,2288.1438,0.1205,0
2331,0,2287.9764,2288.7051,2289.0286,0.1187,0
2332,0,2288.8626,2289.8638,2290.1795,0.1177,0
2333,0,2290.0169,2290.7374,2291.0489,0.1163,0
2334,0,2290.8912,2291.6194,2291.9278,0.1117,0
2335,0,2291.7652,2292.7264,2293.1621,0.2576,0
2336,0,2293.0188,2293.7362,2294.0127,0.1097,0
2337,0,2293.8762,2294.5741,2294.9174,0.1161,0
2338,0,2294.7186,2295.7782,2296.0521,0.1143,0
2339,0,2295.9204,2296.6102,2296.8726,0.1050,0
2340,0,2296.7442,2297.4391,2297.7899,0.1143,0
2341,0,2297.5897,2298.6021,2298.9700,0.1606,0
2342,0,2298.7985,2299.5359,2299.8054,0.1054,0
2343,0,2299.6712,2300.3728,2300.7516,0.1583,0
2344,0,2300.5960,2301.4976,2301.8120,0.1242,0
2345,0,2301.6582,2302.3873,2302.6827,0.1146,0
2346,0,2302.5383,2303.2479,2303.5408,0.1162,0
2347,0,2303.3979,2304.2479,2304.5253,0.1140,0
2348,0,2304.3922,2305.0903,2305.3951,0.1155,0
2349,0,2305.2342,2305.9502,2306.2589,0.1188,0
2350,0,2306.1011,2306.9901,2307.2705,0.1134,0
2351,0,2307.1356,2307.8280,2308.0990,0.1118,0
2352,0,2307.9682,2308.6665,2308.9744,0.1040,0
2353,0,2308.8085,2309.8725,2310.1988,0.1161,0
2354,0,2310.0300,2310.7865,2311.0714,0.1123,0
2355,0,2310.9295,2311.6364,2311.9387,0.1172,0
2356,0,2311.7843,2312.5328,2312.8642,0.1182,0
2357,0,2312.6925,2313.4240,2313.7554,0.1183,0
2358,0,2313.5840,2314.3174,2314.5972,0.1073,0
2359,0,2314.4576,2315.3112,2315.6631,0.1565,0
2360,0,2315.5074,2316.2361,2316.5187,0.1139,0
2361,0,2316.3836,2317.1016,2317.3713,0.1024,0
2362,0,2317.2352,2318.0470,2318.3496,0.1147,0
2363,0,2318.1921,2318.9090,2319.2047,0.1103,0
2364,0,2319.0496,2319.7630,2320.0799,0.1157,0
2365,0,2319.9113,2320.8861,2321.1945,0.1137,0
2366,0,2321.0310,2321.7467,2322.0642,0.1181,0
2367,0,2321.8978,2322.6232,2322.9522,0.1252,0
2368,0,2322.7886,2323.7192,2324.0289,0.1183,0
2369,0,2323.8690,2324.5841,2324.8972,0.1141,0
2370,0,2324.7341,2325.4522,2326.0059,0.3190,0
2371,0,2325.8520,2326.6050,2326.8905,0.1124,0
2372,0,2326.7543,2327.4782,2327.8019,0.1182,0
2373,0,2327.6356,2328.3607,2328.8311,0.3019,0
2374,0,2328.6894,2329.4703,2329.7662,0.1148,0
2375,0,2329.6230,2330.3428,2330.6255,0.1133,0
2376,0,2330.4854,2331.1891,2331.7309,0.2602,0
2377,0,2331.5212,2332.3262,2332.6516,0.1177,0
2378,0,2332.4786,2333.2117,2333.5580,0.1110,0
2379,0,2333.3636,2334.4161,2334.7148,0.1116,0
2380,0,2334.5614,2335.2851,2335.5896,0.1150,0
2381,0,2335.4399,2336.1698,2336.4690,0.1107,0
2382,0,2336.3116,2337.3321,2337.6201,0.1172,0
2383,0,2337.4812,2338.1781,2338.4692,0.1091,0
2384,0,2338.3173,2339.0316,2339.3642,0.1102,0
2385,0,2339.1721,2340.2181,2340.4953,0.1157,0
2386,0,2340.3615,2341.0550,2341.3258,0.1113,0
2387,0,2341.1950,2341.8925,2342.2536,0.1160,0
2388,0,2342.0477,2343.0613,2343.4503,0.1200,0
2389,0,2343.2570,2344.0224,2344.3512,0.1145,0
2390,0,2344.2019,2344.9552,2345.5699,0.4120,0
2391,0,2345.4242,2346.1482,2346.4389,0.1091,0
2392,0,2346.2922,2347.0220,2347.4224,0.1152,0
2393,0,2347.1694,2348.2952,2348.6200,0.1162,0
2394,0,2348.4663,2349.1932,2349.4847,0.1109,0
2395,0,2349.3403,2350.0449,2350.3378,0.1152,0
2396,0,2350.1893,2351.2111,2351.5006,0.1157,0
2397,0,2351.3583,2352.0627,2352.3744,0.1130,0
2398,0,2352.2098,2352.9283,2353.2472,0.1131,0
2399,0,2353.3033,2354.1714,2354.4745,0.1158,0
2400,0,2354.3253,2355.0467,2355.3518,0.1091,0
2401,0,2355.1890,2355.9074,2356.2388,0.1568,0
2402,0,2356.0965,2357.0177,2357.2916,0.1062,0
2403,0,2357.1531,2357.8457,2358.1151,0.1130,0
2404,0,2357.9869,2358.6742,2358.9454,0.1011,0
2405,0,2358.8113,2359.6522,2359.9783,0.1175,0
2406,0,2359.8068,2360.5354,2360.8389,0.1105,0
2407,0,2360.6786,2361.4072,2361.7383,0.1087,0
2408,0,2361.5500,2362.6135,2363.0717,0.2703,0
2409,0,2362.9201,2363.6417,2364.0503,0.1355,0
2410,0,2363.8411,2364.9248,2365.2493,0.1191,0
2411,0,2365.0823,2365.8250,2366.1581,0.1196,0
2412,0,2365.9823,2366.7146,2366.9884,0.1122,0
2413,0,2366.8558,2367.8633,2368.1769,0.1177,0
2414,0,2368.0147,2368.7375,2369.0428,0.1156,0
2415,0,2368.8854,2369.5983,2369.9279,0.1133,0
2416,0,2369.7631,2370.7892,2371.0644,0.1132,0
2417,0,2370.9320,2371.6212,2371.9153,0.1093,0
2418,0,2371.7619,2372.4774,2372.7942,0.1122,0
2419,0,2372.6297,2373.6033,2373.8853,0.1128,0
2420,0,2373.7494,2374.4398,2374.7244,0.1154,0
2421,0,2374.5833,2375.2783,2375.5538,0.1003,0
2422,0,2375.4062,2376.3994,2376.6905,0.1066,0
2423,0,2376.5366,2377.2422,2377.5382,0.1104,0
2424,0,2377.3839,2378.1149,2378.5227,0.1655,0
2425,0,2378.3399,2379.3737,2379.7390,0.1196,0
2426,0,2379.5296,2380.3177,2380.6332,0.1108,0
2427,0,2380.4724,2381.4916,2381.7875,0.1168,0
2428,0,2381.6440,2382.3670,2382.6487,0.1113,0
2429,0,2382.5089,2383.2101,2383.5027,0.1098,0
2430,0,2383.3563,2384.3482,2384.6400,0.1184,0
2431,0,2384.5020,2385.2230,2385.5378,0.1155,0
2432,0,2385.3767,2386.0980,2386.3777,0.1089,0
2433,0,2386.2419,2387.2278,2387.4992,0.1125,0
2434,0,2387.3703,2388.0663,2388.3667,0.1107,0
2435,0,2388.2183,2388.9674,2389.2435,0.1085,0
2436,0,2389.1073,2390.1148,2390.4074,0.1077,0
2437,0,2390.2530,2390.9648,2391.2840,0.1160,0
2438,0,2391.1186,2391.8410,2392.1549,0.1093,0
2439,0,2391.9818,2393.0105,2393.3711,0.1184,0
2440,0,2393.1692,2393.9520,2394.2649,0.1172,0
2441,0,2394.1073,2394.8345,2395.2343,0.1223,0
2442,0,2395.0129,2396.0678,2396.4003,0.1116,0
2443,0,2396.2228,2396.9706,2397.2777,0.1118,0
2444,0,2397.1140,2397.8368,2398.4793,0.4452,0
2445,0,2398.3160,2399.0451,2399.3664,0.1150,0
2446,0,2399.2125,2399.9870,2400.3138,0.1099,0
2447,0,2400.1570,2401.1566,2401.4891,0.1209,0
2448,0,2401.3223,2402.0489,2402.3884,0.1176,0
2449,0,2402.2108,2402.9577,2403.3728,0.1140,0
2450,0,2403.1132,2404.0925,2404.3902,0.1137,0
2451,0,2404.2461,2404.9541,2405.2388,0.1113,0
2452,0,2405.0952,2405.8010,2406.1281,0.1092,0
2453,0,2405.9410,2406.9364,2407.2221,0.1108,0
2454,0,2407.0775,2407.7829,2408.0539,0.1110,0
2455,0,2407.9216,2408.6132,2408.9200,0.1057,0
2456,0,2408.7470,2409.7317,2410.0041,0.1132,0
2457,0,2409.8728,2410.5652,2410.8763,0.1083,0
2458,0,2410.7044,2411.4727,2411.8566,0.1538,0
2459,0,2411.6882,2412.6125,2412.9099,0.1127,0
2460,0,2412.7603,2413.4810,2413.7965,0.1135,0
2461,0,2413.6450,2414.3670,2414.6579,0.1064,0
2462,0,2414.5073,2415.4653,2415.7443,0.1152,0
2463,0,2415.6121,2416.3080,2416.6014,0.1069,0
2464,0,2416.4454,2417.1569,2417.4295,0.1116,0
2465,0,2417.2986,2418.1383,2418.4125,0.1144,0
2466,0,2418.2819,2418.9824,2419.2572,0.1112,0
2467,0,2419.1213,2419.8153,2420.1245,0.1465,0
2468,0,2419.9903,2420.8451,2421.1475,0.1132,0
2469,0,2420.9900,2421.7030,2422.0290,0.1178,0
2470,0,2421.8611,2422.5896,2422.9133,0.1175,0
2471,0,2422.7430,2423.7141,2423.9941,0.1134,0
2472,0,2423.8571,2424.5572,2424.8686,0.1152,0
2473,0,2424.7073,2425.4252,2425.6888,0.1054,0
2474,0,2425.5594,2426.3865,2426.7112,0.1131,0
2475,0,2426.5533,2427.3005,2427.5914,0.1143,0
2476,0,2427.4498,2428.1676,2428.5376,0.1203,0
2477,0,2428.3286,2429.4761,2429.7709,0.1108,0
2478,0,2429.6238,2430.3601,2430.6371,0.1070,0
2479,0,2430.4965,2431.1969,2431.6355,0.2721,0
2480,0,2431.4991,2432.1972,2432.4901,0.1133,0
2481,0,2432.3473,2433.0640,2433.3813,0.1135,0
2482,0,2433.2229,2433.9844,2434.4558,0.2913,0
2483,0,2434.3082,2435.0230,2435.3110,0.1110,0
2484,0,2435.1667,2435.8722,2436.1453,0.1115,0
2485,0,2436.0119,2436.7082,2437.2586,0.3683,0
2486,0,2437.1042,2437.8107,2438.0965,0.1110,0
2487,0,2437.9551,2438.6582,2438.9413,0.1161,0
2488,0,2438.8046,2439.5067,2440.0408,0.3728,0
2489,0,2439.9076,2440.6081,2440.9140,0.1163,0
2490,0,2440.7571,2441.4786,2442.1579,0.2334,0
2491,0,2441.7739,2442.9966,2443.3493,0.1650,0
2492,0,2443.1970,2443.9197,2444.2160,0.1149,0
2493,0,2444.0680,2444.7739,2445.0765,0.1019,0
2494,0,2444.9086,2445.9890,2446.2891,0.1111,0
2495,0,2446.1384,2446.8604,2447.1478,0.1160,0
2496,0,2447.0081,2447.7174,2447.9912,0.1137,0
2497,0,2447.8601,2448.7173,2449.0006,0.1135,0
2498,0,2448.8600,2449.5563,2449.8633,0.1119,0
2499,0,2449.6999,2450.4194,2450.7121,0.1058,0
2500,0,2450.5569,2451.4928,2451.7978,0.1158,0
2501,0,2451.6393,2452.3487,2452.6678,0.1165,0
2502,0,2452.5000,2453.2356,2453.5790,0.1176,0
2503,0,2453.4028,2454.2430,2454.5539,0.1201,0
2504,0,2454.4025,2455.1273,2455.4159,0.1164,0
2505,0,2455.2997,2456.0058,2456.3100,0.1083,0
2506,0,2456.1496,2456.9933,2457.3608,0.1091,0
2507,0,2457.1445,2457.9563,2458.2745,0.1084,0
2508,0,2458.1007,2458.8492,2459.1956,0.1118,0
2509,0,2458.9934,2459.8612,2460.1593,0.1086,0
2510,0,2460.0035,2460.7274,2461.0100,0.1163,0
2511,0,2460.8739,2461.5667,2461.8570,0.1027,0
2512,0,2461.7320,2462.7198,2463.0173,0.1114,0
2513,0,2462.8634,2463.5701,2463.8954,0.1133,0
2514,0,2463.7378,2464.4570,2465.0096,0.3728,0
2515,0,2464.8676,2465.5737,2465.8681,0.1129,0
2516,0,2465.7277,2466.4475,2466.7269,0.1094,0
2517,0,2466.5886,2467.2717,2467.8528,0.3824,0
2518,0,2467.6896,2468.4065,2468.7205,0.1152,0
2519,0,2468.5591,2469.2671,2469.5670,0.1113,0
2520,0,2469.4092,2470.3868,2470.6848,0.1142,0
2521,0,2470.5311,2471.2316,2471.5459,0.1161,0
2522,0,2471.3856,2472.1074,2472.3934,0.1097,0
2523,0,2472.2554,2473.2484,2473.5449,0.1137,0
2524,0,2473.4024,2474.1136,2474.3995,0.1113,0
2525,0,2474.2607,2474.9475,2475.2596,0.1118,0
2526,0,2475.0939,2476.0563,2476.4171,0.1637,0
2527,0,2476.2521,2476.9541,2477.2780,0.1157,0
2528,0,2477.1081,2477.8162,2478.1166,0.1119,0
2529,0,2477.9589,2479.1092,2479.3996,0.1158,0
2530,0,2479.2587,2479.9467,2480.2515,0.1128,0
2531,0,2480.0928,2480.7882,2481.1393,0.1187,0
2532,0,2480.9407,2481.9444,2482.2455,0.1125,0
2533,0,2482.1134,2482.8891,2483.2984,0.1131,0
2534,0,2483.0581,2483.9201,2484.5175,0.3806,0
2535,0,2484.3435,2485.1024,2485.4068,0.1178,0
2536,0,2485.2578,2485.9608,2486.2439,0.1144,0
2537,0,2486.1051,2487.0573,2487.3675,0.1150,0
2538,0,2487.2042,2487.9210,2488.2938,0.1150,0
2539,0,2488.0743,2488.8426,2489.1508,0.1116,0
2540,0,2488.9927,2489.9834,2490.2622,0.1078,0
2541,0,2490.1221,2490.8239,2491.1048,0.1105,0
2542,0,2490.9684,2491.6689,2491.9621,0.1095,0
2543,0,2491.8081,2492.8439,2493.1289,0.1120,0
2544,0,2492.9907,2493.6743,2493.9554,0.1162,0
2545,0,2493.8186,2494.4955,2494.7763,0.1120,0
2546,0,2494.6385,2495.7710,2496.0465,0.1091,0
2547,0,2495.9092,2496.5873,2496.8619,0.1085,0
2548,0,2496.7262,2497.4017,2497.7127,0.1132,0
2549,0,2497.5424,2498.5451,2498.8608,0.1174,0
2550,0,2498.6994,2499.4027,2499.6965,0.1127,0
2551,0,2499.5459,2500.2359,2500.5612,0.1110,0
2552,0,2500.3773,2501.3511,2501.6475,0.1110,0
2553,0,2501.4929,2502.1778,2502.5212,0.1142,0
2554,0,2502.3324,2503.0901,2503.3998,0.1111,0
2555,0,2503.2449,2504.0893,2504.3994,0.1160,0
2556,0,2504.2460,2504.9538,2505.2343,0.1122,0
2557,0,2505.0959,2505.7798,2506.0899,0.1100,0
2558,0,2506.3756,2506.9660,2507.3157,0.1126,0
2559,0,2507.1632,2508.0259,2508.3756,0.1457,0
2560,0,2508.2068,2508.9181,2509.2301,0.1153,0
2561,0,2509.0651,2509.9043,2510.2030,0.1115,0
2562,0,2510.0469,2510.7408,2511.0328,0.1089,0
2563,0,2510.8798,2511.5716,2512.1226,0.3372,0
2564,0,2511.9783,2512.6967,2512.9885,0.1153,0
2565,0,2512.8467,2513.5306,2513.8460,0.1130,0
2566,0,2513.6999,2514.4014,2514.6752,0.1125,0
2567,0,2514.5441,2515.3457,2515.6190,0.1137,0
2568,0,2515.4888,2516.1599,2516.4548,0.1087,0
2569,0,2516.2971,2516.9864,2517.3072,0.1032,0
2570,0,2517.1305,2517.9454,2518.2412,0.1130,0
2571,0,2518.0932,2518.7874,2519.0636,0.1138,0
2572,0,2518.9308,2519.6067,2519.9538,0.1118,0
2573,0,2519.7546,2520.8122,2521.0875,0.1125,0
2574,0,2520.9533,2521.6303,2521.9493,0.1066,0
2575,0,2521.7751,2522.5147,2522.8662,0.1145,0
2576,0,2522.6709,2523.7863,2524.0716,0.1138,0
2577,0,2523.9322,2524.6082,2524.8830,0.1135,0
2578,0,2524.7498,2525.4226,2525.7174,0.1062,0
2579,0,2525.5592,2526.4698,2526.7892,0.1183,0
2580,0,2526.6316,2527.3315,2527.6433,0.1120,0
2581,0,2527.4710,2528.1822,2528.4907,0.1095,0
2582,0,2528.3501,2529.3007,2529.5948,0.1102,0
2583,0,2529.4448,2530.1440,2530.4747,0.1146,0
2584,0,2530.2969,2531.0458,2531.3243,0.1134,0
2585,0,2531.1912,2532.0084,2532.2977,0.1143,0
2586,0,2532.1524,2532.8370,2533.1092,0.1134,0
2587,0,2532.9798,2533.6702,2533.9444,0.1072,0
2588,0,2533.8054,2534.6428,2534.9210,0.1145,0
2589,0,2534.7870,2535.4686,2535.8038,0.1179,0
2590,0,2535.6271,2536.3443,2536.6652,0.1112,0
2591,0,2536.4847,2537.4481,2537.7235,0.1184,0
2592,0,2537.5949,2538.2671,2538.5568,0.1156,0
2593,0,2538.4126,2539.1927,2539.5191,0.1475,0
2594,0,2539.4001,2540.3425,2540.6396,0.1149,0
2595,0,2540.4911,2541.1872,2541.4943,0.1141,0
2596,0,2541.3315,2542.0346,2542.4042,0.1498,0
2597,0,2542.2513,2543.0537,2543.3836,0.1240,0
2598,0,2543.2240,2543.9392,2544.2387,0.1134,0
2599,0,2544.0853,2544.7889,2545.1721,0.1546,0
2600,0,2545.0039,2545.9301,2546.2780,0.1217,0
2601,0,2546.0998,2546.8361,2547.1165,0.1114,0
2602,0,2546.9817,2547.6817,2547.9550,0.1035,0
2603,0,2547.8185,2548.6850,2548.9598,0.1145,0
2604,0,2548.8273,2549.4971,2549.7907,0.1111,0
2605,0,2549.6362,2550.3340,2550.6745,0.1156,0
2606,0,2550.4967,2551.3608,2551.6658,0.1119,0
2607,0,2551.5050,2552.2079,2552.5024,0.1144,0
2608,0,2552.3587,2553.0391,2553.3856,0.1124,0
2609,0,2553.1812,2554.1893,2554.4987,0.1159,0
2610,0,2554.3487,2555.0522,2555.3447,0.1184,0
2611,0,2555.2045,2555.9100,2556.2495,0.1561,0
2612,0,2556.1021,2556.9173,2557.2526,0.1655,0
2613,0,2557.1135,2557.7937,2558.0637,0.1119,0
2614,0,2557.9341,2558.6072,2558.8854,0.1094,0
2615,0,2558.7448,2559.6926,2560.0009,0.1179,0
2616,0,2559.8423,2560.5411,2560.8388,0.1102,0
2617,0,2560.6817,2561.3694,2561.7542,0.1101,0
2618,0,2561.5104,2562.5853,2562.8899,0.1117,0
2619,0,2562.7354,2563.4566,2563.7913,0.1141,0
2620,0,2563.6062,2564.3484,2564.6382,0.1024,0
2621,0,2564.4917,2565.3846,2565.6779,0.1122,0
2622,0,2565.5296,2566.2210,2566.5202,0.1163,0
2623,0,2566.3695,2567.0665,2567.3587,0.1232,0
2624,0,2567.2192,2568.0600,2568.3442,0.1166,0
2625,0,2568.2053,2568.8784,2569.1595,0.1162,0
2626,0,2569.0298,2569.7099,2570.0161,0.1093,0
2627,0,2569.8468,2570.8172,2571.0858,0.1124,0
2628,0,2570.9582,2571.6323,2571.9076,0.1137,0
2629,0,2571.7732,2572.4479,2572.7856,0.1109,0
2630,0,2572.5915,2573.5542,2573.9124,0.1659,0
2631,0,2573.7496,2574.4468,2574.7206,0.1142,0
2632,0,2574.5876,2575.2611,2575.5519,0.1102,0
2633,0,2575.3978,2576.3487,2576.6472,0.1130,0
2634,0,2576.4900,2577.1863,2577.4798,0.1087,0
2635,0,2577.3228,2578.0169,2578.3619,0.1095,0
2636,0,2578.1541,2579.0410,2579.4813,0.2742,0
2637,0,2579.3441,2580.0202,2580.2923,0.1115,0
2638,0,2580.1583,2580.8361,2581.1460,0.1047,0
2639,0,2580.9673,2581.9837,2582.2989,0.1130,0
2640,0,2582.1304,2582.8502,2583.1524,0.1140,0
2641,0,2582.9929,2583.6964,2584.0381,0.1601,0
2642,0,2583.8845,2584.7420,2585.0481,0.1159,0
2643,0,2584.8872,2585.5811,2585.8737,0.1102,0
2644,0,2585.7188,2586.4147,2586.7134,0.1096,0
2645,0,2586.5519,2587.5071,2587.7977,0.1183,0
2646,0,2587.6585,2588.3398,2588.6118,0.1129,0
2647,0,2588.4793,2589.1491,2589.4419,0.1042,0
2648,0,2589.2800,2590.4093,2590.7059,0.1140,0
2649,0,2590.5513,2591.2403,2591.5368,0.1125,0
2650,0,2591.3827,2592.0799,2592.3767,0.1075,0
2651,0,2592.2748,2593.1054,2593.4387,0.1127,0
2652,0,2593.2608,2594.0066,2594.3410,0.1158,0
2653,0,2594.1591,2594.8912,2595.6537,0.5299,0
2654,0,2595.4965,2596.2282,2596.5485,0.1089,0
2655,0,2596.3799,2597.1012,2597.5850,0.1108,0
2656,0,2597.2442,2598.3214,2598.6299,0.1190,0
2657,0,2598.4756,2599.2022,2599.5272,0.1177,0
2658,0,2599.3593,2600.0863,2600.3587,0.1112,0
2659,0,2600.2270,2601.1971,2601.4779,0.1180,0
2660,0,2601.3446,2602.0191,2602.3657,0.1178,0
2661,0,2602.1861,2602.9335,2603.3539,0.1126,0
2662,0,2603.0900,2604.1911,2604.4803,0.1099,0
2663,0,2604.3365,2605.0281,2605.3488,0.1139,0
2664,0,2605.1768,2605.9118,2606.2491,0.1411,0
2665,0,2606.0872,2607.0567,2607.3338,0.1152,0
2666,0,2607.2038,2607.8804,2608.1482,0.1109,0
2667,0,2608.0190,2608.6932,2609.0176,0.1364,0
2668,0,2608.8605,2609.7729,2610.0503,0.1143,0
2669,0,2609.9168,2610.5873,2610.8838,0.1096,0
2670,0,2610.7290,2611.4247,2611.7762,0.1079,0
2671,0,2611.5868,2612.5442,2613.1213,0.1211,0
2672,0,2612.7470,2613.6377,2614.0503,0.1141,0
2673,0,2613.8301,2614.8965,2615.2758,0.1097,0
2674,0,2615.0800,2615.8220,2616.2049,0.1162,0
2675,0,2616.0105,2616.7443,2617.1502,0.1062,0
2676,0,2616.8857,2618.0069,2618.3987,0.1224,0
2677,0,2618.1625,2618.9424,2619.2336,0.1143,0
2678,0,2619.0901,2619.7808,2620.1481,0.1661,0
2679,0,2619.9782,2620.9551,2621.3600,0.1568,0
2680,0,2621.1437,2621.9013,2622.2219,0.1118,0
2681,0,2622.0419,2622.7258,2622.9972,0.1036,0
2682,0,2622.8578,2623.5902,2623.9415,0.1590,0
2683,0,2623.8033,2624.5083,2624.7902,0.1144,0
2684,0,2624.6534,2625.3393,2625.6059,0.1015,0
2685,0,2625.4680,2626.4381,2626.7517,0.1197,0
2686,0,2626.5909,2627.2875,2627.5839,0.1115,0
2687,0,2627.4272,2628.1192,2628.5951,0.1071,0
2688,0,2628.3369,2629.4212,2629.7480,0.1143,0
2689,0,2629.5690,2630.2905,2630.5698,0.1073,0
2690,0,2630.4302,2631.1339,2631.7156,0.3911,0
2691,0,2631.5540,2632.2598,2632.5983,0.1188,0
2692,0,2632.4233,2633.1503,2633.4379,0.1131,0
2693,0,2633.2962,2633.9812,2634.4268,0.2753,0
2694,0,2634.2887,2634.9735,2635.2550,0.1119,0
2695,0,2635.1152,2635.7938,2636.0707,0.1150,0
2696,0,2635.9371,2636.6133,2636.8848,0.1077,0
2697,0,2636.7504,2637.6166,2637.8922,0.1157,0
2698,0,2637.7602,2638.4303,2638.7263,0.1093,0
2699,0,2638.5687,2639.2626,2639.5939,0.1429,0
2700,0,2639.4363,2640.3492,2640.6568,0.1141,0
2701,0,2640.4957,2641.1913,2641.4847,0.1098,0
2702,0,2641.3310,2642.0238,2642.4050,0.1570,0
2703,0,2642.2550,2643.2158,2643.5330,0.1143,0
2704,0,2643.3638,2644.0786,2644.4471,0.1140,0
2705,0,2644.2232,2644.9938,2645.7042,0.5209,0
2706,0,2645.5516,2646.2613,2646.5591,0.1149,0
2707,0,2646.4121,2647.1128,2647.4068,0.1125,0
2708,0,2647.2552,2648.2122,2648.5014,0.1144,0
2709,0,2648.3640,2649.0821,2649.3898,0.1106,0
2710,0,2649.2286,2649.9672,2650.2702,0.1154,0
2711,0,2650.1157,2651.0876,2651.3946,0.1153,0
2712,0,2651.2339,2651.9382,2652.2532,0.1155,0
2713,0,2652.0847,2652.7914,2653.1099,0.1176,0
2714,0,2652.9439,2653.9288,2654.2660,0.1591,0
2715,0,2654.1239,2654.8089,2655.0882,0.1127,0
2716,0,2654.9512,2655.6336,2655.9041,0.1110,0
2717,0,2655.7708,2656.7510,2657.0556,0.1158,0
2718,0,2656.8971,2657.5961,2657.8695,0.1101,0
2719,0,2657.7349,2658.4072,2658.7188,0.1164,0
2720,0,2658.5587,2659.5649,2659.8786,0.1201,0
2721,0,2659.7256,2660.4487,2660.7372,0.1122,0
2722,0,2660.5963,2661.2994,2661.6484,0.1196,0
2723,0,2661.4464,2662.5684,2662.8756,0.1114,0
2724,0,2662.7193,2663.4461,2663.7327,0.1039,0
2725,0,2663.5841,2664.2898,2664.6016,0.1373,0
2726,0,2664.4569,2665.3035,2665.5932,0.1130,0
2727,0,2665.4530,2666.1543,2666.4338,0.1185,0
2728,0,2666.3036,2666.9877,2667.2588,0.1080,0
2729,0,2667.1229,2668.0704,2668.3775,0.1166,0
2730,0,2668.2168,2668.9212,2669.2248,0.1131,0
2731,0,2669.0623,2669.7601,2670.0549,0.1113,0
2732,0,2669.8995,2670.9902,2671.3033,0.1148,0
2733,0,2671.1335,2671.8393,2672.1333,0.1112,0
2734,0,2671.9780,2672.6698,2673.0053,0.1138,0
2735,0,2672.8302,2673.6949,2673.9918,0.1173,0
2736,0,2673.8464,2674.5584,2674.8364,0.1139,0
2737,0,2674.6988,2675.3762,2675.7400,0.1487,0
2738,0,2675.5942,2676.4398,2676.7330,0.1169,0
2739,0,2676.5900,2677.2701,2677.5475,0.1110,0
2740,0,2677.4090,2678.0873,2678.4246,0.1132,0
2741,0,2678.2277,2679.2428,2679.5545,0.1100,0
2742,0,2679.3877,2680.1251,2680.4104,0.1126,0
2743,0,2680.2728,2680.9727,2681.2705,0.1112,0
2744,0,2681.1163,2681.9713,2682.3047,0.1198,0
2745,0,2682.1317,2682.8433,2683.1505,0.1168,0
2746,0,2682.9903,2683.7007,2684.0527,0.1637,0
2747,0,2683.8931,2684.8177,2685.1224,0.1141,0
2748,0,2684.9624,2685.6668,2685.9317,0.1116,0
2749,0,2685.8044,2686.4768,2686.8248,0.1570,0
2750,0,2686.6639,2687.5351,2687.8671,0.1605,0
2751,0,2687.7291,2688.4072,2688.7275,0.1167,0
2752,0,2688.5610,2689.2661,2689.6127,0.1471,0
2753,0,2689.4471,2690.3572,2690.6576,0.1112,0
2754,0,2690.4991,2691.1936,2691.5567,0.1096,0
2755,0,2691.3317,2692.1014,2692.4285,0.1155,0
2756,0,2692.2737,2693.1597,2693.4945,0.1175,0
2757,0,2693.3215,2694.0382,2694.3465,0.1127,0
2758,0,2694.1853,2694.9005,2695.6443,0.5252,0
2759,0,2695.4951,2696.2076,2696.4893,0.1086,0
2760,0,2696.3482,2697.0311,2697.3050,0.1076,0
2761,0,2697.1660,2697.8591,2698.4086,0.3477,0
2762,0,2698.2472,2698.9641,2699.2675,0.1113,0
2763,0,2699.1159,2699.8453,2700.1261,0.1127,0
2764,0,2699.9908,2700.9134,2701.2664,0.1664,0
2765,0,2701.1167,2701.8144,2702.1443,0.1212,0
2766,0,2701.9735,2702.6842,2702.9963,0.1177,0
2767,0,2702.8351,2703.8151,2704.1295,0.1220,0
2768,0,2703.9687,2704.6747,2704.9823,0.1155,0
2769,0,2704.8210,2705.5233,2705.8206,0.1105,0
2770,0,2705.6645,2706.6323,2706.9156,0.1215,0
2771,0,2706.7802,2707.4606,2707.7619,0.1119,0
2772,0,2707.6111,2708.3122,2708.6463,0.1175,0
2773,0,2708.4804,2709.5504,2709.8413,0.1149,0
2774,0,2709.7023,2710.3928,2710.6698,0.1096,0
2775,0,2710.5321,2711.2123,2711.4869,0.1134,0
2776,0,2711.3556,2712.4594,2712.7861,0.1188,0
2777,0,2712.6178,2713.3280,2713.6518,0.1115,0
2778,0,2713.4699,2714.1884,2714.4791,0.1033,0
2779,0,2714.3229,2715.2981,2715.5815,0.1045,0
2780,0,2715.4388,2716.1465,2716.4253,0.1171,0
2781,0,2716.2938,2716.9734,2717.2450,0.1013,0
2782,0,2717.1016,2718.0355,2718.3147,0.1145,0
2783,0,2718.1773,2718.8587,2719.1302,0.1127,0
2784,0,2718.9979,2719.6766,2719.9967,0.1138,0
2785,0,2719.8171,2720.8294,2721.1289,0.1165,0
2786,0,2720.9736,2721.6725,2721.9654,0.1094,0
2787,0,2721.8119,2722.5069,2722.9534,0.1132,0
2788,0,2722.6552,2723.5931,2723.8782,0.1121,0
2789,0,2723.7386,2724.4295,2724.7351,0.1116,0
2790,0,2724.5721,2725.2946,2725.5655,0.1085,0
2791,0,2725.4311,2726.3673,2726.6747,0.1129,0
2792,0,2726.5117,2727.2286,2727.5923,0.1203,0
2793,0,2727.4044,2728.1863,2728.5546,0.1047,0
2794,0,2728.4051,2729.3666,2729.6645,0.1120,0
2795,0,2729.5112,2730.2215,2730.5283,0.1162,0
2796,0,2730.3674,2731.0767,2731.3731,0.1105,0
2797,0,2731.2168,2732.0905,2732.4168,0.1138,0
2798,0,2732.2429,2732.9975,2733.3007,0.1090,0
2799,0,2733.1398,2733.8724,2734.4523,0.3735,0
2800,0,2734.2853,2735.0132,2735.3351,0.1191,0
2801,0,2735.1683,2735.8765,2736.1723,0.1120,0
2802,0,2736.0174,2736.7244,2737.2723,0.3734,0
2803,0,2737.1267,2737.8119,2738.0862,0.1096,0
2804,0,2737.9516,2738.6390,2738.9330,0.1110,0
2805,0,2738.7867,2739.4879,2740.0264,0.3779,0
2806,0,2739.8949,2740.5828,2740.8937,0.1161,0
2807,0,2740.7329,2741.4343,2741.7078,0.1112,0
2808,0,2741.5729,2742.2574,2742.6116,0.1233,0
2809,0,2742.4143,2743.2174,2743.5709,0.1200,0
2810,0,2743.3867,2744.1475,2744.4437,0.1164,0
2811,0,2744.2978,2745.0061,2745.4160,0.1993,0
2812,0,2745.2666,2746.0009,2746.2897,0.1126,0
2813,0,2746.1483,2746.8407,2747.1064,0.1046,0
2814,0,2746.9742,2747.6618,2747.9274,0.1012,0
2815,0,2747.7912,2748.6008,2748.9688,0.1661,0
2816,0,2748.7972,2749.5106,2749.8044,0.1125,0
2817,0,2749.6513,2750.3461,2750.6599,0.1101,0
2818,0,2750.4915,2751.3222,2751.6088,0.1260,0
2819,0,2751.4777,2752.1580,2752.4449,0.1130,0
2820,0,2752.3087,2753.0203,2753.3659,0.1138,0
2821,0,2753.1761,2754.2114,2754.5093,0.1152,0
2822,0,2754.3609,2755.0629,2755.3379,0.1127,0
2823,0,2755.2035,2755.8887,2756.1599,0.1079,0
2824,0,2756.0246,2756.9669,2757.2464,0.1038,0
2825,0,2757.0989,2757.7893,2758.0838,0.1124,0
2826,0,2757.9298,2758.6298,2758.9651,0.1495,0
2827,0,2758.8097,2759.6334,2759.9401,0.1196,0
2828,0,2759.7842,2760.4911,2760.7874,0.1117,0
2829,0,2760.6311,2761.3297,2761.6592,0.1098,0
2830,0,2761.4689,2762.3290,2762.9344,0.3923,0
2831,0,2762.7558,2763.4808,2763.8005,0.1185,0
2832,0,2763.6369,2764.3593,2764.6265,0.1030,0
2833,0,2764.5108,2765.4135,2765.7081,0.1119,0
2834,0,2765.5586,2766.2713,2766.5617,0.1138,0
2835,0,2766.4181,2767.1269,2767.4335,0.1158,0
2836,0,2767.2726,2768.0937,2768.4262,0.1184,0
2837,0,2768.2558,2768.9812,2769.2700,0.1119,0
2838,0,2769.1216,2769.8446,2770.1983,0.1381,0
2839,0,2770.0203,2770.8962,2771.1933,0.1151,0
2840,0,2771.0472,2771.7437,2772.0153,0.1142,0
2841,0,2771.8857,2772.5658,2772.8514,0.1069,0
2842,0,2772.7051,2773.5363,2773.8458,0.1139,0
2843,0,2773.6896,2774.3956,2774.7455,0.1190,0
2844,0,2774.5587,2775.2943,2775.5789,0.1052,0
2845,0,2775.4262,2776.4146,2776.7074,0.1081,0
2846,0,2776.5522,2777.2492,2777.5477,0.1099,0
2847,0,2777.3901,2778.0935,2778.4350,0.1052,0
2848,0,2778.2274,2779.0347,2779.6545,0.3933,0
2849,0,2779.4649,2780.1972,2780.5139,0.1153,0
2850,0,2780.3442,2781.0609,2781.3631,0.1136,0
2851,0,2781.2117,2782.0372,2782.3743,0.1183,0
2852,0,2782.2023,2782.9339,2783.2560,0.1135,0
2853,0,2783.0834,2783.8352,2784.1474,0.1107,0
2854,0,2783.9812,2784.7251,2785.0670,0.1159,0
2855,0,2784.8880,2785.6903,2786.0481,0.1300,0
2856,0,2785.8656,2786.6321,2786.9111,0.1120,0
2857,0,2786.7732,2787.5830,2787.8961,0.1131,0
2858,0,2787.7295,2788.4628,2788.7624,0.1110,0
2859,0,2788.6038,2789.3100,2789.5725,0.1007,0
2860,0,2789.4385,2790.2893,2790.5903,0.1135,0
2861,0,2790.4340,2791.1343,2791.4373,0.1117,0
2862,0,2791.2943,2791.9915,2792.2856,0.1068,0
2863,0,2792.1288,2792.9570,2793.2799,0.1127,0
2864,0,2793.1083,2793.8607,2794.1611,0.1114,0
2865,0,2794.0078,2794.7547,2795.0986,0.1063,0
2866,0,2794.8939,2795.8937,2796.1757,0.1095,0
2867,0,2796.0380,2796.7342,2797.0037,0.1096,0
2868,0,2796.8707,2797.5542,2797.8415,0.1040,0
2869,0,2797.6925,2798.7380,2799.0677,0.1242,0
2870,0,2798.9019,2799.6345,2799.9321,0.1120,0
2871,0,2799.7770,2800.4844,2800.8828,0.1115,0
2872,0,2800.6250,2801.4310,2801.7431,0.1123,0
2873,0,2801.5833,2802.3194,2802.6578,0.1191,0
2874,0,2802.4787,2803.2283,2803.5454,0.1013,0
2875,0,2803.3873,2804.2473,2804.5542,0.1184,0
2876,0,2804.4055,2805.1156,2805.3992,0.1131,0
2877,0,2805.2593,2805.9669,2806.2686,0.1201,0
2878,0,2806.1191,2806.9705,2807.2739,0.1124,0
2879,0,2807.1125,2807.8186,2808.1136,0.1092,0
2880,0,2807.9573,2808.6612,2808.9639,0.1097,0
2881,0,2808.7991,2809.7343,2810.0267,0.1132,0
2882,0,2809.8759,2810.5774,2810.8657,0.1100,0
2883,0,2810.7153,2811.4164,2811.7499,0.1125,0
2884,0,2811.5560,2812.3572,2812.9259,0.3864,0
2885,0,2812.7837,2813.4855,2813.7737,0.1159,0
2886,0,2813.6351,2814.3406,2814.6132,0.1046,0
2887,0,2814.4772,2815.2908,2815.5649,0.1150,0
2888,0,2815.4338,2816.1139,2816.4086,0.1107,0
2889,0,2816.2523,2816.9917,2817.3148,0.1136,0
2890,0,2817.1417,2818.0147,2818.2904,0.1136,0
2891,0,2818.1583,2818.8375,2819.1195,0.1158,0
2892,0,2818.9809,2819.6672,2820.0211,0.1129,0
2893,0,2819.8081,2820.8318,2821.1104,0.1175,0
2894,0,2820.9760,2821.6584,2821.9270,0.1116,0
2895,0,2821.7972,2822.4752,2822.7795,0.1143,0
2896,0,2822.6161,2823.6342,2823.9420,0.1180,0
2897,0,2823.7844,2824.4888,2824.7631,0.1129,0
2898,0,2824.6281,2825.3087,2825.5956,0.1053,0
2899,0,2825.4424,2826.3967,2826.6929,0.1121,0
2900,0,2826.5377,2827.2398,2827.5432,0.1128,0
2901,0,2827.3814,2828.0929,2828.4243,0.1045,0
2902,0,2828.2256,2829.2326,2829.5264,0.1096,0
2903,0,2829.3746,2830.0854,2830.4084,0.1091,0
2904,0,2830.2307,2830.9912,2831.2968,0.1095,0
2905,0,2831.1353,2831.9717,2832.3430,0.1668,0
2906,0,2832.1680,2832.9075,2833.2418,0.1128,0
2907,0,2833.0550,2833.8114,2834.1276,0.1154,0
2908,0,2833.9620,2834.7878,2835.0890,0.1151,0
2909,0,2834.9397,2835.6528,2835.9614,0.1104,0
2910,0,2835.7947,2836.5183,2836.8194,0.1115,0
2911,0,2836.6593,2837.5778,2837.8599,0.1138,0
2912,0,2837.7209,2838.4070,2838.6857,0.1102,0
2913,0,2838.5474,2839.2351,2839.5230,0.1014,0
2914,0,2839.3754,2840.2128,2840.4981,0.1146,0
2915,0,2840.3588,2841.0494,2841.3273,0.1132,0
2916,0,2841.1947,2841.8852,2842.2308,0.1032,0
2917,0,2842.0225,2843.0667,2843.3937,0.1256,0
2918,0,2843.2347,2843.9603,2844.2792,0.1135,0
2919,0,2844.1114,2844.8732,2845.2365,0.1139,0
2920,0,2845.0544,2845.9818,2846.2879,0.1112,0
2921,0,2846.1325,2846.8478,2847.1306,0.1154,0
2922,0,2846.9922,2847.6900,2848.0151,0.1117,0
2923,0,2847.8358,2848.6642,2848.9441,0.1158,0
2924,0,2848.8093,2849.4947,2849.8095,0.1117,0
2925,0,2849.6335,2850.3471,2850.6469,0.1085,0
2926,0,2850.4903,2851.3395,2851.6715,0.1178,0
2927,0,2851.4972,2852.2169,2852.5127,0.1093,0
2928,0,2852.3601,2853.0755,2853.4255,0.1448,0
2929,0,2853.2598,2854.1019,2854.4054,0.1132,0
2930,0,2854.2518,2854.9631,2855.2452,0.1150,0
2931,0,2855.1069,2855.7963,2856.1054,0.1119,0
2932,0,2855.9364,2856.9092,2857.2004,0.1072,0
2933,0,2857.0445,2857.7534,2858.0541,0.1116,0
2934,0,2857.8934,2858.5965,2858.9085,0.1091,0
2935,0,2858.7469,2859.7062,2860.0319,0.1630,0
2936,0,2859.8970,2860.5907,2860.8661,0.1133,0
2937,0,2860.7311,2861.4162,2861.7733,0.1057,0
2938,0,2861.5516,2862.5695,2862.9737,0.1156,0
2939,0,2862.7246,2863.5168,2863.8098,0.1108,0
2940,0,2863.6623,2864.3700,2864.6689,0.1234,0
2941,0,2864.5309,2865.3791,2865.6816,0.1167,0
2942,0,2865.5516,2866.3180,2866.6123,0.1127,0
2943,0,2866.4617,2867.1681,2867.4476,0.1137,0
2944,0,2867.3158,2868.1363,2868.4173,0.1123,0
2945,0,2868.2787,2868.9661,2869.2540,0.1144,0
2946,0,2869.1093,2869.8137,2870.1765,0.1700,0
2947,0,2870.0153,2870.9434,2871.2528,0.1164,0
2948,0,2871.0894,2871.8129,2872.1102,0.1090,0
2949,0,2871.9524,2872.6601,2872.9748,0.1122,0
2950,0,2872.8128,2873.7223,2874.0407,0.1132,0
2951,0,2873.8846,2874.5881,2874.8812,0.1106,0
2952,0,2874.7335,2875.4735,2875.7770,0.1163,0
2953,0,2875.6266,2876.7320,2877.0165,0.1125,0
2954,0,2876.8779,2877.5929,2877.8742,0.1100,0
2955,0,2877.7313,2878.4227,2879.1321,0.5140,0
2956,0,2878.9789,2879.7039,2880.0004,0.1119,0
2957,0,2879.8499,2880.5612,2880.8407,0.1158,0
2958,0,2880.7054,2881.6747,2881.9510,0.1154,0
2959,0,2881.8180,2882.5000,2882.8236,0.1171,0
2960,0,2882.6510,2883.3640,2883.6444,0.1134,0
2961,0,2883.5051,2884.5475,2884.8261,0.1121,0
2962,0,2884.6895,2885.3830,2885.6979,0.1176,0
2963,0,2885.5328,2886.2367,2886.5862,0.1123,0
2964,0,2886.3758,2887.4358,2887.7090,0.1138,0
2965,0,2887.5773,2888.2593,2888.5421,0.1139,0
2966,0,2888.4049,2889.0918,2889.4542,0.1110,0
2967,0,2889.2362,2890.2955,2890.6021,0.1148,0
2968,0,2890.4452,2891.1820,2891.5138,0.1204,0
2969,0,2891.3420,2892.0552,2892.3878,0.1361,0
2970,0,2892.2226,2893.2061,2893.5727,0.1197,0
2971,0,2893.3750,2894.1473,2894.4738,0.1159,0
2972,0,2894.3265,2895.0315,2895.4720,0.2072,0
2973,0,2895.2808,2896.0232,2896.3377,0.1130,0
2974,0,2896.1685,2896.8860,2897.1834,0.1084,0
2975,0,2897.0244,2897.7248,2898.0496,0.1146,0
2976,0,2897.8709,2898.7070,2899.0035,0.1104,0
2977,0,2898.8567,2899.5858,2899.9544,0.1760,0
2978,0,2899.7979,2900.5312,2901.1663,0.4559,0
2979,0,2901.0168,2901.7270,2902.0125,0.1100,0
2980,0,2901.8758,2902.5966,2902.9057,0.1151,0
2981,0,2902.7561,2903.4658,2904.0124,0.3689,0
2982,0,2903.8702,2904.5589,2904.8772,0.1167,0
2983,0,2904.7115,2905.4195,2905.6891,0.1110,0
2984,0,2905.5597,2906.2382,2906.7223,0.3241,0
2985,0,2906.5915,2907.2726,2907.5919,0.1177,0
2986,0,2907.4241,2908.1371,2908.4550,0.1200,0
2987,0,2908.2930,2908.9974,2909.5163,0.3114,0
2988,0,2909.3413,2910.0778,2910.4014,0.1159,0
2989,0,2910.2303,2910.9473,2911.2510,0.1102,0
2990,0,2911.0897,2911.9942,2912.4431,0.2572,0
2991,0,2912.2944,2913.0223,2913.3266,0.1107,0
2992,0,2913.1683,2913.8951,2914.1936,0.1121,0
2993,0,2914.0415,2915.0885,2915.3759,0.1161,0
2994,0,2915.2363,2915.9264,2916.2105,0.1108,0
2995,0,2916.0670,2916.7645,2917.0284,0.1047,0
2996,0,2916.8985,2917.8860,2918.2065,0.1178,0
2997,0,2918.0383,2918.7517,2919.0767,0.1168,0
2998,0,2918.9077,2919.6387,2920.0172,0.1203,0
2999,0,2919.7946,2920.7431,2921.0436,0.1278,0
3000,0,2920.9065,2921.6144,2921.9343,0.1115,0
3001,0,2921.7623,2922.5106,2922.8591,0.1074,0
3002,0,2922.6533,2923.6769,2924.0033,0.1107,0
3003,0,2923.8240,2924.5574,2924.8550,0.1136,0
3004,0,2924.7099,2925.4124,2925.7041,0.1288,0
3005,0,2925.5710,2926.3813,2926.6564,0.1163,0
3006,0,2926.5272,2927.2161,2927.4850,0.1114,0
3007,0,2927.3563,2928.0351,2928.4297,0.1121,0
3008,0,2928.1759,2929.2364,2929.5475,0.1147,0
3009,0,2929.3842,2930.0924,2930.4174,0.1110,0
3010,0,2930.2430,2930.9977,2931.3194,0.1076,0
3011,0,2931.1413,2932.0730,2932.3845,0.1171,0
3012,0,2932.2283,2932.9451,2933.2313,0.1132,0
3013,0,2933.0898,2933.7988,2934.1310,0.1124,0
3014,0,2933.9911,2934.7303,2935.0377,0.1114,0
3015,0,2934.8828,2935.6148,2935.8937,0.1150,0
3016,0,2935.7584,2936.4464,2936.7509,0.1045,0
3017,0,2936.5823,2937.5270,2937.8386,0.1122,0
3018,0,2937.6768,2938.3996,2938.7118,0.1137,0
3019,0,2938.5539,2939.2955,2939.6471,0.1709,0
3020,0,2939.4933,2940.3312,2940.6256,0.1152,0
3021,0,2940.4803,2941.1682,2941.4730,0.1066,0
3022,0,2941.3041,2942.0222,2942.4003,0.1674,0
3023,0,2942.2287,2943.0674,2943.4012,0.1167,0
3024,0,2943.2267,2943.9602,2944.2553,0.1094,0
3025,0,2944.1029,2944.8141,2945.1787,0.1623,0
3026,0,2945.0369,2945.9451,2946.2519,0.1110,0
3027,0,2946.0889,2946.8087,2947.1107,0.1105,0
3028,0,2946.9596,2947.7014,2947.9810,0.1062,0
3029,0,2947.8430,2948.7306,2949.0367,0.1135,0
3030,0,2948.8768,2949.5893,2949.8937,0.1144,0
3031,0,2949.7350,2950.4414,2950.7350,0.1075,0
3032,0,2950.5793,2951.4978,2951.7748,0.1192,0
3033,0,2951.6461,2952.3215,2952.6492,0.1192,0
3034,0,2952.4798,2953.1973,2953.5505,0.1081,0
3035,0,2953.3465,2954.2521,2954.5979,0.1632,0
3036,0,2954.4495,2955.1878,2955.5311,0.1174,0
3037,0,2955.3629,2956.0822,2956.3916,0.1120,0
3038,0,2956.2281,2957.0715,2957.3728,0.1087,0
3039,0,2957.2145,2957.9128,2958.2205,0.1100,0
3040,0,2958.0756,2958.7710,2959.0650,0.1087,0
3041,0,2958.9110,2959.8136,2960.1199,0.1185,0
3042,0,2959.9628,2960.6683,2960.9400,0.1111,0
3043,0,2960.8068,2961.4831,2961.8380,0.1558,0
3044,0,2961.6995,2962.6121,2962.9113,0.1152,0
3045,0,2962.7607,2963.4688,2963.7659,0.1147,0
3046,0,2963.6219,2964.3448,2964.6119,0.1040,0
3047,0,2964.4767,2965.3882,2965.7084,0.1183,0
3048,0,2965.5455,2966.2656,2966.5863,0.1118,0
3049,0,2966.4133,2967.1586,2967.4504,0.1160,0
3050,0,2967.3108,2968.1341,2968.4344,0.1143,0
3051,0,2968.2875,2968.9931,2969.2795,0.1125,0
3052,0,2969.1339,2969.8466,2970.1843,0.1359,0
3053,0,2970.0143,2970.9755,2971.3003,0.1199,0
3054,0,2971.1286,2971.8478,2972.1498,0.1101,0
3055,0,2971.9867,2972.7004,2972.9990,0.1040,0
3056,0,2972.8407,2973.6929,2973.9854,0.1126,0
3057,0,2973.8405,2974.5429,2974.8353,0.1127,0
3058,0,2974.6889,2975.3950,2975.7080,0.1481,0
3059,0,2975.5720,2976.4133,2976.7463,0.1147,0
3060,0,2976.5719,2977.2976,2977.6087,0.1327,0
3061,0,2977.4634,2978.1576,2978.5776,0.1556,0
3062,0,2978.3530,2979.3273,2979.6314,0.1084,0
3063,0,2979.4742,2980.1785,2980.4622,0.1148,0
3064,0,2980.3241,2981.0130,2981.3178,0.1021,0
3065,0,2981.1509,2981.9791,2982.3046,0.1141,0
3066,0,2982.1346,2982.8758,2983.1670,0.1132,0
3067,0,2983.0233,2983.7507,2984.0454,0.1264,0
3068,0,2983.9116,2984.7218,2985.0519,0.1656,0
3069,0,2984.9168,2985.5964,2985.8675,0.1128,0
3070,0,2985.7373,2986.4203,2986.7254,0.1092,0
3071,0,2986.5677,2987.5318,2987.8134,0.1172,0
3072,0,2987.6771,2988.3615,2988.6447,0.1161,0
3073,0,2988.5073,2989.1959,2989.4935,0.1052,0
3074,0,2989.3325,2990.2978,2990.5996,0.1132,0
3075,0,2990.4419,2991.1387,2991.4374,0.1118,0
3076,0,2991.2810,2991.9838,2992.2834,0.1043,0
3077,0,2992.1180,2993.0931,2993.4196,0.1183,0
3078,0,2993.2479,2993.9694,2994.2693,0.1177,0
3079,0,2994.1209,2994.8184,2995.1764,0.1605,0
3080,0,2995.0394,2995.9466,2996.2513,0.1125,0
3081,0,2996.0926,2996.8051,2997.0812,0.1095,0
3082,0,2996.9453,2997.6374,2997.9584,0.1296,0
3083,0,2997.7968,2998.7977,2999.1158,0.1350,0
3084,0,2998.9618,2999.6608,2999.9645,0.1148,0
3085,0,2999.8037,3000.5066,3000.8918,0.1784,0
3086,0,3000.7315,3001.4706,3001.8216,0.1174,0
3087,0,3001.6454,3002.3800,3002.6772,0.1112,0
3088,0,3002.5266,3003.2317,3003.5557,0.1135,0
3089,0,3003.3871,3004.2356,3004.5403,0.1196,0
3090,0,3004.3949,3005.0889,3005.3670,0.1142,0
3091,0,3005.2320,3005.9127,3006.1645,0.1025,0
3092,0,3006.4816,3007.0720,3007.4603,0.1137,0
3093,0,3007.2622,3008.2014,3008.4915,0.1157,0
3094,0,3008.3526,3009.0457,3009.3299,0.1133,0
3095,0,3009.1932,3010.0395,3010.3455,0.1153,0
3096,0,3010.1842,3010.8868,3011.1838,0.1106,0
3097,0,3011.0272,3011.7244,3012.3742,0.4183,0
3098,0,3012.1817,3012.9259,3013.2354,0.1115,0
3099,0,3013.0780,3013.7943,3014.1128,0.1139,0
3100,0,3013.9443,3014.9196,3015.2617,0.1637,0
3101,0,3015.1174,3015.8254,3016.1088,0.1111,0
3102,0,3015.9709,3016.6783,3016.9518,0.1136,0
3103,0,3016.8186,3017.7686,3018.0612,0.1170,0
3104,0,3017.9173,3018.6291,3018.9377,0.1157,0
3105,0,3018.7746,3019.4823,3019.7921,0.1149,0
3106,0,3019.6407,3020.6724,3020.9594,0.1138,0
3107,0,3020.8199,3021.5218,3021.8016,0.1089,0
3108,0,3021.6608,3022.3524,3022.7491,0.1186,0
3109,0,3022.5088,3023.5871,3023.8740,0.1138,0
3110,0,3023.7354,3024.4251,3024.7012,0.1142,0
3111,0,3024.5687,3025.2507,3025.5807,0.1104,0
3112,0,3025.3915,3026.3849,3026.6823,0.1132,0
3113,0,3026.5287,3027.2254,3027.5162,0.1087,0
3114,0,3027.3641,3028.0631,3028.4358,0.1064,0
3115,0,3028.2097,3029.3318,3029.6269,0.1128,0
3116,0,3029.4791,3030.1903,3030.4706,0.1119,0
3117,0,3030.3363,3031.0212,3031.3213,0.1053,0
3118,0,3031.1816,3032.1434,3032.4467,0.1130,0
3119,0,3032.2988,3033.0276,3033.4483,0.1158,0
3120,0,3033.2214,3034.3380,3034.6721,0.1193,0
3121,0,3034.4955,3035.2269,3035.5277,0.1106,0
3122,0,3035.3671,3036.0857,3036.3815,0.1101,0
3123,0,3036.2244,3037.1890,3037.4863,0.1121,0
3124,0,3037.3298,3038.0342,3038.3519,0.1167,0
3125,0,3038.1833,3038.9019,3039.2192,0.1139,0
3126,0,3039.0444,3039.9521,3040.3215,0.1628,0
3127,0,3040.1541,3040.8713,3041.1605,0.1163,0
3128,0,3041.0155,3041.7115,3042.0488,0.1185,0
3129,0,3041.8896,3042.8028,3043.1376,0.1665,0
3130,0,3043.0019,3043.6854,3043.9655,0.1128,0
3131,0,3043.8283,3044.5106,3044.7834,0.1123,0
3132,0,3044.6497,3045.5950,3046.0024,0.2252,0
3133,0,3045.8499,3046.5525,3046.8273,0.1117,0
3134,0,3046.6909,3047.3778,3047.7153,0.1118,0
3135,0,3047.5170,3048.5566,3048.8887,0.1240,0
3136,0,3048.7202,3049.4488,3049.7188,0.1091,0
3137,0,3049.5862,3050.2712,3050.5973,0.1099,0
3138,0,3050.4091,3051.3960,3051.6751,0.1165,0
3139,0,3051.5395,3052.2215,3052.5677,0.1170,0
3140,0,3052.3943,3053.1313,3053.6060,0.1771,0
3141,0,3053.3758,3054.2777,3054.5787,0.1137,0
3142,0,3054.4292,3055.1406,3055.4176,0.1133,0
3143,0,3055.2841,3055.9846,3056.2834,0.1132,0
3144,0,3056.1295,3057.0331,3057.3377,0.1070,0
3145,0,3057.1694,3057.8801,3058.1813,0.1194,0
3146,0,3058.0272,3058.7352,3059.0589,0.1369,0
3147,0,3058.9006,3059.8098,3060.1096,0.1143,0
3148,0,3059.9529,3060.6571,3060.9491,0.1104,0
3149,0,3060.7950,3061.4943,3061.8806,0.1554,0
3150,0,3061.7078,3062.7447,3063.0447,0.1214,0
3151,0,3062.8997,3063.6044,3063.8962,0.1081,0
3152,0,3063.7459,3064.4634,3064.7678,0.1116,0
3153,0,3064.6257,3065.5043,3065.7833,0.1156,0
3154,0,3065.6501,3066.3354,3066.6361,0.1124,0
3155,0,3066.4768,3067.1814,3067.4858,0.1170,0
3156,0,3067.3278,3068.1652,3068.4836,0.1109,0
3157,0,3068.3146,3069.0610,3069.3835,0.1104,0
3158,0,3069.2062,3069.9378,3070.2406,0.1115,0
3159,0,3070.0783,3070.8879,3071.1946,0.1144,0
3160,0,3071.0336,3071.7392,3072.0192,0.1162,0
3161,0,3071.8835,3072.5640,3072.8875,0.1121,0
3162,0,3072.7234,3073.5694,3073.8545,0.1174,0
3163,0,3073.7167,3074.4008,3074.7544,0.1182,0
3164,0,3074.5770,3075.3164,3075.6249,0.1056,0
3165,0,3075.4530,3076.4152,3076.7001,0.1171,0
3166,0,3076.5658,3077.2667,3077.5619,0.1100,0
3167,0,3077.4049,3078.1083,3078.4757,0.1062,0
3168,0,3078.2421,3079.2821,3079.5746,0.1123,0
3169,0,3079.4255,3080.1345,3080.5016,0.1322,0
3170,0,3080.3041,3081.0642,3081.3606,0.1153,0
3171,0,3081.2156,3082.1024,3082.4210,0.1127,0
3172,0,3082.2528,3083.0108,3083.3346,0.1112,0
3173,0,3083.1558,3083.8868,3084.4655,0.3829,0
3174,0,3084.2997,3085.0287,3085.3566,0.1157,0
3175,0,3085.1802,3085.8977,3086.1942,0.1122,0
3176,0,3086.0384,3086.7431,3087.3257,0.3833,0
3177,0,3087.1554,3087.8791,3088.1877,0.1154,0
3178,0,3088.0274,3088.7359,3089.0298,0.1123,0
3179,0,3088.8760,3089.8464,3090.1615,0.1193,0
3180,0,3090.0008,3090.7214,3091.0046,0.1136,0
3181,0,3090.8652,3091.5507,3091.8495,0.1114,0
3182,0,3091.6921,3092.6635,3092.9415,0.1139,0
3183,0,3092.8047,3093.4901,3093.8131,0.1170,0
3184,0,3093.6454,3094.3605,3094.6517,0.1156,0
3185,0,3094.5036,3095.4002,3095.8071,0.2262,0
3186,0,3095.6552,3096.3612,3096.6444,0.1091,0
3187,0,3096.5024,3097.1958,3097.5337,0.1764,0
3188,0,3097.4004,3098.4411,3098.7895,0.1695,0
3189,0,3098.6447,3099.3394,3099.6144,0.1125,0
3190,0,3099.4803,3100.1626,3100.5717,0.1249,0
3191,0,3100.3410,3101.4456,3101.7408,0.1189,0
3192,0,3101.5945,3102.2923,3102.6069,0.1092,0
3193,0,3102.4543,3103.1827,3103.5261,0.1223,0
3194,0,3103.3502,3104.2489,3104.5452,0.1220,0
3195,0,3104.4035,3105.0942,3105.4025,0.1145,0
3196,0,3105.2382,3105.9405,3106.2701,0.1471,0
3197,0,3106.1192,3106.9677,3107.2442,0.1144,0
3198,0,3107.1123,3107.7973,3108.0690,0.1123,0
3199,0,3107.9383,3108.6180,3108.9034,0.1107,0
3200,0,3108.7573,3109.7159,3110.0216,0.1180,0
3201,0,3109.8656,3110.5618,3110.8554,0.1095,0
3202,0,3110.7014,3111.4011,3111.9285,0.1068,0
3203,0,3111.5454,3112.5924,3113.2047,0.2591,0
3204,0,3112.9477,3113.7616,3114.1527,0.1115,0
3205,0,3113.9564,3114.9814,3115.3874,0.1161,0
3206,0,3115.1735,3115.9442,3116.2988,0.1095,0
3207,0,3116.0897,3116.8680,3117.2162,0.1069,0
3208,0,3117.0079,3118.0248,3118.3353,0.1123,0
3209,0,3118.1747,3118.8938,3119.2672,0.1576,0
3210,0,3119.0851,3119.8401,3120.2595,0.1448,0
3211,0,3120.0176,3120.9641,3121.3222,0.1151,0
3212,0,3121.1121,3121.8685,3122.1638,0.1058,0
3213,0,3122.0123,3122.7212,3123.0111,0.1103,0
3214,0,3122.8648,3123.7737,3124.1288,0.1449,0
3215,0,3123.9623,3124.6957,3124.9891,0.1180,0
3216,0,3124.8430,3125.5465,3125.8250,0.1125,0
3217,0,3125.6911,3126.6532,3126.9637,0.1140,0
3218,0,3126.8148,3127.5149,3127.8438,0.1148,0
3219,0,3127.6776,3128.4058,3128.8260,0.2001,0
3220,0,3128.6686,3129.4041,3129.6847,0.1140,0
3221,0,3129.5499,3130.2384,3130.5122,0.1117,0
3222,0,3130.3792,3131.0664,3131.3773,0.1129,0
3223,0,3131.2082,3132.0372,3132.3197,0.1112,0
3224,0,3132.1793,3132.8665,3133.1383,0.1109,0
3225,0,3133.0056,3133.6945,3134.0291,0.1642,0
3226,0,3133.8884,3134.7545,3135.0352,0.1158,0
3227,0,3134.9011,3135.5852,3135.8812,0.1085,0
3228,0,3135.7245,3136.4339,3136.7309,0.1066,0
3229,0,3136.5707,3137.5238,3137.8249,0.1123,0
3230,0,3137.6678,3138.3788,3138.6901,0.1161,0
3231,0,3138.5269,3139.2309,3139.5188,0.1069,0
3232,0,3139.3741,3140.2386,3140.5386,0.1175,0
3233,0,3140.3894,3141.0984,3141.3731,0.1131,0
3234,0,3141.2403,3141.9297,3142.2508,0.1151,0
3235,0,3142.0793,3143.0574,3143.4774,0.1557,0
3236,0,3143.2574,3144.0286,3144.3340,0.1101,0
3237,0,3144.1777,3144.8963,3145.2041,0.1088,0
3238,0,3145.0392,3145.9783,3146.2752,0.1144,0
3239,0,3146.1283,3146.8257,3147.1290,0.1109,0
3240,0,3146.9698,3147.6832,3147.9969,0.1165,0
3241,0,3147.8313,3148.7599,3149.0616,0.1133,0
3242,0,3148.9046,3149.6063,3149.9056,0.1099,0
3243,0,3149.7468,3150.4531,3150.7224,0.1014,0
3244,0,3150.5830,3151.4812,3151.7553,0.1139,0
3245,0,3151.6261,3152.3039,3152.6308,0.1198,0
3246,0,3152.4634,3153.1802,3153.5637,0.1265,0
3247,0,3153.3541,3154.2206,3154.5315,0.1138,0
3248,0,3154.3776,3155.1075,3155.3935,0.1123,0
3249,0,3155.2533,3155.9580,3156.2709,0.1389,0
3250,0,3156.1306,3157.0319,3157.3006,0.1053,0
3251,0,3157.1659,3157.8468,3158.2194,0.1104,0
3252,0,3157.9846,3158.7574,3159.0563,0.1210,0
3253,0,3158.9079,3159.7220,3160.0572,0.1610,0
3254,0,3159.9195,3160.6367,3160.9121,0.1116,0
3255,0,3160.7777,3161.4554,3161.8184,0.1092,0
3256,0,3161.5984,3162.6194,3162.9427,0.1173,0
3257,0,3162.7771,3163.4871,3163.7729,0.1079,0
3258,0,3163.6306,3164.3631,3164.6634,0.1057,0
3259,0,3164.5187,3165.4326,3165.7315,0.1159,0
3260,0,3165.5846,3166.3123,3166.5981,0.1143,0
3261,0,3166.4635,3167.1640,3167.4526,0.1160,0
3262,0,3167.3099,3168.1658,3168.4665,0.1142,0
3263,0,3168.3081,3169.0113,3169.3070,0.1102,0
3264,0,3169.1490,3169.8518,3170.1821,0.1378,0
3265,0,3170.0178,3170.9401,3171.2530,0.1225,0
3266,0,3171.0924,3171.7937,3172.0892,0.1116,0
3267,0,3171.9331,3172.6275,3172.9590,0.1305,0
3268,0,3172.7947,3173.6377,3174.1305,0.1185,0
3269,0,3173.7863,3174.7984,3175.1010,0.1242,0
3270,0,3174.9553,3175.8903,3176.2293,0.1667,0
3271,0,3176.0866,3176.7759,3177.0507,0.1055,0
3272,0,3176.9120,3177.6007,3177.8863,0.1131,0
3273,0,3177.7409,3178.6325,3179.0806,0.2664,0
3274,0,3178.9394,3179.6752,3180.0031,0.1148,0
3275,0,3179.8285,3180.5515,3180.8245,0.1154,0
3276,0,3180.6949,3181.6527,3181.9519,0.1133,0
3277,0,3181.7944,3182.4963,3182.8147,0.1165,0
3278,0,3182.6493,3183.3671,3183.6423,0.1109,0
3279,0,3183.5054,3184.5374,3184.8479,0.1180,0
3280,0,3184.6857,3185.3949,3185.7106,0.1193,0
3281,0,3185.5477,3186.2572,3186.6045,0.1129,0
3282,0,3186.3978,3187.4518,3187.7360,0.1196,0
3283,0,3187.5983,3188.2818,3188.5744,0.1092,0
3284,0,3188.4185,3189.1231,3189.4566,0.1148,0
3285,0,3189.2774,3190.2721,3190.5405,0.1065,0
3286,0,3190.4087,3191.0931,3191.3618,0.1110,0
3287,0,3191.2315,3191.9103,3192.2214,0.1122,0
3288,0,3192.0494,3193.0604,3193.4063,0.1196,0
3289,0,3193.2213,3193.9814,3194.2808,0.1121,0
3290,0,3194.1307,3194.8316,3195.2246,0.1511,0
3291,0,3195.0411,3195.9569,3196.2705,0.1153,0
3292,0,3196.1058,3196.8487,3197.1695,0.1112,0
3293,0,3197.0000,3197.7309,3198.0333,0.1113,0
3294,0,3197.8739,3198.7057,3199.0139,0.1145,0
3295,0,3198.8514,3199.5582,3199.8599,0.1126,0
3296,0,3199.7014,3200.4042,3200.7024,0.1342,0
3297,0,3200.5676,3201.4085,3201.6828,0.1160,0
3298,0,3201.5542,3202.2322,3202.5390,0.1098,0
3299,0,3202.3790,3203.0985,3203.4010,0.1098,0
3300,0,3203.2425,3204.2002,3204.4885,0.1198,0
3301,0,3204.3484,3205.0360,3205.5705,0.1242,0
3302,0,3205.1980,3206.0789,3206.3663,0.1110,0
3303,0,3206.2225,3207.0525,3207.3640,0.1312,0
3304,0,3207.2163,3207.9310,3208.2159,0.1111,0
3305,0,3208.0757,3208.7672,3209.0596,0.1085,0
3306,0,3208.9064,3209.8193,3210.1014,0.1165,0
3307,0,3209.9870,3210.6646,3210.9359,0.1107,0
3308,0,3210.8060,3211.4912,3211.8180,0.1633,0
3309,0,3211.7123,3212.6188,3212.9287,0.1143,0
3310,0,3212.7755,3213.5131,3213.8526,0.1210,0
3311,0,3213.6773,3214.4158,3214.7032,0.1137,0
3312,0,3214.5589,3215.3681,3215.6716,0.1132,0
3313,0,3215.5123,3216.2201,3216.5131,0.1075,0
3314,0,3216.3574,3217.0675,3217.3818,0.1322,0
3315,0,3217.2307,3218.1485,3218.4229,0.1127,0
3316,0,3218.2927,3218.9844,3219.2733,0.1152,0
3317,0,3219.1296,3219.8194,3220.1328,0.1537,0
3318,0,3220.0022,3220.8184,3221.1015,0.1126,0
3319,0,3220.9633,3221.6549,3221.9734,0.1160,0
3320,0,3221.8054,3222.5191,3222.8349,0.1167,0
3321,0,3222.6745,3223.6009,3223.9573,0.1638,0
3322,0,3223.7968,3224.5109,3224.8126,0.1132,0
3323,0,3224.6545,3225.3629,3225.7249,0.1725,0
3324,0,3225.5661,3226.4835,3226.7551,0.1127,0
3325,0,3226.6248,3227.3053,3227.5749,0.1137,0
3326,0,3227.4468,3228.1270,3228.4235,0.1065,0
3327,0,3228.2880,3229.2820,3229.6227,0.1605,0
3328,0,3229.4776,3230.1858,3230.4877,0.1131,0
3329,0,3230.3272,3231.0357,3231.3316,0.1062,0
3330,0,3231.1739,3232.1027,3232.4406,0.1206,0
3331,0,3232.2645,3233.0371,3233.3814,0.1186,0
3332,0,3233.2036,3233.9732,3234.5276,0.3727,0
3333,0,3234.3823,3235.0968,3235.3824,0.1124,0
3334,0,3235.2411,3235.9302,3236.4003,0.1218,0
3335,0,3236.0893,3237.1833,3237.5228,0.1650,0
3336,0,3237.3789,3238.0885,3238.4212,0.1189,0
3337,0,3238.2508,3238.9830,3239.2884,0.1221,0
3338,0,3239.1368,3240.1425,3240.4335,0.1139,0
3339,0,3240.2915,3240.9809,3241.2761,0.1106,0
3340,0,3241.1221,3241.8344,3242.1584,0.1102,0
3341,0,3241.9750,3243.0077,3243.3565,0.1138,0
3342,0,3243.1598,3243.9320,3244.2432,0.1106,0
3343,0,3244.0804,3244.8027,3245.1369,0.1059,0
3344,0,3244.9611,3245.9103,3246.2105,0.1103,0
3345,0,3246.0573,3246.7864,3247.0766,0.1169,0
3346,0,3246.9399,3247.6785,3247.9787,0.1079,0
3347,0,3247.8163,3248.7322,3249.0305,0.1129,0
3348,0,3248.8756,3249.5811,3249.8812,0.1099,0
3349,0,3249.7208,3250.4251,3250.7214,0.1095,0
3350,0,3250.5656,3251.4733,3251.8008,0.1219,0
3351,0,3251.6340,3252.3524,3252.6726,0.1165,0
3352,0,3252.5026,3253.2188,3253.5745,0.1130,0
3353,0,3253.3787,3254.3757,3254.7115,0.1207,0
3354,0,3254.5367,3255.2652,3255.5809,0.1140,0
3355,0,3255.4102,3256.1249,3256.7092,0.3847,0
3356,0,3256.5392,3257.2552,3257.5320,0.1101,0
3357,0,3257.3945,3258.0769,3258.4051,0.1185,0
3358,0,3258.2340,3258.9629,3259.5501,0.3864,0
3359,0,3259.3837,3260.0939,3260.4098,0.1184,0
3360,0,3260.2466,3260.9604,3261.2679,0.1134,0
3361,0,3261.1045,3262.0052,3262.4944,0.2671,0
3362,0,3262.3154,3263.0865,3263.3959,0.1131,0
3363,0,3263.2443,3263.9714,3264.2850,0.1131,0
3364,0,3264.1191,3265.0449,3265.4168,0.1672,0
3365,0,3265.2587,3265.9918,3266.2931,0.1150,0
3366,0,3266.1428,3266.8628,3267.2695,0.1129,0
3367,0,3267.0080,3268.2321,3268.5272,0.1123,0
3368,0,3268.3793,3269.0942,3269.3813,0.1146,0
3369,0,3269.2420,3269.9487,3270.2323,0.1123,0
3370,0,3270.0961,3270.9431,3271.2167,0.1150,0
3371,0,3271.0872,3271.7703,3272.0395,0.1123,0
3372,0,3271.9104,3272.5894,3272.8678,0.1077,0
3373,0,3272.7331,3273.6387,3273.9241,0.1147,0
3374,0,3273.7859,3274.4692,3274.7970,0.1167,0
3375,0,3274.6205,3275.3426,3275.6495,0.1094,0
3376,0,3275.4830,3276.3512,3276.6532,0.1125,0
3377,0,3276.4946,3277.1914,3277.5021,0.1091,0
3378,0,3277.3347,3278.0388,3278.3508,0.1078,0
3379,0,3278.1786,3279.0152,3279.4525,0.2671,0
3380,0,3279.3144,3279.9990,3280.2861,0.1206,0
3381,0,3280.1481,3280.8287,3281.1340,0.1098,0
3382,0,3280.9660,3281.9491,3282.2511,0.1118,0
3383,0,3282.0921,3282.7934,3283.1397,0.1236,0
3384,0,3282.9641,3283.6876,3284.0591,0.1706,0
3385,0,3283.8948,3284.7697,3285.1240,0.1657,0
3386,0,3284.9663,3285.6674,3285.9610,0.1099,0
3387,0,3285.8077,3286.5033,3286.8130,0.1534,0
3388,0,3286.6842,3287.5025,3287.7843,0.1175,0
3389,0,3287.6487,3288.3296,3288.6044,0.1124,0
3390,0,3288.4719,3289.1588,3289.4889,0.1115,0
3391,0,3289.3041,3290.2941,3290.6118,0.1185,0
3392,0,3290.4492,3291.1579,3291.4924,0.1201,0
3393,0,3291.3164,3292.0319,3292.3604,0.1067,0
3394,0,3292.1803,3293.0363,3293.3704,0.1310,0
3395,0,3293.2417,3294.0395,3294.3589,0.1139,0
3396,0,3294.1874,3294.9106,3295.4751,0.3030,0
3397,0,3295.3136,3296.0340,3296.3185,0.1114,0
3398,0,3296.1801,3296.8732,3297.1441,0.1051,0
3399,0,3297.0068,3297.6938,3297.9747,0.1147,0
3400,0,3297.8613,3298.7453,3299.0492,0.1229,0
3401,0,3298.9035,3299.6038,3299.9235,0.1163,0
3402,0,3299.7562,3300.4687,3300.7682,0.1091,0
3403,0,3300.6091,3301.5223,3301.8238,0.1120,0
3404,0,3301.6658,3302.3626,3302.6682,0.1125,0
3405,0,3302.5070,3303.2065,3303.5191,0.1138,0
3406,0,3303.3552,3304.1898,3304.4816,0.1151,0
3407,0,3304.3433,3305.0241,3305.3125,0.1122,0
3408,0,3305.1749,3305.8589,3306.1409,0.1071,0
3409,0,3305.9941,3306.9886,3307.2928,0.1129,0
3410,0,3307.1345,3307.8382,3308.1400,0.1150,0
3411,0,3307.9834,3308.6799,3308.9756,0.1060,0
3412,0,3308.8168,3309.7583,3310.0582,0.1122,0
3413,0,3309.9013,3310.6031,3310.8934,0.1096,0
3414,0,3310.7428,3311.4393,3311.8120,0.1115,0
3415,0,3311.5811,3312.5968,3312.8911,0.1109,0
3416,0,3312.7433,3313.4582,3313.7621,0.1135,0
3417,0,3313.6106,3314.3257,3314.6532,0.1433,0
3418,0,3314.5032,3315.4858,3315.7601,0.1143,0
3419,0,3315.6296,3316.3063,3316.6081,0.1055,0
3420,0,3316.4410,3317.1398,3317.5009,0.1205,0
3421,0,3317.3077,3318.1514,3318.4449,0.1125,0
3422,0,3318.3003,3319.0139,3319.3106,0.1126,0
3423,0,3319.1584,3319.8542,3320.1788,0.1353,0
3424,0,3320.0198,3320.9360,3321.2418,0.1173,0
3425,0,3321.0847,3321.7838,3322.1077,0.1189,0
3426,0,3321.9375,3322.6694,3323.0163,0.1468,0
3427,0,3322.8513,3323.7626,3324.0820,0.1197,0
3428,0,3323.9171,3324.6311,3324.9097,0.1100,0
3429,0,3324.7712,3325.4518,3325.7474,0.1071,0
3430,0,3325.5908,3326.4987,3326.8740,0.1859,0
3431,0,3326.7167,3327.4186,3327.7822,0.1093,0
3432,0,3327.5600,3328.3215,3329.0200,0.4980,0
3433,0,3328.8782,3329.6021,3330.0065,0.1113,0
3434,0,3329.7940,3330.5916,3330.8807,0.1108,0
3435,0,3330.7381,3331.7675,3332.0749,0.1150,0
3436,0,3331.9249,3332.6323,3332.9193,0.1124,0
3437,0,3332.7803,3333.4664,3333.7551,0.1110,0
3438,0,3333.6110,3334.6333,3334.9400,0.1176,0
3439,0,3334.7863,3335.4895,3335.7813,0.1103,0
3440,0,3335.6358,3336.3449,3336.6884,0.1043,0
3441,0,3336.4762,3337.5269,3337.8188,0.1117,0
3442,0,3337.6711,3338.3776,3338.6723,0.1127,0
3443,0,3338.5280,3339.2410,3339.5191,0.1075,0
3444,0,3339.3800,3340.2029,3340.5074,0.1135,0
3445,0,3340.3547,3341.0588,3341.3602,0.1145,0
3446,0,3341.2019,3341.9070,3342.2886,0.1052,0
3447,0,3342.0424,3343.0619,3343.4262,0.1481,0
3448,0,3343.2619,3344.0018,3344.3180,0.1105,0
3449,0,3344.1482,3344.8725,3345.2277,0.1147,0
3450,0,3345.0487,3345.9597,3346.2639,0.1140,0
3451,0,3346.1126,3346.8177,3347.1012,0.1151,0
3452,0,3346.9613,3347.6414,3347.9409,0.1311,0
3453,0,3347.8009,3348.7092,3348.9937,0.1128,0
3454,0,3348.8519,3349.5395,3349.8199,0.1135,0
3455,0,3349.6805,3350.3632,3350.6354,0.1042,0
3456,0,3350.4956,3351.2902,3351.5964,0.1131,0
3457,0,3351.4337,3352.1314,3352.4506,0.1108,0
3458,0,3352.2784,3353.0313,3353.3599,0.1157,0
3459,0,3353.1829,3354.2129,3354.5028,0.1103,0
3460,0,3354.3550,3355.0631,3355.3711,0.1143,0
3461,0,3355.2086,3355.9389,3356.2860,0.1500,0
3462,0,3356.1235,3356.9624,3357.2761,0.1083,0
3463,0,3357.1007,3357.8070,3358.1007,0.1109,0
3464,0,3357.9462,3358.6428,3358.9857,0.1144,0
3465,0,3358.7902,3359.7127,3360.0732,0.1611,0
3466,0,3359.9095,3360.6164,3360.8879,0.1114,0
3467,0,3360.7554,3361.4411,3361.7962,0.1107,0
3468,0,3361.5889,3362.4580,3362.9093,0.2657,0
3469,0,3362.7611,3363.4686,3363.7895,0.1135,0
3470,0,3363.6207,3364.3408,3364.6334,0.1074,0
3471,0,3364.4974,3365.4095,3365.6952,0.1147,0
3472,0,3365.5537,3366.2523,3366.5521,0.1128,0
3473,0,3366.3944,3367.0974,3367.3895,0.1075,0
3474,0,3367.2341,3368.1469,3368.4506,0.1146,0
3475,0,3368.2907,3368.9912,3369.2976,0.1156,0
3476,0,3369.1347,3369.8398,3370.1775,0.1515,0
3477,0,3370.0198,3370.9353,3371.2526,0.1166,0
3478,0,3371.0905,3371.8342,3372.1093,0.1124,0
3479,0,3371.9733,3372.6543,3372.9529,0.1256,0
3480,0,3372.8135,3373.6597,3373.9441,0.1146,0
3481,0,3373.8075,3374.5092,3374.7951,0.1124,0
3482,0,3374.6525,3375.3375,3375.6373,0.1108,0
3483,0,3375.4767,3376.3679,3376.7155,0.1633,0
3484,0,3376.5604,3377.2576,3377.6953,0.1363,0
3485,0,3377.4589,3378.2426,3378.5635,0.1170,0
3486,0,3378.4210,3379.3502,3379.6521,0.1132,0
3487,0,3379.5000,3380.2086,3380.4916,0.1140,0
3488,0,3380.3533,3381.0610,3381.3598,0.1137,0
3489,0,3381.2317,3381.9781,3382.3052,0.1251,0
3490,0,3382.1459,3382.8562,3383.1602,0.1177,0
3491,0,3383.0127,3383.7397,3384.0532,0.1375,0
3492,0,3383.9087,3384.7827,3385.0634,0.1138,0
3493,0,3384.9261,3385.6106,3385.9124,0.1098,0
3494,0,3385.7513,3386.4638,3386.7615,0.1091,0
3495,0,3386.6035,3387.4325,3387.7317,0.1132,0
3496,0,3387.5764,3388.2736,3388.5932,0.1178,0
3497,0,3388.4270,3389.1414,3389.5186,0.1107,0
3498,0,3389.3158,3390.3485,3390.6362,0.1139,0
3499,0,3390.4924,3391.1826,3391.4622,0.1180,0
3500,0,3391.3288,3392.0108,3392.5361,0.1232,0
3501,0,3392.1680,3393.3117,3393.6452,0.1186,0
3502,0,3393.4867,3394.2162,3394.5475,0.1144,0
3503,0,3394.3973,3395.3161,3395.7752,0.2613,0
3504,0,3395.6091,3396.3290,3396.6081,0.1075,0
3505,0,3396.4694,3397.1475,3397.4565,0.1142,0
3506,0,3397.2907,3398.2762,3398.5929,0.1173,0
3507,0,3398.4228,3399.1301,3399.4476,0.1151,0
3508,0,3399.2809,3399.9975,3400.2968,0.1099,0
3509,0,3400.1366,3401.1174,3401.3921,0.1121,0
3510,0,3401.2595,3401.9399,3402.2607,0.1196,0
3511,0,3402.0986,3402.8064,3403.1077,0.1120,0
3512,0,3402.9594,3404.0148,3404.3106,0.1167,0
3513,0,3404.1657,3404.8589,3405.1321,0.1091,0
3514,0,3404.9975,3405.6852,3405.9647,0.1105,0
3515,0,3405.8270,3406.7654,3407.0957,0.1677,0
3516,0,3406.9637,3407.6437,3407.9178,0.1088,0
3517,0,3407.7810,3408.5116,3408.8411,0.1118,0
3518,0,3408.6548,3409.6864,3409.9758,0.1138,0
3519,0,3409.8300,3410.5194,3410.8180,0.1110,0
3520,0,3410.6620,3411.3698,3411.7658,0.1170,0
3521,0,3411.5174,3412.5553,3412.8800,0.1185,0
3522,0,3412.7155,3413.4250,3413.7482,0.1191,0
3523,0,3413.5797,3414.2967,3414.6034,0.1381,0
3524,0,3414.4681,3415.3722,3415.6519,0.1190,0
3525,0,3415.5215,3416.1967,3416.4749,0.1170,0
3526,0,3416.3435,3417.0198,3417.2800,0.1012,0
3527,0,3417.1487,3418.0850,3418.3831,0.1134,0
3528,0,3418.2279,3418.9299,3419.2242,0.1098,0
3529,0,3419.0702,3419.7656,3420.0602,0.1091,0
3530,0,3419.9064,3420.8581,3421.1612,0.1147,0
3531,0,3421.0029,3421.7024,3421.9982,0.1097,0
3532,0,3421.8422,3422.5417,3422.8328,0.1057,0
3533,0,3422.6788,3423.6455,3423.9606,0.1302,0
3534,0,3423.8140,3424.5200,3424.8142,0.1112,0
3535,0,3424.6642,3425.3817,3425.7047,0.1652,0
3536,0,3425.5744,3426.3847,3426.6825,0.1125,0
3537,0,3426.5263,3427.2218,3427.5195,0.1107,0
3538,0,3427.3604,3428.0647,3428.4307,0.1059,0
3539,0,3428.1980,3429.2251,3429.5144,0.1090,0
3540,0,3429.3668,3430.0751,3430.3824,0.1127,0
3541,0,3430.2273,3430.9541,3431.2875,0.1456,0
3542,0,3431.1332,3432.0031,3432.2855,0.1171,0
3543,0,3432.1496,3432.8491,3433.1275,0.1126,0
3544,0,3432.9939,3433.6964,3433.9747,0.1088,0
3545,0,3433.8332,3434.6856,3434.9609,0.1150,0
3546,0,3434.8282,3435.5057,3435.8029,0.1120,0
3547,0,3435.6455,3436.3414,3436.6855,0.1052,0
3548,0,3436.4744,3437.4801,3437.7586,0.1131,0
3549,0,3437.6196,3438.2983,3438.6207,0.1190,0
3550,0,3438.4539,3439.1703,3439.5708,0.1112,0
3551,0,3439.3089,3440.3283,3440.6812,0.1570,0
3552,0,3440.5196,3441.2388,3441.5268,0.1161,0
3553,0,3441.3873,3442.0713,3442.3889,0.1433,0
3554,0,3442.2441,3443.0709,3443.3671,0.1158,0
3555,0,3443.2234,3443.9097,3444.2295,0.1170,0
3556,0,3444.0783,3444.7871,3445.1196,0.1098,0
3557,0,3444.9262,3445.9262,3446.2210,0.1095,0
3558,0,3446.0693,3446.7766,3447.0811,0.1142,0
3559,0,3446.9288,3447.6565,3447.9581,0.1155,0
3560,0,3447.8050,3448.7174,3449.0248,0.1162,0
3561,0,3448.8690,3449.5874,3449.8572,0.1120,0
3562,0,3449.7267,3450.4034,3450.7042,0.1438,0
3563,0,3450.5743,3451.3803,3451.6855,0.1215,0
3564,0,3451.5312,3452.2281,3452.5637,0.1191,0
3565,0,3452.3866,3453.1025,3453.4193,0.1170,0
3566,0,3453.2514,3454.2173,3454.5293,0.1179,0
3567,0,3454.3665,3455.0686,3455.3634,0.1099,0
3568,0,3455.2062,3455.9124,3456.2316,0.1103,0
3569,0,3456.0586,3457.0564,3457.3343,0.1099,0
3570,0,3457.1978,3457.8864,3458.1992,0.1141,0
3571,0,3458.0371,3458.7650,3459.0540,0.1101,0
3572,0,3458.9076,3459.8175,3460.1045,0.1176,0
3573,0,3459.9665,3460.6562,3460.9276,0.1119,0
3574,0,3460.7962,3461.4774,3461.7797,0.1040,0
3575,0,3461.6528,3462.5765,3462.8871,0.1145,0
3576,0,3462.7327,3463.4684,3463.7628,0.1126,0
3577,0,3463.6205,3464.3264,3464.6117,0.1147,0
3578,0,3464.4712,3465.3129,3465.6024,0.1207,0
3579,0,3465.4626,3466.1425,3466.4210,0.1168,0
3580,0,3466.2886,3466.9712,3467.2676,0.1092,0
3581,0,3467.1078,3468.0729,3468.3787,0.1142,0
3582,0,3468.2151,3468.9227,3469.2352,0.1103,0
3583,0,3469.0616,3469.7806,3470.0757,0.1079,0
3584,0,3469.9165,3470.8710,3471.2272,0.1209,0
3585,0,3471.0197,3471.7890,3472.1023,0.1173,0
3586,0,3471.9405,3472.6507,3472.9804,0.1315,0
3587,0,3472.8184,3473.6917,3474.0289,0.1683,0
3588,0,3473.8888,3474.5797,3474.9322,0.1188,0
3589,0,3474.7551,3475.5601,3476.1215,0.3779,0
3590,0,3475.9787,3476.6832,3477.0009,0.1169,0
3591,0,3476.8349,3477.5424,3477.8119,0.1124,0
3592,0,3477.6822,3478.3627,3478.7654,0.2230,0
3593,0,3478.6122,3479.3430,3479.6709,0.1101,0
3594,0,3479.5040,3480.2231,3480.4939,0.1100,0
3595,0,3480.3621,3481.0415,3481.3264,0.1050,0
3596,0,3481.1746,3482.0512,3482.3945,0.1193,0
3597,0,3482.2169,3482.9436,3483.2320,0.1096,0
3598,0,3483.0882,3483.8186,3484.4378,0.3714,0
3599,0,3484.2829,3485.0036,3485.2877,0.1107,0
3600,0,3485.1475,3485.8353,3486.1117,0.1149,0
3601,0,3485.9775,3486.6842,3487.2101,0.3437,0
3602,0,3487.0657,3487.7677,3488.0477,0.1099,0
3603,0,3487.9109,3488.5962,3488.8771,0.1190,0
3604,0,3488.7427,3489.4208,3489.7264,0.1163,0
3605,0,3489.5656,3490.4115,3490.6969,0.1134,0
3606,0,3490.5559,3491.2472,3491.5398,0.1124,0
3607,0,3491.3872,3492.0872,3492.3674,0.1208,0
3608,0,3492.2355,3493.0731,3493.3952,0.1149,0
3609,0,3493.2414,3493.9505,3494.2699,0.1118,0
3610,0,3494.1158,3494.8237,3495.1835,0.1655,0
3611,0,3495.0418,3495.9448,3496.2629,0.1107,0
3612,0,3496.1025,3496.8222,3497.0931,0.1027,0
3613,0,3496.9548,3497.6394,3497.9813,0.1475,0
3614,0,3497.8154,3498.7228,3499.0359,0.1141,0
3615,0,3498.8663,3499.5757,3499.8770,0.1135,0
3616,0,3499.7173,3500.4216,3500.7343,0.1289,0
3617,0,3500.5791,3501.4840,3501.8178,0.1173,0
3618,0,3501.6514,3502.3686,3502.6768,0.1131,0
3619,0,3502.5130,3503.2191,3503.5694,0.1182,0
3620,0,3503.3882,3504.2621,3504.5763,0.1317,0
3621,0,3504.4293,3505.1412,3505.4181,0.1141,0
3622,0,3505.2855,3505.9670,3506.2707,0.1393,0
3623,0,3506.5789,3507.1495,3507.5470,0.1152,0
3624,0,3507.3713,3508.2843,3508.5935,0.1141,0
3625,0,3508.4371,3509.1677,3509.4504,0.1137,0
3626,0,3509.3143,3510.0348,3510.3247,0.1151,0
3627,0,3510.1826,3510.8715,3511.1415,0.1107,0
3628,0,3511.0093,3511.6922,3512.0816,0.1841,0
3629,0,3511.9390,3512.6677,3512.9597,0.1101,0
3630,0,3512.8164,3513.5046,3513.7848,0.1103,0
3631,0,3513.6449,3514.3262,3514.6047,0.1133,0
3632,0,3514.4695,3515.3078,3515.5892,0.1156,0
3633,0,3515.4533,3516.1321,3516.4270,0.1121,0
3634,0,3516.2727,3516.9712,3517.2622,0.1065,0
3635,0,3517.1080,3518.2046,3518.5204,0.1149,0
3636,0,3518.3607,3519.0802,3519.3645,0.1151,0
3637,0,3519.2283,3519.9192,3520.1886,0.1071,0
3638,0,3520.0551,3520.8634,3521.1783,0.1130,0
3639,0,3521.0055,3521.7157,3522.0372,0.1165,0
3640,0,3521.8720,3522.5850,3522.9843,0.1809,0
3641,0,3522.8308,3523.7464,3524.0552,0.1174,0
3642,0,3523.9017,3524.6130,3524.9137,0.1107,0
3643,0,3524.7535,3525.4605,3525.7226,0.1077,0
3644,0,3525.5957,3526.4264,3526.6993,0.1137,0
3645,0,3526.5687,3527.2442,3527.5587,0.1181,0
3646,0,3527.3976,3528.1022,3528.4742,0.1129,0
3647,0,3528.2432,3529.2632,3529.5608,0.1095,0
3648,0,3529.4075,3530.1354,3530.4243,0.1136,0
3649,0,3530.2834,3530.9905,3531.2838,0.1155,0
3650,0,3531.1437,3531.9688,3532.2505,0.1145,0
3651,0,3532.1134,3532.7978,3533.0998,0.1130,0
3652,0,3532.9450,3533.6504,3533.9564,0.1155,0
3653,0,3533.7982,3534.9091,3535.2007,0.1134,0
3654,0,3535.0564,3535.7652,3536.0686,0.1098,0
3655,0,3535.9062,3536.6131,3536.9065,0.1081,0
3656,0,3536.7518,3537.5596,3537.8431,0.1140,0
3657,0,3537.7036,3538.3849,3538.6608,0.1125,0
3658,0,3538.5268,3539.2131,3539.4967,0.1023,0
3659,0,3539.3487,3540.3517,3540.6521,0.1139,0
3660,0,3540.4968,3541.2031,3541.5023,0.1117,0
3661,0,3541.3480,3542.0444,3542.4028,0.1579,0
3662,0,3542.2380,3543.0831,3543.4140,0.1126,0
3663,0,3543.2406,3543.9904,3544.2942,0.1140,0
3664,0,3544.1616,3544.8778,3545.2070,0.1237,0
3665,0,3545.0611,3545.9875,3546.2951,0.1122,0
3666,0,3546.1312,3546.8522,3547.1517,0.1106,0
3667,0,3546.9921,3547.7021,3547.9943,0.1046,0
3668,0,3547.8432,3548.7107,3549.0050,0.1117,0
3669,0,3548.8582,3549.5667,3549.8933,0.1167,0
3670,0,3549.7219,3550.4474,3550.7158,0.1069,0
3671,0,3550.5839,3551.5569,3551.8586,0.1136,0
3672,0,3551.7016,3552.4006,3552.7220,0.1185,0
3673,0,3552.5596,3553.2665,3553.5680,0.1085,0
3674,0,3553.4158,3554.3152,3554.6278,0.1170,0
3675,0,3554.4705,3555.1800,3555.4803,0.1154,0
3676,0,3555.3266,3556.0530,3556.6830,0.4625,0
3677,0,3556.5464,3557.2294,3557.5117,0.1134,0
3678,0,3557.3703,3558.0564,3558.3300,0.1121,0
3679,0,3558.1954,3558.8781,3559.1578,0.1135,0
3680,0,3559.0206,3559.8875,3560.1875,0.1145,0
3681,0,3560.0313,3560.7356,3561.0115,0.1144,0
3682,0,3560.8769,3561.5554,3561.8576,0.1163,0
3683,0,3561.7272,3562.6434,3562.9380,0.1106,0
3684,0,3562.7912,3563.4968,3563.8304,0.1165,0
3685,0,3563.6547,3564.4085,3564.6983,0.1161,0
3686,0,3564.5559,3565.3520,3565.6962,0.1358,0
3687,0,3565.5475,3566.2524,3566.5366,0.1123,0
3688,0,3566.3986,3567.1008,3567.3919,0.1267,0
3689,0,3567.2587,3568.0854,3568.3586,0.1138,0
3690,0,3568.2288,3568.9080,3569.1862,0.1159,0
3691,0,3569.0508,3569.7343,3570.0394,0.1118,0
3692,0,3569.8727,3570.8640,3571.1719,0.1112,0
3693,0,3571.0030,3571.7177,3572.0104,0.1095,0
3694,0,3571.8553,3572.5575,3572.8675,0.1138,0
3695,0,3572.7068,3573.6712,3573.9450,0.1134,0
3696,0,3573.8123,3574.5032,3574.8265,0.1184,0
3697,0,3574.6583,3575.3741,3575.7418,0.1796,0
3698,0,3575.5823,3576.5058,3576.7760,0.1087,0
3699,0,3576.6422,3577.3186,3577.5898,0.1113,0
3700,0,3577.4581,3578.1412,3578.5342,0.1774,0
3701,0,3578.3665,3579.4525,3579.7439,0.1115,0
3702,0,3579.5954,3580.3001,3580.5807,0.1062,0
3703,0,3580.4402,3581.1641,3581.7588,0.3845,0
3704,0,3581.6017,3582.3346,3582.6318,0.1121,0
3705,0,3582.4807,3583.1892,3583.5240,0.1248,0
3706,0,3583.3533,3584.3582,3584.6438,0.1130,0
3707,0,3584.5000,3585.1911,3585.4788,0.1104,0
3708,0,3585.3418,3586.0277,3586.3056,0.1130,0
3709,0,3586.1683,3587.1244,3587.4263,0.1188,0
3710,0,3587.2719,3587.9736,3588.3038,0.1177,0
3711,0,3588.1245,3588.8492,3589.1471,0.1112,0
3712,0,3588.9883,3589.9615,3590.2329,0.1145,0
3713,0,3590.1029,3590.7826,3591.0607,0.1105,0
3714,0,3590.9229,3591.6068,3591.8788,0.1114,0
3715,0,3591.7456,3592.7201,3592.9927,0.1120,0
3716,0,3592.8592,3593.5460,3593.8607,0.1169,0
3717,0,3593.6934,3594.4078,3594.6779,0.1133,0
3718,0,3594.5489,3595.4186,3595.8761,0.2657,0
3719,0,3595.7133,3596.4237,3596.7331,0.1145,0
3720,0,3596.5735,3597.2764,3597.5969,0.1193,0
3721,0,3597.4305,3598.4704,3598.7501,0.1163,0
3722,0,3598.6157,3599.3008,3599.5949,0.1102,0
3723,0,3599.4389,3600.1358,3600.4003,0.1100,0
3724,0,3600.2731,3601.2583,3601.5439,0.1146,0
3725,0,3601.4080,3602.0911,3602.4173,0.1205,0
3726,0,3602.2505,3602.9668,3603.3432,0.1114,0
3727,0,3603.1159,3604.1879,3604.5020,0.1183,0
3728,0,3604.3437,3605.0846,3605.3734,0.1101,0
3729,0,3605.2306,3605.9244,3606.1974,0.1034,0
3730,0,3606.0584,3606.8887,3607.1625,0.1141,0
3731,0,3607.0316,3607.7121,3608.0133,0.1094,0
3732,0,3607.8531,3608.5609,3608.9222,0.1136,0
3733,0,3608.7067,3609.6966,3610.0245,0.1591,0
3734,0,3609.8850,3610.5682,3610.8655,0.1104,0
3735,0,3610.7089,3611.4107,3611.8147,0.1093,0
3736,0,3611.5502,3612.6367,3613.2013,0.1120,0
3737,0,3612.8161,3613.7783,3614.1919,0.1122,0
3738,0,3613.9654,3615.1393,3615.5306,0.1148,0
3739,0,3615.3315,3616.0811,3616.4841,0.1099,0
3740,0,3616.2740,3617.0284,3617.4272,0.1005,0
3741,0,3617.1667,3618.1684,3618.4986,0.1105,0
3742,0,3618.3189,3619.0645,3619.3872,0.1109,0
3743,0,3619.2091,3619.9528,3620.5785,0.4364,0
3744,0,3620.4212,3621.1381,3621.6328,0.1121,0
3745,0,3621.2786,3622.1023,3622.5119,0.1107,0
3746,0,3622.2474,3623.3301,3623.6403,0.1158,0
3747,0,3623.4877,3624.2018,3624.5425,0.1607,0
3748,0,3624.3940,3625.0903,3625.3719,0.1163,0
3749,0,3625.2367,3626.1609,3626.4915,0.1627,0
3750,0,3626.3551,3627.0380,3627.3434,0.1135,0
3751,0,3627.1835,3627.8922,3628.2802,0.1099,0
3752,0,3628.0472,3629.2340,3629.5337,0.1116,0
3753,0,3629.3983,3630.1004,3630.3880,0.1139,0
3754,0,3630.2464,3630.9580,3631.2908,0.1540,0
3755,0,3631.1456,3632.0517,3632.3567,0.1141,0
3756,0,3632.1953,3632.8991,3633.1997,0.1112,0
3757,0,3633.0385,3633.7468,3634.0950,0.1412,0
3758,0,3633.9162,3634.8468,3635.1475,0.1111,0
3759,0,3634.9874,3635.6841,3635.9780,0.1099,0
3760,0,3635.8229,3636.5234,3636.8225,0.1366,0
3761,0,3636.6868,3637.5129,3637.7885,0.1138,0
3762,0,3637.6546,3638.3363,3638.6299,0.1109,0
3763,0,3638.4754,3639.1727,3639.4714,0.1093,0
3764,0,3639.3095,3640.3210,3640.6286,0.1141,0
3765,0,3640.4628,3641.1708,3641.4621,0.1146,0
3766,0,3641.3131,3642.0138,3642.3941,0.1770,0
3767,0,3642.2292,3643.2061,3643.5250,0.1190,0
3768,0,3643.3580,3644.0701,3644.4784,0.1225,0
3769,0,3644.2588,3645.0565,3645.4901,0.1959,0
3770,0,3645.2987,3646.0670,3646.3808,0.1126,0
3771,0,3646.2328,3646.9403,3647.2099,0.1047,0
3772,0,3647.0762,3647.7786,3648.0634,0.1113,0
3773,0,3647.9212,3648.6739,3648.9540,0.1158,0
3774,0,3648.8178,3649.5027,3649.7764,0.1126,0
3775,0,3649.6428,3650.3221,3650.6115,0.1086,0
3776,0,3650.4587,3651.4094,3651.7079,0.1101,0
3777,0,3651.5470,3652.2454,3652.5769,0.1161,0
3778,0,3652.3951,3653.1114,3653.4054,0.1131,0
3779,0,3653.2566,3654.2314,3654.5779,0.1747,0
3780,0,3654.4357,3655.1291,3655.4054,0.1155,0
3781,0,3655.2718,3655.9509,3656.2702,0.1552,0
3782,0,3656.1329,3657.0515,3657.3522,0.1045,0
3783,0,3657.1949,3657.9002,3658.2021,0.1101,0
3784,0,3658.0393,3658.7512,3659.0850,0.1389,0
3785,0,3658.9186,3659.8247,3660.2984,0.1150,0
3786,0,3659.9689,3660.8864,3661.1927,0.1120,0
3787,0,3661.0392,3661.9725,3662.4206,0.2643,0
3788,0,3662.2798,3663.0143,3663.3423,0.1130,0
3789,0,3663.1607,3663.8844,3664.2055,0.1097,0
3790,0,3664.0241,3665.0259,3665.3479,0.1258,0
3791,0,3665.1928,3665.9254,3666.2136,0.1109,0
3792,0,3666.0720,3666.7660,3667.0352,0.1123,0
3793,0,3666.9053,3667.9027,3668.2144,0.1136,0
3794,0,3668.0456,3668.7588,3669.0386,0.1104,0
3795,0,3668.8995,3669.5813,3669.9571,0.1170,0
3796,0,3669.7266,3670.8124,3671.1057,0.1188,0
3797,0,3670.9606,3671.6458,3671.9645,0.1191,0
3798,0,3671.8006,3672.5074,3672.8277,0.1092,0
3799,0,3672.6485,3673.6277,3673.9974,0.1756,0
3800,0,3673.8334,3674.5362,3674.8587,0.1212,0
3801,0,3674.6895,3675.4011,3675.7396,0.1497,0
3802,0,3675.5796,3676.5066,3676.8296,0.1143,0
3803,0,3676.6579,3677.3735,3677.6700,0.1102,0
3804,0,3677.5124,3678.2144,3678.5675,0.1247,0
3805,0,3678.3965,3679.3119,3679.6078,0.1203,0
3806,0,3679.4641,3680.1669,3680.4464,0.1120,0
3807,0,3680.3099,3681.0147,3681.3241,0.1069,0
3808,0,3681.1683,3682.0993,3682.4370,0.1104,0
3809,0,3682.2810,3683.0086,3683.3598,0.1158,0
3810,0,3683.1626,3683.9216,3684.5128,0.3851,0
3811,0,3684.3435,3685.0794,3685.3614,0.1109,0
3812,0,3685.2228,3685.9082,3686.1810,0.1128,0
3813,0,3686.0480,3686.7394,3687.3018,0.3748,0
3814,0,3687.1448,3687.8497,3688.1616,0.1150,0
3815,0,3687.9979,3688.7006,3689.0215,0.1159,0
3816,0,3688.8527,3689.8371,3690.2077,0.1597,0
3817,0,3690.0347,3690.7636,3691.0815,0.1167,0
3818,0,3690.9149,3691.6267,3691.9247,0.1110,0
3819,0,3691.7661,3692.7368,3693.0398,0.1199,0
3820,0,3692.8935,3693.5914,3693.8775,0.1149,0
3821,0,3693.7375,3694.4234,3694.6972,0.1126,0
3822,0,3694.5632,3695.4493,3695.8834,0.2543,0
3823,0,3695.7358,3696.4342,3696.7089,0.1081,0
3824,0,3696.5724,3697.2553,3697.5435,0.1147,0
3825,0,3697.4094,3698.3605,3698.6802,0.1263,0
3826,0,3698.5210,3699.2293,3699.5227,0.1115,0
3827,0,3699.3860,3700.0636,3700.3695,0.1113,0
3828,0,3700.2014,3701.2322,3701.5124,0.1137,0
3829,0,3701.3797,3702.0582,3702.3573,0.1149,0
3830,0,3702.2009,3702.9005,3703.2009,0.1157,0
3831,0,3703.0443,3704.1557,3704.4330,0.1162,0
3832,0,3704.2986,3704.9768,3705.2597,0.1104,0
3833,0,3705.1162,3705.7997,3706.1286,0.1118,0
3834,0,3705.9381,3706.9340,3707.2245,0.1120,0
3835,0,3707.0832,3707.8028,3708.2410,0.1127,0
3836,0,3707.9450,3708.8119,3709.1054,0.1022,0
3837,0,3708.9494,3709.8382,3710.1372,0.1162,0
3838,0,3709.9908,3710.7066,3710.9805,0.1121,0
3839,0,3710.8464,3711.5273,3711.8682,0.1418,0
3840,0,3711.7294,3712.6346,3712.9463,0.1147,0
3841,0,3712.7896,3713.5197,3713.8158,0.1129,0
3842,0,3713.6910,3714.3964,3714.6774,0.1141,0
3843,0,3714.5392,3715.3420,3715.6204,0.1149,0
3844,0,3715.4852,3716.1642,3716.4432,0.1113,0
3845,0,3716.3023,3716.9758,3717.2885,0.1114,0
3846,0,3717.1221,3718.1248,3718.4352,0.1165,0
3847,0,3718.2727,3718.9785,3719.2816,0.1131,0
3848,0,3719.1206,3719.8307,3720.1856,0.1692,0
3849,0,3720.0281,3720.9109,3721.2775,0.1588,0
3850,0,3721.1011,3721.8308,3722.1546,0.1205,0
3851,0,3721.9840,3722.7017,3723.0496,0.1131,0
3852,0,3722.8789,3723.8250,3724.1626,0.1181,0
3853,0,3723.9810,3724.7235,3725.0018,0.1119,0
3854,0,3724.8680,3725.5688,3725.8637,0.1108,0
3855,0,3725.7087,3726.4645,3726.7451,0.1146,0
3856,0,3726.6072,3727.2835,3727.5776,0.1109,0
3857,0,3727.4232,3728.1215,3728.4878,0.1082,0
3858,0,3728.2687,3729.3609,3729.6722,0.1179,0
3859,0,3729.5213,3730.2531,3730.5385,0.1074,0
3860,0,3730.3962,3731.1051,3731.6755,0.3788,0
3861,0,3731.5163,3732.2204,3732.5595,0.1180,0
3862,0,3732.3807,3733.1306,3733.4576,0.1159,0
3863,0,3733.2859,3734.0156,3734.6255,0.4147,0
3864,0,3734.4709,3735.2103,3735.4998,0.1110,0
3865,0,3735.3613,3736.0463,3736.3261,0.1144,0
3866,0,3736.1876,3737.1322,3737.4086,0.1171,0
3867,0,3737.2760,3737.9533,3738.3750,0.1101,0
3868,0,3738.0933,3738.9207,3739.2043,0.1127,0
3869,0,3739.0624,3740.0236,3740.3212,0.1161,0
3870,0,3740.1690,3740.8702,3741.2105,0.1190,0
3871,0,3741.0244,3741.7522,3742.1701,0.1197,0
3872,0,3741.9117,3743.0647,3743.3815,0.1177,0
3873,0,3743.2213,3743.9583,3744.2671,0.1123,0
3874,0,3744.1017,3744.8281,3745.2034,0.1711,0
3875,0,3745.0593,3745.9725,3746.2952,0.1131,0
3876,0,3746.1189,3746.8717,3747.1887,0.1103,0
3877,0,3747.0164,3747.7487,3748.0414,0.1112,0
3878,0,3747.8879,3748.7334,3749.0113,0.1148,0
3879,0,3748.8758,3749.5561,3749.8474,0.1116,0
3880,0,3749.6959,3750.3940,3750.7143,0.1565,0
3881,0,3750.5775,3751.3893,3751.7432,0.1675,0
3882,0,3751.5869,3752.2879,3752.5758,0.1121,0
3883,0,3752.4308,3753.1164,3753.4477,0.1162,0
3884,0,3753.2681,3754.2347,3754.6356,0.1512,0
3885,0,3754.4194,3755.1625,3755.4676,0.1119,0
3886,0,3755.3131,3756.0482,3756.4309,0.1109,0
3887,0,3756.2533,3757.0045,3757.3166,0.1134,0
3888,0,3757.1516,3757.8625,3758.1332,0.1115,0
3889,0,3758.0019,3758.6908,3758.9748,0.1156,0
3890,0,3758.8369,3759.7797,3760.0587,0.1159,0
3891,0,3759.9230,3760.6009,3760.8947,0.1094,0
3892,0,3760.7382,3761.4374,3761.7948,0.1078,0
3893,0,3761.5738,3762.5761,3762.8698,0.1118,0
3894,0,3762.7269,3763.4615,3763.7712,0.1088,0
3895,0,3763.6085,3764.3401,3764.6396,0.1236,0
3896,0,3764.4942,3765.3500,3765.6379,0.1161,0
3897,0,3765.5020,3766.2061,3766.4897,0.1181,0
3898,0,3766.3540,3767.0358,3767.3019,0.1016,0
3899,0,3767.1644,3768.2398,3768.5713,0.1190,0
3900,0,3768.3878,3769.1270,3769.4023,0.1139,0
3901,0,3769.2688,3769.9459,3770.3971,0.1074,0
3902,0,3770.0917,3770.9571,3771.2665,0.1120,0
3903,0,3771.1046,3771.8376,3772.1495,0.1108,0
3904,0,3771.9806,3772.7059,3772.9980,0.1095,0
3905,0,3772.8479,3773.7601,3774.0540,0.1147,0
3906,0,3773.9039,3774.5950,3774.9224,0.1185,0
3907,0,3774.7524,3775.4673,3775.7433,0.1076,0
3908,0,3775.6036,3776.5136,3776.7938,0.1144,0
3909,0,3776.6562,3777.3351,3777.6348,0.1101,0
3910,0,3777.4741,3778.1824,3778.5569,0.1386,0
3911,0,3778.3674,3779.3300,3779.6273,0.1121,0
3912,0,3779.4776,3780.1967,3780.4753,0.1143,0
3913,0,3780.3417,3781.0268,3781.3016,0.1020,0
3914,0,3781.1599,3782.0667,3782.3763,0.1140,0
3915,0,3782.2127,3782.9147,3783.2428,0.1150,0
3916,0,3783.0708,3783.8360,3784.1223,0.1139,0
3917,0,3783.9846,3784.9507,3785.2470,0.1115,0
3918,0,3785.1033,3785.8241,3786.1993,0.1470,0
3919,0,3786.0383,3787.1085,3787.4459,0.1652,0
3920,0,3787.3094,3788.0099,3788.2914,0.1146,0
3921,0,3788.1526,3788.8411,3789.1145,0.1125,0
3922,0,3788.9807,3789.9353,3790.2154,0.1160,0
3923,0,3790.0788,3790.7641,3791.0760,0.1164,0
3924,0,3790.9133,3791.6206,3791.9163,0.1118,0
3925,0,3791.7599,3792.7340,3793.0620,0.1273,0
3926,0,3792.8964,3793.6036,3793.8842,0.1129,0
3927,0,3793.7466,3794.4289,3794.7048,0.1144,0
3928,0,3794.5698,3795.4518,3795.8851,0.2668,0
3929,0,3795.7460,3796.4340,3796.7082,0.1068,0
3930,0,3796.5694,3797.2481,3797.5328,0.1162,0
3931,0,3797.4139,3798.5883,3798.9254,0.1211,0
3932,0,3798.7519,3799.4822,3799.7681,0.1089,0
3933,0,3799.6224,3800.3100,3800.5885,0.1091,0
3934,0,3800.4486,3801.4021,3801.7330,0.1161,0
3935,0,3801.5807,3802.2859,3802.5769,0.1164,0
3936,0,3802.4364,3803.1383,3803.4599,0.1164,0
3937,0,3803.2889,3804.1213,3804.4194,0.1131,0
3938,0,3804.2692,3804.9557,3805.2318,0.1127,0
3939,0,3805.0963,3805.7719,3806.0898,0.1117,0
3940,0,3805.9121,3806.9244,3807.2233,0.1153,0
3941,0,3807.0682,3807.7548,3808.0283,0.1138,0
3942,0,3807.8958,3808.5601,3808.8581,0.1114,0
3943,0,3808.6987,3809.6986,3809.9748,0.1177,0
3944,0,3809.8458,3810.5121,3810.8027,0.1095,0
3945,0,3810.6500,3811.3287,3811.6879,0.1205,0
3946,0,3811.4773,3812.5792,3812.8908,0.1166,0
3947,0,3812.7327,3813.4237,3813.7723,0.1179,0
3948,0,3813.5907,3814.3372,3814.6251,0.1061,0
3949,0,3814.4798,3815.3752,3815.6532,0.1140,0
3950,0,3815.5210,3816.1948,3816.4931,0.1057,0
3951,0,3816.3287,3817.0154,3817.3239,0.1060,0
3952,0,3817.1526,3818.1294,3818.4525,0.1184,0
3953,0,3818.2891,3819.0066,3819.3002,0.1111,0
3954,0,3819.1477,3819.8379,3820.1631,0.1668,0
3955,0,3820.0323,3820.8286,3821.1052,0.1153,0
3956,0,3820.9724,3821.6389,3821.9478,0.1079,0
3957,0,3821.7807,3822.4777,3822.8335,0.1065,0
3958,0,3822.6264,3823.6382,3823.9227,0.1136,0
3959,0,3823.7838,3824.4478,3824.7379,0.1127,0
3960,0,3824.5883,3825.2592,3825.6007,0.1103,0
3961,0,3825.3992,3826.3713,3826.6472,0.1186,0
3962,0,3826.5160,3827.1785,3827.4893,0.1127,0
3963,0,3827.3430,3828.0222,3828.4126,0.1128,0
3964,0,3828.1671,3829.2414,3829.5414,0.1143,0
3965,0,3829.3887,3830.0691,3830.3548,0.1182,0
3966,0,3830.2175,3830.8792,3831.1815,0.1023,0
3967,0,3831.0097,3832.0936,3832.4083,0.1181,0
3968,0,3832.2431,3832.9210,3833.2545,0.1177,0
3969,0,3833.0786,3833.8007,3834.0980,0.1057,0
3970,0,3833.9455,3834.8287,3835.1145,0.1182,0
3971,0,3834.9762,3835.6280,3835.9022,0.1121,0
3972,0,3835.7665,3836.4193,3836.7005,0.1011,0
3973,0,3836.5467,3837.6005,3837.9104,0.1191,0
3974,0,3837.7515,3838.4272,3838.7334,0.1153,0
3975,0,3838.5714,3839.2439,3839.5498,0.1161,0
3976,0,3839.3881,3840.3111,3840.6052,0.1113,0
3977,0,3840.4508,3841.1102,3841.4010,0.1089,0
3978,0,3841.2468,3841.9272,3842.3403,0.1165,0
3979,0,3842.0831,3843.1198,3843.4452,0.1172,0
3980,0,3843.2773,3843.9711,3844.2812,0.1150,0
3981,0,3844.1167,3844.7910,3845.1476,0.1074,0
3982,0,3844.9255,3845.9299,3846.2205,0.1099,0
3983,0,3846.0737,3846.7564,3847.0767,0.1135,0
3984,0,3846.9081,3847.6099,3847.9543,0.1673,0
3985,0,3847.8086,3848.5759,3848.9596,0.1209,0
3986,0,3848.7884,3849.4818,3849.7800,0.1106,0
3987,0,3849.6220,3850.2853,3850.6151,0.1128,0
3988,0,3850.4262,3851.3727,3851.6413,0.1062,0
3989,0,3851.5052,3852.1454,3852.4474,0.1152,0
3990,0,3852.2967,3853.0034,3853.3776,0.1146,0
3991,0,3853.1543,3854.1352,3854.4551,0.1139,0
3992,0,3854.2822,3854.9728,3855.2850,0.1098,0
3993,0,3855.1126,3855.7764,3856.0909,0.1106,0
3994,0,3855.9151,3856.8872,3857.1929,0.1179,0
3995,0,3857.0329,3857.6884,3857.9861,0.1133,0
3996,0,3857.8296,3858.4856,3858.8356,0.1147,0
3997,0,3858.6279,3859.6509,3859.9259,0.1150,0
3998,0,3859.7928,3860.4261,3860.7046,0.1103,0
3999,0,3860.5661,3861.2003,3861.4669,0.1109,0
4000,0,3861.3389,3862.2317,3862.6813,0.2194,0
4001,0,3862.4982,3863.2228,3863.5842,0.1216,0
4002,0,3863.3890,3864.0979,3864.5344,0.1270,0
4003,0,3864.2636,3865.2884,3865.6143,0.1195,0
4004,0,3865.4479,3866.1135,3866.3983,0.1118,0
4005,0,3866.2549,3866.8988,3867.1974,0.1136,0
4006,0,3867.0425,3867.9981,3868.3040,0.1122,0
4007,0,3868.1423,3868.7977,3869.0881,0.1091,0
4008,0,3868.9380,3869.5913,3869.9532,0.1101,0
4009,0,3869.7318,3870.7524,3871.0269,0.1126,0
4010,0,3870.8949,3871.5307,3871.8415,0.1131,0
4011,0,3871.6792,3872.3448,3872.6585,0.1159,0
4012,0,3872.4951,3873.4521,3873.7744,0.1172,0
4013,0,3873.6042,3874.2712,3874.5607,0.1131,0
4014,0,3874.4175,3875.0629,3875.3608,0.1137,0
4015,0,3875.2058,3876.1690,3876.4563,0.1172,0
4016,0,3876.3206,3876.9610,3877.2424,0.1109,0
4017,0,3877.1051,3877.7452,3878.0253,0.1128,0
4018,0,3877.8890,3878.7283,3879.1186,0.2230,0
4019,0,3878.9818,3879.6218,3879.9047,0.1093,0
4020,0,3879.7638,3880.4615,3880.7677,0.1149,0
4021,0,3880.6356,3881.5744,3881.8585,0.1132,0
4022,0,3881.7216,3882.3803,3882.7177,0.1180,0
4023,0,3882.5406,3883.2344,3883.5374,0.1124,0
4024,0,3883.3833,3884.3409,3884.6430,0.1120,0
4025,0,3884.4898,3885.1566,3885.4456,0.1143,0
4026,0,3885.3027,3885.9511,3886.2304,0.1125,0
4027,0,3886.0946,3886.7348,3887.3421,0.4065,0
4028,0,3887.1795,3887.8585,3888.1509,0.1133,0
4029,0,3888.0035,3888.6513,3888.9615,0.1112,0
4030,0,3888.7991,3889.4835,3889.7865,0.1148,0
4031,0,3889.6293,3890.3284,3890.6039,0.1094,0
4032,0,3890.4668,3891.1093,3891.4015,0.1117,0
4033,0,3891.2502,3891.9011,3892.2598,0.1107,0
4034,0,3892.0418,3893.0623,3893.4203,0.1203,0
4035,0,3893.2304,3893.9472,3894.2655,0.1127,0
4036,0,3894.0976,3894.7888,3895.0600,0.1023,0
4037,0,3894.9233,3895.6726,3896.3845,0.3915,0
4038,0,3896.0918,3896.9006,3897.1914,0.1113,0
4039,0,3897.0390,3897.6965,3897.9632,0.1011,0
4040,0,3897.8268,3898.6282,3898.9247,0.1177,0
4041,0,3898.7824,3899.4633,3899.7744,0.1098,0
4042,0,3899.6059,3900.2933,3900.6172,0.1077,0
4043,0,3900.4310,3901.3821,3901.6649,0.1150,0
4044,0,3901.5305,3902.1843,3902.5073,0.1194,0
4045,0,3902.3457,3903.0315,3903.3919,0.1185,0
4046,0,3903.1838,3904.1367,3904.4412,0.1132,0
4047,0,3904.2820,3904.9397,3905.2548,0.1096,0
4048,0,3905.0816,3905.7693,3906.0850,0.1104,0
4049,0,3905.9098,3906.8882,3907.1926,0.1144,0
4050,0,3907.0327,3907.7079,3908.0094,0.1125,0
4051,0,3907.8497,3908.5063,3908.8523,0.1112,0
4052,0,3908.6453,3909.6399,3909.9163,0.1154,0
4053,0,3909.7823,3910.4144,3910.6843,0.1107,0
4054,0,3910.5518,3911.1837,3911.4836,0.1114,0
4055,0,3911.3231,3912.2281,3912.6231,0.2240,0
4056,0,3912.4858,3913.1670,3913.5184,0.1160,0
4057,0,3913.3482,3914.0273,3914.4076,0.1135,0
4058,0,3914.1738,3915.2252,3915.5206,0.1183,0
4059,0,3915.3731,3916.0108,3916.2985,0.1111,0
4060,0,3916.1531,3916.7986,3917.0918,0.1096,0
4061,0,3916.9373,3917.8674,3918.1843,0.1198,0
4062,0,3918.0229,3918.7008,3918.9804,0.1106,0
4063,0,3918.8419,3919.4807,3919.7466,0.1107,0
4064,0,3919.6184,3920.5238,3920.8002,0.1136,0
4065,0,3920.6643,3921.3007,3921.6299,0.1175,0
4066,0,3921.4676,3922.1324,3922.4602,0.1142,0
4067,0,3922.2831,3923.2663,3923.6193,0.1198,0
4068,0,3923.4266,3924.1296,3924.4267,0.1129,0
4069,0,3924.2768,3924.9278,3925.2153,0.1117,0
4070,0,3925.0733,3925.9923,3926.3105,0.1314,0
4071,0,3926.1548,3926.8134,3927.0906,0.1113,0
4072,0,3926.9543,3927.5954,3927.8617,0.1109,0
4073,0,3927.7350,3928.3700,3928.8465,0.2199,0
4074,0,3928.6333,3929.3747,3929.6709,0.1133,0
4075,0,3929.5229,3930.1900,3930.5279,0.1249,0
4076,0,3930.3563,3931.0381,3931.3233,0.1085,0
4077,0,3931.1823,3932.0024,3932.2834,0.1148,0
4078,0,3932.1471,3932.7926,3933.0822,0.1138,0
4079,0,3932.9366,3933.5772,3933.9692,0.1086,0
4080,0,3933.7172,3934.7206,3935.0175,0.1157,0
4081,0,3934.8721,3935.5172,3935.7891,0.1117,0
4082,0,3935.6581,3936.2943,3936.6251,0.1070,0
4083,0,3936.4311,3937.4224,3937.6999,0.1159,0
4084,0,3937.5676,3938.2077,3938.5175,0.1106,0
4085,0,3938.3737,3939.0614,3939.3926,0.1125,0
4086,0,3939.2020,3940.1974,3940.4965,0.1140,0
4087,0,3940.3408,3940.9928,3941.2967,0.1098,0
4088,0,3941.1335,3941.8023,3942.1810,0.1185,0
4089,0,3941.9532,3942.9480,3943.3514,0.1626,0
4090,0,3943.1531,3943.8827,3944.1848,0.1138,0
4091,0,3944.0323,3944.7186,3945.1081,0.1120,0
4092,0,3944.8806,3945.9026,3946.2043,0.1170,0
4093,0,3946.0542,3946.7136,3947.0089,0.1112,0
4094,0,3946.8581,3947.5141,3947.8259,0.1129,0
4095,0,3947.6599,3948.5945,3948.8825,0.1186,0
4096,0,3948.7427,3949.3848,3949.7014,0.1123,0
4097,0,3949.5476,3950.2092,3950.5920,0.1114,0
4098,0,3950.3496,3951.3553,3951.6547,0.1263,0
4099,0,3951.5140,3952.1538,3952.4783,0.1132,0
4100,0,3952.3031,3953.0152,3953.3857,0.1150,0
4101,0,3953.1647,3954.1725,3954.4682,0.1148,0
4102,0,3954.3238,3954.9835,3955.2588,0.1111,0
4103,0,3955.1229,3955.7842,3956.1246,0.1116,0
4104,0,3955.9271,3956.9148,3957.2200,0.1127,0
4105,0,3957.0567,3957.7223,3958.0185,0.1125,0
4106,0,3957.8627,3958.5192,3958.8515,0.1118,0
4107,0,3958.6585,3959.7738,3960.0724,0.1150,0
4108,0,3959.9164,3960.5783,3960.8995,0.1156,0
4109,0,3960.7303,3961.4050,3961.7900,0.1085,0
4110,0,3961.5638,3962.5426,3962.8431,0.1107,0
4111,0,3962.6899,3963.3544,3963.6733,0.1105,0
4112,0,3963.5035,3964.1899,3964.4969,0.1093,0
4113,0,3964.3283,3965.2544,3965.5842,0.1179,0
4114,0,3965.4519,3966.1021,3966.4072,0.1102,0
4115,0,3966.2426,3966.9077,3967.2822,0.1132,0
4116,0,3967.0611,3968.0337,3968.3261,0.1113,0
4117,0,3968.1727,3968.8302,3969.1189,0.1084,0
4118,0,3968.9660,3969.6207,3969.9690,0.1120,0
4119,0,3969.7592,3970.7659,3971.0847,0.1105,0
4120,0,3970.9061,3971.5870,3971.8615,0.1146,0
4121,0,3971.7285,3972.3617,3972.7503,0.1161,0
4122,0,3972.5145,3973.5209,3973.8406,0.1194,0
4123,0,3973.6748,3974.3446,3974.6194,0.1143,0
4124,0,3974.4859,3975.1230,3975.5343,0.1137,0
4125,0,3975.2845,3976.3274,3976.6607,0.1646,0
4126,0,3976.5218,3977.1755,3977.4869,0.1122,0
4127,0,3977.3217,3977.9844,3978.3117,0.1107,0
4128,0,3978.1430,3979.0024,3979.4326,0.2687,0
4129,0,3979.2994,3979.9380,3980.2144,0.1117,0
4130,0,3980.0781,3980.7177,3980.9937,0.1172,0
4131,0,3980.8621,3981.7842,3982.0716,0.1143,0
4132,0,3981.9311,3982.5708,3982.8639,0.1158,0
4133,0,3982.7141,3983.3657,3983.6430,0.1129,0
4134,0,3983.5083,3984.4170,3984.6956,0.1160,0
4135,0,3984.5602,3985.2052,3985.4850,0.1141,0
4136,0,3985.3491,3985.9878,3986.2622,0.1141,0
4137,0,3986.1287,3986.7679,3987.3012,0.3625,0
4138,0,3987.1574,3987.8024,3988.1120,0.1159,0
4139,0,3987.9511,3988.6120,3988.9155,0.1137,0
4140,0,3988.7553,3989.4182,3989.6905,0.1148,0
4141,0,3989.5599,3990.3383,3990.7318,0.1321,0
4142,0,3990.5369,3991.2418,3991.5316,0.1118,0
4143,0,3991.3852,3992.0482,3992.3178,0.1035,0
4144,0,3992.1792,3993.1017,3993.4050,0.1195,0
4145,0,3993.2622,3993.9082,3994.2298,0.1205,0
4146,0,3994.0575,3994.7283,3995.1352,0.1086,0
4147,0,3994.8646,3995.8838,3996.1749,0.1083,0
4148,0,3996.0259,3996.6930,3996.9794,0.1081,0
4149,0,3996.8366,3997.5250,3997.8209,0.1104,0
4150,0,3997.6699,3998.6038,3998.8823,0.1147,0
4151,0,3998.7479,3999.3878,3999.6609,0.1131,0
4152,0,3999.5288,4000.1734,4000.4405,0.1122,0
4153,0,4000.3148,4001.2459,4001.5377,0.1193,0
4154,0,4001.3963,4002.0437,4002.3750,0.1161,0
4155,0,4002.1961,4002.8778,4003.1639,0.1145,0
4156,0,4003.0227,4003.9613,4004.2726,0.1161,0
4157,0,4004.1117,4004.7827,4005.0880,0.1142,0
4158,0,4004.9284,4005.5911,4005.8909,0.1127,0
4159,0,4005.7342,4006.6582,4006.9518,0.1138,0
4160,0,4007.2620,4007.8293,4008.2098,0.1190,0
4161,0,4008.0256,4008.9028,4009.2068,0.1334,0
4162,0,4009.0677,4009.7569,4010.0493,0.1167,0
4163,0,4009.9041,4010.5487,4010.8256,0.1128,0
4164,0,4010.6904,4011.3309,4011.6482,0.1143,0
4165,0,4011.4757,4012.3435,4012.8145,0.2570,0
4166,0,4012.6465,4013.3508,4013.6568,0.1131,0
4167,0,4013.5005,4014.1736,4014.5200,0.1108,0
4168,0,4014.3368,4015.2351,4015.5209,0.1159,0
4169,0,4015.3855,4016.0305,4016.3051,0.1124,0
4170,0,4016.1719,4016.8159,4017.1885,0.1108,0
4171,0,4016.9663,4017.9576,4018.2453,0.1099,0
4172,0,4018.1023,4018.7636,4019.0680,0.1109,0
4173,0,4018.9061,4019.5712,4019.9571,0.1104,0
4174,0,4019.7123,4020.7667,4021.0669,0.1141,0
4175,0,4020.9114,4021.5672,4021.8713,0.1139,0
4176,0,4021.7115,4022.3795,4022.7612,0.1142,0
4177,0,4022.5368,4023.5610,4023.9109,0.1684,0
4178,0,4023.7659,4024.4297,4024.7117,0.1129,0
4179,0,4024.5757,4025.2358,4025.5702,0.1111,0
4180,0,4025.3808,4026.3833,4026.6734,0.1113,0
4181,0,4026.5267,4027.1890,4027.4911,0.1143,0
4182,0,4027.3398,4028.0167,4028.3777,0.1123,0
4183,0,4028.1625,4028.9798,4029.4514,0.2649,0
4184,0,4029.2832,4029.9556,4030.2512,0.1087,0
4185,0,4030.0950,4030.7527,4031.0688,0.1122,0
4186,0,4030.8951,4031.8674,4032.1411,0.1160,0
4187,0,4032.0120,4032.6482,4032.9322,0.1102,0
4188,0,4032.7930,4033.4357,4033.7531,0.1167,0
4189,0,4033.5877,4034.5280,4034.8065,0.1145,0
4190,0,4034.6737,4035.3172,4035.6567,0.1179,0
4191,0,4035.4681,4036.1622,4036.4663,0.1126,0
4192,0,4036.3112,4037.3263,4037.6157,0.1137,0
4193,0,4037.4752,4038.1397,4038.4838,0.1097,0
4194,0,4038.2815,4039.0067,4039.3037,0.1124,0
4195,0,4039.1502,4040.0691,4040.4076,0.1644,0
4196,0,4040.2668,4040.9213,4041.2440,0.1179,0
4197,0,4041.0790,4041.7570,4042.0513,0.1144,0
4198,0,4041.9060,4042.8335,4043.1646,0.1178,0
4199,0,4043.0124,4043.6769,4043.9619,0.1116,0
4200,0,4043.8211,4044.4704,4044.7689,0.1134,0
4201,0,4044.6144,4045.4681,4045.9282,0.2635,0
4202,0,4045.7637,4046.4320,4046.7392,0.1129,0
4203,0,4046.5772,4047.2343,4047.5387,0.1119,0
4204,0,4047.3803,4048.3103,4048.5945,0.1167,0
4205,0,4048.4589,4049.0958,4049.3741,0.1122,0
4206,0,4049.2377,4049.8778,4050.1469,0.1095,0
4207,0,4050.0162,4050.6527,4051.2288,0.3835,0
4208,0,4051.0682,4051.7364,4052.0477,0.1143,0
4209,0,4051.8837,4052.5489,4052.8670,0.1167,0
4210,0,4052.7055,4053.3672,4053.7281,0.1296,0
4211,0,4053.5368,4054.3219,4054.8375,0.1202,0
4212,0,4054.4840,4055.3114,4055.5886,0.1100,0
4213,0,4055.4524,4056.1034,4056.4135,0.1140,0
4214,0,4056.2478,4057.0307,4057.3287,0.1082,0
4215,0,4057.1709,4057.8437,4058.1443,0.1140,0
4216,0,4057.9881,4058.6521,4058.9455,0.1088,0
4217,0,4058.7914,4059.8361,4060.1356,0.1124,0
4218,0,4059.9792,4060.6380,4060.9105,0.1126,0
4219,0,4060.7783,4061.4181,4061.7992,0.1081,0
4220,0,4061.5581,4062.5447,4062.8454,0.1105,0
4221,0,4062.6917,4063.3561,4063.6475,0.1124,0
4222,0,4063.5038,4064.1773,4064.4977,0.1125,0
4223,0,4064.3198,4065.3054,4065.5873,0.1127,0
4224,0,4065.4497,4066.0939,4066.3673,0.1121,0
4225,0,4066.2326,4066.8717,4067.1917,0.1164,0
4226,0,4067.0145,4067.9998,4068.2917,0.1125,0
4227,0,4068.1489,4068.7940,4069.0981,0.1085,0
4228,0,4068.9304,4069.6032,4069.9659,0.1159,0
4229,0,4069.7468,4070.7208,4071.0788,0.1642,0
4230,0,4070.9166,4071.5871,4071.8984,0.1182,0
4231,0,4071.7385,4072.3986,4072.7542,0.1175,0
4232,0,4072.5606,4073.5476,4073.8455,0.1141,0
4233,0,4073.6954,4074.3489,4074.6217,0.1139,0
4234,0,4074.4903,4075.1375,4075.4120,0.1128,0
4235,0,4075.2786,4076.2007,4076.4707,0.1124,0
4236,0,4076.3415,4076.9807,4077.2542,0.1111,0
4237,0,4077.1202,4077.7573,4078.0249,0.1109,0
4238,0,4077.8958,4078.7234,4079.1825,0.2609,0
4239,0,4079.0173,4079.6926,4079.9670,0.1080,0
4240,0,4079.8328,4080.4758,4080.7781,0.1133,0
4241,0,4080.6195,4081.5481,4081.8314,0.1210,0
4242,0,4081.6986,4082.3441,4082.6599,0.1115,0
4243,0,4082.4859,4083.1614,4083.4524,0.1088,0
4244,0,4083.3050,4083.9728,4084.5314,0.3894,0
4245,0,4084.3924,4085.0412,4085.4702,0.1137,0
4246,0,4085.1854,4086.0065,4086.3150,0.1113,0
4247,0,4086.1549,4086.8474,4087.3877,0.3387,0
4248,0,4087.2279,4087.9246,4088.2174,0.1169,0
4249,0,4088.0743,4088.7415,4089.0273,0.1149,0
4250,0,4088.8864,4089.5443,4090.1236,0.3892,0
4251,0,4089.9705,4090.6625,4090.9432,0.1105,0
4252,0,4090.8044,4091.4589,4091.7386,0.1148,0
4253,0,4091.6011,4092.2420,4092.8374,0.3734,0
4254,0,4092.6823,4093.3759,4093.6737,0.1120,0
4255,0,4093.5239,4094.1835,4094.4603,0.1164,0
4256,0,4094.3287,4094.9780,4095.6927,0.5030,0
4257,0,4095.5463,4096.2107,4096.4934,0.1134,0
4258,0,4096.3566,4097.0051,4097.2895,0.1144,0
4259,0,4097.1474,4097.7938,4098.0773,0.1126,0
4260,0,4097.9342,4098.6283,4098.9310,0.1162,0
4261,0,4098.7736,4099.4336,4099.7307,0.1105,0
4262,0,4099.5719,4100.2313,4100.5266,0.1158,0
4263,0,4100.3746,4101.2988,4101.8582,0.2136,0
4264,0,4101.5479,4102.3635,4102.6681,0.1104,0
4265,0,4102.5282,4103.1853,4103.5597,0.1551,0
4266,0,4103.3785,4104.1977,4104.5068,0.1177,0
4267,0,4104.3498,4105.0124,4105.3146,0.1140,0
4268,0,4105.1589,4105.8247,4106.1460,0.1091,0
4269,0,4105.9622,4106.9530,4107.2534,0.1124,0
4270,0,4107.0992,4107.7661,4108.0614,0.1118,0
4271,0,4107.9083,4108.5641,4108.9217,0.1099,0
4272,0,4108.7046,4109.6828,4109.9576,0.1182,0
4273,0,4109.8284,4110.4644,4110.7775,0.1087,0
4274,0,4110.6113,4111.3145,4111.7581,0.1795,0
4275,0,4111.5308,4112.4370,4112.8769,0.2567,0
4276,0,4112.7319,4113.3983,4113.7281,0.1100,0
4277,0,4113.5415,4114.2332,4114.5660,0.1173,0
4278,0,4114.3901,4115.3220,4115.6355,0.1193,0
4279,0,4115.4728,4116.1401,4116.4419,0.1098,0
4280,0,4116.2815,4116.9485,4117.3531,0.1173,0
4281,0,4117.1045,4118.1770,4118.6145,0.1128,0
4282,0,4118.3767,4119.1308,4119.5233,0.1157,0
4283,0,4119.3337,4120.0560,4120.7231,0.3751,0
4284,0,4120.5100,4121.2400,4121.6455,0.1100,0
4285,0,4121.3916,4122.1292,4122.4793,0.1151,0
4286,0,4122.2865,4123.2829,4123.5874,0.1153,0
4287,0,4123.4343,4124.1090,4124.4632,0.1673,0
4288,0,4124.3548,4124.9870,4125.5154,0.1133,0
4289,0,4125.1320,4125.6725,4125.9714,0.0868,0
4290,0,4125.7954,4126.6049,4126.9537,0.1138,0
4291,0,4126.7512,4127.4677,4127.7592,0.1121,0
4292,0,4127.6121,4128.2839,4128.5571,0.1094,0
4293,0,4128.4471,4129.3386,4129.6371,0.1161,0
4294,0,4129.4868,4130.1541,4130.4480,0.1179,0
4295,0,4130.3038,4130.9719,4131.3546,0.1563,0
4296,0,4131.1619,4132.1512,4132.6171,0.1121,0
4297,0,4132.3043,4133.1583,4133.4849,0.1170,0
4298,0,4133.3152,4134.0025,4134.4963,0.3000,0
4299,0,4134.3379,4135.0385,4135.3365,0.1130,0
4300,0,4135.1868,4135.8646,4136.1491,0.1136,0
4301,0,4136.0116,4136.6670,4136.9684,0.1140,0
4302,0,4136.8154,4137.5155,4137.7885,0.1130,0
4303,0,4137.6575,4138.2954,4138.5726,0.1135,0
4304,0,4138.4367,4139.0789,4139.4184,0.1120,0
4305,0,4139.2195,4140.2211,4140.4969,0.1123,0
4306,0,4140.3647,4141.0102,4141.2915,0.1125,0
4307,0,4141.1514,4141.8013,4142.1813,0.1094,0
4308,0,4141.9413,4142.9865,4143.3323,0.1169,0
4309,0,4143.1410,4143.8662,4144.1579,0.1119,0
4310,0,4144.0118,4144.6760,4144.9810,0.1138,0
4311,0,4144.8233,4145.7036,4146.1350,0.2606,0
4312,0,4145.9967,4146.6681,4146.9535,0.1098,0
4313,0,4146.8047,4147.4569,4147.8139,0.1121,0
4314,0,4147.5969,4148.7191,4149.0553,0.1182,0
4315,0,4148.8710,4149.5672,4149.8686,0.1140,0
4316,0,4149.7102,4150.3740,4150.6627,0.1070,0
4317,0,4150.5093,4151.4232,4151.6938,0.1144,0
4318,0,4151.5636,4152.2037,4152.4864,0.1033,0
4319,0,4152.3413,4153.0277,4153.4054,0.1127,0
4320,0,4153.1731,4154.1948,4154.5118,0.1174,0
4321,0,4154.3435,4155.0311,4155.3218,0.1101,0
4322,0,4155.1707,4155.8305,4156.1414,0.1092,0
4323,0,4155.9671,4156.8988,4157.1899,0.1113,0
4324,0,4157.0379,4157.7074,4158.0067,0.1103,0
4325,0,4157.8451,4158.5135,4158.8550,0.1148,0
4326,0,4158.6562,4159.6528,4159.9277,0.1153,0
4327,0,4159.7948,4160.4332,4160.7047,0.1130,0
4328,0,4160.5722,4161.2136,4161.5281,0.1198,0
4329,0,4161.3627,4162.2579,4162.7451,0.2454,0
4330,0,4162.5568,4163.2838,4163.5719,0.1138,0
4331,0,4163.4335,4164.0968,4164.5023,0.1121,0
4332,0,4164.2757,4165.3293,4165.6033,0.1050,0
4333,0,4165.4673,4166.1279,4166.4418,0.1120,0
4334,0,4166.2724,4166.9841,4167.2914,0.1072,0
4335,0,4167.1259,4168.0582,4168.3426,0.1154,0
4336,0,4168.2021,4168.8553,4169.1265,0.1119,0
4337,0,4168.9945,4169.6395,4169.9854,0.1107,0
4338,0,4169.7785,4170.7914,4171.0978,0.1123,0
4339,0,4170.9321,4171.6028,4171.9030,0.1134,0
4340,0,4171.7452,4172.4083,4172.7535,0.1184,0
4341,0,4172.5693,4173.5889,4173.8862,0.1175,0
4342,0,4173.7402,4174.4147,4174.7134,0.1113,0
4343,0,4174.5577,4175.2231,4175.5380,0.1091,0
4344,0,4175.3596,4176.3470,4176.6200,0.1094,0
4345,0,4176.4834,4177.1339,4177.4060,0.1147,0
4346,0,4177.2756,4177.9204,4178.1996,0.1128,0
4347,0,4178.0602,4179.1253,4179.4811,0.1366,0
4348,0,4179.3078,4180.0126,4180.3033,0.1103,0
4349,0,4180.1554,4180.8209,4181.1664,0.1115,0
4350,0,4180.9641,4181.9348,4182.2613,0.1201,0
4351,0,4182.0942,4182.7703,4183.0785,0.1182,0
4352,0,4182.9170,4183.5852,4183.9581,0.1106,0
4353,0,4183.7237,4184.7181,4185.0060,0.1107,0
4354,0,4184.8591,4185.5284,4185.8372,0.1099,0
4355,0,4185.6707,4186.3551,4186.6829,0.1140,0
4356,0,4186.4969,4187.4609,4187.7612,0.1119,0
4357,0,4187.6016,4188.2643,4188.5631,0.1116,0
4358,0,4188.4044,4189.0760,4189.4153,0.1124,0
4359,0,4189.2175,4190.2152,4190.5110,0.1110,0
4360,0,4190.3558,4191.0182,4191.3329,0.1119,0
4361,0,4191.1575,4191.8381,4192.1936,0.1099,0
4362,0,4191.9755,4193.0203,4193.3601,0.1182,0
4363,0,4193.1762,4193.8815,4194.1772,0.1157,0
4364,0,4194.0321,4194.7055,4195.1310,0.1117,0
4365,0,4194.8464,4195.9024,4196.2500,0.1623,0
4366,0,4196.1000,4196.7741,4197.0625,0.1056,0
4367,0,4196.9126,4197.5754,4197.8692,0.1039,0
4368,0,4197.7092,4198.6377,4198.9193,0.1127,0
4369,0,4198.7775,4199.4204,4199.7250,0.1114,0
4370,0,4199.5621,4200.2304,4200.5422,0.1137,0
4371,0,4200.3725,4201.3424,4201.6628,0.1245,0
4372,0,4201.4956,4202.1537,4202.4888,0.1108,0
4373,0,4202.3012,4203.0208,4203.3814,0.1133,0
4374,0,4203.1672,4204.1710,4204.4759,0.1166,0
4375,0,4204.3202,4205.0145,4205.3297,0.1118,0
4376,0,4205.1591,4205.8488,4206.1930,0.1141,0
4377,0,4206.0317,4206.9704,4207.2670,0.1122,0
4378,0,4207.1135,4207.7863,4208.0860,0.1113,0
4379,0,4207.9252,4208.5892,4208.9351,0.1105,0
4380,0,4208.7286,4209.6971,4210.0028,0.1143,0
4381,0,4209.8391,4210.5059,4210.7991,0.1094,0
4382,0,4210.6430,4211.3041,4211.9033,0.1112,0
4383,0,4211.4416,4212.6084,4212.9517,0.1680,0
4384,0,4212.8036,4213.4757,4213.8094,0.1168,0
4385,0,4213.6377,4214.3265,4214.6355,0.1403,0
4386,0,4214.4992,4215.2682,4215.5696,0.1119,0
4387,0,4215.4101,4216.0698,4216.3708,0.1109,0
4388,0,4216.2089,4216.8724,4217.1886,0.1081,0
4389,0,4217.0093,4217.9942,4218.3100,0.1196,0
4390,0,4218.1440,4218.8167,4219.1156,0.1154,0
4391,0,4218.9601,4219.6211,4219.9632,0.1141,0
4392,0,4219.7631,4220.7709,4221.0378,0.1140,0
4393,0,4220.9119,4221.5474,4221.8442,0.1089,0
4394,0,4221.6862,4222.3491,4222.7535,0.1160,0
4395,0,4222.5102,4223.5782,4223.9060,0.1200,0
4396,0,4223.7365,4224.4243,4224.7010,0.1140,0
4397,0,4224.5666,4225.2083,4225.5192,0.1105,0
4398,0,4225.3459,4226.3318,4226.6328,0.1126,0
4399,0,4226.4731,4227.1410,4227.4756,0.1273,0
4400,0,4227.3055,4227.9892,4228.3085,0.1132,0
4401,0,4228.1314,4229.3053,4229.6158,0.1200,0
4402,0,4229.4539,4230.1231,4230.4189,0.1086,0
4403,0,4230.2632,4230.9261,4231.2316,0.1060,0
4404,0,4231.0628,4231.9709,4232.2636,0.1139,0
4405,0,4232.1129,4232.7691,4233.0660,0.1147,0
4406,0,4232.9116,4233.5864,4233.9446,0.1088,0
4407,0,4233.7295,4234.7390,4235.0621,0.1194,0
4408,0,4234.8914,4235.5848,4235.8785,0.1113,0
4409,0,4235.7324,4236.4015,4236.7350,0.1042,0
4410,0,4236.5400,4237.5157,4237.7925,0.1158,0
4411,0,4237.6602,4238.3061,4238.5830,0.1134,0
4412,0,4238.4472,4239.0974,4239.4141,0.1109,0
4413,0,4239.2353,4240.2172,4240.5236,0.1210,0
4414,0,4240.3672,4241.0358,4241.3401,0.1147,0
4415,0,4241.1792,4241.8467,4242.1272,0.1101,0
4416,0,4242.3042,4243.1833,4243.4984,0.1149,0
4417,0,4243.3415,4244.0398,4244.3743,0.1113,0
4418,0,4244.1962,4244.8996,4245.2464,0.1128,0
4419,0,4245.0637,4246.0688,4246.3654,0.1112,0
4420,0,4246.2174,4246.9071,4247.1973,0.1157,0
4421,0,4247.0561,4247.7222,4248.0218,0.1112,0
4422,0,4247.8627,4248.7232,4249.0066,0.1171,0
4423,0,4248.8690,4249.5176,4249.7879,0.1117,0
4424,0,4249.6561,4250.3033,4250.6104,0.1096,0
4425,0,4250.4397,4251.3775,4251.6767,0.1137,0
4426,0,4251.5201,4252.1913,4252.5333,0.1079,0
4427,0,4252.3347,4253.0738,4253.4006,0.1098,0
4428,0,4253.2191,4254.1979,4254.5162,0.1139,0
4429,0,4254.3442,4255.0349,4255.3396,0.1095,0
4430,0,4255.1753,4255.8703,4256.1904,0.1174,0
4431,0,4256.0246,4256.9909,4257.2695,0.1143,0
4432,0,4257.1347,4257.7982,4258.3185,0.1125,0
4433,0,4257.9762,4258.9004,4259.2272,0.1151,0
4434,0,4259.0552,4259.7814,4260.1105,0.1128,0
4435,0,4259.9384,4260.6387,4260.9389,0.1134,0
4436,0,4260.7814,4261.4587,4261.8045,0.1057,0
4437,0,4261.5926,4262.5717,4262.8710,0.1092,0
4438,0,4262.7164,4263.4024,4263.7217,0.1088,0
4439,0,4263.5488,4264.2482,4264.5192,0.1059,0
4440,0,4264.3861,4265.2643,4265.6151,0.1678,0
4441,0,4265.4603,4266.1249,4266.4164,0.1095,0
4442,0,4266.2617,4266.9391,4267.2852,0.1105,0
4443,0,4267.0976,4268.0733,4268.3680,0.1115,0
4444,0,4268.2128,4268.8840,4269.2066,0.1191,0
4445,0,4269.0385,4269.7536,4270.0735,0.1100,0
4446,0,4269.8950,4270.8615,4271.1678,0.1168,0
4447,0,4271.0079,4271.6813,4271.9748,0.1114,0
4448,0,4271.8213,4272.4971,4272.8516,0.1150,0
4449,0,4272.6550,4273.6238,4273.9351,0.1172,0
4450,0,4273.7711,4274.4558,4274.7702,0.1159,0
4451,0,4274.6146,4275.3245,4275.6178,0.1113,0
4452,0,4275.4637,4276.4032,4276.6721,0.1095,0
4453,0,4276.5419,4277.1954,4277.5024,0.1140,0
4454,0,4277.3391,4278.0210,4278.3810,0.1122,0
4455,0,4278.1672,4279.2472,4279.5572,0.1154,0
4456,0,4279.3941,4280.0752,4280.3724,0.1086,0
4457,0,4280.2135,4280.8880,4281.1850,0.1056,0
4458,0,4281.0232,4281.9298,4282.2988,0.1643,0
4459,0,4282.1311,4282.8566,4283.1600,0.1136,0
4460,0,4283.0053,4283.6949,4283.9797,0.1125,0
4461,0,4283.8410,4284.7770,4285.0646,0.1140,0
4462,0,4284.9243,4285.6089,4285.9022,0.1090,0
4463,0,4285.7461,4286.4202,4286.7353,0.1079,0
4464,0,4286.5562,4287.5077,4287.8202,0.1121,0
4465,0,4287.6543,4288.3684,4288.6858,0.1162,0
4466,0,4288.5526,4289.2299,4289.5145,0.1086,0
4467,0,4289.3702,4290.2900,4290.6224,0.1186,0
4468,0,4290.4617,4291.2018,4291.4899,0.1142,0
4469,0,4291.3483,4292.0246,4292.3321,0.1144,0
4470,0,4292.1761,4293.1044,4293.4273,0.1250,0
4471,0,4293.2642,4293.9523,4294.2345,0.1127,0
4472,0,4294.0933,4294.7634,4295.1429,0.1080,0
4473,0,4294.8994,4295.9197,4296.2183,0.1128,0
4474,0,4296.0694,4296.7812,4297.0770,0.1144,0
4475,0,4296.9315,4297.6224,4297.9766,0.1665,0
4476,0,4297.8254,4298.6041,4298.9537,0.1593,0
4477,0,4298.8062,4299.5110,4299.8010,0.1143,0
4478,0,4299.6592,4300.3460,4300.6261,0.1107,0
4479,0,4300.4843,4301.4101,4301.6889,0.1137,0
4480,0,4301.5520,4302.2134,4302.5224,0.1094,0
4481,0,4302.3551,4303.0709,4303.3994,0.1074,0
4482,0,4303.2123,4304.1996,4304.5300,0.1169,0
4483,0,4304.3546,4305.0851,4305.3863,0.1109,0
4484,0,4305.2299,4305.9195,4306.2425,0.1149,0
4485,0,4306.0720,4307.0331,4307.3233,0.1125,0
4486,0,4307.1759,4307.8524,4308.1273,0.1118,0
4487,0,4307.9911,4308.6515,4308.9417,0.1135,0
4488,0,4308.7913,4309.7523,4310.0452,0.1139,0
4489,0,4309.8935,4310.5705,4310.8724,0.1115,0
4490,0,4310.7111,4311.3986,4311.7955,0.1115,0
4491,0,4311.5391,4312.5766,4312.8820,0.1107,0
4492,0,4312.7281,4313.4431,4313.7349,0.1106,0
4493,0,4313.5887,4314.2662,4314.5470,0.1057,0
4494,0,4314.4020,4315.3017,4315.6271,0.1655,0
4495,0,4315.4966,4316.1577,4316.4601,0.1154,0
4496,0,4316.3044,4316.9842,4317.2891,0.1080,0
4497,0,4317.1226,4318.0803,4318.3545,0.1132,0
4498,0,4318.2225,4318.8855,4319.1688,0.1143,0
4499,0,4319.0286,4319.6994,4319.9930,0.1110,0
4500,0,4319.8402,4320.8262,4321.1294,0.1156,0
4501,0,4320.9722,4321.6551,4321.9951,0.1162,0
4502,0,4321.8125,4322.5284,4322.8742,0.1131,0
4503,0,4322.6804,4323.6592,4323.9382,0.1122,0
4504,0,4323.8009,4324.4745,4324.7840,0.1159,0
4505,0,4324.6236,4325.3092,4325.6227,0.1095,0
4506,0,4325.4490,4326.4204,4326.6907,0.1166,0
4507,0,4326.5639,4327.2228,4327.4909,0.1052,0
4508,0,4327.3560,4328.0235,4328.4349,0.1104,0
4509,0,4328.1692,4329.1951,4329.5202,0.1145,0
4510,0,4329.3484,4330.0667,4330.3824,0.1164,0
4511,0,4330.2155,4330.9103,4331.2126,0.1047,0
4512,0,4331.0455,4332.0315,4332.3336,0.1136,0
4513,0,4332.1756,4332.8627,4333.1594,0.1115,0
4514,0,4333.0043,4333.6923,4334.0006,0.1181,0
4515,0,4333.8413,4334.7711,4335.0668,0.1131,0
4516,0,4334.9149,4335.6032,4335.8746,0.1107,0
4517,0,4335.7415,4336.3995,4336.7314,0.1137,0
4518,0,4336.5425,4337.5410,4337.8318,0.1130,0
4519,0,4337.6883,4338.3672,4338.6741,0.1114,0
4520,0,4338.5103,4339.2019,4339.5278,0.1117,0
4521,0,4339.3444,4340.3004,4340.6206,0.1227,0
4522,0,4340.4570,4341.1524,4341.5267,0.1788,0
4523,0,4341.3677,4342.0613,4342.4370,0.1748,0
4524,0,4342.3033,4343.1767,4343.4978,0.1167,0
4525,0,4343.3408,4344.0576,4344.3484,0.1152,0
4526,0,4344.2074,4344.8843,4345.2090,0.1504,0
4527,0,4345.0902,4345.9711,4346.2704,0.1108,0
4528,0,4346.1183,4346.8383,4347.1782,0.1193,0
4529,0,4347.0010,4347.7174,4348.0186,0.1098,0
4530,0,4347.8584,4348.7316,4349.1050,0.1601,0
4531,0,4348.9284,4349.6368,4349.9419,0.1115,0
4532,0,4349.7803,4350.4796,4350.7763,0.1057,0
4533,0,4350.6173,4351.5053,4351.8074,0.1119,0
4534,0,4351.6479,4352.3361,4352.7743,0.1171,0
4535,0,4352.4962,4353.3310,4353.6674,0.1126,0
4536,0,4353.4806,4354.3257,4354.6236,0.1101,0
4537,0,4354.4710,4355.1646,4355.4494,0.1147,0
4538,0,4355.3102,4355.9788,4356.3101,0.1508,0
4539,0,4356.1589,4356.9711,4357.2732,0.1113,0
4540,0,4357.1162,4357.8058,4358.1358,0.1145,0
4541,0,4357.9587,4358.7003,4359.0007,0.1065,0
4542,0,4358.8454,4359.7893,4360.0763,0.1143,0
4543,0,4359.9397,4360.6257,4360.8936,0.1116,0
4544,0,4360.7648,4361.4322,4361.7194,0.1103,0
4545,0,4361.5695,4362.7410,4363.0599,0.1196,0
4546,0,4362.8973,4363.5878,4363.8660,0.1102,0
4547,0,4363.7254,4364.3971,4364.7694,0.1117,0
4548,0,4364.6288,4365.5086,4365.8281,0.1164,0
4549,0,4365.6638,4366.3626,4366.7226,0.1108,0
4550,0,4366.5063,4367.2477,4367.5476,0.1146,0
4551,0,4367.3968,4368.1106,4368.7140,0.1274,0
4552,0,4368.2808,4368.9503,4369.2401,0.0965,0
4553,0,4369.0783,4369.7688,4370.0793,0.1134,0
4554,0,4369.9103,4370.8716,4371.1807,0.1164,0
4555,0,4371.0603,4371.7323,4372.0403,0.1178,0
4556,0,4371.8821,4372.5721,4372.8838,0.1136,0
4557,0,4372.7213,4373.6676,4373.9588,0.1130,0
4558,0,4373.8078,4374.4824,4374.7506,0.1123,0
4559,0,4374.6217,4375.2813,4375.6101,0.1122,0
4560,0,4375.4219,4376.4049,4376.6709,0.1107,0
4561,0,4376.5429,4377.2018,4377.4781,0.1098,0
4562,0,4377.3379,4377.9993,4378.3012,0.1122,0
4563,0,4378.1379,4379.0214,4379.4439,0.2250,0
4564,0,4379.2753,4379.9732,4380.2681,0.1090,0
4565,0,4380.1103,4380.7959,4381.1565,0.1154,0
4566,0,4380.9388,4381.9381,4382.2546,0.1190,0
4567,0,4382.0890,4382.7787,4383.0955,0.1137,0
4568,0,4382.9277,4383.6389,4384.0034,0.1110,0
4569,0,4383.7887,4384.8230,4385.1561,0.1085,0
4570,0,4384.9724,4385.7137,4386.0108,0.1151,0
4571,0,4385.8691,4386.5618,4386.8623,0.1171,0
4572,0,4386.7156,4387.5355,4387.8164,0.1168,0
4573,0,4387.6826,4388.3509,4388.6472,0.1106,0
4574,0,4388.4904,4389.1804,4389.5151,0.1086,0
4575,0,4389.3172,4390.2987,4390.5952,0.1132,0
4576,0,4390.4401,4391.1212,4391.4284,0.1101,0
4577,0,4391.2596,4391.9525,4392.2850,0.1109,0
4578,0,4392.0912,4393.0727,4393.4240,0.1202,0
4579,0,4393.2395,4393.9772,4394.2773,0.1112,0
4580,0,4394.1259,4394.8271,4395.1885,0.1114,0
4581,0,4394.9890,4396.1103,4396.4113,0.1151,0
4582,0,4396.2595,4396.9716,4397.2630,0.1162,0
4583,0,4397.1213,4397.8024,4398.3650,0.3753,0
4584,0,4398.2125,4398.9009,4399.2348,0.1184,0
4585,0,4399.0622,4399.7735,4400.1971,0.1186,0
4586,0,4399.9669,4401.0510,4401.3791,0.1196,0
4587,0,4401.2084,4401.9217,4402.2571,0.1147,0
4588,0,4402.0776,4402.8166,4403.1220,0.1166,0
4589,0,4402.9713,4403.9907,4404.2694,0.1123,0
4590,0,4404.1339,4404.8092,4405.0959,0.1108,0
4591,0,4404.9498,4405.6218,4405.9252,0.1128,0
4592,0,4405.7657,4406.7887,4407.1253,0.1240,0
4593,0,4406.9559,4407.6483,4407.9250,0.1106,0
4594,0,4407.7881,4408.4571,4408.7650,0.1142,0
4595,0,4408.6038,4409.5258,4409.8507,0.1640,0
4596,0,4409.7195,4410.3852,4410.6607,0.1099,0
4597,0,4410.5239,4411.1878,4411.4602,0.1110,0
4598,0,4411.3271,4412.4525,4412.7456,0.1131,0
4599,0,4412.6020,4413.2701,4413.5789,0.1082,0
4600,0,4413.4165,4414.1465,4414.5089,0.1167,0
4601,0,4414.2997,4415.3249,4415.6362,0.1263,0
4602,0,4415.4863,4416.1851,4416.4678,0.1151,0
4603,0,4416.3292,4417.0056,4417.3252,0.1034,0
4604,0,4417.1376,4418.1154,4418.4462,0.1207,0
4605,0,4418.2708,4418.9839,4419.2857,0.1243,0
4606,0,4419.1382,4419.8158,4420.0967,0.1140,0
4607,0,4419.9589,4420.8854,4421.1547,0.1129,0
4608,0,4421.0256,4421.6893,4421.9687,0.1012,0
4609,0,4421.8238,4422.5278,4422.8368,0.1092,0
4610,0,4422.6693,4423.6363,4423.9228,0.1141,0
4611,0,4423.7797,4424.4474,4424.7207,0.1123,0
4612,0,4424.5872,4425.2523,4425.5917,0.1125,0
4613,0,4425.3915,4426.3423,4426.6729,0.1682,0
4614,0,4426.5373,4427.2005,4427.4719,0.1121,0
4615,0,4427.3390,4428.0003,4428.3126,0.1188,0
4616,0,4428.1458,4429.2587,4429.5441,0.1120,0
4617,0,4429.4046,4430.0722,4430.3604,0.1116,0
4618,0,4430.2099,4430.8885,4431.1977,0.1089,0
4619,0,4431.0254,4431.9777,4432.3117,0.1259,0
4620,0,4432.1416,4432.8596,4433.1747,0.1210,0
4621,0,4433.0112,4433.7063,4434.0086,0.1116,0
4622,0,4433.8465,4434.7951,4435.0793,0.1145,0
4623,0,4434.9402,4435.6131,4435.8855,0.1123,0
4624,0,4435.7525,4436.4144,4436.7141,0.1010,0
4625,0,4436.5418,4437.5130,4437.7900,0.1163,0
4626,0,4437.6560,4438.3184,4438.6172,0.1153,0
4627,0,4438.4621,4439.1468,4439.5005,0.1109,0
4628,0,4439.2856,4440.2907,4440.5920,0.1143,0
4629,0,4440.4330,4441.1168,4441.4912,0.1834,0
4630,0,4441.3300,4442.0244,4442.3679,0.1087,0
4631,0,4442.1765,4443.4233,4443.7838,0.1206,0
4632,0,4443.5835,4444.3228,4444.6256,0.1107,0
4633,0,4444.4691,4445.3743,4445.8194,0.2659,0
4634,0,4445.6740,4446.3753,4446.6534,0.1078,0
4635,0,4446.5127,4447.1832,4447.5816,0.1233,0
4636,0,4447.3445,4448.4729,4448.8049,0.1197,0
4637,0,4448.6249,4449.3398,4449.6208,0.1104,0
4638,0,4449.4841,4450.1588,4450.5352,0.1136,0
4639,0,4450.3019,4451.3525,4451.6582,0.1133,0
4640,0,4451.4985,4452.1899,4452.5106,0.1141,0
4641,0,4452.3432,4453.0751,4453.4317,0.1111,0
4642,0,4453.2209,4454.2036,4454.5012,0.1162,0
4643,0,4454.3523,4455.0427,4455.3213,0.1130,0
4644,0,4455.1843,4455.8727,4456.2221,0.1102,0
4645,0,4456.0372,4456.9986,4457.2945,0.1080,0
4646,0,4457.1367,4457.8253,4458.1227,0.1135,0
4647,0,4457.9671,4458.6518,4458.9657,0.1124,0
4648,0,4458.7917,4459.8804,4460.1534,0.1143,0
4649,0,4460.0211,4460.6814,4460.9716,0.1094,0
4650,0,4460.8200,4461.5023,4461.8503,0.1028,0
4651,0,4461.6325,4462.6452,4462.9637,0.1347,0
4652,0,4462.8187,4463.5081,4463.7910,0.1117,0
4653,0,4463.6517,4464.3241,4464.6414,0.1551,0
4654,0,4464.5077,4465.3163,4465.5938,0.1138,0
4655,0,4465.4593,4466.1300,4466.4293,0.1140,0
4656,0,4466.2709,4466.9582,4467.2909,0.1081,0
4657,0,4467.0947,4468.0754,4468.3781,0.1125,0
4658,0,4468.2162,4468.9107,4469.2059,0.1114,0
4659,0,4469.0499,4469.7352,4470.0740,0.1086,0
4660,0,4469.8728,4470.8581,4471.1302,0.1144,0
4661,0,4470.9988,4471.6601,4471.9560,0.1117,0
4662,0,4471.7989,4472.4880,4472.8275,0.1113,0
4663,0,4472.6306,4473.6162,4473.9260,0.1222,0
4664,0,4473.7659,4474.4548,4474.7264,0.1117,0
4665,0,4474.5929,4475.2573,4475.6335,0.1196,0
4666,0,4475.4123,4476.4164,4476.8090,0.1573,0
4667,0,4476.6128,4477.3597,4477.6480,0.1106,0
4668,0,4477.5007,4478.1960,4478.6141,0.1819,0
4669,0,4478.4267,4479.3272,4479.6412,0.1124,0
4670,0,4479.4866,4480.2055,4480.4934,0.1125,0
4671,0,4480.3508,4481.0471,4481.3237,0.1017,0
4672,0,4481.1816,4482.0818,4482.3996,0.1170,0
4673,0,4482.2431,4482.9633,4483.2587,0.1128,0
4674,0,4483.1107,4483.8266,4484.1255,0.1091,0
4675,0,4483.9695,4484.8717,4485.1815,0.1160,0
4676,0,4485.0184,4485.7153,4486.0074,0.1088,0
4677,0,4485.8520,4486.5363,4486.8636,0.1461,0
4678,0,4486.7108,4487.6128,4487.8863,0.1135,0
4679,0,4487.7544,4488.4163,4488.6877,0.1108,0
4680,0,4488.5552,4489.2234,4489.5210,0.1055,0
4681,0,4489.3555,4490.3012,4490.5975,0.1135,0
4682,0,4490.4430,4491.1351,4491.4360,0.1104,0
4683,0,4491.2760,4491.9673,4492.3003,0.1080,0
4684,0,4492.1028,4493.0696,4493.6271,0.1500,0
4685,0,4493.2862,4494.1961,4494.5092,0.1245,0
4686,0,4494.3572,4495.0723,4495.5100,0.2357,0
4687,0,4495.3401,4496.0729,4496.3764,0.1153,0
4688,0,4496.2264,4496.9080,4497.1762,0.1046,0
4689,0,4497.0421,4497.7134,4498.0246,0.1063,0
4690,0,4497.8617,4498.6994,4498.9990,0.1146,0
4691,0,4498.8510,4499.5432,4499.8199,0.1137,0
4692,0,4499.6857,4500.3599,4500.6279,0.1074,0
4693,0,4500.4945,4501.4171,4501.7130,0.1120,0
4694,0,4501.5581,4502.2431,4502.5837,0.1167,0
4695,0,4502.4044,4503.1477,4503.4614,0.1097,0
4696,0,4503.3023,4504.1656,4504.4560,0.1131,0
4697,0,4504.3106,4504.9923,4505.2645,0.1125,0
4698,0,4505.1331,4505.8062,4506.1620,0.1099,0
4699,0,4505.9458,4506.9493,4507.2188,0.1170,0
4700,0,4507.5354,4508.1168,4508.4668,0.1151,0
4701,0,4508.3104,4509.1662,4509.7250,0.3480,0
4702,0,4509.5495,4510.2660,4510.5521,0.1183,0
4703,0,4510.4149,4511.0845,4511.3628,0.1115,0
4704,0,4511.2249,4512.0872,4512.5416,0.2684,0
4705,0,4512.3953,4513.1142,4513.4165,0.1123,0
4706,0,4513.2642,4513.9448,4514.2465,0.1250,0
4707,0,4514.0998,4515.1262,4515.4348,0.1130,0
4708,0,4515.2703,4515.9705,4516.2699,0.1092,0
4709,0,4516.1118,4516.7981,4517.1022,0.1070,0
4710,0,4516.9344,4517.9386,4518.2413,0.1169,0
4711,0,4518.0845,4518.7688,4519.0728,0.1144,0
4712,0,4518.9113,4519.6104,4519.8850,0.1119,0
4713,0,4519.7490,4520.6871,4521.0159,0.1690,0
4714,0,4520.8839,4521.5444,4521.8230,0.1113,0
4715,0,4521.6863,4522.3513,4522.6924,0.1197,0
4716,0,4522.5103,4523.5314,4523.8269,0.1136,0
4717,0,4523.6833,4524.3775,4524.6698,0.1129,0
4718,0,4524.5244,4525.2141,4525.5355,0.1121,0
4719,0,4525.3552,4526.3686,4526.6702,0.1179,0
4720,0,4526.5179,4527.2055,4527.5266,0.1192,0
4721,0,4527.3647,4528.0535,4528.4708,0.1158,0
4722,0,4528.2031,4529.2434,4529.5494,0.1143,0
4723,0,4529.3894,4530.0796,4530.3761,0.1104,0
4724,0,4530.2198,4530.9062,4531.2047,0.1055,0
4725,0,4531.0410,4532.0015,4532.3097,0.1130,0
4726,0,4532.1442,4532.8383,4533.1089,0.1128,0
4727,0,4532.9799,4533.6440,4533.9670,0.1119,0
4728,0,4533.7871,4534.7500,4535.0241,0.1150,0
4729,0,4534.8942,4535.5642,4535.8655,0.1098,0
4730,0,4535.7060,4536.3942,4536.7372,0.1082,0
4731,0,4536.5323,4537.5098,4537.8627,0.1662,0
4732,0,4537.7070,4538.3964,4538.6895,0.1100,0
4733,0,4538.5364,4539.2251,4539.5233,0.1067,0
4734,0,4539.3812,4540.3366,4540.6358,0.1160,0
4735,0,4540.4845,4541.1751,4541.4486,0.1151,0
4736,0,4541.3182,4541.9861,4542.3179,0.1158,0
4737,0,4542.1343,4543.0716,4543.4437,0.1614,0
4738,0,4543.2653,4543.9530,4544.2376,0.1141,0
4739,0,4544.0963,4544.7764,4545.1402,0.1067,0
4740,0,4544.9157,4545.9202,4546.2332,0.1144,0
4741,0,4546.0664,4546.7664,4547.0593,0.1089,0
4742,0,4546.9057,4547.6025,4547.8948,0.1094,0
4743,0,4547.7422,4548.6692,4548.9650,0.1135,0
4744,0,4548.8132,4549.4972,4549.7957,0.1108,0
4745,0,4549.6381,4550.3257,4550.6058,0.1115,0
4746,0,4550.4656,4551.3948,4551.6925,0.1127,0
4747,0,4551.5372,4552.2210,4552.5459,0.1071,0
4748,0,4552.3657,4553.1133,4553.4501,0.1159,0
4749,0,4553.2698,4554.2757,4554.5969,0.1155,0
4750,0,4554.4391,4555.1979,4555.5323,0.1152,0
4751,0,4555.3526,4556.0926,4556.3831,0.1091,0
4752,0,4556.2378,4557.0639,4557.3321,0.1020,0
4753,0,4557.1933,4557.8631,4558.1501,0.1175,0
4754,0,4558.0111,4558.6935,4558.9661,0.1010,0
4755,0,4558.8234,4559.7513,4560.0565,0.1132,0
4756,0,4559.8925,4560.5868,4560.8775,0.1096,0
4757,0,4560.7242,4561.4072,4561.8193,0.1064,0
4758,0,4561.5410,4562.6103,4562.9133,0.1111,0
4759,0,4562.7608,4563.4740,4563.7688,0.1108,0
4760,0,4563.6224,4564.3212,4564.6553,0.1498,0
4761,0,4564.5109,4565.3342,4565.6278,0.1163,0
4762,0,4565.4821,4566.1706,4566.4524,0.1113,0
4763,0,4566.3118,4567.0010,4567.2777,0.1048,0
4764,0,4567.1406,4568.0796,4568.4232,0.1190,0
4765,0,4568.2368,4568.9872,4569.2787,0.1130,0
4766,0,4569.1345,4569.8247,4570.1248,0.1179,0
4767,0,4569.9772,4570.9427,4571.2485,0.1161,0
4768,0,4571.0975,4571.8183,4572.1525,0.1167,0
4769,0,4571.9728,4572.7294,4573.0350,0.1106,0
4770,0,4572.8828,4573.7602,4574.0649,0.1157,0
4771,0,4573.9124,4574.6106,4574.8859,0.1114,0
4772,0,4574.7510,4575.4253,4575.7477,0.1535,0
4773,0,4575.6075,4576.4490,4576.7219,0.1037,0
4774,0,4576.5816,4577.2523,4577.5472,0.1090,0
4775,0,4577.3881,4578.0722,4578.4805,0.1136,0
4776,0,4578.2139,4579.2718,4579.5712,0.1102,0
4777,0,4579.4176,4580.1352,4580.4245,0.1118,0
4778,0,4580.2804,4580.9817,4581.3262,0.1636,0
4779,0,4581.1801,4582.0092,4582.3525,0.1206,0
4780,0,4582.1734,4582.8798,4583.1902,0.1138,0
4781,0,4583.0265,4583.7258,4584.0269,0.1054,0
4782,0,4583.8696,4584.7081,4584.9803,0.1132,0
4783,0,4584.8497,4585.5107,4585.8109,0.1107,0
4784,0,4585.6518,4586.3397,4586.6492,0.1136,0
4785,0,4586.4818,4587.5012,4587.7934,0.1019,0
4786,0,4587.6410,4588.3560,4588.6362,0.1104,0
4787,0,4588.4990,4589.1867,4589.5174,0.1056,0
4788,0,4589.3297,4590.2167,4590.5422,0.1663,0
4789,0,4590.4129,4591.0778,4591.3517,0.1129,0
4790,0,4591.2208,4591.8901,4592.1947,0.1128,0
4791,0,4592.0312,4593.0423,4593.3669,0.1158,0
4792,0,4593.1950,4593.9325,4594.2204,0.1117,0
4793,0,4594.0748,4594.7731,4595.1379,0.1107,0
4794,0,4594.9125,4595.9027,4596.2012,0.1090,0
4795,0,4596.0470,4596.7711,4597.0581,0.1113,0
4796,0,4596.9171,4597.6072,4597.8740,0.1013,0
4797,0,4597.7384,4598.6657,4598.9708,0.1142,0
4798,0,4598.8105,4599.5002,4599.7951,0.1087,0
4799,0,4599.6389,4600.3222,4600.6389,0.1082,0
4800,0,4600.4612,4601.4203,4601.7345,0.1236,0
4801,0,4601.5740,4602.2618,4602.6085,0.1186,0
4802,0,4602.4259,4603.1673,4603.4933,0.1129,0
4803,0,4603.3240,4604.2645,4604.5622,0.1160,0
4804,0,4604.4202,4605.1075,4605.4012,0.1124,0
4805,0,4605.2491,4605.9338,4606.2320,0.1103,0
4806,0,4606.0740,4606.9975,4607.2921,0.1123,0
4807,0,4607.1405,4607.8222,4608.1144,0.1093,0
4808,0,4607.9613,4608.6432,4608.9667,0.1096,0
4809,0,4608.7839,4609.7495,4610.0221,0.1142,0
4810,0,4609.8926,4610.5573,4610.8309,0.1127,0
4811,0,4610.6989,4611.3681,4611.6564,0.1106,0
4812,0,4611.5068,4612.3823,4612.8417,0.2573,0
4813,0,4612.6752,4613.3791,4613.6889,0.1129,0
4814,0,4613.5243,4614.2129,4614.5375,0.1154,0
4815,0,4614.3634,4615.3328,4615.6311,0.1144,0
4816,0,4615.4770,4616.1602,4616.4526,0.1086,0
4817,0,4616.2994,4616.9807,4617.3016,0.1142,0
4818,0,4617.1257,4618.0808,4618.3662,0.1118,0
4819,0,4618.2225,4618.9411,4619.4119,0.1234,0
4820,0,4619.1550,4619.9574,4620.3858,0.1028,0
4821,0,4620.1360,4621.0396,4621.4783,0.1148,0
4822,0,4621.2340,4622.0121,4622.4819,0.1086,0
4823,0,4622.1838,4623.2878,4623.6407,0.1160,0
4824,0,4623.4369,4624.1790,4624.5938,0.1135,0
4825,0,4624.3249,4625.0882,4625.4618,0.2068,0
4826,0,4625.3268,4626.2683,4626.7711,0.1138,0
4827,0,4626.4228,4627.2679,4627.6236,0.1117,0
4828,0,4627.4107,4628.1548,4628.4867,0.1077,0
4829,0,4628.2983,4629.0693,4629.5097,0.2599,0
4830,0,4629.3659,4630.0712,4630.3659,0.1153,0
4831,0,4630.2158,4630.8950,4631.2368,0.1098,0
4832,0,4631.0316,4632.0582,4632.3592,0.1159,0
4833,0,4632.2059,4632.9009,4633.1809,0.1096,0
4834,0,4633.0399,4633.7178,4633.9962,0.1053,0
4835,0,4633.8575,4634.7314,4635.0240,0.1145,0
4836,0,4634.8789,4635.5725,4635.9563,0.1763,0
4837,0,4635.7896,4636.5013,4636.7831,0.1057,0
4838,0,4636.6373,4637.5796,4637.8688,0.1140,0
4839,0,4637.7307,4638.4037,4638.6841,0.1125,0
4840,0,4638.5469,4639.2210,4639.4960,0.1104,0
4841,0,4639.3602,4640.2892,4640.5994,0.1153,0
4842,0,4640.4360,4641.1284,4641.4316,0.1106,0
4843,0,4641.2692,4641.9622,4642.2924,0.1140,0
4844,0,4642.1078,4643.0823,4643.4104,0.1137,0
4845,0,4643.2343,4643.9726,4644.2642,0.1126,0
4846,0,4644.1193,4644.8187,4645.1543,0.1100,0
4847,0,4644.9609,4645.9535,4646.2428,0.1085,0
4848,0,4646.0946,4646.8020,4647.0810,0.1096,0
4849,0,4646.9450,4647.6363,4647.9663,0.1575,0
4850,0,4647.8298,4648.6357,4648.9398,0.1136,0
4851,0,4648.7806,4649.4674,4649.8853,0.1089,0
4852,0,4649.6084,4650.4399,4650.7965,0.1600,0
4853,0,4650.6347,4651.5393,4651.8425,0.1147,0
4854,0,4651.6840,4652.3744,4652.6922,0.1163,0
4855,0,4652.5303,4653.2180,4653.5480,0.1408,0
4856,0,4653.4000,4654.2969,4654.5945,0.1123,0
4857,0,4654.4435,4655.1383,4655.4207,0.1150,0
4858,0,4655.2853,4655.9535,4656.2389,0.1001,0
4859,0,4656.0904,4656.8863,4657.2122,0.1125,0
4860,0,4657.0309,4657.7497,4658.0225,0.1141,0
4861,0,4657.8913,4658.5580,4658.9240,0.1135,0
4862,0,4658.6988,4659.7142,4659.9860,0.1143,0
4863,0,4659.8557,4660.5199,4660.7904,0.1127,0
4864,0,4660.6587,4661.3214,4661.6394,0.1111,0
4865,0,4661.4595,4662.3553,4662.8368,0.2518,0
4866,0,4662.6569,4663.4025,4663.6916,0.1107,0
4867,0,4663.5475,4664.2447,4664.5784,0.1503,0
4868,0,4664.4326,4665.2121,4665.6429,0.1340,0
4869,0,4665.3931,4666.2253,4666.5478,0.1108,0
4870,0,4666.3690,4667.0869,4667.4438,0.1645,0
4871,0,4667.2832,4668.1963,4668.4951,0.1119,0
4872,0,4668.3397,4669.0285,4669.3321,0.1113,0
4873,0,4669.1739,4669.8641,4670.2099,0.1595,0
4874,0,4670.0538,4671.0361,4671.3742,0.1675,0
4875,0,4671.2350,4671.9097,4672.1870,0.1153,0
4876,0,4672.0543,4672.7328,4673.0400,0.1017,0
4877,0,4672.8813,4673.7904,4674.0765,0.1136,0
4878,0,4673.9340,4674.6104,4674.8952,0.1123,0
4879,0,4674.7501,4675.4260,4675.7887,0.1672,0
4880,0,4675.6233,4676.5334,4676.8043,0.1111,0
4881,0,4676.6722,4677.3277,4677.6058,0.1120,0
4882,0,4677.4660,4678.1330,4678.4779,0.1521,0
4883,0,4678.3220,4679.2814,4679.5822,0.1117,0
4884,0,4679.4349,4680.1602,4680.4438,0.1142,0
4885,0,4680.3080,4680.9830,4681.3061,0.1590,0
4886,0,4681.1717,4681.9800,4682.2935,0.1143,0
4887,0,4682.1354,4682.8518,4683.1556,0.1136,0
4888,0,4683.0049,4683.7208,4684.0062,0.1078,0
4889,0,4683.8625,4684.7838,4685.0623,0.1147,0
4890,0,4684.9283,4685.5964,4685.8692,0.1142,0
4891,0,4685.7378,4686.3984,4686.7179,0.1094,0
4892,0,4686.5344,4687.6370,4687.9116,0.1142,0
4893,0,4687.7786,4688.4442,4688.7514,0.1126,0
4894,0,4688.5875,4689.2855,4689.5988,0.1108,0
4895,0,4689.4261,4690.2339,4690.5394,0.1200,0
4896,0,4690.3830,4691.0698,4691.3597,0.1092,0
4897,0,4691.2064,4691.8895,4692.1996,0.1104,0
4898,0,4692.0277,4693.0179,4693.3681,0.1214,0
4899,0,4693.1824,4693.9282,4694.2237,0.1230,0
4900,0,4694.0828,4694.7724,4695.1017,0.1119,0
4901,0,4694.9124,4695.7387,4696.1762,0.2726,0
4902,0,4696.0393,4696.7070,4697.0907,0.1089,0
4903,0,4696.8441,4697.6413,4698.0016,0.1719,0
4904,0,4697.8491,4698.7515,4699.0377,0.1133,0
4905,0,4698.9003,4699.5934,4699.8649,0.1135,0
4906,0,4699.7352,4700.4060,4700.6780,0.1036,0
4907,0,4700.5373,4701.3472,4701.6676,0.1103,0
4908,0,4701.4986,4702.2323,4702.5175,0.1148,0
4909,0,4702.3788,4703.0747,4703.4205,0.1127,0
4910,0,4703.2210,4704.1503,4704.5087,0.1670,0
4911,0,4704.3524,4705.0705,4705.3437,0.1122,0
4912,0,4705.2392,4705.9112,4706.2203,0.1021,0
4913,0,4706.0433,4707.0083,4707.2791,0.1143,0
4914,0,4707.1497,4707.8191,4708.1188,0.1107,0
4915,0,4707.9594,4708.6521,4708.9796,0.1087,0
4916,0,4708.7908,4709.7666,4710.0778,0.1165,0
4917,0,4709.9146,4710.6032,4710.8992,0.1097,0
4918,0,4710.7425,4711.4258,4711.8161,0.1080,0
4919,0,4711.5637,4712.3935,4712.9049,0.2759,0
4920,0,4712.7065,4713.4436,4713.7884,0.1193,0
4921,0,4713.6067,4714.3475,4714.6584,0.1158,0
4922,0,4714.5036,4715.3505,4715.6395,0.1225,0
4923,0,4715.5032,4716.1688,4716.4668,0.1115,0
4924,0,4716.3075,4716.9927,4717.3070,0.1087,0
4925,0,4717.1392,4718.2323,4718.5263,0.1192,0
4926,0,4718.3874,4719.0968,4719.4035,0.1104,0
4927,0,4719.2372,4719.9454,4720.2362,0.1060,0
4928,0,4720.0809,4721.0361,4721.3145,0.1141,0
4929,0,4721.1789,4721.8444,4722.1777,0.1155,0
4930,0,4722.0048,4722.7235,4723.0086,0.1096,0
4931,0,4722.8649,4723.7561,4724.0513,0.1147,0
4932,0,4723.9011,4724.5862,4724.8597,0.1120,0
4933,0,4724.7270,4725.3997,4725.6633,0.1002,0
4934,0,4725.5274,4726.4522,4726.7471,0.1128,0
4935,0,4726.5944,4727.2794,4727.5776,0.1131,0
4936,0,4727.4221,4728.1109,4728.5280,0.1203,0
4937,0,4728.2718,4729.3206,4729.6402,0.1155,0
4938,0,4729.4691,4730.1729,4730.4835,0.1135,0
4939,0,4730.3216,4731.0112,4731.3319,0.1392,0
4940,0,4731.1815,4732.0843,4732.3750,0.1146,0
4941,0,4732.2267,4732.9225,4733.2390,0.1129,0
4942,0,4733.0736,4733.8080,4734.1189,0.1144,0
4943,0,4733.9585,4734.8625,4735.1400,0.1090,0
4944,0,4735.0036,4735.6828,4735.9922,0.1086,0
4945,0,4735.8199,4736.5315,4736.8565,0.1638,0
4946,0,4736.7224,4737.6543,4737.9262,0.1144,0
4947,0,4737.7973,4738.4582,4738.7365,0.1152,0
4948,0,4738.6002,4739.2700,4739.5419,0.1090,0
4949,0,4739.4060,4740.3340,4740.6373,0.1133,0
4950,0,4740.4770,4741.1622,4741.4615,0.1130,0
4951,0,4741.3031,4741.9891,4742.3780,0.1155,0
4952,0,4742.1509,4743.1968,4743.5146,0.1167,0
4953,0,4743.3513,4744.0680,4744.4386,0.1305,0
4954,0,4744.2450,4744.9840,4745.3190,0.1190,0
4955,0,4745.1410,4745.9582,4746.2948,0.1182,0
4956,0,4746.1126,4746.8472,4747.1642,0.1098,0
4957,0,4746.9929,4747.6980,4747.9984,0.1114,0
4958,0,4747.8413,4748.7454,4749.0449,0.1120,0
4959,0,4748.8882,4749.5736,4749.8454,0.1118,0
4960,0,4749.7148,4750.3838,4750.6539,0.1101,0
4961,0,4750.5216,4751.6038,4751.9129,0.1203,0
4962,0,4751.7542,4752.4439,4752.7630,0.1162,0
4963,0,4752.5994,4753.2942,4753.5813,0.1028,0
4964,0,4753.4267,4754.3153,4754.6278,0.1203,0
4965,0,4754.4733,4755.1918,4755.4877,0.1148,0
4966,0,4755.3403,4756.0423,4756.3217,0.1104,0
4967,0,4756.1849,4757.0191,4757.2863,0.1045,0
4968,0,4757.1518,4757.8274,4758.1479,0.1119,0
4969,0,4757.9681,4758.6734,4758.9733,0.1104,0
4970,0,4758.8130,4759.7513,4760.1193,0.1180,0
4971,0,4759.8974,4760.6716,4760.9737,0.1112,0
4972,0,4760.8190,4761.5355,4761.9110,0.1642,0
4973,0,4761.7406,4762.6494,4762.9463,0.1101,0
4974,0,4762.7983,4763.4886,4763.8145,0.1145,0
4975,0,4763.6430,4764.3504,4764.6351,0.1069,0
4976,0,4764.4926,4765.3307,4765.6270,0.1168,0
4977,0,4765.4796,4766.1698,4766.4709,0.1119,0
4978,0,4766.3105,4767.0064,4767.3173,0.1054,0
4979,0,4767.1492,4768.0693,4768.4224,0.1659,0
4980,0,4768.2651,4768.9523,4769.2527,0.1146,0
4981,0,4769.0998,4769.7847,4770.0896,0.1088,0
4982,0,4769.9205,4770.8766,4771.1448,0.1127,0
4983,0,4771.0157,4771.6778,4771.9495,0.1117,0
4984,0,4771.8158,4772.4804,4772.8664,0.1106,0
4985,0,4772.6221,4773.6297,4773.9752,0.1203,0
4986,0,4773.7973,4774.5386,4774.8161,0.1105,0
4987,0,4774.6787,4775.3524,4775.6711,0.1475,0
4988,0,4775.5319,4776.3759,4776.6698,0.1095,0
4989,0,4776.5186,4777.2098,4777.4937,0.1117,0
4990,0,4777.3523,4778.0318,4778.3295,0.1132,0
4991,0,4778.1724,4779.0532,4779.4828,0.2592,0
4992,0,4779.3425,4780.0208,4780.2930,0.1118,0
4993,0,4780.1602,4780.8263,4781.1842,0.1126,0
4994,0,4780.9656,4781.9791,4782.2773,0.1088,0
4995,0,4782.1223,4782.8391,4783.1638,0.1185,0
4996,0,4782.9994,4783.7083,4784.0172,0.1056,0
4997,0,4783.8441,4784.8818,4785.1865,0.1162,0
4998,0,4785.0270,4785.7148,4786.0134,0.1091,0
4999,0,4785.8518,4786.5414,4786.8774,0.1507,0
5000,0,4786.7215,4787.5712,4787.8837,0.1141,0
5001,0,4787.7345,4788.4154,4788.7109,0.1109,0
5002,0,4788.5553,4789.2394,4789.5321,0.1059,0
5003,0,4789.3728,4790.3201,4790.6232,0.1149,0
5004,0,4790.4628,4791.1539,4791.5168,0.1091,0
5005,0,4791.2906,4792.1015,4792.5179,0.1714,0
5006,0,4792.3146,4793.1596,4793.4939,0.1168,0
5007,0,4793.3236,4794.0388,4794.3506,0.1137,0
5008,0,4794.1850,4794.8869,4795.2403,0.1358,0
5009,0,4795.0578,4795.9459,4796.2713,0.1091,0
5010,0,4796.1055,4796.8161,4797.0925,0.1097,0
5011,0,4796.9556,4797.6264,4798.0049,0.1600,0
5012,0,4797.8254,4798.6694,4798.9764,0.1126,0
5013,0,4798.8186,4799.5120,4799.8147,0.1111,0
5014,0,4799.6531,4800.3472,4800.6636,0.1104,0
5015,0,4800.4872,4801.4184,4801.7723,0.1659,0
5016,0,4801.6139,4802.3004,4802.6454,0.1152,0
5017,0,4802.4568,4803.2120,4803.5599,0.1517,0
5018,0,4803.4058,4804.3228,4804.6765,0.1129,0
5019,0,4804.4673,4805.2048,4805.5052,0.1097,0
5020,0,4805.3496,4806.0706,4806.3970,0.1167,0
5021,0,4806.2249,4807.0637,4807.4507,0.1308,0
5022,0,4807.2417,4807.9945,4808.2792,0.1158,0
5023,0,4808.1414,4808.8136,4809.0883,0.1124,0
5024,0,4808.9548,4809.7561,4810.0304,0.1142,0
5025,0,4809.8996,4810.5631,4810.8335,0.1139,0
5026,0,4810.7049,4811.3713,4811.8162,0.1100,0
5027,0,4811.5216,4812.5729,4812.8753,0.1120,0
5028,0,4812.7212,4813.4431,4813.7363,0.1103,0
5029,0,4813.5894,4814.2978,4814.5709,0.1037,0
5030,0,4814.4329,4815.2196,4815.4999,0.1147,0
5031,0,4815.3633,4816.0306,4816.3016,0.1126,0
5032,0,4816.1701,4816.8348,4817.1348,0.1087,0
5033,0,4816.9711,4817.8987,4818.2526,0.1666,0
5034,0,4818.0944,4818.7927,4819.0894,0.1115,0
5035,0,4818.9319,4819.6147,4819.9909,0.1162,0
5036,0,4819.7586,4820.8192,4821.0904,0.1134,0
5037,0,4820.9591,4821.6222,4821.9318,0.1152,0
5038,0,4821.7703,4822.4618,4822.7922,0.1112,0
5039,0,4822.6131,4823.6201,4823.9330,0.1172,0
5040,0,4823.7682,4824.4622,4824.7594,0.1133,0
5041,0,4824.6034,4825.2873,4825.6150,0.1125,0
5042,0,4825.4269,4826.4143,4826.7080,0.1109,0
5043,0,4826.5529,4827.2360,4827.5301,0.1118,0
5044,0,4827.3750,4828.0652,4828.4655,0.1093,0
5045,0,4828.2098,4829.2830,4829.5806,0.1110,0
5046,0,4829.4343,4830.1543,4830.4497,0.1160,0
5047,0,4830.3083,4831.0051,4831.3260,0.1434,0
5048,0,4831.1826,4832.0203,4832.2933,0.1133,0
5049,0,4832.1618,4832.8293,4833.1036,0.1135,0
5050,0,4832.9715,4833.6410,4833.9807,0.1159,0
5051,0,4833.7954,4834.7348,4835.0573,0.1646,0
5052,0,4834.9289,4835.5957,4835.8832,0.1130,0
5053,0,4835.7427,4836.4187,4836.7199,0.1027,0
5054,0,4836.5491,4837.5050,4837.8210,0.1170,0
5055,0,4837.6559,4838.3496,4838.7786,0.1362,0
5056,0,4838.5322,4839.2804,4839.5931,0.1180,0
5057,0,4839.4330,4840.2945,4840.5908,0.1183,0
5058,0,4840.4524,4841.1456,4841.4508,0.1137,0
5059,0,4841.2940,4841.9944,4842.3106,0.1081,0
5060,0,4842.1344,4843.1055,4843.4358,0.1205,0
5061,0,4843.2582,4843.9609,4844.2774,0.1229,0
5062,0,4844.1139,4844.8219,4845.1813,0.1137,0
5063,0,4844.9647,4845.8150,4846.2667,0.2681,0
5064,0,4846.1191,4846.8496,4847.1423,0.1126,0
5065,0,4847.0028,4847.6982,4847.9686,0.1086,0
5066,0,4847.8361,4848.6337,4848.9354,0.1117,0
5067,0,4848.7766,4849.4692,4849.7668,0.1118,0
5068,0,4849.6115,4850.2989,4850.6266,0.1120,0
5069,0,4850.4412,4851.5829,4851.8886,0.1137,0
5070,0,4851.7280,4852.4213,4852.7099,0.1139,0
5071,0,4852.5699,4853.2384,4853.6746,0.1394,0
5072,0,4853.4378,4854.2853,4854.5914,0.1156,0
5073,0,4854.4409,4855.1366,4855.4152,0.1121,0
5074,0,4855.2771,4855.9550,4856.2424,0.1077,0
5075,0,4856.0973,4856.9357,4857.2139,0.1132,0
5076,0,4857.0783,4857.7543,4858.0230,0.1117,0
5077,0,4857.8936,4858.5720,4858.8879,0.1153,0
5078,0,4858.7185,4859.7222,4860.0034,0.1144,0
5079,0,4859.8632,4860.5264,4860.8201,0.1104,0
5080,0,4860.6659,4861.3577,4861.6753,0.1112,0
5081,0,4861.4966,4862.4023,4862.8928,0.2660,0
5082,0,4862.7115,4863.4596,4863.7551,0.1105,0
5083,0,4863.6070,4864.2977,4864.5734,0.1049,0
5084,0,4864.4363,4865.2480,4865.5287,0.1164,0
5085,0,4865.3943,4866.0655,4866.3531,0.1133,0
5086,0,4866.2074,4866.8886,4867.2169,0.1104,0
5087,0,4867.0285,4868.0076,4868.3423,0.1693,0
5088,0,4868.2063,4868.8788,4869.1777,0.1108,0
5089,0,4869.0199,4869.7081,4870.0148,0.1179,0
5090,0,4869.8886,4870.8335,4871.1404,0.1153,0
5091,0,4870.9832,4871.6740,4871.9752,0.1110,0
5092,0,4871.8168,4872.5092,4872.8671,0.1144,0
5093,0,4872.6638,4873.6648,4873.9473,0.1136,0
5094,0,4873.8074,4874.4838,4874.7662,0.1108,0
5095,0,4874.6256,4875.3001,4875.6545,0.1163,0
5096,0,4875.4550,4876.4597,4876.7387,0.1071,0
5097,0,4876.5956,4877.2716,4877.5487,0.1139,0
5098,0,4877.4122,4878.0848,4878.4532,0.1066,0
5099,0,4878.2269,4879.2354,4879.5296,0.1167,0
5100,0,4879.3893,4880.0871,4880.3783,0.1130,0
5101,0,4880.2321,4880.9146,4881.2041,0.1063,0
5102,0,4881.0505,4881.9712,4882.2898,0.1167,0
5103,0,4882.1210,4882.8242,4883.1394,0.1181,0
5104,0,4882.9744,4883.6707,4883.9622,0.1092,0
5105,0,4883.8085,4884.9264,4885.2352,0.1126,0
5106,0,4885.0701,4885.7945,4886.0818,0.1100,0
5107,0,4885.9400,4886.6259,4886.9240,0.1083,0
5108,0,4886.7697,4887.6603,4887.9370,0.1145,0
5109,0,4887.8045,4888.4735,4888.7554,0.1150,0
5110,0,4888.6175,4889.2915,4889.5807,0.1061,0
5111,0,4889.4365,4890.2518,4890.5389,0.1134,0
5112,0,4890.3988,4891.0861,4891.3670,0.1123,0
5113,0,4891.2329,4891.9025,4892.2652,0.1144,0
5114,0,4892.0441,4893.0680,4893.4167,0.1202,0
5115,0,4893.2295,4893.9466,4894.2388,0.1117,0
5116,0,4894.0904,4894.7861,4895.1063,0.1093,0
5117,0,4894.9258,4895.7064,4896.1531,0.2739,0
5118,0,4896.0095,4896.6907,4896.9589,0.1102,0
5119,0,4896.8281,4897.4969,4897.8771,0.1122,0
5120,0,4897.6394,4898.6444,4898.9744,0.1256,0
5121,0,4898.8093,4899.5054,4899.8000,0.1104,0
5122,0,4899.6453,4900.3692,4900.6840,0.1113,0
5123,0,4900.5230,4901.4605,4901.7996,0.1576,0
5124,0,4901.6572,4902.3586,4902.7409,0.1673,0
5125,0,4902.5670,4903.2889,4903.5900,0.1113,0
5126,0,4903.4401,4904.2865,4904.5881,0.1152,0
5127,0,4904.4412,4905.1344,4905.4117,0.1096,0
5128,0,4905.2736,4905.9503,4906.2153,0.1035,0
5129,0,4906.0823,4907.0052,4907.3117,0.1150,0
5130,0,4907.1500,4907.8532,4908.1336,0.1200,0
5131,0,4908.0000,4908.6681,4908.9815,0.1138,0
5132,0,4908.8099,4909.7617,4910.0350,0.1141,0
5133,0,4909.9025,4910.5647,4910.8610,0.1113,0
5134,0,4910.7040,4911.3953,4911.8215,0.1113,0
5135,0,4911.5352,4912.6078,4912.9198,0.1177,0
5136,0,4912.7657,4913.4872,4913.8720,0.1093,0
5137,0,4913.6365,4914.4455,4914.7208,0.1094,0
5138,0,4914.5850,4915.4453,4915.7206,0.1133,0
5139,0,4915.5887,4916.2575,4916.5768,0.1161,0
5140,0,4916.4085,4917.1215,4917.4307,0.1348,0
5141,0,4917.2873,4918.1043,4918.4600,0.1662,0
5142,0,4918.3035,4918.9998,4919.2982,0.1099,0
5143,0,4919.1409,4919.8374,4920.1042,0.1020,0
5144,0,4919.9679,4920.7773,4921.0523,0.1127,0
5145,0,4920.9199,4921.5873,4921.9075,0.1103,0
5146,0,4921.7366,4922.4726,4922.8461,0.1161,0
5147,0,4922.6323,4923.6945,4923.9859,0.1131,0
5148,0,4923.8416,4924.5402,4924.8395,0.1116,0
5149,0,4924.6798,4925.3721,4925.6424,0.1013,0
5150,0,4925.5014,4926.4727,4926.7434,0.1136,0
5151,0,4926.6125,4927.2794,4927.5453,0.1110,0
5152,0,4927.4174,4928.0854,4928.4293,0.1084,0
5153,0,4928.2279,4929.0692,4929.5299,0.2596,0
5154,0,4929.3626,4930.0771,4930.3826,0.1091,0
5155,0,4930.2161,4930.9164,4931.3304,0.1094,0
5156,0,4931.0536,4932.1093,4932.4201,0.1130,0
5157,0,4932.2624,4932.9852,4933.2905,0.1149,0
5158,0,4933.1406,4933.8595,4934.1989,0.1173,0
5159,0,4934.0139,4934.9024,4935.1861,0.1173,0
5160,0,4935.0497,4935.7306,4936.0399,0.1194,0
5161,0,4935.8809,4936.5756,4936.8824,0.1219,0
5162,0,4936.7275,4937.6247,4937.8989,0.1153,0
5163,0,4937.7699,4938.4362,4938.7041,0.1106,0
5164,0,4938.5752,4939.2428,4939.5400,0.1046,0
5165,0,4939.3761,4940.3305,4940.6282,0.1135,0
5166,0,4940.4736,4941.1608,4941.4800,0.1097,0
5167,0,4941.3125,4942.0644,4942.3842,0.1133,0
5168,0,4942.2128,4943.0681,4943.4093,0.1200,0
5169,0,4943.2343,4943.9630,4944.2496,0.1120,0
5170,0,4944.1089,4944.8013,4945.1071,0.1074,0
5171,0,4944.9364,4945.7289,4946.1829,0.2656,0
5172,0,4946.0243,4946.7196,4947.0487,0.1173,0
5173,0,4946.8778,4947.6016,4947.8684,0.1045,0
5174,0,4947.7344,4948.6315,4948.9893,0.1683,0
5175,0,4948.8287,4949.5223,4949.7985,0.1154,0
5176,0,4949.6651,4950.3401,4950.6151,0.1129,0
5177,0,4950.4793,4951.3966,4951.6688,0.1148,0
5178,0,4951.5379,4952.2058,4952.5106,0.1111,0
5179,0,4952.3726,4953.0841,4953.4268,0.1120,0
5180,0,4953.2331,4954.2251,4954.5473,0.1219,0
5181,0,4954.3787,4955.0934,4955.3846,0.1109,0
5182,0,4955.2340,4955.9196,4956.1744,0.1008,0
5183,0,4956.0483,4956.9624,4957.2589,0.1127,0
5184,0,4957.1029,4957.7908,4958.1106,0.1086,0
5185,0,4957.9270,4958.6498,4958.9599,0.1102,0
5186,0,4958.7864,4959.7495,4960.0330,0.1161,0
5187,0,4959.8924,4960.5654,4960.8311,0.1112,0
5188,0,4960.7031,4961.3715,4961.7006,0.1107,0
5189,0,4961.5087,4962.6081,4962.9443,0.1205,0
5190,0,4962.7749,4963.4721,4963.7864,0.1160,0
5191,0,4963.6188,4964.3213,4964.6576,0.1615,0
5192,0,4964.5149,4965.3799,4965.6925,0.1099,0
5193,0,4965.5370,4966.2582,4966.5990,0.1200,0
5194,0,4966.4142,4967.1443,4967.4587,0.1219,0
5195,0,4967.2963,4968.1972,4968.5107,0.1179,0
5196,0,4968.3446,4969.0443,4969.3463,0.1122,0
5197,0,4969.1840,4969.8763,4970.2156,0.1553,0
5198,0,4970.0597,4970.9583,4971.2552,0.1111,0
5199,0,4971.0978,4971.7893,4972.0796,0.1110,0
5200,0,4971.9297,4972.6145,4972.9483,0.1128,0
5201,0,4972.7721,4973.5895,4973.9404,0.1238,0
5202,0,4973.7594,4974.5095,4974.8192,0.1100,0
5203,0,4974.6508,4975.3638,4975.6733,0.1069,0
5204,0,4975.5050,4976.3486,4976.6319,0.1042,0
5205,0,4976.4878,4977.1792,4977.4869,0.1142,0
5206,0,4977.3215,4978.0804,4978.4703,0.1106,0
5207,0,4978.2214,4979.2519,4979.5480,0.1099,0
5208,0,4979.3961,4980.1016,4980.3890,0.1100,0
5209,0,4980.2485,4980.9646,4981.2518,0.1069,0
5210,0,4981.1029,4982.0689,4982.4053,0.1126,0
5211,0,4982.2260,4982.9643,4983.2656,0.1130,0
5212,0,4983.1142,4983.8429,4984.1448,0.1094,0
5213,0,4983.9859,4984.9049,4985.2194,0.1136,0
5214,0,4985.0544,4985.7778,4986.0701,0.1105,0
5215,0,4985.9162,4986.6033,4986.8680,0.1063,0
5216,0,4986.7367,4987.5350,4987.8077,0.1143,0
5217,0,4987.6771,4988.3481,4988.6523,0.1136,0
5218,0,4988.4903,4989.1849,4989.5307,0.1094,0
5219,0,4989.3217,4990.3101,4990.6075,0.1144,0
5220,0,4990.4533,4991.1380,4991.4359,0.1133,0
5221,0,4991.2801,4991.9733,4992.3056,0.1090,0
5222,0,4992.1095,4993.0873,4993.5226,0.1250,0
5223,0,4993.2639,4994.0571,4994.3651,0.1167,0
5224,0,4994.2096,4994.9320,4995.2398,0.1126,0
5225,0,4995.0879,4995.9930,4996.2804,0.1140,0
5226,0,4996.1426,4996.8377,4997.1103,0.1074,0
5227,0,4996.9762,4997.6606,4997.9900,0.1384,0
5228,0,4997.8313,4998.7724,4999.0549,0.1171,0
5229,0,4998.9196,4999.5904,4999.9249,0.1733,0
5230,0,4999.7940,5000.4714,5000.7518,0.1198,0
5231,0,5000.6202,5001.5198,5001.8430,0.1172,0
5232,0,5001.6773,5002.3739,5002.6918,0.1161,0
5233,0,5002.5254,5003.2279,5003.5699,0.1373,0
5234,0,5003.4006,5004.2439,5004.5622,0.1178,0
5235,0,5004.3965,5005.0931,5005.3946,0.1127,0
5236,0,5005.2366,5005.9350,5006.2187,0.1041,0
5237,0,5006.0683,5007.0143,5007.2719,0.1120,0
5238,0,5007.5957,5008.1840,5008.6125,0.1141,0
5239,0,5008.3842,5009.3372,5009.8113,0.2604,0
5240,0,5009.6401,5010.3604,5010.6355,0.1148,0
5241,0,5010.5037,5011.1739,5011.4481,0.1127,0
5242,0,5011.3200,5012.2060,5012.6350,0.2147,0
5243,0,5012.4675,5013.1779,5013.5103,0.1176,0
5244,0,5013.3337,5014.0595,5014.4404,0.1156,0
5245,0,5014.2053,5015.2673,5015.5671,0.1127,0
5246,0,5015.4093,5016.1008,5016.3932,0.1102,0
5247,0,5016.2401,5016.9239,5017.2250,0.1134,0
5248,0,5017.0666,5018.0553,5018.3597,0.1153,0
5249,0,5018.2002,5018.8909,5019.1890,0.1124,0
5250,0,5019.0342,5019.7297,5020.0730,0.1134,0
5251,0,5019.8813,5020.8790,5021.1585,0.1129,0
5252,0,5021.0240,5021.7167,5022.0299,0.1160,0
5253,0,5021.8636,5022.5617,5022.8922,0.1093,0
5254,0,5022.7017,5023.6953,5023.9723,0.1125,0
5255,0,5023.8351,5024.5197,5024.8010,0.1134,0
5256,0,5024.6621,5025.3380,5025.7139,0.1194,0
5257,0,5025.5162,5026.3995,5026.6821,0.1121,0
5258,0,5026.5430,5027.2264,5027.5454,0.1182,0
5259,0,5027.3795,5028.0795,5028.4883,0.1127,0
5260,0,5028.2234,5029.2767,5029.6088,0.1340,0
5261,0,5029.4466,5030.1424,5030.4538,0.1074,0
5262,0,5030.2856,5031.0219,5031.3403,0.1294,0
5263,0,5031.1851,5032.1561,5032.4661,0.1155,0
5264,0,5032.3125,5033.0260,5033.2994,0.1114,0
5265,0,5033.1681,5033.8439,5034.1259,0.1083,0
5266,0,5033.9826,5034.8561,5035.1380,0.1192,0
5267,0,5035.0056,5035.6777,5035.9730,0.1108,0
5268,0,5035.8167,5036.5086,5036.7735,0.1002,0
5269,0,5036.6551,5037.5630,5037.8514,0.1149,0
5270,0,5037.7094,5038.3924,5038.7307,0.1211,0
5271,0,5038.5573,5039.2771,5039.5929,0.1084,0
5272,0,5039.4215,5040.4188,5040.7212,0.1190,0
5273,0,5040.5751,5041.2632,5041.6133,0.1143,0
5274,0,5041.4163,5042.1598,5042.4412,0.1054,0
5275,0,5042.2974,5043.1946,5043.5415,0.1211,0
5276,0,5043.3623,5044.0845,5044.3792,0.1116,0
5277,0,5044.2271,5044.9153,5045.2149,0.1125,0
5278,0,5045.0656,5045.9489,5046.2681,0.1107,0
5279,0,5046.0980,5046.8119,5047.1136,0.1089,0
5280,0,5046.9544,5047.6705,5047.9991,0.1331,0
5281,0,5047.8368,5048.7940,5049.0704,0.1145,0
5282,0,5048.9368,5049.6143,5049.8839,0.1110,0
5283,0,5049.7531,5050.4217,5050.7465,0.1668,0
5284,0,5050.6160,5051.4443,5051.7154,0.1132,0
5285,0,5051.5869,5052.2542,5052.5791,0.1193,0
5286,0,5052.4126,5053.1166,5053.4556,0.1152,0
5287,0,5053.2661,5054.2433,5054.5610,0.1167,0
5288,0,5054.3943,5055.1035,5055.4080,0.1109,0
5289,0,5055.2446,5055.9388,5056.2325,0.1066,0
5290,0,5056.0761,5056.9997,5057.3861,0.1320,0
5291,0,5057.1884,5057.9554,5058.2539,0.1176,0
5292,0,5058.1077,5058.8104,5059.1317,0.1257,0
5293,0,5058.9702,5059.8568,5060.1438,0.1221,0
5294,0,5060.0089,5060.6927,5060.9861,0.1105,0
5295,0,5060.8312,5061.5222,5061.8676,0.1095,0
5296,0,5061.6848,5062.6233,5062.9232,0.1115,0
5297,0,5062.7743,5063.4693,5063.7653,0.1103,0
5298,0,5063.6163,5064.3078,5064.6766,0.1691,0
5299,0,5064.5142,5065.4941,5065.8105,0.1158,0
5300,0,5065.6608,5066.3575,5066.6669,0.1180,0
5301,0,5066.5091,5067.2017,5067.4896,0.1029,0
5302,0,5067.3390,5068.2295,5068.5124,0.1183,0
5303,0,5068.3786,5069.0490,5069.3200,0.1116,0
5304,0,5069.1871,5069.8564,5070.1575,0.1076,0
5305,0,5069.9920,5070.8193,5071.1262,0.1150,0
5306,0,5070.9663,5071.6611,5071.9324,0.1120,0
5307,0,5071.8008,5072.4651,5072.8282,0.1108,0
5308,0,5072.6073,5073.6923,5073.9896,0.1130,0
5309,0,5073.8413,5074.5389,5074.8164,0.1119,0
5310,0,5074.6824,5075.3604,5075.7020,0.1175,0
5311,0,5075.5141,5076.3573,5076.6509,0.1171,0
5312,0,5076.5102,5077.2028,5077.5063,0.1123,0
5313,0,5077.3473,5078.0429,5078.3576,0.1098,0
5314,0,5078.1846,5079.3095,5079.6375,0.1301,0
5315,0,5079.4743,5080.1721,5080.4955,0.1168,0
5316,0,5080.3265,5081.0397,5081.3456,0.1099,0
5317,0,5081.1860,5082.0832,5082.4127,0.1177,0
5318,0,5082.2408,5082.9518,5083.2540,0.1133,0
5319,0,5083.0965,5083.7924,5084.1332,0.1419,0
5320,0,5083.9681,5084.8202,5085.1287,0.1160,0
5321,0,5084.9685,5085.6651,5085.9637,0.1107,0
5322,0,5085.8062,5086.4993,5086.8441,0.1065,0
5323,0,5086.6353,5087.5051,5087.8076,0.1141,0
5324,0,5087.6499,5088.3850,5088.6953,0.1172,0
5325,0,5088.5421,5089.2602,5089.5538,0.1116,0
5326,0,5089.4048,5090.2862,5090.5741,0.1198,0
5327,0,5090.4404,5091.1296,5091.4043,0.1100,0
5328,0,5091.2709,5091.9479,5092.2848,0.1120,0
5329,0,5092.0867,5093.1068,5093.4156,0.1177,0
5330,0,5093.2604,5093.9839,5094.3006,0.1193,0
5331,0,5094.1353,5094.8531,5095.1975,0.1060,0
5332,0,5094.9934,5096.1749,5096.4905,0.1189,0
5333,0,5096.3281,5097.0173,5097.3095,0.1074,0
5334,0,5097.1526,5097.8441,5098.1451,0.1110,0
5335,0,5097.9833,5098.7256,5099.0804,0.1206,0
5336,0,5098.8831,5099.6466,5099.9289,0.1131,0
5337,0,5099.7887,5100.4720,5100.7616,0.1195,0
5338,0,5100.6253,5101.4694,5101.7742,0.1131,0
5339,0,5101.6228,5102.3572,5102.6384,0.1032,0
5340,0,5102.4986,5103.1912,5103.5178,0.1154,0
5341,0,5103.3412,5104.2024,5104.6157,0.1203,0
5342,0,5104.3687,5105.1494,5105.4490,0.1121,0
5343,0,5105.2945,5105.9946,5106.3198,0.1580,0
5344,0,5106.1829,5106.9918,5107.2807,0.1133,0
5345,0,5107.1400,5107.8240,5108.0989,0.1142,0
5346,0,5107.9665,5108.6355,5108.9528,0.1102,0
5347,0,5108.7731,5109.9103,5110.1932,0.1113,0
5348,0,5110.0528,5110.7332,5110.9994,0.1107,0
5349,0,5110.8717,5111.5349,5111.9028,0.1753,0
5350,0,5111.7513,5112.6342,5112.9432,0.1141,0
5351,0,5112.7880,5113.5090,5113.8042,0.1142,0
5352,0,5113.6592,5114.3662,5114.6571,0.1265,0
5353,0,5114.5218,5115.3522,5115.6339,0.1189,0
5354,0,5115.4996,5116.1703,5116.4500,0.1104,0
5355,0,5116.3097,5116.9773,5117.2925,0.1176,0
5356,0,5117.1218,5118.1163,5118.4227,0.1156,0
5357,0,5118.2604,5118.9517,5119.2688,0.1111,0
5358,0,5119.1093,5120.0202,5120.4727,0.1163,0
5359,0,5120.2322,5121.0651,5121.4681,0.1099,0
5360,0,5121.2643,5122.0143,5122.3978,0.1085,0
5361,0,5122.1984,5122.9380,5123.5988,0.3739,0
5362,0,5123.3525,5124.1647,5124.5532,0.1107,0
5363,0,5124.3087,5125.0796,5125.3737,0.1141,0
5364,0,5125.2274,5126.2380,5126.7794,0.1611,0
5365,0,5126.4380,5127.0015,5127.2993,0.0915,0
5366,0,5127.1226,5127.8154,5128.1444,0.1137,0
5367,0,5127.9589,5128.9464,5129.3865,0.2547,0
5368,0,5129.2361,5129.9432,5130.2762,0.1642,0
5369,0,5130.1398,5130.8218,5131.2647,0.1111,0
5370,0,5130.9652,5132.1054,5132.4017,0.1195,0
5371,0,5132.2613,5132.9362,5133.2270,0.1109,0
5372,0,5133.0874,5133.8116,5134.1174,0.1170,0
5373,0,5133.9644,5134.7556,5135.0324,0.1144,0
5374,0,5134.9003,5135.5722,5135.8784,0.1143,0
5375,0,5135.7228,5136.4404,5136.7470,0.1035,0
5376,0,5136.5714,5137.5412,5137.8444,0.1127,0
5377,0,5137.6825,5138.3744,5138.6831,0.1153,0
5378,0,5138.5185,5139.2153,5139.5131,0.1095,0
5379,0,5139.3528,5140.3124,5140.5888,0.1144,0
5380,0,5140.4547,5141.1265,5141.4380,0.1203,0
5381,0,5141.2731,5141.9423,5142.3134,0.1168,0
5382,0,5142.0921,5143.0644,5143.4485,0.1561,0
5383,0,5143.2715,5144.0147,5144.3080,0.1142,0
5384,0,5144.1645,5144.8569,5145.1839,0.1025,0
5385,0,5145.0020,5145.9588,5146.2495,0.1134,0
5386,0,5146.1081,5146.8131,5147.0836,0.1041,0
5387,0,5146.9484,5147.6267,5147.9206,0.1055,0
5388,0,5147.7639,5148.7168,5149.0171,0.1129,0
5389,0,5148.8608,5149.5513,5149.8491,0.1101,0
5390,0,5149.6932,5150.3819,5150.6785,0.1138,0
5391,0,5150.5258,5151.4785,5151.8549,0.1298,0
5392,0,5151.6505,5152.3864,5152.7112,0.1185,0
5393,0,5152.5411,5153.2495,5153.6168,0.1368,0
5394,0,5153.4283,5154.3172,5154.6046,0.1175,0
5395,0,5154.4639,5155.1417,5155.4216,0.1149,0
5396,0,5155.2832,5155.9566,5156.2356,0.1043,0
5397,0,5156.0868,5157.0040,5157.2979,0.1081,0
5398,0,5157.1507,5157.8585,5158.1353,0.1118,0
5399,0,5158.0030,5158.6769,5158.9660,0.1099,0
5400,0,5158.8219,5159.7539,5160.0811,0.1691,0
5401,0,5159.9517,5160.6170,5160.9036,0.1116,0
5402,0,5160.7709,5161.4441,5161.7842,0.1105,0
5403,0,5161.5825,5162.3903,5162.8846,0.2686,0
5404,0,5162.6983,5163.4173,5163.7861,0.1165,0
5405,0,5163.5668,5164.3124,5164.6724,0.1697,0
5406,0,5164.5228,5165.4259,5165.7357,0.1155,0
5407,0,5165.5830,5166.2997,5166.5871,0.1128,0
5408,0,5166.4498,5167.1527,5167.4876,0.1184,0
5409,0,5167.3088,5168.1593,5168.4552,0.1134,0
5410,0,5168.3049,5168.9912,5169.2676,0.1137,0
5411,0,5169.1345,5169.8091,5170.0773,0.1027,0
5412,0,5169.9404,5170.8662,5171.1386,0.1169,0
5413,0,5171.0105,5171.6733,5171.9710,0.1093,0
5414,0,5171.8129,5172.5092,5172.8771,0.1145,0
5415,0,5172.6647,5173.6627,5173.9459,0.1143,0
5416,0,5173.8065,5174.4807,5174.7635,0.1124,0
5417,0,5174.6262,5175.3014,5175.6424,0.1199,0
5418,0,5175.4531,5176.5633,5176.8661,0.1127,0
5419,0,5176.7069,5177.3930,5177.6867,0.1100,0
5420,0,5177.5336,5178.2257,5178.6063,0.1637,0
5421,0,5178.4303,5179.3204,5179.6193,0.1106,0
5422,0,5179.4690,5180.1694,5180.4468,0.1044,0
5423,0,5180.3036,5180.9863,5181.3089,0.1567,0
5424,0,5181.1719,5181.9766,5182.3030,0.1174,0
5425,0,5182.1365,5182.8393,5183.1581,0.1187,0
5426,0,5182.9922,5183.7022,5183.9935,0.1075,0
5427,0,5183.8381,5184.7845,5185.0604,0.1138,0
5428,0,5184.9248,5185.5963,5185.8919,0.1105,0
5429,0,5185.7346,5186.4238,5186.7463,0.1104,0
5430,0,5186.5614,5187.5674,5187.8595,0.1124,0
5431,0,5187.7078,5188.3958,5188.6966,0.1103,0
5432,0,5188.5334,5189.2300,5189.5438,0.1102,0
5433,0,5189.3671,5190.3283,5190.6214,0.1120,0
5434,0,5190.4681,5191.1551,5191.4513,0.1114,0
5435,0,5191.2949,5191.9820,5192.3130,0.1120,0
5436,0,5192.1212,5193.0247,5193.4699,0.2370,0
5437,0,5193.2972,5194.0325,5194.3609,0.1277,0
5438,0,5194.1932,5194.9115,5195.2323,0.1260,0
5439,0,5195.0729,5195.9608,5196.2689,0.1105,0
5440,0,5196.1109,5196.8402,5197.1571,0.1126,0
5441,0,5196.9853,5197.6955,5198.0669,0.1103,0
5442,0,5197.9042,5198.7827,5199.0959,0.1125,0
5443,0,5198.9326,5199.6400,5199.9429,0.1101,0
5444,0,5199.7811,5200.4832,5200.7968,0.1202,0
5445,0,5200.6408,5201.4941,5201.7703,0.1151,0
5446,0,5201.6376,5202.3112,5202.6066,0.1069,0
5447,0,5202.4703,5203.1538,5203.4738,0.1152,0
5448,0,5203.3044,5204.2438,5204.5425,0.1146,0
5449,0,5204.3895,5205.0909,5205.3770,0.1123,0
5450,0,5205.2331,5205.9136,5206.2178,0.1090,0
5451,0,5206.0507,5206.9967,5207.2928,0.1125,0
5452,0,5207.1373,5207.8292,5208.1217,0.1099,0
5453,0,5207.9670,5208.6538,5208.9896,0.1122,0
5454,0,5208.7942,5209.7503,5210.0811,0.1719,0
5455,0,5209.9493,5210.6141,5210.8908,0.1159,0
5456,0,5210.7563,5211.4264,5211.7346,0.1125,0
5457,0,5211.5660,5212.6264,5212.9421,0.1155,0
5458,0,5212.7779,5213.4797,5213.8187,0.1156,0
5459,0,5213.6376,5214.3825,5214.6890,0.1163,0
5460,0,5214.5390,5215.3817,5215.6605,0.1159,0
5461,0,5215.5279,5216.1974,5216.4692,0.1117,0
5462,0,5216.3373,5217.0103,5217.3010,0.1098,0
5463,0,5217.1478,5218.1232,5218.4037,0.1100,0
5464,0,5218.2628,5218.9458,5219.2186,0.1123,0
5465,0,5219.0855,5219.7517,5220.0844,0.1121,0
5466,0,5219.8936,5220.7744,5221.1074,0.1701,0
5467,0,5220.9716,5221.6374,5221.9070,0.1109,0
5468,0,5221.7767,5222.4452,5222.7690,0.1120,0
5469,0,5222.5965,5223.6030,5223.9254,0.1236,0
5470,0,5223.7619,5224.4586,5224.7456,0.1128,0
5471,0,5224.6065,5225.2782,5225.6306,0.1113,0
5472,0,5225.4182,5226.3808,5226.7104,0.1667,0
5473,0,5226.5760,5227.2465,5227.5383,0.1055,0
5474,0,5227.3814,5228.0732,5228.4083,0.1103,0
5475,0,5228.2129,5229.3928,5229.7436,0.1826,0
5476,0,5229.6068,5230.3212,5230.6090,0.1105,0
5477,0,5230.4655,5231.1495,5231.4454,0.1168,0
5478,0,5231.2963,5232.0298,5232.3005,0.1117,0
5479,0,5232.1705,5232.8457,5233.1498,0.1122,0
5480,0,5232.9895,5233.6857,5233.9948,0.1116,0
5481,0,5233.8274,5234.7799,5235.0790,0.1121,0
5482,0,5234.9220,5235.6148,5235.9106,0.1104,0
5483,0,5235.7548,5236.4424,5236.7656,0.1059,0
5484,0,5236.5777,5237.5659,5237.8609,0.1115,0
5485,0,5237.7072,5238.3939,5238.6687,0.1149,0
5486,0,5238.5376,5239.2061,5239.5381,0.1094,0
5487,0,5239.3441,5240.2928,5240.6386,0.1639,0
5488,0,5240.4881,5241.1734,5241.4713,0.1099,0
5489,0,5241.3154,5242.0037,5242.3360,0.1169,0
5490,0,5242.1556,5243.1193,5243.4391,0.1188,0
5491,0,5243.2733,5243.9726,5244.2688,0.1099,0
5492,0,5244.1126,5244.8087,5245.2344,0.1050,0
5493,0,5244.9435,5246.0271,5246.3529,0.1181,0
5494,0,5246.1830,5246.8965,5247.2134,0.1105,0
5495,0,5247.0421,5247.7569,5248.0482,0.1044,0
5496,0,5247.8963,5248.7714,5249.0548,0.1172,0
5497,0,5248.9193,5249.5941,5249.8696,0.1138,0
5498,0,5249.7350,5250.4071,5250.7280,0.1069,0
5499,0,5250.5507,5251.3865,5251.6730,0.1129,0
5500,0,5251.5290,5252.2148,5252.4936,0.1123,0
5501,0,5252.3555,5253.0338,5253.3418,0.1105,0
5502,0,5253.1728,5254.1688,5254.4621,0.1114,0
5503,0,5254.3104,5255.0097,5255.2858,0.1123,0
5504,0,5255.1513,5255.8395,5256.1633,0.1111,0
5505,0,5255.9779,5257.1093,5257.4222,0.1180,0
5506,0,5257.2563,5257.9582,5258.2635,0.1175,0
5507,0,5258.1072,5258.8187,5259.1200,0.1112,0
5508,0,5258.9595,5259.8649,5260.1788,0.1157,0
5509,0,5260.0159,5260.7277,5261.0191,0.1103,0
5510,0,5260.8671,5261.5559,5261.9241,0.1647,0
5511,0,5261.7648,5262.6432,5262.9482,0.1120,0
5512,0,5262.7941,5263.4897,5263.7775,0.1065,0
5513,0,5263.6320,5264.3370,5264.6707,0.1664,0
5514,0,5264.5318,5265.3862,5265.6971,0.1155,0
5515,0,5265.5315,5266.2241,5266.5191,0.1128,0
5516,0,5266.3647,5267.0511,5267.3395,0.1029,0
5517,0,5267.1820,5268.1382,5268.4629,0.1184,0
5518,0,5268.2903,5268.9914,5269.2998,0.1171,0
5519,0,5269.1374,5269.8305,5270.1398,0.1099,0
5520,0,5269.9697,5270.9243,5271.2070,0.1148,0
5521,0,5271.0669,5271.7391,5272.0291,0.1091,0
5522,0,5271.8757,5272.5671,5272.8855,0.1158,0
5523,0,5272.7182,5273.8097,5274.0949,0.1177,0
5524,0,5273.9562,5274.6268,5274.9005,0.1135,0
5525,0,5274.7671,5275.4352,5275.8202,0.1614,0
5526,0,5275.6529,5276.5851,5276.8928,0.1169,0
5527,0,5276.7427,5277.4602,5277.7959,0.1236,0
5528,0,5277.6160,5278.3339,5278.8213,0.3125,0
5529,0,5278.6788,5279.4012,5279.6892,0.1114,0
5530,0,5279.5437,5280.2361,5280.5184,0.1161,0
5531,0,5280.3849,5281.0533,5281.3333,0.1111,0
5532,0,5281.1918,5282.0221,5282.3477,0.1192,0
5533,0,5282.1836,5282.8831,5283.1969,0.1181,0
5534,0,5283.0356,5283.7309,5284.0233,0.1091,0
5535,0,5283.8683,5284.8164,5285.1235,0.1140,0
5536,0,5284.9778,5285.6625,5285.9569,0.1098,0
5537,0,5285.8014,5286.4903,5286.7810,0.1059,0
5538,0,5286.6239,5287.5781,5287.8849,0.1187,0
5539,0,5287.7246,5288.4150,5288.7534,0.1178,0
5540,0,5288.5748,5289.3222,5289.6782,0.1587,0
5541,0,5289.5241,5290.4879,5290.7854,0.1128,0
5542,0,5290.6390,5291.3435,5291.6673,0.1155,0
5543,0,5291.4974,5292.2181,5292.7287,0.1094,0
5544,0,5292.4073,5293.2905,5293.6194,0.1162,0
5545,0,5293.4434,5294.1646,5294.4597,0.1169,0
5546,0,5294.3130,5295.0081,5295.4964,0.2948,0
5547,0,5295.3416,5296.0663,5296.3652,0.1109,0
5548,0,5296.2132,5296.9117,5297.2097,0.1079,0
5549,0,5297.0490,5297.7418,5298.0635,0.1290,0
5550,0,5297.9083,5298.7191,5299.0129,0.1247,0
5551,0,5298.8749,5299.5478,5299.8267,0.1120,0
5552,0,5299.6871,5300.3588,5300.6571,0.1108,0
5553,0,5300.5025,5301.4431,5301.7379,0.1128,0
5554,0,5301.5835,5302.2708,5302.5749,0.1090,0
5555,0,5302.4163,5303.1470,5303.4801,0.1182,0
5556,0,5303.3034,5304.2947,5304.5823,0.1128,0
5557,0,5304.4405,5305.1173,5305.4220,0.1124,0
5558,0,5305.2586,5305.9570,5306.2503,0.1075,0
5559,0,5306.0952,5307.0174,5307.2896,0.1132,0
5560,0,5307.1604,5307.8427,5308.1166,0.1136,0
5561,0,5307.9830,5308.6467,5308.9769,0.1096,0
5562,0,5308.7922,5309.7690,5310.0447,0.1152,0
5563,0,5309.9124,5310.5809,5310.8906,0.1150,0
5564,0,5310.7297,5311.4234,5311.8187,0.1095,0
5565,0,5311.5627,5312.6040,5312.9249,0.1177,0
5566,0,5312.7625,5313.4551,5313.7820,0.1161,0
5567,0,5313.6083,5314.3229,5314.6646,0.1659,0
5568,0,5314.5220,5315.3577,5315.6354,0.1179,0
5569,0,5315.5054,5316.1698,5316.4487,0.1131,0
5570,0,5316.3124,5316.9902,5317.2960,0.1115,0
5571,0,5317.1292,5318.1149,5318.4106,0.1134,0
5572,0,5318.2583,5318.9496,5319.2485,0.1121,0
5573,0,5319.0915,5319.7775,5320.0986,0.1081,0
5574,0,5319.9154,5320.8927,5321.1830,0.1078,0
5575,0,5321.0300,5321.7113,5322.0227,0.1071,0
5576,0,5321.8554,5322.5875,5322.9411,0.1089,0
5577,0,5322.7392,5323.7580,5324.0648,0.1142,0
5578,0,5323.9137,5324.6300,5324.9204,0.1126,0
5579,0,5324.7792,5325.4768,5325.7763,0.1289,0
5580,0,5325.6437,5326.4468,5326.7600,0.1149,0
5581,0,5326.6001,5327.2898,5327.5798,0.1093,0
5582,0,5327.4267,5328.1158,5328.5025,0.1155,0
5583,0,5328.2728,5329.2542,5329.5366,0.1095,0
5584,0,5329.3957,5330.0741,5330.3662,0.1119,0
5585,0,5330.2212,5330.9353,5331.2432,0.1135,0
5586,0,5331.0824,5332.0313,5332.3039,0.1139,0
5587,0,5332.1742,5332.8580,5333.1678,0.1133,0
5588,0,5333.0037,5333.7233,5334.0397,0.1159,0
5589,0,5333.8673,5334.7222,5335.0018,0.1131,0
5590,0,5334.8638,5335.5338,5335.8267,0.1116,0
5591,0,5335.6733,5336.3568,5336.7696,0.1110,0
5592,0,5336.5020,5337.5673,5337.8932,0.1624,0
5593,0,5337.7585,5338.4282,5338.7079,0.1126,0
5594,0,5338.5737,5339.2634,5339.5489,0.1012,0
5595,0,5339.3944,5340.3316,5340.6600,0.1203,0
5596,0,5340.4896,5341.2026,5341.5132,0.1099,0
5597,0,5341.3409,5342.0412,5342.3848,0.1522,0
5598,0,5342.2216,5343.0628,5343.4198,0.1201,0
5599,0,5343.2303,5343.9736,5344.2738,0.1141,0
5600,0,5344.1294,5344.8221,5345.1381,0.1037,0
5601,0,5344.9553,5345.7234,5346.1856,0.2663,0
5602,0,5346.0218,5346.7202,5347.0195,0.1089,0
5603,0,5346.8600,5347.5499,5347.8588,0.1106,0
5604,0,5347.6896,5348.6941,5348.9749,0.1166,0
5605,0,5348.8408,5349.5161,5349.7926,0.1135,0
5606,0,5349.6595,5350.3314,5350.6409,0.1108,0
5607,0,5350.4714,5351.4389,5351.7156,0.1143,0
5608,0,5351.5819,5352.2546,5352.5629,0.1125,0
5609,0,5352.3970,5353.1019,5353.4506,0.1127,0
5610,0,5353.2478,5354.2094,5354.5728,0.1563,0
5611,0,5354.4066,5355.1012,5355.5416,0.1225,0
5612,0,5355.2612,5356.0634,5356.3508,0.1051,0
5613,0,5356.2043,5357.0104,5357.2897,0.1107,0
5614,0,5357.1567,5357.8541,5358.1412,0.1120,0
5615,0,5357.9983,5358.6952,5358.9713,0.1060,0
5616,0,5358.8278,5359.7858,5360.0820,0.1131,0
5617,0,5359.9266,5360.6103,5360.9046,0.1101,0
5618,0,5360.7480,5361.4357,5361.8574,0.1097,0
5619,0,5361.5730,5362.6504,5362.9509,0.1105,0
5620,0,5362.7978,5363.4952,5363.7949,0.1124,0
5621,0,5363.6453,5364.3473,5364.6921,0.1401,0
5622,0,5364.5238,5365.4058,5365.7612,0.1742,0
5623,0,5365.6120,5366.3142,5366.5933,0.1154,0
5624,0,5366.4602,5367.1519,5367.4681,0.1269,0
5625,0,5367.3319,5368.1085,5368.4201,0.1179,0
5626,0,5368.2575,5368.9541,5369.2532,0.1119,0
5627,0,5369.0943,5369.7859,5370.0996,0.1081,0
5628,0,5369.9209,5370.8470,5371.3325,0.1654,0
5629,0,5371.0404,5371.8932,5372.1973,0.1114,0
5630,0,5372.0414,5372.7633,5373.0553,0.1123,0
5631,0,5372.9147,5373.7146,5374.0033,0.1173,0
5632,0,5373.8649,5374.5602,5374.8368,0.1130,0
5633,0,5374.7011,5375.3725,5375.7032,0.1161,0
5634,0,5375.5272,5376.4790,5376.7845,0.1150,0
5635,0,5376.6243,5377.3128,5377.5944,0.1141,0
5636,0,5377.4609,5378.1424,5378.5090,0.1097,0
5637,0,5378.2854,5379.2981,5379.6010,0.1137,0
5638,0,5379.4458,5380.1672,5380.4678,0.1124,0
5639,0,5380.3174,5381.0352,5381.3512,0.1325,0
5640,0,5381.2030,5382.0677,5382.3949,0.1191,0
5641,0,5382.2333,5382.9420,5383.2633,0.1155,0
5642,0,5383.0925,5383.8112,5384.1350,0.1340,0
5643,0,5383.9769,5384.8710,5385.1510,0.1155,0
5644,0,5385.0162,5385.6863,5385.9808,0.1093,0
5645,0,5385.8238,5386.5139,5386.8027,0.1096,0
5646,0,5386.6511,5387.7488,5388.0835,0.1193,0
5647,0,5387.9064,5388.6262,5388.9238,0.1115,0
5648,0,5388.7662,5389.4590,5389.7623,0.1169,0
5649,0,5389.6041,5390.4794,5390.7603,0.1171,0
5650,0,5390.6257,5391.2972,5391.5900,0.1171,0
5651,0,5391.4405,5392.1171,5392.4472,0.1475,0
5652,0,5392.3028,5393.1910,5393.5111,0.1142,0
5653,0,5393.3458,5394.0573,5394.3789,0.1139,0
5654,0,5394.2170,5394.9512,5395.2739,0.1110,0
5655,0,5395.1053,5396.0110,5396.3012,0.1143,0
5656,0,5396.1584,5396.8640,5397.1419,0.1031,0
5657,0,5397.0037,5397.7010,5398.0152,0.1262,0
5658,0,5397.8588,5398.7587,5399.0675,0.1153,0
5659,0,5398.9054,5399.6028,5399.9287,0.1174,0
5660,0,5399.7609,5400.4605,5400.7937,0.1408,0
5661,0,5400.6320,5401.5358,5401.8356,0.1120,0
5662,0,5401.6798,5402.3758,5402.7904,0.1183,0
5663,0,5402.5336,5403.3357,5403.6618,0.1180,0
5664,0,5403.4910,5404.3312,5404.6563,0.1287,0
5665,0,5404.4946,5405.1857,5405.4996,0.1144,0
5666,0,5405.3335,5406.0278,5406.3466,0.1351,0
5667,0,5406.1928,5407.1068,5407.4133,0.1161,0
5668,0,5407.2541,5407.9492,5408.2458,0.1098,0
5669,0,5408.0909,5408.7794,5409.1171,0.1495,0
5670,0,5408.9604,5409.8548,5410.1597,0.1194,0
5671,0,5410.0056,5410.6899,5410.9568,0.1117,0
5672,0,5410.8295,5411.4992,5411.8310,0.1020,0
5673,0,5411.6300,5412.6654,5412.9808,0.1158,0
5674,0,5412.8221,5413.5203,5413.8451,0.1209,0
5675,0,5413.6754,5414.3818,5414.6950,0.1125,0
5676,0,5414.5302,5415.4391,5415.7386,0.1129,0
5677,0,5415.5821,5416.2703,5416.5650,0.1093,0
5678,0,5416.4101,5417.1063,5417.4518,0.1539,0
5679,0,5417.2910,5418.1968,5418.4725,0.1141,0
5680,0,5418.3426,5419.0160,5419.3107,0.1143,0
5681,0,5419.1638,5419.8589,5420.1206,0.1004,0
5682,0,5419.9874,5420.9754,5421.2590,0.1131,0
5683,0,5421.1205,5421.7933,5422.1102,0.1087,0
5684,0,5421.9408,5422.6880,5423.0443,0.1528,0
5685,0,5422.8871,5423.7840,5424.0910,0.1146,0
5686,0,5423.9410,5424.6724,5424.9591,0.1140,0
5687,0,5424.8202,5425.5200,5425.7858,0.1058,0
5688,0,5425.6538,5426.5371,5426.8391,0.1118,0
5689,0,5426.6784,5427.3663,5427.6685,0.1085,0
5690,0,5427.5135,5428.2340,5428.5980,0.1498,0
5691,0,5428.4241,5429.3356,5429.6223,0.1130,0
5692,0,5429.4811,5430.1697,5430.4629,0.1034,0
5693,0,5430.3032,5431.0218,5431.3370,0.1246,0
5694,0,5431.1822,5432.0754,5432.3823,0.1116,0
5695,0,5432.2174,5432.9109,5433.2115,0.1140,0
5696,0,5433.0546,5433.7443,5434.0465,0.1092,0
5697,0,5433.8850,5434.7496,5435.0476,0.1138,0
5698,0,5434.9036,5435.5962,5435.8670,0.1115,0
5699,0,5435.7360,5436.4014,5436.7708,0.1005,0
5700,0,5436.5316,5437.5911,5437.8786,0.1144,0
5701,0,5437.7381,5438.4124,5438.6932,0.1112,0
5702,0,5438.5543,5439.2263,5439.5341,0.1124,0
5703,0,5439.3664,5440.3213,5440.6239,0.1142,0
5704,0,5440.4688,5441.1566,5441.4502,0.1098,0
5705,0,5441.2958,5441.9824,5442.3365,0.1174,0
5706,0,5442.1331,5443.1228,5443.4568,0.1187,0
5707,0,5443.2754,5443.9916,5444.2881,0.1100,0
5708,0,5444.1318,5444.8298,5445.1637,0.1128,0
5709,0,5444.9714,5445.7498,5446.1846,0.2668,0
5710,0,5446.0463,5446.7251,5447.0208,0.1108,0
5711,0,5446.8659,5447.5571,5447.8817,0.1103,0
5712,0,5447.6983,5448.6849,5448.9970,0.1171,0
5713,0,5448.8357,5449.5268,5449.9767,0.1118,0
5714,0,5449.7501,5450.5655,5450.9049,0.1175,0
5715,0,5450.7162,5451.5243,5451.8408,0.1210,0
5716,0,5451.6742,5452.3788,5452.6811,0.1178,0
5717,0,5452.5221,5453.2142,5453.6240,0.1121,0
5718,0,5453.3613,5454.3845,5454.7009,0.1177,0
5719,0,5454.5395,5455.2464,5455.5340,0.1141,0
5720,0,5455.3907,5456.0737,5456.3665,0.1107,0
5721,0,5456.2169,5457.0074,5457.2868,0.1139,0
5722,0,5457.1519,5457.8255,5458.1403,0.1103,0
5723,0,5457.9728,5458.6819,5458.9849,0.1069,0
5724,0,5458.8224,5459.7713,5460.0485,0.1146,0
5725,0,5459.9154,5460.5872,5460.8652,0.1157,0
5726,0,5460.7308,5461.4090,5461.7977,0.1717,0
5727,0,5461.6093,5462.5015,5462.9345,0.2532,0
5728,0,5462.7923,5463.4772,5463.7623,0.1107,0
5729,0,5463.6180,5464.2984,5464.5880,0.1162,0
5730,0,5464.4480,5465.3745,5465.6791,0.1151,0
5731,0,5465.5245,5466.2185,5466.4990,0.1118,0
5732,0,5466.3615,5467.0422,5467.3094,0.1058,0
5733,0,5467.1777,5468.1022,5468.4005,0.1209,0
5734,0,5468.2539,5468.9373,5469.2110,0.1126,0
5735,0,5469.0791,5469.7496,5470.0892,0.1113,0
5736,0,5469.8910,5471.0151,5471.3066,0.1167,0
5737,0,5471.1671,5471.8807,5472.1851,0.1112,0
5738,0,5472.0257,5472.7460,5473.0275,0.1093,0
5739,0,5472.8892,5473.6922,5473.9801,0.1149,0
5740,0,5473.8381,5474.5161,5474.7958,0.1157,0
5741,0,5474.6592,5475.3284,5475.6605,0.1189,0
5742,0,5475.4835,5476.4528,5476.7523,0.1124,0
5743,0,5476.5929,5477.2757,5477.5449,0.1099,0
5744,0,5477.4131,5478.0797,5478.4367,0.1111,0
5745,0,5478.2235,5479.1010,5479.5806,0.2767,0
5746,0,5479.4102,5480.1235,5480.5244,0.1111,0
5747,0,5480.2725,5481.0642,5481.3884,0.1116,0
5748,0,5481.2206,5482.1236,5482.4806,0.1190,0
5749,0,5482.2949,5483.0655,5483.4008,0.1150,0
5750,0,5483.2211,5483.9606,5484.5517,0.3747,0
5751,0,5484.3785,5485.1202,5485.4497,0.1179,0
5752,0,5485.2764,5485.9844,5486.2859,0.1105,0
5753,0,5486.1231,5486.8246,5487.4739,0.4578,0
5754,0,5487.3108,5488.0074,5488.3304,0.1177,0
5755,0,5488.1583,5488.8605,5489.1359,0.1160,0
5756,0,5489.0031,5489.9531,5490.2333,0.1146,0
5757,0,5490.0939,5490.7657,5491.0419,0.1105,0
5758,0,5490.9057,5491.5732,5491.8447,0.1124,0
5759,0,5491.7122,5492.3763,5492.9358,0.3642,0
5760,0,5492.7789,5493.5051,5493.7909,0.1124,0
5761,0,5493.6535,5494.3254,5494.6046,0.1139,0
5762,0,5494.4708,5495.3358,5495.7675,0.2654,0
5763,0,5495.6302,5496.3066,5496.6107,0.1093,0
5764,0,5496.4607,5497.1523,5497.4361,0.1118,0
5765,0,5497.2935,5497.9746,5498.4560,0.3058,0
5766,0,5498.3123,5498.9960,5499.2727,0.1108,0
5767,0,5499.1375,5499.8115,5500.0829,0.1112,0
5768,0,5499.9513,5500.6202,5501.1728,0.3881,0
5769,0,5501.0392,5501.7135,5502.0201,0.1102,0
5770,0,5501.8566,5502.5571,5502.8709,0.1131,0
5771,0,5502.7072,5503.4160,5503.9795,0.3730,0
5772,0,5503.8240,5504.5140,5504.8019,0.1106,0
5773,0,5504.6587,5505.3450,5505.6418,0.1087,0
5774,0,5505.4870,5506.1759,5506.4538,0.1110,0
5775,0,5506.3174,5507.0361,5507.3024,0.1141,0
5776,0,5507.6186,5508.1956,5508.5797,0.1097,0
5777,0,5508.4097,5509.2926,5509.7316,0.2628,0
5778,0,5509.5917,5510.2673,5510.5392,0.1111,0
5779,0,5510.4058,5511.0703,5511.3709,0.1124,0
5780,0,5511.2253,5512.1137,5512.5611,0.2601,0
5781,0,5512.4154,5513.1344,5513.4427,0.1092,0
5782,0,5513.2822,5513.9788,5514.2913,0.1132,0
5783,0,5514.1261,5515.0571,5515.3983,0.1667,0
5784,0,5515.2588,5515.9364,5516.2190,0.1110,0
5785,0,5516.0778,5516.7463,5517.0123,0.1051,0
5786,0,5516.8783,5517.7851,5518.1104,0.1655,0
5787,0,5517.9778,5518.6416,5518.9677,0.1167,0
5788,0,5518.7953,5519.5032,5519.8095,0.1096,0
5789,0,5519.6424,5520.6077,5520.9173,0.1222,0
5790,0,5520.7592,5521.4501,5521.7614,0.1177,0
5791,0,5521.6012,5522.2912,5522.6119,0.1131,0
5792,0,5522.4391,5523.4802,5523.7653,0.1184,0
5793,0,5523.6261,5524.2967,5524.6003,0.1122,0
5794,0,5524.4420,5525.1361,5525.4149,0.1091,0
5795,0,5525.2725,5526.2661,5526.5480,0.1191,0
5796,0,5526.4128,5527.0838,5527.3740,0.1113,0
5797,0,5527.2291,5527.9166,5528.1964,0.1098,0
5798,0,5528.0588,5529.1576,5529.4501,0.1168,0
5799,0,5529.3043,5529.9812,5530.2601,0.1112,0
5800,0,5530.1206,5530.7884,5531.1261,0.1138,0
5801,0,5530.9298,5531.9383,5532.2608,0.1327,0
5802,0,5532.0988,5532.7906,5533.1129,0.1158,0
5803,0,5532.9582,5533.6495,5533.9774,0.1089,0
5804,0,5533.7867,5534.7577,5535.0372,0.1156,0
5805,0,5534.9004,5535.5677,5535.8452,0.1141,0
5806,0,5535.7083,5536.3788,5536.6885,0.1134,0
5807,0,5536.5184,5537.4953,5537.7842,0.1124,0
5808,0,5537.6350,5538.3167,5538.6074,0.1090,0
5809,0,5538.4527,5539.1352,5539.4637,0.1098,0
5810,0,5539.2739,5540.2813,5540.5801,0.1179,0
5811,0,5540.4270,5541.1103,5541.4094,0.1082,0
5812,0,5541.2457,5541.9403,5542.3591,0.1169,0
5813,0,5542.0902,5543.1832,5543.5316,0.1182,0
5814,0,5543.3498,5544.0972,5544.3989,0.1099,0
5815,0,5544.2408,5544.9348,5545.2432,0.1284,0
5816,0,5545.1047,5545.9767,5546.2761,0.1113,0
5817,0,5546.1208,5546.8206,5547.0963,0.1031,0
5818,0,5546.9534,5547.6361,5547.9133,0.1012,0
5819,0,5547.7810,5548.7214,5549.0623,0.1240,0
5820,0,5548.8791,5549.5853,5549.8769,0.1134,0
5821,0,5549.7269,5550.4113,5550.7012,0.1044,0
5822,0,5550.5437,5551.4586,5551.7542,0.1105,0
5823,0,5551.6107,5552.3239,5552.6489,0.1173,0
5824,0,5552.4786,5553.2076,5553.6281,0.1714,0
5825,0,5553.4316,5554.3223,5554.6305,0.1153,0
5826,0,5554.4804,5555.1812,5555.4647,0.1119,0
5827,0,5555.3216,5556.0132,5556.3253,0.1387,0
5828,0,5556.1846,5557.0168,5557.3266,0.1131,0
5829,0,5557.1594,5557.8594,5558.1555,0.1095,0
5830,0,5557.9981,5558.6859,5559.1953,0.1127,0
5831,0,5558.8435,5559.4466,5559.9705,0.3425,0
5832,0,5559.8278,5560.5140,5560.7929,0.1130,0
5833,0,5560.6558,5561.3285,5561.5985,0.1123,0
5834,0,5561.4709,5562.5493,5562.8376,0.1162,0
5835,0,5562.6981,5563.3674,5563.6501,0.1124,0
5836,0,5563.5111,5564.1855,5564.5463,0.1134,0
5837,0,5564.3255,5565.2932,5565.6731,0.1629,0
5838,0,5565.4920,5566.2369,5566.5384,0.1101,0
5839,0,5566.3767,5567.0686,5567.3687,0.1060,0
5840,0,5567.2047,5568.0498,5568.3744,0.1115,0
5841,0,5568.2010,5568.9359,5569.2578,0.1104,0
5842,0,5569.0781,5569.8091,5570.0839,0.1095,0
5843,0,5569.9478,5570.8742,5571.1797,0.1117,0
5844,0,5571.0143,5571.7077,5572.0020,0.1098,0
5845,0,5571.8453,5572.5297,5572.8899,0.1184,0
5846,0,5572.6838,5573.6898,5574.1047,0.1172,0
5847,0,5573.8354,5574.6297,5574.9344,0.1097,0
5848,0,5574.7795,5575.5051,5575.7970,0.1126,0
5849,0,5575.6499,5576.4915,5576.7809,0.1042,0
5850,0,5576.6286,5577.3221,5577.6059,0.1156,0
5851,0,5577.4706,5578.1453,5578.4710,0.1085,0
5852,0,5578.2814,5579.2607,5579.5551,0.1094,0
5853,0,5579.4040,5580.1021,5580.4019,0.1115,0
5854,0,5580.2441,5580.9384,5581.2100,0.1092,0
5855,0,5581.0766,5581.9552,5582.2958,0.1591,0
5856,0,5582.1492,5582.8274,5583.1134,0.1129,0
5857,0,5582.9695,5583.6459,5584.0487,0.1119,0
5858,0,5583.7977,5584.7372,5585.2555,0.2698,0
5859,0,5585.0449,5585.8102,5586.1043,0.1104,0
5860,0,5585.9545,5586.6605,5586.9478,0.1052,0
5861,0,5586.7976,5587.6371,5587.9273,0.1156,0
5862,0,5587.7875,5588.4850,5588.7731,0.1153,0
5863,0,5588.6338,5589.3032,5589.6674,0.1691,0
5864,0,5589.5117,5590.3250,5590.6293,0.1179,0
5865,0,5590.4835,5591.1715,5591.4471,0.1120,0
5866,0,5591.3126,5591.9858,5592.2919,0.1093,0
5867,0,5592.1280,5593.0913,5593.4057,0.1181,0
5868,0,5593.2533,5593.9562,5594.2513,0.1145,0
5869,0,5594.1045,5594.7874,5595.1331,0.1113,0
5870,0,5594.9287,5595.9189,5596.2263,0.1132,0
5871,0,5596.0639,5596.7574,5597.0563,0.1091,0
5872,0,5596.8975,5597.5928,5597.8668,0.1086,0
5873,0,5597.7288,5598.6479,5598.9773,0.1666,0
5874,0,5598.8434,5599.5076,5599.7803,0.1114,0
5875,0,5599.6468,5600.3123,5600.6605,0.1116,0
5876,0,5600.4535,5601.4426,5601.7184,0.1136,0
5877,0,5601.5771,5602.2511,5602.5791,0.1145,0
5878,0,5602.4004,5603.1428,5603.4546,0.1067,0
5879,0,5603.2832,5604.2235,5604.5416,0.1180,0
5880,0,5604.3743,5605.0720,5605.4065,0.1176,0
5881,0,5605.2366,5605.9404,5606.2392,0.1057,0
5882,0,5606.0764,5607.0239,5607.3244,0.1129,0
5883,0,5607.1670,5607.8527,5608.1264,0.1114,0
5884,0,5607.9939,5608.6629,5608.9904,0.1098,0
5885,0,5608.8021,5609.6814,5610.0435,0.1643,0
5886,0,5609.8802,5610.5765,5610.8530,0.1119,0
5887,0,5610.7159,5611.3854,5611.7075,0.1102,0
5888,0,5611.5312,5612.6606,5612.9819,0.1162,0
5889,0,5612.8113,5613.5189,5613.8538,0.1216,0
5890,0,5613.6823,5614.3838,5614.6905,0.1282,0
5891,0,5614.5437,5615.3463,5615.6763,0.1637,0
5892,0,5615.5414,5616.2074,5616.4794,0.1116,0
5893,0,5616.3640,5617.0207,5617.3064,0.1089,0
5894,0,5617.1602,5618.1120,5618.4283,0.1183,0
5895,0,5618.2630,5618.9571,5619.2509,0.1082,0
5896,0,5619.0948,5619.7824,5620.1559,0.1057,0
5897,0,5619.9170,5620.9740,5621.4062,0.1269,0
5898,0,5621.1861,5621.9521,5622.3177,0.1079,0
5899,0,5622.1376,5622.8543,5623.2516,0.1119,0
5900,0,5623.0568,5623.8075,5624.1932,0.1100,0
5901,0,5623.9502,5624.7071,5624.9971,0.1135,0
5902,0,5624.8517,5625.5366,5625.8837,0.1018,0
5903,0,5625.6716,5626.5429,5626.8403,0.1157,0
5904,0,5626.6929,5627.3865,5628.0329,0.1138,0
5905,0,5627.5324,5628.0958,5628.6507,0.0937,0
5906,0,5628.2249,5629.0073,5629.3037,0.0990,0
5907,0,5629.1372,5629.9042,5630.2482,0.1114,0
5908,0,5630.0456,5630.7782,5631.1228,0.1128,0
5909,0,5630.9206,5631.9497,5632.2793,0.1509,0
5910,0,5632.1352,5632.8222,5633.1028,0.1116,0
5911,0,5632.9646,5633.6398,5634.0157,0.1104,0
5912,0,5633.7794,5634.8209,5635.1020,0.1142,0
5913,0,5634.9644,5635.6343,5635.9094,0.1118,0
5914,0,5635.7748,5636.4428,5636.7841,0.1125,0
5915,0,5636.5993,5637.5722,5637.8707,0.1117,0
5916,0,5637.7144,5638.4006,5638.7006,0.1127,0
5917,0,5638.5437,5639.2296,5639.5706,0.1090,0
5918,0,5639.3686,5640.3828,5640.6822,0.1124,0
5919,0,5640.5253,5641.2072,5641.5024,0.1099,0
5920,0,5641.3484,5642.0327,5642.3543,0.1173,0
5921,0,5642.1889,5643.1295,5643.4626,0.1147,0
5922,0,5643.2876,5644.0284,5644.3213,0.1144,0
5923,0,5644.1746,5644.8659,5645.1656,0.1028,0
5924,0,5645.0023,5645.9905,5646.3432,0.1610,0
5925,0,5646.1887,5646.8829,5647.1589,0.1115,0
5926,0,5647.0239,5647.6974,5648.0169,0.1361,0
5927,0,5647.8643,5648.7751,5649.0808,0.1128,0
5928,0,5648.9231,5649.6068,5649.9062,0.1102,0
5929,0,5649.7471,5650.4361,5650.6992,0.1013,0
5930,0,5650.5667,5651.3714,5651.7214,0.1179,0
5931,0,5651.5487,5652.2553,5652.5707,0.1108,0
5932,0,5652.4035,5653.1374,5653.4589,0.1118,0
5933,0,5653.2884,5654.2578,5654.5707,0.1142,0
5934,0,5654.4125,5655.1363,5655.4383,0.1117,0
5935,0,5655.2822,5655.9702,5656.2662,0.1084,0
5936,0,5656.1073,5657.0612,5657.3448,0.1113,0
5937,0,5657.1998,5657.8744,5658.1444,0.1110,0
5938,0,5658.0119,5658.6772,5659.0120,0.1131,0
5939,0,5658.8167,5659.9373,5660.2434,0.1163,0
5940,0,5660.0833,5660.7754,5661.0754,0.1105,0
5941,0,5660.9141,5661.6018,5661.9459,0.1163,0
5942,0,5661.7702,5662.6622,5662.9919,0.1223,0
5943,0,5662.8235,5663.5314,5663.8272,0.1067,0
5944,0,5663.6748,5664.3897,5664.7096,0.1186,0
5945,0,5664.5447,5665.4411,5665.7273,0.1146,0
5946,0,5665.5894,5666.2828,5666.5635,0.1152,0
5947,0,5666.4282,5667.0987,5667.4791,0.1960,0
5948,0,5667.3287,5668.1791,5668.4881,0.1117,0
5949,0,5668.3226,5669.0212,5669.3228,0.1098,0
5950,0,5669.1613,5669.8564,5670.1515,0.1059,0
5951,0,5669.9902,5670.9391,5671.2425,0.1116,0
5952,0,5671.0789,5671.7711,5672.0605,0.1093,0
5953,0,5671.9078,5672.5905,5672.8997,0.1119,0
5954,0,5672.7376,5673.6832,5673.9637,0.1169,0
5955,0,5673.8271,5674.4961,5674.7704,0.1095,0
5956,0,5674.6349,5675.3042,5675.6550,0.1021,0
5957,0,5675.4403,5676.4386,5676.7911,0.1560,0
5958,0,5676.6260,5677.3250,5677.6254,0.1103,0
5959,0,5677.4676,5678.1532,5678.4512,0.1068,0
5960,0,5678.2923,5679.0987,5679.5808,0.2792,0
5961,0,5679.4098,5680.1146,5680.4223,0.1114,0
5962,0,5680.2548,5680.9552,5681.2403,0.1046,0
5963,0,5681.0887,5682.0269,5682.3646,0.1110,0
5964,0,5682.1764,5682.9908,5683.2941,0.1129,0
5965,0,5683.1497,5683.8843,5684.1726,0.1124,0
5966,0,5684.0333,5684.8254,5685.0988,0.1149,0
5967,0,5684.9688,5685.6309,5685.9002,0.1125,0
5968,0,5685.7710,5686.4327,5686.7386,0.1124,0
5969,0,5686.5723,5687.5304,5687.8277,0.1124,0
5970,0,5687.6741,5688.3571,5688.6529,0.1104,0
5971,0,5688.4977,5689.1812,5689.5326,0.1104,0
5972,0,5689.3223,5690.3226,5690.6362,0.1105,0
5973,0,5690.4718,5691.1997,5691.5628,0.1727,0
5974,0,5691.4082,5692.1232,5692.4606,0.1533,0
5975,0,5692.3180,5693.2064,5693.5189,0.1167,0
5976,0,5693.3638,5694.0908,5694.4046,0.1145,0
5977,0,5694.2493,5694.9508,5695.2332,0.1013,0
5978,0,5695.0883,5695.9884,5696.2859,0.1124,0
5979,0,5696.1369,5696.8336,5697.1447,0.1112,0
5980,0,5696.9839,5697.7032,5698.0274,0.1336,0
5981,0,5697.8802,5698.7784,5699.1270,0.1246,0
5982,0,5698.9640,5699.6763,5699.9771,0.1092,0
5983,0,5699.8172,5700.5048,5700.8028,0.1120,0
5984,0,5700.6476,5701.5541,5701.8329,0.1127,0
5985,0,5701.7067,5702.3663,5702.6883,0.1170,0
5986,0,5702.5227,5703.2213,5703.5795,0.1662,0
5987,0,5703.4198,5704.3281,5704.6308,0.1186,0
5988,0,5704.4885,5705.1604,5705.4518,0.1120,0
5989,0,5705.3000,5705.9839,5706.2803,0.1081,0
5990,0,5706.1239,5706.9291,5707.2393,0.1107,0
5991,0,5707.0713,5707.7703,5708.0721,0.1116,0
5992,0,5707.9132,5708.6056,5708.9247,0.1115,0
5993,0,5708.7475,5709.7327,5710.1490,0.1346,0
5994,0,5709.9073,5710.7370,5711.0403,0.1122,0
5995,0,5710.8817,5711.7136,5712.4470,0.5070,0
5996,0,5712.2650,5712.9901,5713.3304,0.1181,0
5997,0,5713.1508,5713.8765,5714.2982,0.1117,0
5998,0,5714.0191,5715.2096,5715.5622,0.1762,0
5999,0,5715.4195,5716.1140,5716.4037,0.1118,0
6000,0,5716.2616,5716.9375,5717.2554,0.1117,0
6001,0,5717.0761,5718.0695,5718.3526,0.1135,0
6002,0,5718.2101,5718.8853,5719.1870,0.1159,0
6003,0,5719.0294,5719.7156,5720.0316,0.1096,0
6004,0,5719.8524,5720.8432,5721.1377,0.1126,0
6005,0,5720.9838,5721.6662,5721.9655,0.1097,0
6006,0,5721.8039,5722.4923,5722.8529,0.1160,0
6007,0,5722.6435,5723.6705,5723.9432,0.1121,0
6008,0,5723.8097,5724.4807,5724.7594,0.1102,0
6009,0,5724.6227,5725.2888,5725.6309,0.1145,0
6010,0,5725.4315,5726.3758,5726.8381,0.2950,0
6011,0,5726.6994,5727.3679,5727.6778,0.1108,0
6012,0,5727.5054,5728.2021,5728.5461,0.1044,0
6013,0,5728.3369,5729.4557,5729.8060,0.1146,0
6014,0,5729.6075,5730.3959,5730.6949,0.1115,0
6015,0,5730.5483,5731.2366,5731.7704,0.3730,0
6016,0,5731.6382,5732.3093,5732.6498,0.1214,0
6017,0,5732.4774,5733.1918,5733.5038,0.1100,0
6018,0,5733.3395,5734.0477,5734.5951,0.3769,0
6019,0,5734.4566,5735.1333,5735.4141,0.1101,0
6020,0,5735.2759,5735.9532,5736.2219,0.1115,0
6021,0,5736.0918,5736.7562,5737.3038,0.3708,0
6022,0,5737.1543,5737.8394,5738.1186,0.1103,0
6023,0,5737.9796,5738.6452,5738.9164,0.1127,0
6024,0,5738.7849,5739.4516,5739.7166,0.1045,0
6025,0,5739.5832,5740.3694,5740.6710,0.1148,0
6026,0,5740.5127,5741.1984,5741.4919,0.1102,0
6027,0,5741.3364,5742.0181,5742.3561,0.1148,0
6028,0,5742.1804,5743.3096,5743.6083,0.1177,0
6029,0,5743.4612,5744.2191,5744.5964,0.1898,0
6030,0,5744.4458,5745.1396,5745.6193,0.2132,0
6031,0,5745.3871,5746.1493,5746.4429,0.1113,0
6032,0,5746.2928,5746.9779,5747.2570,0.1125,0
6033,0,5747.1201,5747.7904,5748.0704,0.1095,0
6034,0,5747.9284,5748.7321,5749.0141,0.1197,0
6035,0,5748.8801,5749.5488,5749.8461,0.1110,0
6036,0,5749.6903,5750.3759,5750.6728,0.1082,0
6037,0,5750.5148,5751.4545,5751.7283,0.1128,0
6038,0,5751.5970,5752.2650,5752.5952,0.1187,0
6039,0,5752.4162,5753.1240,5753.4638,0.1104,0
6040,0,5753.2807,5754.2559,5754.5566,0.1124,0
6041,0,5754.4017,5755.0877,5755.3665,0.1130,0
6042,0,5755.2276,5755.8967,5756.2367,0.1070,0
6043,0,5756.0312,5757.0213,5757.2846,0.1018,0
6044,0,5757.1499,5757.8206,5758.1256,0.1130,0
6045,0,5757.9613,5758.6542,5758.9904,0.1110,0
6046,0,5758.7927,5759.7362,5760.2165,0.1690,0
6047,0,5759.9457,5760.8037,5761.1725,0.1803,0
6048,0,5761.0185,5761.7165,5762.2565,0.3126,0
6049,0,5762.0696,5762.8035,5763.0980,0.1113,0
6050,0,5762.9533,5763.6264,5763.9198,0.1141,0
6051,0,5763.7755,5764.4482,5764.7507,0.1097,0
6052,0,5764.5895,5765.3985,5765.7128,0.1169,0
6053,0,5765.5487,5766.2369,5766.5370,0.1117,0
6054,0,5766.3792,5767.0673,5767.3786,0.1126,0
6055,0,5767.2111,5768.1558,5768.4569,0.1127,0
6056,0,5768.2990,5768.9842,5769.2804,0.1103,0
6057,0,5769.1250,5769.8064,5770.1085,0.1079,0
6058,0,5769.9443,5771.0220,5771.3234,0.1117,0
6059,0,5771.1645,5771.8554,5772.1571,0.1090,0
6060,0,5771.9966,5772.6904,5773.0150,0.1464,0
6061,0,5772.8725,5773.7191,5774.0239,0.1349,0
6062,0,5773.8841,5774.5547,5774.8651,0.1146,0
6063,0,5774.7031,5775.4048,5775.8617,0.1270,0
6064,0,5775.5761,5776.4760,5776.8433,0.1948,0
6065,0,5776.6995,5777.3726,5777.6722,0.1126,0
6066,0,5777.5158,5778.2048,5778.5453,0.1089,0
6067,0,5778.3594,5779.4121,5779.7081,0.1145,0
6068,0,5779.5602,5780.2740,5780.7196,0.2179,0
6069,0,5780.5283,5781.2573,5781.8156,0.3831,0
6070,0,5781.6740,5782.3532,5782.6580,0.1068,0
6071,0,5782.5248,5783.2060,5783.5360,0.1183,0
6072,0,5783.3656,5784.0808,5784.5249,0.2789,0
6073,0,5784.3887,5785.0643,5785.3383,0.1098,0
6074,0,5785.2033,5785.8736,5786.1698,0.1094,0
6075,0,5786.0131,5786.7050,5787.0125,0.1136,0
6076,0,5786.8538,5787.6804,5787.9530,0.1118,0
6077,0,5787.8210,5788.4865,5788.7615,0.1120,0
6078,0,5788.6278,5789.3000,5789.6503,0.1775,0
6079,0,5789.5073,5790.3419,5790.7859,0.1247,0
6080,0,5790.5048,5791.2833,5791.5693,0.1132,0
6081,0,5791.4296,5792.0991,5792.3647,0.1027,0
6082,0,5792.2296,5793.1650,5793.6001,0.1227,0
6083,0,5793.3188,5794.1075,5794.4762,0.1967,0
6084,0,5794.3373,5795.0146,5795.4904,0.2970,0
6085,0,5795.3433,5796.0602,5796.3444,0.1125,0
6086,0,5796.2050,5796.8803,5797.1644,0.1102,0
6087,0,5797.0196,5797.7510,5798.1747,0.1865,0
6088,0,5797.9791,5798.7234,5799.0141,0.1136,0
6089,0,5798.8711,5799.5450,5799.8268,0.1145,0
6090,0,5799.6881,5800.3615,5800.6750,0.1100,0
6091,0,5800.5034,5801.4548,5801.7261,0.1130,0
6092,0,5801.5948,5802.2567,5802.5569,0.1147,0
6093,0,5802.4057,5803.1235,5803.4595,0.1059,0
6094,0,5803.2720,5804.3903,5804.6848,0.1112,0
6095,0,5804.5335,5805.2227,5805.5168,0.1132,0
6096,0,5805.3754,5806.0740,5806.4469,0.1310,0
6097,0,5806.2542,5807.1074,5807.4140,0.1171,0
6098,0,5807.2634,5807.9657,5808.2495,0.1141,0
6099,0,5808.1134,5808.7876,5809.1221,0.1594,0
6100,0,5808.9805,5809.8064,5810.2501,0.1987,0
6101,0,5810.0416,5810.8423,5811.1321,0.1139,0
6102,0,5810.9877,5811.6703,5812.0228,0.1204,0
6103,0,5811.8323,5812.6658,5812.9958,0.1185,0
6104,0,5812.8271,5813.5241,5813.8617,0.1189,0
6105,0,5813.6853,5814.3907,5814.6849,0.1201,0
6106,0,5814.5415,5815.3732,5815.6808,0.1153,0
6107,0,5815.5194,5816.2073,5816.5141,0.1144,0
6108,0,5816.3561,5817.0457,5817.3691,0.1181,0
6109,0,5817.2031,5818.1529,5818.4881,0.1228,0
6110,0,5818.3160,5819.0157,5819.3261,0.1150,0
6111,0,5819.1641,5819.8564,5820.1528,0.1077,0
6112,0,5819.9944,5820.8908,5821.2838,0.1633,0
6113,0,5821.0851,5821.8239,5822.1486,0.1156,0
6114,0,5821.9803,5822.6764,5823.0342,0.1595,0
6115,0,5822.8704,5823.7748,5824.0859,0.1176,0
6116,0,5823.9243,5824.6222,5824.9002,0.1117,0
6117,0,5824.7645,5825.4335,5825.7377,0.1034,0
6118,0,5825.5915,5826.4611,5826.8417,0.1944,0
6119,0,5826.6907,5827.4038,5827.6901,0.1131,0
6120,0,5827.5513,5828.2500,5828.6057,0.1523,0
6121,0,5828.4443,5829.3453,5829.6881,0.1224,0
6122,0,5829.5180,5830.2171,5830.5186,0.1084,0
6123,0,5830.3577,5831.0790,5831.3687,0.1054,0
6124,0,5831.2194,5832.1027,5832.3995,0.1201,0
6125,0,5832.2566,5832.9264,5833.2216,0.1113,0
6126,0,5833.0660,5833.7526,5834.0442,0.1093,0
6127,0,5833.8899,5834.8343,5835.1112,0.1164,0
6128,0,5834.9777,5835.6420,5835.9370,0.1129,0
6129,0,5835.7826,5836.4699,5836.7591,0.1021,0
6130,0,5836.6002,5837.5089,5837.8522,0.1628,0
6131,0,5837.7061,5838.3901,5838.6740,0.1169,0
6132,0,5838.5373,5839.2103,5839.5496,0.1109,0
6133,0,5839.3479,5840.3368,5840.6352,0.1125,0
6134,0,5840.4807,5841.1702,5841.4767,0.1093,0
6135,0,5841.3095,5842.0027,5842.3476,0.1130,0
6136,0,5842.1584,5843.1571,5843.4941,0.1267,0
6137,0,5843.3241,5844.0749,5844.4845,0.2209,0
6138,0,5844.3314,5845.0215,5845.5340,0.3212,0
6139,0,5845.3809,5846.0964,5846.4343,0.1110,0
6140,0,5846.2500,5847.0870,5847.3928,0.1164,0
6141,0,5847.2371,5847.9327,5848.5184,0.3842,0
6142,0,5848.3555,5849.0614,5849.3820,0.1157,0
6143,0,5849.2165,5849.9142,5850.1943,0.1114,0
6144,0,5850.0546,5850.7221,5851.2623,0.3511,0
6145,0,5851.1036,5851.8013,5852.0801,0.1145,0
6146,0,5851.9455,5852.6151,5852.8999,0.1114,0
6147,0,5852.7611,5853.4328,5853.9147,0.1509,0
6148,0,5853.6434,5854.5274,5854.8962,0.1132,0
6149,0,5854.6783,5855.4571,5855.7433,0.1165,0
6150,0,5855.6041,5856.2826,5856.8944,0.3617,0
6151,0,5856.6757,5857.4377,5857.7285,0.1134,0
6152,0,5857.5810,5858.2649,5858.5599,0.1143,0
6153,0,5858.4131,5859.0959,5859.3963,0.1113,0
6154,0,5859.2385,5860.1829,5860.5513,0.1943,0
6155,0,5860.4081,5861.0857,5861.3657,0.1130,0
6156,0,5861.2286,5862.0953,5862.5420,0.2618,0
6157,0,5862.3969,5863.1340,5863.5343,0.1911,0
6158,0,5863.3737,5864.0736,5864.3633,0.1086,0
6159,0,5864.2148,5865.1804,5865.4921,0.1160,0
6160,0,5865.3486,5866.0327,5866.3465,0.1159,0
6161,0,5866.1826,5866.8768,5867.2379,0.1103,0
6162,0,5867.0174,5868.0674,5868.4037,0.1131,0
6163,0,5868.2116,5868.9443,5869.2581,0.1160,0
6164,0,5869.0982,5869.7960,5870.1233,0.1094,0
6165,0,5869.9363,5871.0385,5871.3377,0.1123,0
6166,0,5871.1813,5871.8682,5872.1609,0.1088,0
6167,0,5872.0073,5872.6881,5873.0382,0.1508,0
6168,0,5872.8757,5873.7764,5874.0624,0.1114,0
6169,0,5873.9211,5874.5903,5874.8669,0.1141,0
6170,0,5874.7352,5875.4028,5875.7255,0.1102,0
6171,0,5875.5429,5876.5460,5876.9912,0.2187,0
6172,0,5876.7982,5877.5429,5877.8440,0.1158,0
6173,0,5877.6909,5878.3878,5879.1446,0.5181,0
6174,0,5878.9477,5879.6878,5879.9673,0.1086,0
6175,0,5879.8257,5880.4963,5880.8029,0.1123,0
6176,0,5880.6396,5881.6152,5881.9196,0.1160,0
6177,0,5881.7627,5882.4417,5882.8422,0.1268,0
6178,0,5882.6308,5883.3896,5883.6852,0.1145,0
6179,0,5883.5388,5884.5016,5884.8162,0.1148,0
6180,0,5884.6583,5885.3592,5885.6400,0.1126,0
6181,0,5885.5017,5886.1796,5886.4536,0.1115,0
6182,0,5886.3199,5887.2159,5887.5472,0.1629,0
6183,0,5887.4109,5888.0755,5888.3471,0.1123,0
6184,0,5888.2159,5888.8825,5889.1600,0.1131,0
6185,0,5889.0252,5889.9548,5890.2598,0.1150,0
6186,0,5890.1007,5890.7881,5891.0957,0.1146,0
6187,0,5890.9351,5891.6204,5891.9176,0.1113,0
6188,0,5891.7623,5892.7170,5893.0587,0.1199,0
6189,0,5892.8776,5893.6227,5894.0252,0.1953,0
6190,0,5893.8637,5894.5868,5894.8741,0.1138,0
6191,0,5894.7339,5895.6504,5896.0816,0.2653,0
6192,0,5895.9447,5896.6102,5896.8899,0.1110,0
6193,0,5896.7512,5897.4102,5897.6826,0.1142,0
6194,0,5897.5506,5898.4994,5898.7737,0.1151,0
6195,0,5898.6420,5899.3024,5899.6071,0.1117,0
6196,0,5899.4442,5900.1318,5900.8154,0.1115,0
6197,0,5900.2801,5901.5571,5902.0217,0.2498,0
6198,0,5901.8446,5902.5627,5902.8663,0.1131,0
6199,0,5902.7076,5903.4033,5903.6844,0.1108,0
6200,0,5903.5451,5904.2851,5904.5668,0.1143,0
6201,0,5904.4277,5905.0953,5905.4040,0.1187,0
6202,0,5905.2508,5905.9841,5906.2582,0.1060,0
6203,0,5906.1190,5907.0493,5907.3255,0.1144,0
6204,0,5907.1911,5907.8572,5908.1542,0.1112,0
6205,0,5907.9964,5908.6788,5909.0060,0.1145,0
6206,0,5908.8212,5909.7807,5910.1936,0.1179,0
6207,0,5909.9338,5910.7406,5911.1485,0.2155,0
6208,0,5910.9929,5911.7226,5912.4176,0.4976,0
6209,0,5912.2541,5912.9666,5913.2937,0.1126,0
6210,0,5913.1277,5913.8452,5914.1428,0.1187,0
6211,0,5913.9951,5914.9536,5915.2303,0.1147,0
6212,0,5915.0976,5915.7858,5916.1108,0.1219,0
6213,0,5915.9440,5916.6366,5916.9342,0.1068,0
6214,0,5916.7722,5917.6868,5918.0180,0.1670,0
6215,0,5917.8813,5918.5443,5918.8232,0.1100,0
6216,0,5918.6841,5919.3514,5919.6262,0.1133,0
6217,0,5919.4913,5920.1591,5920.7512,0.4106,0
6218,0,5920.5980,5921.2812,5921.5762,0.1098,0
6219,0,5921.4208,5922.1055,5922.4396,0.1193,0
6220,0,5922.2644,5922.9704,5923.5612,0.3871,0
6221,0,5923.3958,5924.1033,5924.4259,0.1165,0
6222,0,5924.2542,5924.9573,5925.2538,0.1115,0
6223,0,5925.0967,5926.0729,5926.3942,0.1115,0
6224,0,5926.2281,5926.9835,5927.2711,0.1177,0
6225,0,5927.1324,5927.8102,5928.1069,0.1094,0
6226,0,5927.9502,5928.8269,5929.2635,0.2701,0
6227,0,5929.1260,5929.8606,5930.2119,0.1747,0
6228,0,5930.0696,5930.7460,5931.0216,0.1150,0
6229,0,5930.8896,5931.8351,5932.1561,0.1351,0
6230,0,5932.0055,5932.6936,5932.9777,0.1124,0
6231,0,5932.8374,5933.5093,5933.9056,0.1113,0
6232,0,5933.6496,5934.7231,5935.0054,0.1175,0
6233,0,5934.8678,5935.5311,5935.8279,0.1130,0
6234,0,5935.6718,5936.3535,5936.6784,0.1090,0
6235,0,5936.4965,5937.4852,5937.7559,0.1151,0
6236,0,5937.6278,5938.2942,5938.5923,0.1118,0
6237,0,5938.4331,5939.1200,5939.4762,0.1086,0
6238,0,5939.2565,5940.2881,5940.5784,0.1086,0
6239,0,5940.4234,5941.1023,5941.4117,0.1087,0
6240,0,5941.2397,5941.9393,5942.3214,0.1172,0
6241,0,5942.0885,5943.1243,5943.4480,0.1186,0
6242,0,5943.2778,5944.0754,5944.4416,0.1831,0
6243,0,5944.2896,5944.9689,5945.2542,0.1035,0
6244,0,5945.1083,5946.0164,5946.3131,0.1099,0
6245,0,5946.1649,5946.8846,5947.2435,0.1154,0
6246,0,5947.0458,5947.8145,5948.1202,0.1147,0
6247,0,5947.9718,5948.9104,5949.2296,0.1227,0
6248,0,5949.0773,5949.7964,5950.1105,0.1110,0
6249,0,5949.9656,5950.6718,5951.2125,0.3744,0
6250,0,5951.0762,5951.7474,5952.0752,0.1171,0
6251,0,5951.8973,5952.5992,5952.8809,0.1120,0
6252,0,5952.7429,5953.4117,5953.6968,0.1109,0
6253,0,5953.5510,5954.3718,5954.6667,0.1104,0
6254,0,5954.5164,5955.2092,5955.4977,0.1170,0
6255,0,5955.3565,5956.0481,5956.3497,0.1339,0
6256,0,5956.2145,5957.0202,5957.3201,0.1107,0
6257,0,5957.1639,5957.8533,5958.1510,0.1100,0
6258,0,5957.9933,5958.6792,5959.0067,0.1135,0
6259,0,5958.8235,5959.8126,5960.1947,0.2043,0
6260,0,5960.0484,5960.7245,5960.9971,0.1112,0
6261,0,5960.8650,5961.5301,5961.8619,0.1096,0
6262,0,5961.6686,5962.6402,5963.0079,0.1134,0
6263,0,5962.7976,5963.5375,5963.8960,0.1843,0
6264,0,5963.7560,5964.4439,5964.7274,0.1026,0
6265,0,5964.5756,5965.5274,5965.8299,0.1138,0
6266,0,5965.6717,5966.3597,5966.6557,0.1110,0
6267,0,5966.5006,5967.1825,5967.4679,0.1047,0
6268,0,5967.3185,5968.2134,5968.5448,0.1226,0
6269,0,5968.3747,5969.0684,5969.3715,0.1157,0
6270,0,5969.2240,5969.9604,5970.2680,0.1271,0
6271,0,5970.1184,5970.9746,5971.2692,0.1199,0
6272,0,5971.1251,5971.8072,5972.1029,0.1111,0
6273,0,5971.9466,5972.6274,5972.9413,0.1156,0
6274,0,5972.7784,5973.7190,5974.0122,0.1210,0
6275,0,5973.8711,5974.5402,5974.8129,0.1143,0
6276,0,5974.6810,5975.3442,5975.6814,0.1200,0
6277,0,5975.5018,5976.4793,5976.9954,0.2110,0
6278,0,5976.7229,5977.5388,5977.8376,0.1160,0
6279,0,5977.6884,5978.3722,5978.7848,0.1096,0
6280,0,5978.5180,5979.6022,5979.9293,0.1119,0
6281,0,5979.7536,5980.4753,5980.7556,0.1121,0
6282,0,5980.6204,5981.3108,5981.7573,0.2740,0
6283,0,5981.6253,5982.2967,5982.6471,0.1141,0
6284,0,5982.4530,5983.2093,5983.5376,0.1179,0
6285,0,5983.3674,5984.0759,5984.6600,0.3819,0
6286,0,5984.4894,5985.1900,5985.5044,0.1150,0
6287,0,5985.3374,5986.0348,5986.3350,0.1104,0
6288,0,5986.1768,5986.8703,5987.4427,0.3764,0
6289,0,5987.2809,5987.9728,5988.2865,0.1181,0
6290,0,5988.1229,5988.8175,5989.0960,0.1101,0
6291,0,5988.9586,5989.6245,5990.1404,0.3559,0
6292,0,5990.0096,5990.6774,5990.9515,0.1092,0
6293,0,5990.8155,5991.4792,5991.7496,0.1119,0
6294,0,5991.6201,5992.2814,5992.6379,0.1176,0
6295,0,5992.4353,5993.2181,5993.5601,0.1196,0
6296,0,5993.3735,5994.2263,5994.5683,0.1449,0
6297,0,5994.4068,5995.1076,5995.5438,0.2046,0
6298,0,5995.3560,5996.1007,5996.3937,0.1100,0
6299,0,5996.2419,5996.9169,5997.1910,0.1055,0
6300,0,5997.0532,5997.7262,5998.0097,0.1220,0
6301,0,5997.8770,5998.7133,5999.0206,0.1160,0
6302,0,5998.8609,5999.5554,5999.8539,0.1099,0
6303,0,5999.6959,6000.3817,6000.6832,0.1073,0
6304,0,6000.5210,6001.4680,6001.7444,0.1127,0
6305,0,6001.6102,6002.2749,6002.5920,0.1185,0
6306,0,6002.4275,6003.1227,6003.4502,0.1128,0
6307,0,6003.2782,6004.2741,6004.5802,0.1167,0
6308,0,6004.4268,6005.1431,6005.4380,0.1128,0
6309,0,6005.2898,6005.9706,6006.2659,0.1054,0
6310,0,6006.1054,6007.0573,6007.4088,0.1193,0
6311,0,6007.6964,6008.2710,6008.6241,0.1145,0
6312,0,6008.4617,6009.3528,6009.7599,0.2386,0
6313,0,6009.6241,6010.3096,6010.6468,0.1175,0
6314,0,6010.4612,6011.1915,6011.5852,0.1990,0
6315,0,6011.4205,6012.3251,6012.8010,0.2603,0
6316,0,6012.6286,6013.3445,6013.6377,0.1136,0
6317,0,6013.4893,6014.1678,6014.5536,0.1243,0
6318,0,6014.3290,6015.3886,6015.6745,0.1159,0
6319,0,6015.5370,6016.2130,6016.5160,0.1121,0
6320,0,6016.3555,6017.0506,6017.3413,0.1045,0
6321,0,6017.1858,6018.1205,6018.4493,0.1185,0
6322,0,6018.2722,6018.9763,6019.3372,0.1842,0
6323,0,6019.1920,6019.8704,6020.1386,0.1067,0
6324,0,6020.0059,6020.9258,6021.1975,0.1145,0
6325,0,6021.0680,6021.7272,6022.0421,0.1045,0
6326,0,6021.8676,6022.5945,6022.9523,0.1086,0
6327,0,6022.7466,6023.7718,6024.0634,0.1140,0
6328,0,6023.9207,6024.6181,6024.9214,0.1122,0
6329,0,6024.7591,6025.4491,6025.8943,0.1705,0
6330,0,6025.6609,6026.7582,6027.0658,0.1140,0
6331,0,6026.9113,6027.6146,6027.9259,0.1121,0
6332,0,6027.7635,6028.5066,6029.2550,0.5198,0
6333,0,6029.0663,6029.7838,6030.0704,0.1113,0
6334,0,6029.9267,6030.6072,6030.9121,0.1126,0
6335,0,6030.7493,6031.7082,6032.0211,0.1156,0
6336,0,6031.8580,6032.5527,6032.8680,0.1168,0
6337,0,6032.7097,6033.3994,6033.7426,0.1203,0
6338,0,6033.5778,6034.5976,6034.9159,0.1207,0
6339,0,6034.7536,6035.4434,6035.7181,0.1134,0
6340,0,6035.5855,6036.2487,6036.5432,0.1124,0
6341,0,6036.3883,6037.3883,6037.6836,0.1119,0
6342,0,6037.5313,6038.2193,6038.5249,0.1103,0
6343,0,6038.3644,6039.0543,6039.3777,0.1130,0
6344,0,6039.1990,6040.1702,6040.5268,0.1672,0
6345,0,6040.3749,6041.0537,6041.3245,0.1119,0
6346,0,6041.1946,6041.8637,6042.1631,0.1125,0
6347,0,6042.0151,6042.9853,6043.4229,0.1188,0
6348,0,6043.1466,6043.9568,6044.3397,0.2008,0
6349,0,6044.1925,6044.8866,6045.1865,0.1023,0
6350,0,6045.0249,6046.0258,6046.3553,0.1161,0
6351,0,6046.1824,6046.9157,6047.1996,0.1111,0
6352,0,6047.0619,6047.7831,6048.1601,0.1913,0
6353,0,6048.0061,6048.7304,6049.0195,0.1155,0
6354,0,6048.8766,6049.5507,6049.8495,0.1103,0
6355,0,6049.6897,6050.3753,6050.6675,0.1096,0
6356,0,6050.5120,6051.4861,6051.7636,0.1158,0
6357,0,6051.6290,6052.2891,6052.6317,0.1173,0
6358,0,6052.4532,6053.1666,6053.4762,0.1057,0
6359,0,6053.3051,6054.2521,6054.5385,0.1179,0
6360,0,6054.3989,6055.0648,6055.3346,0.1109,0
6361,0,6055.2044,6055.8702,6056.2070,0.1104,0
6362,0,6056.0086,6056.9551,6057.4814,0.1655,0
6363,0,6057.1530,6058.0164,6058.3364,0.1138,0
6364,0,6058.1652,6058.8745,6059.1716,0.1085,0
6365,0,6059.0147,6060.0205,6060.2983,0.1151,0
6366,0,6060.1655,6060.8440,6061.1412,0.1106,0
6367,0,6060.9844,6061.6724,6062.0187,0.1201,0
6368,0,6061.8265,6062.8641,6063.2443,0.1701,0
6369,0,6063.0723,6063.7760,6064.0572,0.1149,0
6370,0,6063.9228,6064.6078,6065.1462,0.3775,0
6371,0,6065.0131,6065.6856,6065.9638,0.1104,0
6372,0,6065.8250,6066.4913,6066.7760,0.1113,0
6373,0,6066.6372,6067.3040,6067.6108,0.1165,0
6374,0,6067.4523,6068.1764,6068.5038,0.1196,0
6375,0,6068.3359,6069.0287,6069.3330,0.1108,0
6376,0,6069.1712,6069.8619,6070.1519,0.1065,0
6377,0,6069.9981,6070.9332,6071.2299,0.1124,0
6378,0,6071.0754,6071.7567,6072.0266,0.1119,0
6379,0,6071.8960,6072.5547,6072.9366,0.1142,0
6380,0,6072.7277,6073.8364,6074.1574,0.1246,0
6381,0,6074.0020,6074.7224,6075.0014,0.1096,0
6382,0,6074.8649,6075.5540,6075.8233,0.1048,0
6383,0,6075.6874,6076.5646,6076.8365,0.1050,0
6384,0,6076.6982,6077.3571,6077.6344,0.1173,0
6385,0,6077.5011,6078.1606,6078.4981,0.1081,0
6386,0,6078.3033,6079.2474,6079.5430,0.1124,0
6387,0,6079.3935,6080.0841,6080.3592,0.1104,0
6388,0,6080.2252,6080.8990,6081.2106,0.1115,0
6389,0,6081.0391,6081.9875,6082.3144,0.1141,0
6390,0,6082.1349,6082.8456,6083.1604,0.1132,0
6391,0,6082.9913,6083.6845,6084.0102,0.1101,0
6392,0,6083.8255,6084.7857,6085.0897,0.1178,0
6393,0,6084.9334,6085.6170,6085.9400,0.1186,0
6394,0,6085.7734,6086.4806,6086.7978,0.1122,0
6395,0,6086.6263,6087.5781,6087.8799,0.1123,0
6396,0,6087.7200,6088.4069,6088.7051,0.1110,0
6397,0,6088.5482,6089.2817,6089.6239,0.1649,0
6398,0,6089.4833,6090.4302,6090.7347,0.1134,0
6399,0,6090.5745,6091.2623,6091.5561,0.1110,0
6400,0,6091.4044,6092.0918,6092.3834,0.1075,0
6401,0,6092.2289,6093.1614,6093.5503,0.1928,0
6402,0,6093.3917,6094.0902,6094.3998,0.1144,0
6403,0,6094.2361,6094.9558,6095.2821,0.1210,0
6404,0,6095.1181,6096.0391,6096.3307,0.1124,0
6405,0,6096.1860,6096.8737,6097.1454,0.1098,0
6406,0,6097.0126,6097.6822,6098.0001,0.1461,0
6407,0,6097.8615,6098.6867,6098.9715,0.1162,0
6408,0,6098.8313,6099.4988,6099.7710,0.1129,0
6409,0,6099.6382,6100.2977,6100.6511,0.1122,0
6410,0,6100.4379,6101.4434,6101.7150,0.1132,0
6411,0,6101.5840,6102.2450,6102.5733,0.1132,0
6412,0,6102.3997,6103.1155,6103.4428,0.1119,0
6413,0,6103.2637,6104.2376,6104.5527,0.1205,0
6414,0,6104.3925,6105.1136,6105.3924,0.1122,0
6415,0,6105.2558,6105.9263,6106.2133,0.1098,0
6416,0,6106.0661,6107.1331,6107.4257,0.1153,0
6417,0,6107.2775,6107.9570,6108.2658,0.1108,0
6418,0,6108.1034,6108.8040,6109.1204,0.1551,0
6419,0,6108.9889,6109.8038,6110.1616,0.1153,0
6420,0,6109.9513,6110.6915,6111.0708,0.1905,0
6421,0,6110.9135,6111.5950,6111.9297,0.1415,0
6422,0,6111.7717,6112.6556,6112.9759,0.1144,0
6423,0,6112.8068,6113.5102,6113.8496,0.1197,0
6424,0,6113.6731,6114.3816,6114.6907,0.1352,0
6425,0,6114.5469,6115.4170,6115.6937,0.1150,0
6426,0,6115.5614,6116.2315,6116.5407,0.1104,0
6427,0,6116.3922,6117.0743,6117.3738,0.1108,0
6428,0,6117.2150,6118.1625,6118.4802,0.1187,0
6429,0,6118.3146,6119.0102,6119.5971,0.1164,0
6430,0,6119.1633,6120.0899,6120.7743,0.4049,0
6431,0,6120.5805,6121.3156,6121.7137,0.1135,0
6432,0,6121.5025,6122.2414,6122.6979,0.1136,0
6433,0,6122.4551,6123.5083,6123.9133,0.1644,0
6434,0,6123.7073,6124.4472,6124.8065,0.1112,0
6435,0,6124.5906,6125.3361,6125.6525,0.1119,0
6436,0,6125.4778,6126.4665,6126.8766,0.1566,0
6437,0,6126.6587,6127.5396,6127.9436,0.1813,0
6438,0,6127.7528,6128.4793,6129.2152,0.4877,0
6439,0,6129.0010,6129.7406,6130.0377,0.1091,0
6440,0,6129.8850,6130.5790,6130.8611,0.1138,0
6441,0,6130.7225,6131.6676,6132.0030,0.1601,0
6442,0,6131.8608,6132.5446,6132.8362,0.1121,0
6443,0,6132.6931,6133.3708,6133.6965,0.1166,0
6444,0,6133.5337,6134.5924,6134.9280,0.1215,0
6445,0,6134.7523,6135.4670,6135.7545,0.1130,0
6446,0,6135.6117,6136.2932,6136.5698,0.1127,0
6447,0,6136.4357,6137.3845,6137.6703,0.1121,0
6448,0,6137.5326,6138.2063,6138.4777,0.1077,0
6449,0,6138.3433,6139.0094,6139.2872,0.1136,0
6450,0,6139.1531,6140.2863,6140.5891,0.1197,0
6451,0,6140.4432,6141.1203,6141.3986,0.1139,0
6452,0,6141.2635,6141.9332,6142.3132,0.1124,0
6453,0,6142.0754,6143.1396,6143.5135,0.1927,0
6454,0,6143.3661,6144.0571,6144.3468,0.1118,0
6455,0,6144.2015,6144.8778,6145.2000,0.1017,0
6456,0,6145.0198,6145.9720,6146.2644,0.1129,0
6457,0,6146.1198,6146.8039,6147.0736,0.1043,0
6458,0,6146.9394,6147.6110,6147.8766,0.1027,0
6459,0,6147.7427,6148.6579,6148.9368,0.1153,0
6460,0,6148.8030,6149.4728,6149.8947,0.1155,0
6461,0,6149.6368,6150.4310,6150.7968,0.1798,0
6462,0,6150.6457,6151.5437,6151.8305,0.1160,0
6463,0,6151.6902,6152.3582,6152.6857,0.1228,0
6464,0,6152.5167,6153.2173,6153.6670,0.1834,0
6465,0,6153.4441,6154.4934,6154.8007,0.1150,0
6466,0,6154.6447,6155.3410,6155.6474,0.1100,0
6467,0,6155.4821,6156.1946,6156.4845,0.1110,0
6468,0,6156.3393,6157.1269,6157.3970,0.1036,0
6469,0,6157.2594,6157.9284,6158.2083,0.1060,0
6470,0,6158.0629,6158.7376,6159.0051,0.1036,0
6471,0,6158.8690,6159.6954,6160.0632,0.1918,0
6472,0,6159.9169,6160.5941,6160.8689,0.1078,0
6473,0,6160.7296,6161.3953,6161.7189,0.1112,0
6474,0,6161.5352,6162.4335,6162.8863,0.2608,0
6475,0,6162.7328,6163.4333,6163.7150,0.1109,0
6476,0,6163.5755,6164.2498,6164.5589,0.1082,0
6477,0,6164.3900,6165.3738,6165.6708,0.1152,0
6478,0,6165.5237,6166.2116,6166.5049,0.1139,0
6479,0,6166.3571,6167.0296,6167.3227,0.1131,0
6480,0,6167.1730,6168.1115,6168.3838,0.1133,0
6481,0,6168.2525,6168.9097,6169.2122,0.1098,0
6482,0,6169.0573,6169.7740,6170.1113,0.1141,0
6483,0,6169.9233,6170.9281,6171.2124,0.1163,0
6484,0,6171.0780,6171.7642,6172.0355,0.1073,0
6485,0,6171.8991,6172.5643,6172.8873,0.1134,0
6486,0,6172.7103,6173.6344,6173.9773,0.1651,0
6487,0,6173.8275,6174.5021,6174.7733,0.1124,0
6488,0,6174.6415,6175.3034,6175.8198,0.2403,0
6489,0,6175.5806,6176.3962,6176.7645,0.1748,0
6490,0,6176.6061,6177.2992,6177.5657,0.1071,0
6491,0,6177.4351,6178.0969,6178.5095,0.1121,0
6492,0,6178.2357,6179.3032,6179.5980,0.1116,0
6493,0,6179.4476,6180.1350,6180.4078,0.1106,0
6494,0,6180.2758,6180.9970,6181.2950,0.1093,0
6495,0,6181.1475,6181.9967,6182.2953,0.1122,0
6496,0,6182.1463,6182.8380,6183.1154,0.1143,0
6497,0,6182.9809,6183.6432,6183.9762,0.1115,0
6498,0,6183.7821,6184.7548,6185.0272,0.1087,0
6499,0,6184.8905,6185.5527,6185.8474,0.1109,0
6500,0,6185.6924,6186.3726,6186.6978,0.1129,0
6501,0,6186.5135,6187.5143,6187.7867,0.1135,0
6502,0,6187.6545,6188.3159,6188.5953,0.1115,0
6503,0,6188.4538,6189.1112,6189.3793,0.1127,0
6504,0,6189.2499,6190.1840,6190.5436,0.1643,0
6505,0,6190.3762,6191.0611,6191.3686,0.1146,0
6506,0,6191.2090,6191.8945,6192.3086,0.1190,0
6507,0,6192.0439,6193.1312,6193.4640,0.1194,0
6508,0,6193.2908,6193.9897,6194.3279,0.1239,0
6509,0,6194.1484,6194.8741,6195.2259,0.1096,0
6510,0,6195.0161,6196.0842,6196.4476,0.1114,0
6511,0,6196.2372,6196.9820,6197.3508,0.1813,0
6512,0,6197.1964,6197.9015,6198.4718,0.3770,0
6513,0,6198.3125,6199.0041,6199.3144,0.1144,0
6514,0,6199.1519,6199.8409,6200.1374,0.1098,0
6515,0,6199.9812,6200.6628,6201.2345,0.3768,0
6516,0,6201.0740,6201.7604,6202.1005,0.1198,0
6517,0,6201.9364,6202.6305,6202.9838,0.1201,0
6518,0,6202.7945,6203.5033,6204.0912,0.3867,0
6519,0,6203.9253,6204.6232,6204.9029,0.1097,0
6520,0,6204.7644,6205.4344,6205.7159,0.1142,0
6521,0,6205.5760,6206.2423,6206.7573,0.3449,0
6522,0,6206.6160,6207.2784,6207.5881,0.1106,0
6523,0,6207.4244,6208.1105,6208.5172,0.1103,0
6524,0,6208.2600,6209.4684,6209.9152,0.2517,0
6525,0,6209.7518,6210.4542,6210.7304,0.1095,0
6526,0,6210.5952,6211.2665,6211.6813,0.1308,0
6527,0,6211.4410,6212.6135,6212.9073,0.1123,0
6528,0,6212.7604,6213.4493,6213.7881,0.1170,0
6529,0,6213.6142,6214.3332,6214.6128,0.1077,0
6530,0,6214.4731,6215.2792,6215.6107,0.1237,0
6531,0,6215.4425,6216.1403,6216.4492,0.1113,0
6532,0,6216.2818,6216.9775,6217.3264,0.1106,0
6533,0,6217.1185,6218.1073,6218.3936,0.1120,0
6534,0,6218.2491,6218.9263,6219.2359,0.1156,0
6535,0,6219.0756,6219.7603,6220.1153,0.1089,0
6536,0,6219.8990,6220.9013,6221.1961,0.1104,0
6537,0,6221.0413,6221.7219,6222.0212,0.1109,0
6538,0,6221.8634,6222.5515,6222.8966,0.1138,0
6539,0,6222.7047,6223.6782,6224.0057,0.1586,0
6540,0,6223.8678,6224.5318,6224.8503,0.1152,0
6541,0,6224.6870,6225.3765,6225.7009,0.1153,0
6542,0,6225.5286,6226.5809,6227.0244,0.2607,0
6543,0,6226.8751,6227.5603,6227.8408,0.1147,0
6544,0,6227.7028,6228.3749,6228.7715,0.1250,0
6545,0,6228.5516,6229.4827,6229.7755,0.1110,0
6546,0,6229.6314,6230.3301,6230.5977,0.1068,0
6547,0,6230.4672,6231.1312,6231.4075,0.1057,0
6548,0,6231.2660,6232.1239,6232.4380,0.1156,0
6549,0,6232.2713,6232.9579,6233.2802,0.1111,0
6550,0,6233.1109,6233.8453,6234.1547,0.1213,0
6551,0,6234.0018,6234.8202,6235.1039,0.1124,0
6552,0,6234.9670,6235.6535,6235.9293,0.1123,0
6553,0,6235.7928,6236.4528,6236.7890,0.1067,0
6554,0,6236.5877,6237.6953,6237.9877,0.1110,0
6555,0,6237.8339,6238.5147,6238.8055,0.1123,0
6556,0,6238.6544,6239.3387,6239.6798,0.1044,0
6557,0,6239.4714,6240.2774,6240.5661,0.1113,0
6558,0,6240.4206,6241.1055,6241.3832,0.1112,0
6559,0,6241.2470,6241.9114,6242.3293,0.1168,0
6560,0,6242.0696,6243.1435,6243.5342,0.1957,0
6561,0,6243.3756,6244.0893,6244.3953,0.1212,0
6562,0,6244.2470,6244.9292,6245.2850,0.1594,0
6563,0,6245.1307,6246.0090,6246.3168,0.1097,0
6564,0,6246.1547,6246.8594,6247.1595,0.1108,0
6565,0,6247.0013,6247.6952,6248.0377,0.1553,0
6566,0,6247.8803,6248.7705,6249.1103,0.1173,0
6567,0,6248.9256,6249.6798,6249.9721,0.1158,0
6568,0,6249.8273,6250.5104,6250.8087,0.1245,0
6569,0,6250.6697,6251.5672,6251.8734,0.1152,0
6570,0,6251.7138,6252.3985,6252.7192,0.1173,0
6571,0,6252.5511,6253.2421,6253.6600,0.1565,0
6572,0,6253.4436,6254.3526,6254.7237,0.1563,0
6573,0,6254.5549,6255.2586,6255.5616,0.1115,0
6574,0,6255.4032,6256.0868,6256.3819,0.1055,0
6575,0,6256.2209,6257.1083,6257.4071,0.1084,0
6576,0,6257.2463,6257.9326,6258.4869,0.1097,0
6577,0,6258.0701,6259.0517,6259.4283,0.1841,0
6578,0,6259.2744,6260.1130,6260.4250,0.1140,0
6579,0,6260.2647,6260.9717,6261.2639,0.1145,0
6580,0,6261.1214,6261.8092,6262.2286,0.2302,0
6581,0,6262.0817,6262.7996,6263.0892,0.1139,0
6582,0,6262.9459,6263.6170,6263.9082,0.1068,0
6583,0,6263.7670,6264.4772,6264.7600,0.1135,0
6584,0,6264.6246,6265.4317,6265.7660,0.1158,0
6585,0,6265.5870,6266.2992,6266.5983,0.1108,0
6586,0,6266.4415,6267.1483,6267.4744,0.1402,0
6587,0,6267.3269,6268.2924,6268.5830,0.1191,0
6588,0,6268.4426,6269.1131,6269.4150,0.1090,0
6589,0,6269.2605,6269.9574,6270.2372,0.1122,0
6590,0,6270.1011,6270.9044,6271.1820,0.1145,0
6591,0,6271.0487,6271.7111,6271.9858,0.1130,0
6592,0,6271.8538,6272.5221,6272.9056,0.1165,0
6593,0,6272.6792,6273.6884,6274.0027,0.1194,0
6594,0,6273.8412,6274.5648,6274.9848,0.1778,0
6595,0,6274.7834,6275.5082,6275.9330,0.2419,0
6596,0,6275.7848,6276.5913,6276.9314,0.1685,0
6597,0,6276.7908,6277.4528,6277.7550,0.1120,0
6598,0,6277.5959,6278.2852,6278.5961,0.1221,0
6599,0,6278.4481,6279.3461,6279.6424,0.1169,0
6600,0,6279.4979,6280.1844,6280.4636,0.1039,0
6601,0,6280.3205,6280.9944,6281.2804,0.1018,0
6602,0,6281.1317,6282.0071,6282.3220,0.1163,0
6603,0,6282.1649,6282.8732,6283.1619,0.1105,0
6604,0,6283.0157,6283.7062,6284.0440,0.1111,0
6605,0,6283.8509,6284.8513,6285.1394,0.1210,0
6606,0,6285.0188,6285.6798,6285.9520,0.1116,0
6607,0,6285.8193,6286.4808,6286.7931,0.1099,0
6608,0,6286.6173,6287.6071,6287.9584,0.1194,0
6609,0,6287.7699,6288.5088,6288.8664,0.1178,0
6610,0,6288.6766,6289.4149,6289.8204,0.1237,0
6611,0,6289.5816,6290.4966,6290.8121,0.1165,0
6612,0,6290.6576,6291.3747,6291.6961,0.1156,0
6613,0,6291.5302,6292.2410,6292.6313,0.1080,0
6614,0,6292.3900,6293.2582,6293.6507,0.1961,0
6615,0,6293.4955,6294.1865,6294.4699,0.1129,0
6616,0,6294.3288,6295.0088,6295.3018,0.1064,0
6617,0,6295.1575,6296.0430,6296.4245,0.1802,0
6618,0,6296.2555,6296.9571,6297.2561,0.1078,0
6619,0,6297.0949,6297.7871,6298.0706,0.1002,0
6620,0,6297.9233,6298.8457,6299.1440,0.1223,0
6621,0,6299.0033,6299.6917,6299.9658,0.1128,0
6622,0,6299.8340,6300.4974,6300.7959,0.1413,0
6623,0,6300.6664,6301.4624,6301.7577,0.1118,0
6624,0,6301.6047,6302.2871,6302.5927,0.1140,0
6625,0,6302.4326,6303.1263,6303.4605,0.1158,0
6626,0,6303.2841,6304.2750,6304.5775,0.1164,0
6627,0,6304.4261,6305.1697,6305.4940,0.1105,0
6628,0,6305.3218,6306.0436,6306.3858,0.1472,0
6629,0,6306.2211,6307.0553,6307.3591,0.1138,0
6630,0,6307.1996,6307.8897,6308.2139,0.1180,0
6631,0,6308.0488,6308.8044,6309.1404,0.1552,0
6632,0,6308.9896,6309.8090,6310.1794,0.1935,0
6633,0,6310.0334,6310.7053,6310.9771,0.1117,0
6634,0,6310.8437,6311.5093,6311.8003,0.1091,0
6635,0,6311.6515,6312.7123,6313.0934,0.1692,0
6636,0,6312.9187,6313.6188,6313.9186,0.1117,0
6637,0,6313.7786,6314.4563,6314.8152,0.1194,0
6638,0,6314.6195,6315.5090,6315.8033,0.1113,0
6639,0,6315.6582,6316.3518,6316.6295,0.1107,0
6640,0,6316.4973,6317.1648,6317.4827,0.1386,0
6641,0,6317.3319,6318.2253,6318.5356,0.1141,0
6642,0,6318.3829,6319.1004,6319.3883,0.1135,0
6643,0,6319.2477,6319.9342,6320.2475,0.1435,0
6644,0,6320.1104,6320.9685,6321.2411,0.1128,0
6645,0,6321.1102,6321.7675,6322.0983,0.1128,0
6646,0,6321.9224,6322.6599,6322.9910,0.1135,0
6647,0,6322.8130,6323.8027,6324.0887,0.1121,0
6648,0,6323.9450,6324.6158,6324.9169,0.1156,0
6649,0,6324.7601,6325.4451,6325.7527,0.1139,0
6650,0,6325.5920,6326.5306,6326.8789,0.1843,0
6651,0,6326.7439,6327.4082,6327.6787,0.1121,0
6652,0,6327.5466,6328.2181,6328.5456,0.1038,0
6653,0,6328.3485,6329.3312,6329.6197,0.1093,0
6654,0,6329.4724,6330.1586,6330.4368,0.1117,0
6655,0,6330.2991,6330.9712,6331.2409,0.1110,0
6656,0,6331.1118,6331.9921,6332.3171,0.1680,0
6657,0,6332.1894,6332.8534,6333.1536,0.1117,0
6658,0,6332.9956,6333.6835,6334.0211,0.1119,0
6659,0,6333.8269,6334.7934,6335.0717,0.1166,0
6660,0,6334.9401,6335.6086,6335.9089,0.1119,0
6661,0,6335.7513,6336.4321,6336.7475,0.1011,0
6662,0,6336.5620,6337.5314,6337.8263,0.1143,0
6663,0,6337.6780,6338.3648,6338.6545,0.1175,0
6664,0,6338.5145,6339.1888,6339.4879,0.1125,0
6665,0,6339.3281,6340.3068,6340.5795,0.1142,0
6666,0,6340.4477,6341.1054,6341.3777,0.1106,0
6667,0,6341.2435,6341.9053,6342.2572,0.1178,0
6668,0,6342.0550,6343.0323,6343.4995,0.2846,0
6669,0,6343.3490,6344.0379,6344.3164,0.1133,0
6670,0,6344.1817,6344.8562,6345.1825,0.1017,0
6671,0,6344.9848,6345.7692,6346.3437,0.3926,0
6672,0,6346.1955,6346.9011,6347.1981,0.1153,0
6673,0,6347.0527,6347.7517,6348.0241,0.1079,0
6674,0,6347.8883,6348.6819,6348.9614,0.1155,0
6675,0,6348.8265,6349.4920,6349.7642,0.1113,0
6676,0,6349.6329,6350.3003,6350.6625,0.1119,0
6677,0,6350.4415,6351.4534,6351.7617,0.1122,0
6678,0,6351.5974,6352.2906,6352.6170,0.1217,0
6679,0,6352.4506,6353.1449,6353.6224,0.1151,0
6680,0,6353.3094,6354.4367,6354.7455,0.1166,0
6681,0,6354.5936,6355.2849,6355.5912,0.1131,0
6682,0,6355.4291,6356.1229,6356.4141,0.1101,0
6683,0,6356.2645,6357.0699,6357.3447,0.1136,0
6684,0,6357.2121,6357.8812,6358.1584,0.1135,0
6685,0,6358.0223,6358.6838,6359.0657,0.1140,0
6686,0,6358.8285,6359.8454,6360.1961,0.1803,0
6687,0,6360.0559,6360.7194,6361.0219,0.1101,0
6688,0,6360.8597,6361.5563,6361.8976,0.1148,0
6689,0,6361.7164,6362.6190,6362.9763,0.1550,0
6690,0,6362.8206,6363.5417,6363.9012,0.1800,0
6691,0,6363.7550,6364.4394,6364.7372,0.1127,0
6692,0,6364.5875,6365.4577,6365.7412,0.1173,0
6693,0,6365.6041,6366.2663,6366.5635,0.1120,0
6694,0,6366.4059,6367.0918,6367.3988,0.1101,0
6695,0,6367.2590,6368.1102,6368.5311,0.1184,0
6696,0,6368.2695,6369.0813,6369.3736,0.1109,0
6697,0,6369.2268,6369.9282,6370.2702,0.1496,0
6698,0,6370.1138,6370.9293,6371.2286,0.1110,0
6699,0,6371.0721,6371.7507,6372.0490,0.1109,0
6700,0,6371.8920,6372.5804,6372.9186,0.1103,0
6701,0,6372.7329,6373.7387,6374.0481,0.1134,0
6702,0,6373.8909,6374.6051,6374.8797,0.1126,0
6703,0,6374.7461,6375.4131,6375.7444,0.1060,0
6704,0,6375.5639,6376.6098,6377.0403,0.2532,0
6705,0,6376.8942,6377.5711,6377.8505,0.1125,0
6706,0,6377.7131,6378.3833,6378.9486,0.3146,0
6707,0,6378.7542,6379.5356,6379.8640,0.1172,0
6708,0,6379.6879,6380.4019,6380.6967,0.1066,0
6709,0,6380.5385,6381.2263,6381.8065,0.3848,0
6710,0,6381.6468,6382.3339,6382.6660,0.1212,0
6711,0,6382.4942,6383.1929,6383.5485,0.1114,0
6712,0,6383.3411,6384.3964,6384.7152,0.1179,0
6713,0,6384.5605,6385.2754,6385.5561,0.1117,0
6714,0,6385.4209,6386.0934,6386.3882,0.1117,0
6715,0,6386.2399,6387.2238,6387.5443,0.1199,0
6716,0,6387.3776,6388.0846,6388.3859,0.1136,0
6717,0,6388.2266,6388.9123,6389.2082,0.1108,0
6718,0,6389.0507,6390.0008,6390.2755,0.1148,0
6719,0,6390.1420,6390.8028,6391.1208,0.1163,0
6720,0,6390.9539,6391.6458,6391.9408,0.1104,0
6721,0,6391.7846,6392.7422,6393.1132,0.1301,0
6722,0,6392.9171,6393.7194,6394.0849,0.1828,0
6723,0,6393.9404,6394.6419,6394.9236,0.1116,0
6724,0,6394.7839,6395.6634,6396.0917,0.2610,0
6725,0,6395.9547,6396.6248,6396.8969,0.1069,0
6726,0,6396.7607,6397.4260,6397.8420,0.1144,0
6727,0,6397.5679,6398.6667,6398.9822,0.1195,0
6728,0,6398.8184,6399.5121,6399.8110,0.1114,0
6729,0,6399.6599,6400.3506,6400.6761,0.1134,0
6730,0,6400.4979,6401.4895,6401.8065,0.1154,0
6731,0,6401.6428,6402.3567,6402.6555,0.1121,0
6732,0,6402.5113,6403.2090,6403.5116,0.1131,0
6733,0,6403.3626,6404.3115,6404.6205,0.1119,0
6734,0,6404.4565,6405.1512,6405.4469,0.1094,0
6735,0,6405.2911,6405.9780,6406.2698,0.1065,0
6736,0,6406.1145,6407.0593,6407.3291,0.1136,0
6737,0,6407.2013,6407.8623,6408.1331,0.1133,0
6738,0,6408.0031,6408.6734,6408.9918,0.1099,0
6739,0,6408.8114,6409.7528,6410.2370,0.2874,0
6740,0,6410.0732,6410.7703,6411.0508,0.1144,0
6741,0,6410.9147,6411.5852,6411.9653,0.1637,0
6742,0,6411.7911,6412.6898,6412.9998,0.1123,0
6743,0,6412.8438,6413.6255,6413.9929,0.1783,0
6744,0,6413.8399,6414.5892,6415.1602,0.3900,0
6745,0,6415.0123,6415.6907,6415.9715,0.1114,0
6746,0,6415.8329,6416.5034,6416.7696,0.1032,0
6747,0,6416.6337,6417.2919,6417.5898,0.1117,0
6748,0,6417.4307,6418.1711,6418.4845,0.1146,0
6749,0,6418.3201,6419.0074,6419.3036,0.1107,0
6750,0,6419.1472,6419.8335,6420.1441,0.1076,0
6751,0,6419.9689,6420.9254,6421.2033,0.1181,0
6752,0,6421.0699,6421.7292,6422.0194,0.1071,0
6753,0,6421.8698,6422.5832,6422.9304,0.1080,0
6754,0,6422.7216,6423.7391,6424.0168,0.1119,0
6755,0,6423.8790,6424.5418,6424.8444,0.1149,0
6756,0,6424.6853,6425.3748,6425.6985,0.1194,0
6757,0,6425.5240,6426.4679,6426.9164,0.2768,0
6758,0,6426.7733,6427.4438,6427.7465,0.1133,0
6759,0,6427.5858,6428.2744,6428.6331,0.1398,0
6760,0,6428.4560,6429.3441,6429.6377,0.1187,0
6761,0,6429.4961,6430.1767,6430.4931,0.1114,0
6762,0,6430.3382,6431.0559,6431.3560,0.1268,0
6763,0,6431.2180,6432.0538,6432.3369,0.1146,0
6764,0,6432.2010,6432.8797,6433.1564,0.1145,0
6765,0,6433.0236,6433.6880,6434.0097,0.1144,0
6766,0,6433.8311,6434.8232,6435.1015,0.1133,0
6767,0,6434.9657,6435.6298,6435.9203,0.1100,0
6768,0,6435.7702,6436.4575,6436.7925,0.1055,0
6769,0,6436.5928,6437.5627,6437.8604,0.1108,0
6770,0,6437.7082,6438.3912,6438.6941,0.1135,0
6771,0,6438.5345,6439.2225,6439.5487,0.1090,0
6772,0,6439.3610,6440.3469,6440.6138,0.1082,0
6773,0,6440.4838,6441.1449,6441.4163,0.1109,0
6774,0,6441.2827,6441.9469,6442.3922,0.1183,0
6775,0,6442.0961,6443.2063,6443.5670,0.1807,0
6776,0,6443.4227,6444.0986,6444.3715,0.1126,0
6777,0,6444.2404,6444.9100,6445.3442,0.1802,0
6778,0,6445.1274,6446.0563,6446.4912,0.1631,0
6779,0,6446.2627,6447.0306,6447.3234,0.1044,0
6780,0,6447.1706,6447.8690,6448.1378,0.1119,0
6781,0,6448.0101,6448.8170,6449.1632,0.1206,0
6782,0,6448.9760,6449.6879,6449.9906,0.1127,0
6783,0,6449.8330,6450.5167,6450.8209,0.1105,0
6784,0,6450.6754,6451.5584,6451.8576,0.1118,0
6785,0,6451.7021,6452.3872,6452.7100,0.1189,0
6786,0,6452.5448,6453.2433,6453.6705,0.1618,0
6787,0,6453.4677,6454.3066,6454.6273,0.1140,0
6788,0,6454.4579,6455.1665,6455.4699,0.1097,0
6789,0,6455.3076,6455.9994,6456.2943,0.1038,0
6790,0,6456.1363,6456.9594,6457.2601,0.1111,0
6791,0,6457.1032,6457.7865,6458.0819,0.1100,0
6792,0,6457.9272,6458.6091,6458.9314,0.1094,0
6793,0,6458.7481,6459.7426,6460.2262,0.2837,0
6794,0,6460.0599,6460.7551,6461.0293,0.1123,0
6795,0,6460.8965,6461.5668,6462.0513,0.2078,0
6796,0,6461.8248,6462.8397,6463.2166,0.1610,0
6797,0,6463.0461,6463.7578,6464.0797,0.1170,0
6798,0,6463.9092,6464.6121,6465.1731,0.3713,0
6799,0,6465.0181,6465.7371,6466.0380,0.1114,0
6800,0,6465.8844,6466.5876,6466.8683,0.1155,0
6801,0,6466.7307,6467.3951,6467.9508,0.3846,0
6802,0,6467.8066,6468.4811,6468.7631,0.1110,0
6803,0,6468.6222,6469.2907,6469.5674,0.1115,0
6804,0,6469.4294,6470.0963,6470.3687,0.1120,0
6805,0,6470.2350,6470.9654,6471.2617,0.1105,0
6806,0,6471.1048,6471.7943,6472.0841,0.1100,0
6807,0,6471.9327,6472.6105,6472.9098,0.1083,0
6808,0,6472.7501,6473.6902,6473.9702,0.1137,0
6809,0,6473.8340,6474.4978,6474.7811,0.1142,0
6810,0,6474.6430,6475.3339,6475.6737,0.1099,0
6811,0,6475.4715,6476.4512,6476.8434,0.1483,0
6812,0,6476.6521,6477.4658,6477.9207,0.2547,0
6813,0,6477.7569,6478.4634,6478.8920,0.2094,0
6814,0,6478.7146,6479.4383,6479.7579,0.1153,0
6815,0,6479.5869,6480.2845,6480.5882,0.1116,0
6816,0,6480.4267,6481.1183,6481.4315,0.1059,0
6817,0,6481.2613,6482.1421,6482.4529,0.1117,0
6818,0,6482.3002,6483.0384,6483.3317,0.1060,0
6819,0,6483.1808,6483.8879,6484.2437,0.1725,0
6820,0,6484.0975,6484.8323,6485.1207,0.1133,0
6821,0,6484.9813,6485.6717,6485.9525,0.1135,0
6822,0,6485.8170,6486.5008,6486.7995,0.1084,0
6823,0,6486.6375,6487.6439,6488.0108,0.1746,0
6824,0,6487.8480,6488.5375,6488.8446,0.1146,0
6825,0,6488.6814,6489.3728,6489.6901,0.1586,0
6826,0,6489.5597,6490.3341,6490.6059,0.1107,0
6827,0,6490.4732,6491.1330,6491.4363,0.1107,0
6828,0,6491.2933,6492.0135,6492.3607,0.1129,0
6829,0,6492.1620,6493.1809,6493.6124,0.2268,0
6830,0,6493.4599,6494.1515,6494.4564,0.1143,0
6831,0,6494.3022,6495.0369,6495.3475,0.1084,0
6832,0,6495.1914,6496.0077,6496.3644,0.1158,0
6833,0,6496.1626,6496.8975,6497.2016,0.1125,0
6834,0,6497.0411,6497.7362,6498.0676,0.1374,0
6835,0,6497.9069,6498.8056,6499.1179,0.1144,0
6836,0,6498.9512,6499.6401,6499.9362,0.1109,0
6837,0,6499.7788,6500.4603,6500.7481,0.1054,0
6838,0,6500.5933,6501.3962,6501.6929,0.1117,0
6839,0,6501.5380,6502.2166,6502.5341,0.1096,0
6840,0,6502.3662,6503.0942,6503.4719,0.1170,0
6841,0,6503.2468,6504.2675,6504.5869,0.1133,0
6842,0,6504.4151,6505.1484,6505.4528,0.1124,0
6843,0,6505.2950,6505.9851,6506.2788,0.1064,0
6844,0,6506.1199,6507.0602,6507.3504,0.1118,0
6845,0,6507.1996,6507.8828,6508.1788,0.1345,0
6846,0,6508.5025,6509.0831,6509.6805,0.3468,0
6847,0,6509.5129,6510.2392,6510.5724,0.1449,0
6848,0,6510.4199,6511.1180,6511.3951,0.1123,0
6849,0,6511.2611,6512.1525,6512.5311,0.1896,0
6850,0,6512.3858,6513.1380,6513.4327,0.1112,0
6851,0,6513.2860,6513.9863,6514.2849,0.1163,0
6852,0,6514.1363,6515.1745,6515.4989,0.1137,0
6853,0,6515.3235,6516.0403,6516.3395,0.1096,0
6854,0,6516.1793,6516.8677,6517.1268,0.1016,0
6855,0,6516.9964,6517.9518,6518.2778,0.1141,0
6856,0,6518.1162,6518.8053,6519.1293,0.1162,0
6857,0,6518.9555,6519.6491,6519.9386,0.1102,0
6858,0,6519.7870,6520.7527,6521.0760,0.1225,0
6859,0,6520.9126,6521.6004,6521.9078,0.1168,0
6860,0,6521.7510,6522.4378,6522.8061,0.1099,0
6861,0,6522.5847,6523.6079,6523.9513,0.1746,0
6862,0,6523.8144,6524.5767,6524.9353,0.1781,0
6863,0,6524.7906,6525.4768,6525.8429,0.1922,0
6864,0,6525.7012,6526.5024,6526.7818,0.1155,0
6865,0,6526.6486,6527.3094,6527.5794,0.1124,0
6866,0,6527.4489,6528.1097,6528.5385,0.1154,0
6867,0,6528.2668,6529.3375,6529.6292,0.1235,0
6868,0,6529.4914,6530.1601,6530.4360,0.1044,0
6869,0,6530.2933,6530.9630,6531.2555,0.1059,0
6870,0,6531.1014,6532.0318,6532.3300,0.1139,0
6871,0,6532.1758,6532.8639,6533.1631,0.1119,0
6872,0,6533.0056,6533.6938,6534.0333,0.1127,0
6873,0,6533.8556,6534.8214,6535.0976,0.1126,0
6874,0,6534.9632,6535.6303,6535.8976,0.1114,0
6875,0,6535.7691,6536.4332,6536.7112,0.1000,0
6876,0,6536.5618,6537.5193,6537.8128,0.1115,0
6877,0,6537.6602,6538.3395,6538.6361,0.1108,0
6878,0,6538.4799,6539.1676,6539.5636,0.1322,0
6879,0,6539.3428,6540.5500,6540.8461,0.1134,0
6880,0,6540.6997,6541.4110,6541.7153,0.1106,0
6881,0,6541.5555,6542.2618,6542.5559,0.1075,0
6882,0,6542.4054,6543.2398,6543.6719,0.1952,0
6883,0,6543.4751,6544.2119,6544.5029,0.1123,0
6884,0,6544.3546,6545.0395,6545.5183,0.3030,0
6885,0,6545.3727,6546.0883,6546.3660,0.1125,0
6886,0,6546.2309,6546.9026,6547.1986,0.1093,0
6887,0,6547.0498,6547.7362,6548.0314,0.1272,0
6888,0,6547.8976,6548.7115,6549.0038,0.1211,0
6889,0,6548.8641,6549.5381,6549.8029,0.1062,0
6890,0,6549.6741,6550.3359,6550.6831,0.1095,0
6891,0,6550.4745,6551.4581,6551.7305,0.1154,0
6892,0,6551.6028,6552.2685,6552.5510,0.1108,0
6893,0,6552.4149,6553.1224,6553.4556,0.1107,0
6894,0,6553.2715,6554.2772,6554.5785,0.1135,0
6895,0,6554.4230,6555.1228,6555.5130,0.1150,0
6896,0,6555.2758,6556.0405,6556.3984,0.1632,0
6897,0,6556.2410,6557.1604,6557.4445,0.1039,0
6898,0,6557.2996,6557.9763,6558.2508,0.1106,0
6899,0,6558.1169,6558.7866,6559.0826,0.1075,0
6900,0,6558.9258,6559.7246,6560.1243,0.1945,0
6901,0,6559.9545,6560.6556,6560.9288,0.1113,0
6902,0,6560.7962,6561.4661,6561.7818,0.1095,0
6903,0,6561.6053,6562.4249,6562.8675,0.2644,0
6904,0,6562.7241,6563.3982,6563.6784,0.1098,0
6905,0,6563.5377,6564.2063,6564.5426,0.1129,0
6906,0,6564.3490,6565.3206,6565.6181,0.1064,0
6907,0,6565.4566,6566.1459,6566.4515,0.1092,0
6908,0,6566.2849,6566.9682,6567.2805,0.1095,0
6909,0,6567.1074,6568.0942,6568.4152,0.1162,0
6910,0,6568.2512,6568.9817,6569.2723,0.1102,0
6911,0,6569.1227,6569.8111,6570.1172,0.1108,0
6912,0,6569.9549,6570.8887,6571.4807,0.1653,0
6913,0,6571.0826,6572.0539,6572.4377,0.1795,0
6914,0,6572.2702,6572.9832,6573.5512,0.3782,0
6915,0,6573.4029,6574.0935,6574.3827,0.1161,0
6916,0,6574.2424,6574.9282,6575.2024,0.1133,0
6917,0,6575.0709,6575.7386,6576.1092,0.1897,0
6918,0,6575.9704,6576.7162,6577.0159,0.1153,0
6919,0,6576.8628,6577.5535,6577.8469,0.1138,0
6920,0,6577.7029,6578.3976,6578.8689,0.2994,0
6921,0,6578.7268,6579.4394,6579.7257,0.1141,0
6922,0,6579.5856,6580.2644,6580.5423,0.1140,0
6923,0,6580.4091,6581.0767,6581.3619,0.1230,0
6924,0,6581.2287,6582.0401,6582.4114,0.1566,0
6925,0,6582.2401,6582.9453,6583.2239,0.1103,0
6926,0,6583.0858,6583.7580,6584.0616,0.1122,0
6927,0,6583.9001,6584.8314,6585.1352,0.1147,0
6928,0,6584.9761,6585.6627,6585.9559,0.1092,0
6929,0,6585.8017,6586.4835,6586.8990,0.1077,0
6930,0,6586.6262,6587.4892,6588.0819,0.4032,0
6931,0,6587.9283,6588.6226,6588.9087,0.1114,0
6932,0,6588.7690,6589.4664,6589.8397,0.1355,0
6933,0,6589.6444,6590.4850,6590.7991,0.1164,0
6934,0,6590.6356,6591.3311,6591.6308,0.1096,0
6935,0,6591.4702,6592.1593,6592.5292,0.1470,0
6936,0,6592.3466,6593.2392,6593.6521,0.1919,0
6937,0,6593.4772,6594.1920,6594.4808,0.1118,0
6938,0,6594.3371,6595.0191,6595.5718,0.3271,0
6939,0,6595.3832,6596.1055,6596.5109,0.1366,0
6940,0,6596.2781,6597.0316,6597.3118,0.1068,0
6941,0,6597.1673,6597.8452,6598.1591,0.1111,0
6942,0,6597.9888,6598.8071,6599.0783,0.1126,0
6943,0,6598.9488,6599.6120,6599.9319,0.1175,0
6944,0,6599.7689,6600.4687,6600.8207,0.1635,0
6945,0,6600.6629,6601.5635,6601.8608,0.1092,0
6946,0,6601.7030,6602.3899,6602.7870,0.1160,0
6947,0,6602.5596,6603.3383,6603.6318,0.1084,0
6948,0,6603.4871,6604.4001,6604.6774,0.1150,0
6949,0,6604.5448,6605.2126,6605.4851,0.1121,0
6950,0,6605.3536,6606.0241,6606.3455,0.1622,0
6951,0,6606.2152,6607.0533,6607.3807,0.1208,0
6952,0,6607.2120,6607.9157,6608.2355,0.1135,0
6953,0,6608.0656,6608.7940,6609.0953,0.1058,0
6954,0,6608.9343,6609.7424,6610.0383,0.1120,0
6955,0,6609.8899,6610.5898,6610.8619,0.1103,0
6956,0,6610.7270,6611.3953,6611.7224,0.1101,0
6957,0,6611.5488,6612.4371,6612.9122,0.2489,0
6958,0,6612.7376,6613.4862,6613.8064,0.1125,0
6959,0,6613.6362,6614.3436,6614.6277,0.1134,0
6960,0,6614.4899,6615.3043,6615.6050,0.1148,0
6961,0,6615.4481,6616.1329,6616.4356,0.1109,0
6962,0,6616.2891,6616.9688,6617.2771,0.1095,0
6963,0,6617.1074,6618.0904,6618.6625,0.1158,0
6964,0,6618.2551,6619.1562,6619.5634,0.1111,0
6965,0,6619.3415,6620.1050,6620.5457,0.1131,0
6966,0,6620.3098,6621.0954,6621.4713,0.1124,0
6967,0,6621.2872,6622.0050,6622.3799,0.1073,0
6968,0,6622.1454,6622.8899,6623.2084,0.1144,0
6969,0,6623.0374,6623.7812,6624.0668,0.1198,0
6970,0,6623.9325,6624.6130,6624.8848,0.1126,0
6971,0,6624.7545,6625.4149,6625.8044,0.1626,0
6972,0,6625.6130,6626.5919,6627.0904,0.1620,0
6973,0,6626.7924,6627.6132,6627.9890,0.1113,0
6974,0,6627.7624,6628.5073,6628.9969,0.2205,0
6975,0,6628.7650,6629.5585,6629.8886,0.1603,0
6976,0,6629.7486,6630.4252,6630.7050,0.1154,0
6977,0,6630.5690,6631.2393,6631.5203,0.1107,0
6978,0,6631.3823,6632.1253,6632.4133,0.1136,0
6979,0,6632.2689,6632.9428,6633.2161,0.1127,0
6980,0,6633.0852,6633.7668,6634.0563,0.1079,0
6981,0,6633.9085,6634.8064,6635.1464,0.1650,0
6982,0,6634.9996,6635.6811,6635.9758,0.1103,0
6983,0,6635.8214,6636.5053,6636.8142,0.1056,0
6984,0,6636.6406,6637.5904,6637.8636,0.1122,0
6985,0,6637.7307,6638.3932,6638.7108,0.1179,0
6986,0,6638.5445,6639.2472,6639.5783,0.1125,0
6987,0,6639.3899,6640.3589,6640.6543,0.1099,0
6988,0,6640.4988,6641.1823,6641.4760,0.1096,0
6989,0,6641.3218,6642.0065,6642.3794,0.1129,0
6990,0,6642.1515,6643.1544,6643.4650,0.1210,0
6991,0,6643.3080,6643.9932,6644.3125,0.1184,0
6992,0,6644.1435,6644.8492,6645.1984,0.1061,0
6993,0,6644.9858,6645.9751,6646.2835,0.1176,0
6994,0,6646.1235,6646.8117,6647.1153,0.1110,0
6995,0,6646.9533,6647.6437,6647.9325,0.1038,0
6996,0,6647.7776,6648.7123,6648.9913,0.1237,0
6997,0,6648.8635,6649.5254,6649.9298,0.1255,0
6998,0,6649.7088,6650.4973,6650.8439,0.1576,0
6999,0,6650.6902,6651.5976,6651.8897,0.1143,0
7000,0,6651.7484,6652.4448,6652.7855,0.1166,0
7001,0,6652.5979,6653.3062,6653.6133,0.1107,0
7002,0,6653.4569,6654.3694,6654.6763,0.1208,0
7003,0,6654.5259,6655.2153,6655.5108,0.1129,0
7004,0,6655.3569,6656.0659,6656.3908,0.1310,0
7005,0,6656.2324,6657.0552,6657.3257,0.1077,0
7006,0,6657.1925,6657.8637,6658.1336,0.1113,0
7007,0,6658.0034,6658.6713,6659.0196,0.1129,0
7008,0,6658.8143,6659.7983,6660.0964,0.1124,0
7009,0,6659.9408,6660.6298,6660.9276,0.1111,0
7010,0,6660.7714,6661.4624,6661.8543,0.1108,0
7011,0,6661.6028,6662.6354,6662.9207,0.1117,0
7012,0,6662.7818,6663.4525,6663.7584,0.1132,0
7013,0,6663.5969,6664.2855,6664.5624,0.1105,0
7014,0,6664.4270,6665.3778,6665.6732,0.1132,0
7015,0,6665.5270,6666.2138,6666.4816,0.1061,0
7016,0,6666.3473,6667.0181,6667.3205,0.1117,0
7017,0,6667.1630,6668.1153,6668.4131,0.1117,0
7018,0,6668.2573,6668.9426,6669.2381,0.1110,0
7019,0,6669.0835,6669.7679,6670.1173,0.1098,0
7020,0,6669.9087,6670.8636,6671.1945,0.1711,0
7021,0,6671.0622,6671.7210,6672.0192,0.1116,0
7022,0,6671.8626,6672.5507,6672.8882,0.1120,0
7023,0,6672.6970,6673.6766,6673.9579,0.1153,0
7024,0,6673.8204,6674.4969,6674.7723,0.1141,0
7025,0,6674.6389,6675.3050,6675.6130,0.1115,0
7026,0,6675.4438,6676.4272,6676.7224,0.1090,0
7027,0,6676.5658,6677.2493,6677.5458,0.1073,0
7028,0,6677.3856,6678.0900,6678.4454,0.1113,0
7029,0,6678.2315,6679.0877,6679.5575,0.2712,0
7030,0,6679.3922,6680.0941,6680.4648,0.1395,0
7031,0,6680.3059,6681.0045,6681.2680,0.1023,0
7032,0,6681.1371,6682.1228,6682.5133,0.1622,0
7033,0,6682.3288,6683.1069,6683.4343,0.1125,0
7034,0,6683.2582,6683.9998,6684.2926,0.1127,0
7035,0,6684.1471,6684.8763,6685.1796,0.1113,0
7036,0,6685.0298,6685.7519,6686.0581,0.1090,0
7037,0,6685.8964,6686.5864,6686.9456,0.1643,0
7038,0,6686.7842,6687.7425,6688.0279,0.1140,0
7039,0,6687.8868,6688.5630,6688.8409,0.1121,0
7040,0,6688.7030,6689.3702,6689.7137,0.1841,0
7041,0,6689.5823,6690.3809,6690.6789,0.1126,0
7042,0,6690.5218,6691.2102,6691.4999,0.1106,0
7043,0,6691.3481,6692.0298,6692.3548,0.1083,0
7044,0,6692.1656,6693.0564,6693.4333,0.1632,0
7045,0,6693.2566,6693.9873,6694.2950,0.1115,0
7046,0,6694.1309,6694.8387,6695.1978,0.1087,0
7047,0,6694.9774,6695.9711,6696.3920,0.1166,0
7048,0,6696.1277,6696.9381,6697.2364,0.1050,0
7049,0,6697.0782,6697.7752,6698.0484,0.1035,0
7050,0,6697.9113,6698.7062,6698.9935,0.1175,0
7051,0,6698.8712,6699.5348,6699.8087,0.1118,0
7052,0,6699.6754,6700.3423,6700.6874,0.1179,0
7053,0,6700.4876,6701.4878,6701.7819,0.1079,0
7054,0,6701.6257,6702.3122,6702.6383,0.1177,0
7055,0,6702.4682,6703.1641,6703.4821,0.1078,0
7056,0,6703.3028,6704.2629,6704.5855,0.1224,0
7057,0,6704.4170,6705.1098,6705.4045,0.1104,0
7058,0,6705.2500,6705.9324,6706.2537,0.1086,0
7059,0,6706.0700,6707.0582,6707.3529,0.1122,0
7060,0,6707.2014,6707.8840,6708.1541,0.1114,0
7061,0,6708.0233,6708.6852,6709.0173,0.1070,0
7062,0,6708.8218,6709.8124,6710.1106,0.1127,0
7063,0,6709.9552,6710.6373,6710.9324,0.1092,0
7064,0,6710.7762,6711.4643,6711.9622,0.1199,0
7065,0,6711.6222,6712.7795,6713.1149,0.1184,0
7066,0,6712.9392,6713.6437,6713.9179,0.1090,0
7067,0,6713.7815,6714.4484,6714.7211,0.1041,0
7068,0,6714.5819,6715.4304,6715.6934,0.1048,0
7069,0,6715.5647,6716.2269,6716.5141,0.1099,0
7070,0,6716.3739,6717.0902,6717.3738,0.1035,0
7071,0,6717.2242,6718.1806,6718.4707,0.1135,0
7072,0,6718.3230,6719.0024,6719.3017,0.1102,0
7073,0,6719.1413,6719.8340,6720.1437,0.1152,0
7074,0,6719.9834,6720.9305,6721.2012,0.1134,0
7075,0,6721.0703,6721.7300,6722.0105,0.1066,0
7076,0,6721.8670,6722.5664,6722.9161,0.1101,0
7077,0,6722.7087,6723.7383,6724.0313,0.1201,0
7078,0,6723.8867,6724.5625,6724.8545,0.1085,0
7079,0,6724.7085,6725.3993,6725.6817,0.1043,0
7080,0,6725.5338,6726.4427,6726.7675,0.1651,0
7081,0,6726.6356,6727.2971,6727.8357,0.1127,0
7082,0,6727.4420,6728.4183,6728.9183,0.2985,0
7083,0,6728.7474,6729.5247,6729.8253,0.1132,0
7084,0,6729.6764,6730.3788,6730.6789,0.1103,0
7085,0,6730.5201,6731.2057,6731.5071,0.1116,0
7086,0,6731.3481,6732.1907,6732.5495,0.1173,0
7087,0,6732.3573,6733.1055,6733.4412,0.1142,0
7088,0,6733.2575,6734.0053,6734.5667,0.3750,0
7089,0,6734.4222,6735.1214,6735.4161,0.1108,0
7090,0,6735.2656,6735.9551,6736.2277,0.1130,0
7091,0,6736.0951,6736.7608,6737.0282,0.1126,0
7092,0,6736.9000,6737.6397,6737.9441,0.1148,0
7093,0,6737.7836,6738.4707,6738.8108,0.1185,0
7094,0,6738.6334,6739.3762,6739.7064,0.1535,0
7095,0,6739.5635,6740.3974,6740.6800,0.1188,0
7096,0,6740.5449,6741.2125,6741.4963,0.1113,0
7097,0,6741.3500,6742.0180,6742.3370,0.1061,0
7098,0,6742.1515,6743.1660,6743.5323,0.1188,0
7099,0,6743.3234,6744.0727,6744.3667,0.1039,0
7100,0,6744.2121,6744.9360,6745.2956,0.1500,0
7101,0,6745.1291,6746.1738,6746.4757,0.1117,0
7102,0,6746.3180,6747.0448,6747.3552,0.1112,0
7103,0,6747.1924,6747.9026,6748.5000,0.4030,0
7104,0,6748.3365,6749.0437,6749.3526,0.1139,0
7105,0,6749.1893,6749.8795,6750.1800,0.1139,0
7106,0,6750.0230,6750.7143,6751.2784,0.3722,0
7107,0,6751.1165,6751.8094,6752.0832,0.1087,0
7108,0,6751.9470,6752.6177,6752.8988,0.1119,0
7109,0,6752.7611,6753.4319,6753.7676,0.1179,0
7110,0,6753.5914,6754.3273,6754.6413,0.1106,0
7111,0,6754.4703,6755.1703,6755.4657,0.1102,0
7112,0,6755.3106,6755.9982,6756.2931,0.1081,0
7113,0,6756.1355,6757.0602,6757.3515,0.1077,0
7114,0,6757.1982,6757.8971,6758.1997,0.1133,0
7115,0,6758.0411,6758.7316,6759.0454,0.1124,0
7116,0,6758.8807,6759.8514,6760.1237,0.1153,0
7117,0,6759.9944,6760.6632,6760.9332,0.1114,0
7118,0,6760.8019,6761.4712,6761.7787,0.1095,0
7119,0,6761.6079,6762.6333,6762.9899,0.1522,0
7120,0,6762.8277,6763.5244,6763.8366,0.1159,0
7121,0,6763.6742,6764.3774,6764.7691,0.1648,0
7122,0,6764.5927,6765.5144,6765.8145,0.1135,0
7123,0,6765.6642,6766.3774,6766.6539,0.1075,0
7124,0,6766.5175,6767.2162,6767.4878,0.1024,0
7125,0,6767.3511,6768.2302,6768.5129,0.1125,0
7126,0,6768.3719,6769.0481,6769.3366,0.1137,0
7127,0,6769.1935,6769.8652,6770.1635,0.1059,0
7128,0,6769.9991,6770.9403,6771.2356,0.1113,0
7129,0,6771.0800,6771.7640,6772.0566,0.1099,0
7130,0,6771.9029,6772.5944,6772.9102,0.1120,0
7131,0,6772.7377,6773.7288,6774.0096,0.1140,0
7132,0,6773.8699,6774.5801,6774.8663,0.1131,0
7133,0,6774.7242,6775.4028,6775.6841,0.1084,0
7134,0,6775.5422,6776.4541,6776.8070,0.1602,0
7135,0,6776.6459,6777.3322,6777.6313,0.1104,0
7136,0,6777.4711,6778.1632,6778.5385,0.1105,0
7137,0,6778.3019,6779.3182,6779.6170,0.1093,0
7138,0,6779.4629,6780.1812,6780.4713,0.1150,0
7139,0,6780.3299,6781.0256,6781.3019,0.1031,0
7140,0,6781.1634,6782.1128,6782.4363,0.1182,0
7141,0,6782.3257,6782.9961,6783.3173,0.1120,0
7142,0,6783.1448,6783.8867,6784.1903,0.1117,0
7143,0,6784.0367,6784.8631,6785.1513,0.1146,0
7144,0,6785.0129,6785.7058,6785.9869,0.1116,0
7145,0,6785.8492,6786.5361,6786.8291,0.1044,0
7146,0,6786.6682,6787.6495,6787.9526,0.1119,0
7147,0,6787.7892,6788.4830,6788.7723,0.1106,0
7148,0,6788.6202,6789.3043,6789.6145,0.1137,0
7149,0,6789.4506,6790.4003,6790.7031,0.1234,0
7150,0,6790.5580,6791.2458,6791.5446,0.1146,0
7151,0,6791.3947,6792.1091,6792.3999,0.1069,0
7152,0,6792.2450,6793.1909,6793.5188,0.1189,0
7153,0,6793.3556,6794.0648,6794.3500,0.1107,0
7154,0,6794.2050,6794.8849,6795.2066,0.1124,0
7155,0,6795.0247,6795.8373,6796.3037,0.2772,0
7156,0,6796.1509,6796.8783,6797.1583,0.1044,0
7157,0,6797.0180,6797.7094,6798.0362,0.1603,0
7158,0,6797.8984,6798.6628,6799.0177,0.1637,0
7159,0,6798.8575,6799.5479,6799.8468,0.1115,0
7160,0,6799.6904,6800.3825,6800.6822,0.1119,0
7161,0,6800.5325,6801.4990,6801.7762,0.1127,0
7162,0,6801.6410,6802.3095,6802.6004,0.1042,0
7163,0,6802.4436,6803.1402,6803.4740,0.1099,0
7164,0,6803.2821,6804.2519,6804.5632,0.1172,0
7165,0,6804.4016,6805.0979,6805.5364,0.1198,0
7166,0,6805.3017,6806.0950,6806.3984,0.1200,0
7167,0,6806.2486,6807.0923,6807.4221,0.1162,0
7168,0,6807.2583,6808.0122,6808.3082,0.1139,0
7169,0,6808.1589,6808.8541,6809.1972,0.1317,0
7170,0,6809.0304,6809.8922,6810.1859,0.1138,0
7171,0,6810.0438,6810.7385,6811.0134,0.1148,0
7172,0,6810.8798,6811.5486,6811.9002,0.1142,0
7173,0,6811.6894,6812.8623,6813.1646,0.1096,0
7174,0,6813.0105,6813.7288,6814.0086,0.1064,0
7175,0,6813.8661,6814.5405,6814.8205,0.1123,0
7176,0,6814.6827,6815.4881,6815.7645,0.1147,0
7177,0,6815.6325,6816.3005,6816.5955,0.1087,0
7178,0,6816.4377,6817.1259,6817.4207,0.1082,0
7179,0,6817.2653,6818.0840,6818.4162,0.1232,0
7180,0,6818.2484,6818.9482,6819.2462,0.1107,0
7181,0,6819.0891,6819.7794,6820.1844,0.1288,0
7182,0,6819.9509,6820.9848,6821.3011,0.1166,0
7183,0,6821.1379,6821.8277,6822.1419,0.1152,0
7184,0,6821.9770,6822.6716,6822.9799,0.1149,0
7185,0,6822.8185,6823.7693,6824.0751,0.1167,0
7186,0,6823.9160,6824.6044,6824.9130,0.1149,0
7187,0,6824.7525,6825.4433,6825.7376,0.1068,0
7188,0,6825.5797,6826.5051,6826.8013,0.1115,0
7189,0,6826.6467,6827.3334,6827.6278,0.1091,0
7190,0,6827.4731,6828.1655,6828.4794,0.1067,0
7191,0,6828.3085,6829.3443,6829.6470,0.1112,0
7192,0,6829.4913,6830.2113,6830.5242,0.1185,0
7193,0,6830.3644,6831.0627,6831.4022,0.1370,0
7194,0,6831.2289,6832.1982,6832.5332,0.1120,0
7195,0,6832.3482,6833.0898,6833.4197,0.1119,0
7196,0,6833.2381,6833.9673,6834.2852,0.1161,0
7197,0,6834.1129,6834.8448,6835.1907,0.1173,0
7198,0,6835.0097,6835.7652,6836.0588,0.1105,0
7199,0,6835.9110,6836.6152,6836.9299,0.1497,0
7200,0,6836.7947,6837.6591,6837.9705,0.1170,0
7201,0,6837.8061,6838.4978,6838.8051,0.1150,0
7202,0,6838.6440,6839.3391,6839.6298,0.1071,0
7203,0,6839.4742,6840.4083,6840.7073,0.1166,0
7204,0,6840.5537,6841.2384,6841.5404,0.1188,0
7205,0,6841.3848,6842.0718,6842.3954,0.1177,0
7206,0,6842.2283,6843.1502,6843.4880,0.1217,0
7207,0,6843.3096,6844.0145,6844.2920,0.1117,0
7208,0,6844.1541,6844.8324,6845.1778,0.1093,0
7209,0,6844.9692,6845.7643,6846.2219,0.2675,0
7210,0,6846.0707,6846.8024,6847.1077,0.1103,0
7211,0,6846.9546,6847.6753,6847.9584,0.1052,0
7212,0,6847.8102,6848.8157,6849.1386,0.1170,0
7213,0,6848.9645,6849.6719,6849.9710,0.1131,0
7214,0,6849.8132,6850.5001,6850.8383,0.1490,0
7215,0,6850.6778,6851.5882,6852.0296,0.1308,0
7216,0,6851.7621,6852.5474,6852.8376,0.1088,0
7217,0,6852.6841,6853.3748,6853.7277,0.1250,0
7218,0,6853.5338,6854.3511,6854.6805,0.1311,0
7219,0,6854.5142,6855.2338,6855.5421,0.1100,0
7220,0,6855.3808,6856.0902,6856.3624,0.1047,0
7221,0,6856.2268,6857.0388,6857.3104,0.1040,0
7222,0,6857.1732,6857.8506,6858.1320,0.1123,0
7223,0,6857.9910,6858.6654,6858.9946,0.1112,0
7224,0,6858.8036,6859.8111,6860.0930,0.1138,0
7225,0,6859.9525,6860.6204,6860.8921,0.1076,0
7226,0,6860.7548,6861.4237,6861.7627,0.1116,0
7227,0,6861.5616,6862.4299,6863.0036,0.3840,0
7228,0,6862.8502,6863.5560,6863.8525,0.1103,0
7229,0,6863.7007,6864.3952,6864.7004,0.1381,0
7230,0,6864.6193,6865.4396,6865.7254,0.1153,0
7231,0,6865.5883,6866.2635,6866.5652,0.1112,0
7232,0,6866.4022,6867.0952,6867.4391,0.1117,0
7233,0,6867.2694,6868.2416,6868.5480,0.1146,0
7234,0,6868.3955,6869.0975,6869.3851,0.1099,0
7235,0,6869.2396,6869.9271,6870.2477,0.1548,0
7236,0,6870.1123,6870.9277,6871.2065,0.1138,0
7237,0,6871.0720,6871.7385,6872.0142,0.1147,0
7238,0,6871.8828,6872.5522,6872.8984,0.1115,0
7239,0,6872.6988,6873.7102,6873.9927,0.1127,0
7240,0,6873.8528,6874.5242,6874.8031,0.1137,0
7241,0,6874.6675,6875.3389,6875.6948,0.1155,0
7242,0,6875.4832,6876.4724,6876.7833,0.1079,0
7243,0,6876.6187,6877.3203,6877.6293,0.1143,0
7244,0,6877.4670,6878.1804,6878.4759,0.1098,0
7245,0,6878.3218,6879.1163,6879.6789,0.3917,0
7246,0,6879.5387,6880.2217,6880.4871,0.1056,0
7247,0,6880.3562,6881.0232,6881.3177,0.1041,0
7248,0,6881.1684,6881.9485,6882.2638,0.1163,0
7249,0,6882.1082,6882.8276,6883.1250,0.1116,0
7250,0,6882.9750,6883.6905,6884.0336,0.1121,0
7251,0,6883.8436,6884.8471,6885.1259,0.1189,0
7252,0,6884.9930,6885.6634,6885.9295,0.1117,0
7253,0,6885.8018,6886.4633,6886.7866,0.1106,0
7254,0,6886.6004,6887.5727,6887.8434,0.1136,0
7255,0,6887.7128,6888.3717,6888.6658,0.1113,0
7256,0,6888.5101,6889.2057,6889.5574,0.1120,0
7257,0,6889.3450,6890.3363,6890.6504,0.1177,0
7258,0,6890.4854,6891.1752,6891.4692,0.1102,0
7259,0,6891.3138,6891.9984,6892.3426,0.1089,0
7260,0,6892.1360,6893.1241,6893.4799,0.1198,0
7261,0,6893.2937,6894.0195,6894.3062,0.1102,0
7262,0,6894.1625,6894.8456,6895.1295,0.1106,0
7263,0,6894.9891,6895.7678,6896.3224,0.3921,0
7264,0,6896.1900,6896.8626,6897.1525,0.1081,0
7265,0,6897.0064,6897.7173,6898.0523,0.1601,0
7266,0,6897.9076,6898.7703,6899.1054,0.1248,0
7267,0,6898.9314,6899.6484,6899.9195,0.1075,0
7268,0,6899.7841,6900.4610,6900.7497,0.1061,0
7269,0,6900.5952,6901.4376,6901.7225,0.1142,0
7270,0,6901.5809,6902.2560,6902.5245,0.1068,0
7271,0,6902.3907,6903.0608,6903.4588,0.1138,0
7272,0,6903.2103,6904.2507,6904.5508,0.1122,0
7273,0,6904.3991,6905.0995,6905.3746,0.1124,0
7274,0,6905.2427,6905.9238,6906.2289,0.1103,0
7275,0,6906.0626,6907.0213,6907.2919,0.1131,0
7276,0,6907.1630,6907.8287,6908.1304,0.1149,0
7277,0,6907.9757,6908.6674,6909.0121,0.1084,0
7278,0,6908.8062,6909.8072,6910.1063,0.1149,0
7279,0,6909.9524,6910.7083,6911.0002,0.1048,0
7280,0,6910.8506,6911.5393,6911.8908,0.1052,0
7281,0,6911.6746,6912.5633,6912.9534,0.2190,0
7282,0,6912.8180,6913.5478,6913.8472,0.1114,0
7283,0,6913.6973,6914.3943,6914.7364,0.1625,0
7284,0,6914.5923,6915.5044,6915.7785,0.1133,0
7285,0,6915.6473,6916.3135,6916.5904,0.1147,0
7286,0,6916.4573,6917.1296,6917.4136,0.1018,0
7287,0,6917.2697,6918.1044,6918.4092,0.1148,0
7288,0,6918.2547,6918.9645,6919.2389,0.1090,0
7289,0,6919.1023,6919.7774,6920.1109,0.1141,0
7290,0,6919.9201,6920.9328,6921.2061,0.1128,0
7291,0,6921.0722,6921.7347,6922.0608,0.1186,0
7292,0,6921.8923,6922.5935,6922.9102,0.1097,0
7293,0,6922.7350,6923.6939,6923.9758,0.1125,0
7294,0,6923.8349,6924.5076,6924.7810,0.1133,0
7295,0,6924.6475,6925.3121,6925.6248,0.1116,0
7296,0,6925.4507,6926.4343,6926.7059,0.1137,0
7297,0,6926.5750,6927.2388,6927.5277,0.1120,0
7298,0,6927.3769,6928.0622,6928.3918,0.1138,0
7299,0,6928.2036,6929.4694,6929.7752,0.1167,0
7300,0,6929.6154,6930.3103,6930.6892,0.1269,0
7301,0,6930.4742,6931.2615,6931.8286,0.3868,0
7302,0,6931.6876,6932.3824,6932.7381,0.1607,0
7303,0,6932.5831,6933.2933,6933.6267,0.1128,0
7304,0,6933.4458,6934.1737,6934.7350,0.3755,0
7305,0,6934.5859,6935.2976,6935.5761,0.1139,0
7306,0,6935.4415,6936.1161,6936.3895,0.1123,0
7307,0,6936.2555,6937.1865,6937.4868,0.1127,0
7308,0,6937.3272,6938.0228,6938.3399,0.1161,0
7309,0,6938.1720,6938.8694,6939.1654,0.1100,0
7310,0,6939.0089,6939.9682,6940.2415,0.1139,0
7311,0,6940.1087,6940.7737,6941.0691,0.1119,0
7312,0,6940.9129,6941.6007,6941.8791,0.1145,0
7313,0,6941.7415,6942.4095,6942.9740,0.3472,0
7314,0,6942.7995,6943.5362,6943.8353,0.1119,0
7315,0,6943.6861,6944.3911,6944.6684,0.1145,0
7316,0,6944.5368,6945.4054,6945.8794,0.2414,0
7317,0,6945.7027,6946.4249,6946.7044,0.1079,0
7318,0,6946.5630,6947.2389,6947.5452,0.1139,0
7319,0,6947.4240,6948.3602,6948.6818,0.1172,0
7320,0,6948.5152,6949.2161,6949.5256,0.1139,0
7321,0,6949.3626,6950.0553,6950.3565,0.1095,0
7322,0,6950.1962,6951.1582,6951.4704,0.1176,0
7323,0,6951.3099,6952.0013,6952.3100,0.1138,0
7324,0,6952.1475,6952.8418,6953.1462,0.1157,0
7325,0,6952.9918,6953.9490,6954.2258,0.1132,0
7326,0,6954.0930,6954.7681,6955.0438,0.1108,0
7327,0,6954.9102,6955.5812,6955.8523,0.1133,0
7328,0,6955.7235,6956.6539,6956.9462,0.1071,0
7329,0,6956.7903,6957.4778,6957.7888,0.1161,0
7330,0,6957.6265,6958.3231,6958.6611,0.1089,0
7331,0,6958.4695,6959.4571,6959.8126,0.1625,0
7332,0,6959.6580,6960.3845,6960.6736,0.1144,0
7333,0,6960.5323,6961.2064,6961.5945,0.1111,0
7334,0,6961.3444,6962.3614,6962.7997,0.2557,0
7335,0,6962.6563,6963.3565,6963.6396,0.1107,0
7336,0,6963.4987,6964.1783,6964.4930,0.1135,0
7337,0,6964.3195,6965.3137,6965.5960,0.1008,0
7338,0,6965.4557,6966.1468,6966.4303,0.1043,0
7339,0,6966.2805,6966.9689,6967.3575,0.1328,0
7340,0,6967.1339,6968.1572,6968.4764,0.1148,0
7341,0,6968.3080,6969.0132,6969.3129,0.1087,0
7342,0,6969.1620,6969.8823,6970.1709,0.1113,0
7343,0,6970.0284,6970.9614,6971.2394,0.1136,0
7344,0,6971.1048,6971.7745,6972.0707,0.1101,0
7345,0,6971.9149,6972.6023,6972.9178,0.1115,0
7346,0,6972.7451,6973.7425,6974.0243,0.1151,0
7347,0,6973.8867,6974.5727,6974.8493,0.1131,0
7348,0,6974.7146,6975.3873,6975.7122,0.1061,0
7349,0,6975.5219,6976.4614,6976.9454,0.1622,0
7350,0,6976.6656,6977.4796,6977.7973,0.1152,0
7351,0,6977.6260,6978.3268,6978.6450,0.1044,0
7352,0,6978.4714,6979.3581,6979.6698,0.1129,0
7353,0,6979.5122,6980.2317,6980.5125,0.1057,0
7354,0,6980.3712,6981.0573,6981.3608,0.1383,0
7355,0,6981.2247,6982.0302,6982.3577,0.1189,0
7356,0,6982.1917,6982.8976,6983.1796,0.1121,0
7357,0,6983.0378,6983.7121,6984.0509,0.1122,0
7358,0,6983.8503,6984.8226,6985.1263,0.1127,0
7359,0,6984.9630,6985.6509,6985.9456,0.1103,0
7360,0,6985.7901,6986.4783,6986.8093,0.1090,0
7361,0,6986.6149,6987.5910,6987.8690,0.1164,0
7362,0,6987.7341,6988.3988,6988.6708,0.1127,0
7363,0,6988.5378,6989.2011,6989.5193,0.1117,0
7364,0,6989.3390,6990.3364,6990.6542,0.1229,0
7365,0,6990.4946,6991.1802,6991.4729,0.1100,0
7366,0,6991.3173,6992.0058,6992.3612,0.1117,0
7367,0,6992.1447,6993.1105,6993.4833,0.1598,0
7368,0,6993.3139,6994.0294,6994.3160,0.1106,0
7369,0,6994.1732,6994.8580,6995.2145,0.1075,0
7370,0,6994.9962,6995.9965,6996.2917,0.1092,0
7371,0,6996.1389,6996.8331,6997.1693,0.1075,0
7372,0,6996.9732,6997.7126,6998.0618,0.1642,0
7373,0,6997.9065,6998.7741,6999.0696,0.1165,0
7374,0,6998.9197,6999.6014,6999.8727,0.1126,0
7375,0,6999.7404,7000.4040,7000.6857,0.1082,0
7376,0,7000.5383,7001.4908,7001.7903,0.1162,0
7377,0,7001.6349,7002.3202,7002.6726,0.1172,0
7378,0,7002.4868,7003.2927,7003.6312,0.1470,0
7379,0,7003.4807,7004.3900,7004.6954,0.1186,0
7380,0,7004.5472,7005.2400,7005.5131,0.1122,0
7381,0,7005.3804,7006.0626,7006.3740,0.1427,0
7382,0,7006.2374,7007.1167,7007.4641,0.1192,0
7383,0,7007.2788,7007.9964,7008.2629,0.1104,0
7384,0,7008.5748,7009.1538,7009.7683,0.3171,0
7385,0,7009.6043,7010.4875,7010.7811,0.1145,0
7386,0,7010.6387,7011.3245,7011.6339,0.1120,0
7387,0,7011.4719,7012.3709,7012.8388,0.2609,0
7388,0,7012.6711,7013.3746,7013.6660,0.1171,0
7389,0,7013.5244,7014.1957,7014.5257,0.1129,0
7390,0,7014.3402,7015.3493,7015.6240,0.1145,0
7391,0,7015.4931,7016.1607,7016.4343,0.1118,0
7392,0,7016.3012,7016.9649,7017.2663,0.1044,0
7393,0,7017.0985,7018.0842,7018.3494,0.1074,0
7394,0,7018.2202,7018.8944,7019.1884,0.1103,0
7395,0,7019.0341,7019.7272,7020.0542,0.1148,0
7396,0,7019.8761,7021.0066,7021.3032,0.1113,0
7397,0,7021.1489,7021.8349,7022.1447,0.1042,0
7398,0,7021.9787,7022.7441,7023.0649,0.1211,0
7399,0,7022.9107,7023.7478,7024.0451,0.1153,0
7400,0,7023.9021,7024.6287,7024.9291,0.1112,0
7401,0,7024.7757,7025.4905,7025.8382,0.1644,0
7402,0,7025.6937,7026.5884,7026.8763,0.1186,0
7403,0,7026.7382,7027.4083,7027.7082,0.1099,0
7404,0,7027.5467,7028.2444,7028.5810,0.1089,0
7405,0,7028.3928,7029.3431,7029.6465,0.1148,0
7406,0,7029.4936,7030.1944,7030.4678,0.1076,0
7407,0,7030.3320,7031.0101,7031.2825,0.1018,0
7408,0,7031.1833,7031.9424,7032.2431,0.1134,0
7409,0,7032.0899,7032.8083,7033.0967,0.1140,0
7410,0,7032.9548,7033.6329,7034.0259,0.1125,0
7411,0,7033.7775,7034.8523,7035.1480,0.1160,0
7412,0,7034.9988,7035.6977,7035.9826,0.1118,0
7413,0,7035.8432,7036.5388,7036.7958,0.0982,0
7414,0,7036.6647,7037.7561,7038.0598,0.1154,0
7415,0,7037.9010,7038.5923,7038.9004,0.1174,0
7416,0,7038.7402,7039.4374,7039.7312,0.1243,0
7417,0,7039.5929,7040.4053,7040.7422,0.1174,0
7418,0,7040.5680,7041.3136,7041.6040,0.1150,0
7419,0,7041.4663,7042.1619,7042.5384,0.1651,0
7420,0,7042.3717,7043.2124,7043.5234,0.1189,0
7421,0,7043.3643,7044.0603,7044.3507,0.1132,0
7422,0,7044.2036,7044.8906,7045.2237,0.1091,0
7423,0,7045.0279,7046.0637,7046.3688,0.1131,0
7424,0,7046.2080,7046.9017,7047.1996,0.1079,0
7425,0,7047.0419,7047.7399,7048.0597,0.1338,0
7426,0,7047.9038,7048.7511,7049.0484,0.1121,0
7427,0,7048.8936,7049.5783,7049.8820,0.1103,0
7428,0,7049.7312,7050.4206,7050.6766,0.1017,0
7429,0,7050.5519,7051.4690,7051.7716,0.1161,0
7430,0,7051.6163,7052.3077,7052.6373,0.1210,0
7431,0,7052.4675,7053.1707,7053.4979,0.1160,0
7432,0,7053.3194,7054.2529,7054.6051,0.1569,0
7433,0,7054.4438,7055.1368,7055.4359,0.1103,0
7434,0,7055.2769,7055.9700,7056.4286,0.1075,0
7435,0,7056.1195,7057.1126,7057.4181,0.1129,0
7436,0,7057.2665,7057.9835,7058.2636,0.1098,0
7437,0,7058.1264,7058.8118,7059.0977,0.0995,0
7438,0,7058.9517,7059.7400,7060.0178,0.1134,0
7439,0,7059.8852,7060.5581,7060.8563,0.1102,0
7440,0,7060.6982,7061.3894,7061.7160,0.1139,0
7441,0,7061.5313,7062.4263,7062.8825,0.2608,0
7442,0,7062.7223,7063.4268,7063.6999,0.1099,0
7443,0,7063.5636,7064.2330,7064.5608,0.1100,0
7444,0,7064.3700,7065.3535,7065.6264,0.1131,0
7445,0,7065.4930,7066.1610,7066.4331,0.1127,0
7446,0,7066.2999,7066.9717,7067.2995,0.1111,0
7447,0,7067.1144,7068.1354,7068.4352,0.1121,0
7448,0,7068.2789,7068.9756,7069.2753,0.1083,0
7449,0,7069.1161,7069.8206,7070.1460,0.1080,0
7450,0,7069.9593,7071.0641,7071.3576,0.1156,0
7451,0,7071.2075,7071.8959,7072.2166,0.1175,0
7452,0,7072.0519,7072.7696,7073.0738,0.1105,0
7453,0,7072.9164,7073.8223,7074.1039,0.1177,0
7454,0,7073.9682,7074.6423,7074.9127,0.1118,0
7455,0,7074.7807,7075.4513,7075.7299,0.1130,0
7456,0,7075.5910,7076.5206,7076.8605,0.1174,0
7457,0,7076.6814,7077.4215,7077.7087,0.1119,0
7458,0,7077.5647,7078.2498,7078.5989,0.1083,0
7459,0,7078.4131,7079.3388,7079.6383,0.1127,0
7460,0,7079.4913,7080.1872,7080.4823,0.1053,0
7461,0,7080.3261,7081.0451,7081.4024,0.1592,0
7462,0,7081.2360,7082.1442,7082.4624,0.1117,0
7463,0,7082.3010,7083.0258,7083.3499,0.1132,0
7464,0,7083.1791,7083.9166,7084.2169,0.1120,0
7465,0,7084.0595,7084.8606,7085.1764,0.1192,0
7466,0,7085.0126,7085.7145,7085.9869,0.1116,0
7467,0,7085.8546,7086.5218,7086.8029,0.1054,0
7468,0,7086.6542,7087.5912,7087.9318,0.1571,0
7469,0,7087.7874,7088.4735,7088.7761,0.1108,0
7470,0,7088.6170,7089.3116,7089.5849,0.1109,0
7471,0,7089.4566,7090.3724,7090.6711,0.1142,0
7472,0,7090.5159,7091.2113,7091.5055,0.1112,0
7473,0,7091.3527,7092.0414,7092.3799,0.1079,0
7474,0,7092.1784,7093.1771,7093.5013,0.1190,0
7475,0,7093.3315,7094.0301,7094.3382,0.1157,0
7476,0,7094.1774,7094.8714,7095.1924,0.1053,0
7477,0,7095.0050,7095.9772,7096.2545,0.1117,0
7478,0,7096.1171,7096.7943,7097.0908,0.1097,0
7479,0,7096.9348,7097.6234,7097.9370,0.1107,0
7480,0,7097.7658,7098.7289,7099.0336,0.1156,0
7481,0,7098.8746,7099.5648,7099.8559,0.1100,0
7482,0,7099.7048,7100.3965,7100.7169,0.1122,0
7483,0,7100.5483,7101.5012,7101.7720,0.1129,0
7484,0,7101.6420,7102.3097,7102.7212,0.1171,0
7485,0,7102.4703,7103.2792,7103.6348,0.1590,0
7486,0,7103.4727,7104.3525,7104.6857,0.1637,0
7487,0,7104.5479,7105.2205,7105.4997,0.1120,0
7488,0,7105.3618,7106.0461,7106.3625,0.1579,0
7489,0,7106.2323,7107.0665,7107.3702,0.1149,0
7490,0,7107.2138,7107.9062,7108.2009,0.1101,0
7491,0,7108.0458,7108.7443,7109.0499,0.1056,0
7492,0,7108.8808,7109.8371,7110.1426,0.1207,0
7493,0,7109.9883,7110.6733,7110.9687,0.1113,0
7494,0,7110.8151,7111.5019,7111.8038,0.1093,0
7495,0,7111.6399,7112.4473,7112.9181,0.2623,0
7496,0,7112.7514,7113.4644,7113.8080,0.1171,0
7497,0,7113.6724,7114.3630,7114.7109,0.1759,0
7498,0,7114.5732,7115.4093,7115.7146,0.1188,0
7499,0,7115.5591,7116.2450,7116.5435,0.1103,0
7500,0,7116.3865,7117.0744,7117.3705,0.1086,0
7501,0,7117.2113,7118.3172,7118.7930,0.1140,0
7502,0,7118.5390,7119.3627,7119.7405,0.1080,0
7503,0,7119.5453,7120.5555,7121.0225,0.1138,0
7504,0,7120.7458,7121.5590,7121.9746,0.1157,0
7505,0,7121.7072,7122.4978,7122.9003,0.1119,0
7506,0,7122.6497,7123.7175,7124.0023,0.1124,0
7507,0,7123.8608,7124.5383,7124.8973,0.1607,0
7508,0,7124.7316,7125.4336,7125.8444,0.1097,0
7509,0,7125.5716,7126.6445,7127.0177,0.1131,0
7510,0,7126.7913,7127.5509,7127.8539,0.1144,0
7511,0,7127.6934,7128.3852,7128.9440,0.3146,0
7512,0,7128.7390,7129.5576,7129.8521,0.1093,0
7513,0,7129.7005,7130.3917,7130.6711,0.1118,0
7514,0,7130.5323,7131.2128,7131.5579,0.1225,0
7515,0,7131.3723,7132.2082,7132.5359,0.1222,0
7516,0,7132.3690,7133.1113,7133.7099,0.1126,0
7517,0,7133.2617,7134.5463,7134.8899,0.1551,0
7518,0,7134.7386,7135.4384,7135.7245,0.1101,0
7519,0,7135.5827,7136.2567,7136.5498,0.1098,0
7520,0,7136.3952,7137.4065,7137.7226,0.1206,0
7521,0,7137.5575,7138.2545,7138.5572,0.1164,0
7522,0,7138.4137,7139.1061,7139.3931,0.1100,0
7523,0,7139.2442,7140.2137,7140.5088,0.1189,0
7524,0,7140.3622,7141.0482,7141.3266,0.1109,0
7525,0,7141.1886,7141.8591,7142.2802,0.1752,0
7526,0,7142.0699,7143.1361,7143.4344,0.1135,0
7527,0,7143.2867,7143.9736,7144.2481,0.1084,0
7528,0,7144.1102,7144.7824,7145.1195,0.1111,0
7529,0,7144.9206,7146.0001,7146.3114,0.1150,0
7530,0,7146.1459,7146.8423,7147.1510,0.1179,0
7531,0,7146.9896,7147.6867,7148.0205,0.1121,0
7532,0,7147.8413,7148.6545,7149.0202,0.1202,0
7533,0,7148.8078,7149.5703,7149.8446,0.1109,0
7534,0,7149.7097,7150.3861,7150.6919,0.1037,0
7535,0,7150.5173,7151.4807,7151.8160,0.1758,0
7536,0,7151.6835,7152.3465,7152.6774,0.1175,0
7537,0,7152.5037,7153.2256,7153.5355,0.1085,0
7538,0,7153.3704,7154.3361,7154.6280,0.1210,0
7539,0,7154.4865,7155.1631,7155.4427,0.1121,0
7540,0,7155.3031,7155.9768,7156.2708,0.1045,0
7541,0,7156.1091,7157.0575,7157.3501,0.1100,0
7542,0,7157.1947,7157.8783,7158.1746,0.1102,0
7543,0,7158.0160,7158.7002,7159.0542,0.1081,0
7544,0,7158.8356,7159.8549,7160.1515,0.1109,0
7545,0,7159.9934,7160.6808,7160.9678,0.1085,0
7546,0,7160.8170,7161.5051,7161.8721,0.1071,0
7547,0,7161.6400,7162.6542,7162.9614,0.1157,0
7548,0,7162.8068,7163.5325,7163.8373,0.1096,0
7549,0,7163.6825,7164.4012,7164.7387,0.1484,0
7550,0,7164.5927,7165.3985,7165.7070,0.1163,0
7551,0,7165.5605,7166.2565,7166.5527,0.1123,0
7552,0,7166.3977,7167.0882,7167.3811,0.1059,0
7553,0,7167.2221,7168.1358,7168.5205,0.1618,0
7554,0,7168.3372,7169.0671,7169.3550,0.1135,0
7555,0,7169.2119,7169.8925,7170.1633,0.1017,0
7556,0,7170.0218,7170.9566,7171.2327,0.1144,0
7557,0,7171.1035,7171.7866,7172.0806,0.1126,0
7558,0,7171.9270,7172.6166,7172.9431,0.1159,0
7559,0,7172.7645,7173.7277,7174.0081,0.1131,0
7560,0,7173.8712,7174.5466,7174.8199,0.1136,0
7561,0,7174.6870,7175.3533,7175.7087,0.1079,0
7562,0,7175.4880,7176.5018,7176.8253,0.1178,0
7563,0,7176.6563,7177.3704,7177.6816,0.1120,0
7564,0,7177.5104,7178.2125,7178.5505,0.1082,0
7565,0,7178.3490,7179.3411,7179.6358,0.1158,0
7566,0,7179.4890,7180.1803,7180.4733,0.1098,0
7567,0,7180.3193,7181.0130,7181.2840,0.1089,0
7568,0,7181.1505,7182.0811,7182.3585,0.1155,0
7569,0,7182.2235,7182.8928,7183.1925,0.1121,0
7570,0,7183.0343,7183.7292,7184.0573,0.1118,0
7571,0,7183.8689,7184.9868,7185.2706,0.1129,0
7572,0,7185.1257,7185.8051,7186.0977,0.1104,0
7573,0,7185.9427,7186.6332,7186.9378,0.1481,0
7574,0,7186.8082,7187.6070,7187.8797,0.1133,0
7575,0,7187.7482,7188.4173,7188.7188,0.1163,0
7576,0,7188.5608,7189.2540,7189.5932,0.1092,0
7577,0,7189.3909,7190.3917,7190.7068,0.1213,0
7578,0,7190.5455,7191.2395,7191.5392,0.1101,0
7579,0,7191.3853,7192.0749,7192.3917,0.1085,0
7580,0,7192.2122,7193.1760,7193.4862,0.1178,0
7581,0,7193.3263,7194.0193,7194.4045,0.1124,0
7582,0,7194.1591,7194.9654,7195.3317,0.1503,0
7583,0,7195.1596,7196.0917,7196.3866,0.1135,0
7584,0,7196.2444,7196.9625,7197.2863,0.1148,0
7585,0,7197.1102,7197.8330,7198.1355,0.1160,0
7586,0,7198.0432,7198.8201,7199.1059,0.1143,0
7587,0,7198.9698,7199.6605,7199.9641,0.1140,0
7588,0,7199.8165,7200.5517,7200.8609,0.1068,0
7589,0,7200.6921,7201.6457,7201.9205,0.1113,0
7590,0,7201.7888,7202.4575,7202.7919,0.1167,0
7591,0,7202.6103,7203.3198,7203.6455,0.1147,0
7592,0,7203.4729,7204.2922,7204.5931,0.1148,0
7593,0,7204.4423,7205.1352,7205.4055,0.1112,0
7594,0,7205.2743,7205.9462,7206.2880,0.1102,0
7595,0,7206.0833,7207.0780,7207.3983,0.1286,0
7596,0,7207.2345,7207.9332,7208.2357,0.1115,0
7597,0,7208.0731,7208.7679,7209.0582,0.1073,0
7598,0,7208.9031,7209.8614,7210.1583,0.1146,0
7599,0,7210.0036,7210.7003,7211.0285,0.1182,0
7600,0,7210.8539,7211.5672,7211.9003,0.1101,0
7601,0,7211.7056,7212.6918,7212.9839,0.1092,0
7602,0,7212.8371,7213.5342,7213.8433,0.1113,0
7603,0,7213.6871,7214.4121,7214.7722,0.1511,0
7604,0,7214.5996,7215.3864,7215.7446,0.1636,0
7605,0,7215.5817,7216.2738,7216.5702,0.1113,0
7606,0,7216.4136,7217.1077,7217.4630,0.1142,0
7607,0,7217.2699,7218.1054,7218.4084,0.1162,0
7608,0,7218.2617,7218.9672,7219.2492,0.1128,0
7609,0,7219.1129,7219.8073,7220.1459,0.1087,0
7610,0,7219.9489,7220.9404,7221.2196,0.1141,0
7611,0,7221.0825,7221.7549,7222.0603,0.1125,0
7612,0,7221.8978,7222.5961,7222.9412,0.1109,0
7613,0,7222.7475,7223.7408,7224.0172,0.1129,0
7614,0,7223.8830,7224.5577,7224.8397,0.1129,0
7615,0,7224.6996,7225.3811,7225.7028,0.1124,0
7616,0,7225.5299,7226.5266,7226.8118,0.1182,0
7617,0,7226.6772,7227.3676,7227.6613,0.1115,0
7618,0,7227.5079,7228.2033,7228.5337,0.1178,0
7619,0,7228.3562,7229.5753,7229.8553,0.1110,0
7620,0,7229.7180,7230.3974,7230.6975,0.1119,0
7621,0,7230.5392,7231.2386,7231.5411,0.1120,0
7622,0,7231.3820,7232.1160,7232.4173,0.1100,0
7623,0,7232.2575,7232.9564,7233.2223,0.1112,0
7624,0,7233.0954,7233.7700,7234.0473,0.1069,0
7625,0,7233.9065,7234.8302,7235.1106,0.1153,0
7626,0,7234.9745,7235.6475,7235.9482,0.1121,0
7627,0,7235.7898,7236.4787,7236.8159,0.1113,0
7628,0,7236.6241,7237.5005,7237.8519,0.1658,0
7629,0,7237.6967,7238.3854,7238.7140,0.1236,0
7630,0,7238.5442,7239.2491,7239.5706,0.1084,0
7631,0,7239.3870,7240.3551,7240.6543,0.1140,0
7632,0,7240.5010,7241.2041,7241.5102,0.1097,0
7633,0,7241.3460,7242.0694,7242.4391,0.1115,0
7634,0,7242.2159,7243.2279,7243.5586,0.1207,0
7635,0,7243.3841,7244.0951,7244.4123,0.1169,0
7636,0,7244.2429,7244.9407,7245.3032,0.1509,0
7637,0,7245.1326,7246.1465,7246.4526,0.1109,0
7638,0,7246.2944,7247.0173,7247.2943,0.1063,0
7639,0,7247.1573,7247.8495,7248.1449,0.1142,0
7640,0,7247.9987,7248.7373,7249.0419,0.1133,0
7641,0,7248.8866,7249.5809,7249.8649,0.1126,0
7642,0,7249.7265,7250.4233,7250.7217,0.1098,0
7643,0,7250.5666,7251.5025,7251.7972,0.1126,0
7644,0,7251.6427,7252.3374,7252.7037,0.1175,0
7645,0,7252.5126,7253.2601,7253.6780,0.1742,0
7646,0,7253.4848,7254.3133,7254.6195,0.1127,0
7647,0,7254.4663,7255.1618,7255.4329,0.1124,0
7648,0,7255.3024,7255.9909,7256.3017,0.1411,0
7649,0,7256.1651,7256.9792,7257.4572,0.1144,0
7650,0,7257.1596,7257.9953,7258.3182,0.1114,0
7651,0,7258.1465,7258.8575,7259.1837,0.1368,0
7652,0,7259.0248,7259.8389,7260.1440,0.1182,0
7653,0,7259.9866,7260.6732,7260.9642,0.1091,0
7654,0,7260.8099,7261.4993,7261.8814,0.1083,0
7655,0,7261.6477,7262.6718,7262.9716,0.1089,0
7656,0,7262.8168,7263.5159,7263.8102,0.1113,0
7657,0,7263.6639,7264.3649,7264.6702,0.1095,0
7658,0,7264.5249,7265.4589,7265.7654,0.1202,0
7659,0,7265.6129,7266.3045,7266.5819,0.1120,0
7660,0,7266.4461,7267.1396,7267.4247,0.1040,0
7661,0,7267.2862,7268.1142,7268.4354,0.1208,0
7662,0,7268.2692,7268.9703,7269.2647,0.1091,0
7663,0,7269.1079,7269.7968,7270.1438,0.1097,0
7664,0,7269.9342,7270.9318,7271.2041,0.1139,0
7665,0,7271.0724,7271.7367,7272.0089,0.1128,0
7666,0,7271.8756,7272.5514,7272.9392,0.1129,0
7667,0,7272.6955,7273.7286,7274.0306,0.1140,0
7668,0,7273.8765,7274.5812,7274.8594,0.1113,0
7669,0,7274.7210,7275.3953,7275.7401,0.1094,0
7670,0,7275.5327,7276.5313,7276.8739,0.1191,0
7671,0,7276.6969,7277.4382,7277.7527,0.1097,0
7672,0,7277.5817,7278.2910,7278.6303,0.1395,0
7673,0,7278.4712,7279.3719,7279.6556,0.1120,0
7674,0,7279.5151,7280.2060,7280.4943,0.1083,0
7675,0,7280.3944,7281.0703,7281.3951,0.1341,0
7676,0,7281.2357,7282.1049,7282.4744,0.1526,0
7677,0,7282.3020,7283.0396,7283.3569,0.1114,0
7678,0,7283.1868,7283.9236,7284.2199,0.1000,0
7679,0,7284.0550,7284.8669,7285.1620,0.1119,0
7680,0,7285.0109,7285.7024,7285.9742,0.1128,0
7681,0,7285.8432,7286.5090,7286.8300,0.1077,0
7682,0,7286.6443,7287.6124,7287.9051,0.1111,0
7683,0,7287.7586,7288.4462,7288.7603,0.1086,0
7684,0,7288.5896,7289.3003,7289.6043,0.1120,0
7685,0,7289.4373,7290.3990,7290.6730,0.1133,0
7686,0,7290.5407,7291.2146,7291.5201,0.1170,0
7687,0,7291.3656,7292.0722,7292.3580,0.1082,0
7688,0,7292.2121,7293.1518,7293.5071,0.1188,0
7689,0,7293.3162,7294.0962,7294.4001,0.1112,0
7690,0,7294.2503,7294.9545,7295.2815,0.1394,0
7691,0,7295.1323,7296.1543,7296.4599,0.1106,0
7692,0,7296.3045,7297.0088,7297.2852,0.1057,0
7693,0,7297.1462,7297.8230,7298.1285,0.1090,0
7694,0,7297.9651,7298.7606,7299.0756,0.1177,0
7695,0,7298.9130,7299.6264,7299.9285,0.1129,0
7696,0,7299.7705,7300.4598,7300.7271,0.1065,0
7697,0,7300.5936,7301.5187,7301.8175,0.1121,0
7698,0,7301.6610,7302.3507,7302.6677,0.1161,0
7699,0,7302.5009,7303.1982,7303.5285,0.1141,0
7700,0,7303.3543,7304.3309,7304.6726,0.1182,0
7701,0,7304.4928,7305.2345,7305.5407,0.1116,0
7702,0,7305.3806,7306.1090,7306.3973,0.1166,0
7703,0,7306.2601,7307.1418,7307.4225,0.1146,0
7704,0,7307.2860,7307.9598,7308.2424,0.1114,0
7705,0,7308.0984,7308.7727,7309.0346,0.1004,0
7706,0,7308.8997,7309.8168,7310.1263,0.1181,0
7707,0,7309.9664,7310.6572,7310.9579,0.1117,0
7708,0,7310.7969,7311.4899,7311.9151,0.1083,0
7709,0,7311.6270,7312.7063,7313.0115,0.1094,0
7710,0,7312.8572,7313.5791,7313.9110,0.1160,0
7711,0,7313.7391,7314.4786,7314.7546,0.1043,0
7712,0,7314.6175,7315.5055,7315.8203,0.1179,0
7713,0,7315.6552,7316.3509,7316.6423,0.1050,0
7714,0,7316.4860,7317.1782,7317.5183,0.1470,0
7715,0,7317.3559,7318.2680,7318.5638,0.1181,0
7716,0,7318.4176,7319.1014,7319.3981,0.1113,0
7717,0,7319.2414,7319.9604,7320.2896,0.1547,0
7718,0,7320.1480,7320.9623,7321.2746,0.1197,0
7719,0,7321.1136,7321.8098,7322.1335,0.1184,0
7720,0,7321.9670,7322.6656,7322.9788,0.1131,0
7721,0,7322.8156,7323.6367,7323.9494,0.1176,0
7722,0,7323.7891,7324.4973,7324.7656,0.1116,0
7723,0,7324.6364,7325.2999,7325.6101,0.1100,0
7724,0,7325.4419,7326.4369,7326.7393,0.1139,0
7725,0,7326.5814,7327.2706,7327.5721,0.1092,0
7726,0,7327.4109,7328.1063,7328.4638,0.1100,0
7727,0,7328.2461,7329.3438,7329.6501,0.1142,0
7728,0,7329.4894,7330.1843,7330.4997,0.1154,0
7729,0,7330.3371,7331.0313,7331.3310,0.1104,0
7730,0,7331.1734,7332.1190,7332.4196,0.1133,0
7731,0,7332.2627,7332.9589,7333.2555,0.1119,0
7732,0,7333.1005,7333.7872,7334.0933,0.1114,0
7733,0,7333.9299,7334.8722,7335.2768,0.1316,0
7734,0,7335.0357,7335.8346,7336.1240,0.1155,0
7735,0,7335.9860,7336.6654,7336.9323,0.1018,0
7736,0,7336.7964,7337.6254,7337.9051,0.1127,0
7737,0,7337.7729,7338.4474,7338.7425,0.1080,0
7738,0,7338.5862,7339.2798,7339.6147,0.1102,0
7739,0,7339.4205,7340.3947,7340.6951,0.1132,0
7740,0,7340.5389,7341.2318,7341.5257,0.1110,0
7741,0,7341.3723,7342.0681,7342.3828,0.1162,0
7742,0,7342.2207,7343.1716,7343.4995,0.1192,0
7743,0,7343.3320,7344.0274,7344.3020,0.1115,0
7744,0,7344.1691,7344.8457,7345.1604,0.1090,0
7745,0,7344.9829,7346.0509,7346.3552,0.1147,0
7746,0,7346.1972,7346.8884,7347.1853,0.1103,0
7747,0,7347.0304,7347.7269,7348.0654,0.1527,0
7748,0,7347.9103,7348.7196,7349.0784,0.1653,0
7749,0,7348.9170,7349.6131,7349.9146,0.1106,0
7750,0,7349.7560,7350.4527,7350.7276,0.1041,0
7751,0,7350.5868,7351.4982,7352.0830,0.1154,0
7752,0,7351.6494,7352.2412,7352.5266,0.0945,0
7753,0,7352.3753,7353.0994,7353.4622,0.1115,0
7754,0,7353.2463,7354.2732,7354.5815,0.1123,0
7755,0,7354.4207,7355.1441,7355.4630,0.1073,0
7756,0,7355.2888,7356.0077,7356.2785,0.1023,0
7757,0,7356.1408,7357.0643,7357.3358,0.1059,0
7758,0,7357.2000,7357.8759,7358.1702,0.1086,0
7759,0,7358.0148,7358.7036,7359.0483,0.1101,0
7760,0,7358.8458,7359.8311,7360.1053,0.1163,0
7761,0,7359.9751,7360.6429,7360.9095,0.1120,0
7762,0,7360.7821,7361.4469,7361.8031,0.1095,0
7763,0,7361.5871,7362.7064,7363.0211,0.1175,0
7764,0,7362.8566,7363.5538,7363.8789,0.1157,0
7765,0,7363.7214,7364.4204,7364.7441,0.1283,0
7766,0,7364.5998,7365.5255,7365.8404,0.1216,0
7767,0,7365.6854,7366.4025,7366.7004,0.1076,0
7768,0,7366.5435,7367.2709,7367.7820,0.1158,0
7769,0,7367.4534,7368.4818,7368.7828,0.1182,0
7770,0,7368.6360,7369.3389,7369.6426,0.1123,0
7771,0,7369.4802,7370.1804,7370.4854,0.1099,0
7772,0,7370.3229,7371.0612,7371.3627,0.1104,0
7773,0,7371.2034,7371.9002,7372.1704,0.1100,0
7774,0,7372.0396,7372.7234,7373.0717,0.1541,0
7775,0,7372.9117,7373.8159,7374.1007,0.1131,0
7776,0,7373.9621,7374.6425,7374.9134,0.1121,0
7777,0,7374.7820,7375.4542,7375.7510,0.1044,0
7778,0,7375.5891,7376.5406,7376.8732,0.1193,0
7779,0,7376.6962,7377.4113,7377.7024,0.1193,0
7780,0,7377.5629,7378.2558,7378.5813,0.1067,0
7781,0,7378.4029,7379.3422,7379.6851,0.1261,0
7782,0,7379.5077,7380.2274,7380.5239,0.1080,0
7783,0,7380.3657,7381.0631,7381.4021,0.1543,0
7784,0,7381.2464,7382.1513,7382.4844,0.1194,0
7785,0,7382.3078,7383.0486,7383.4579,0.1124,0
7786,0,7383.1972,7384.0233,7384.5872,0.3762,0
7787,0,7384.4314,7385.1523,7385.4440,0.1139,0
7788,0,7385.3017,7385.9838,7386.2610,0.1136,0
7789,0,7386.1245,7386.7928,7387.3363,0.3762,0
7790,0,7387.1976,7387.8767,7388.1485,0.1065,0
7791,0,7388.0101,7388.6832,7388.9548,0.1117,0
7792,0,7388.8219,7389.4915,7389.7551,0.1046,0
7793,0,7389.6230,7390.4250,7390.7427,0.1152,0
7794,0,7390.5755,7391.3120,7391.6154,0.1113,0
7795,0,7391.4566,7392.1750,7392.5091,0.1422,0
7796,0,7392.3580,7393.2555,7393.6239,0.1201,0
7797,0,7393.4226,7394.1748,7394.4807,0.1112,0
7798,0,7394.3204,7395.0205,7395.3167,0.1076,0
7799,0,7395.1653,7396.1778,7396.4782,0.1108,0
7800,0,7396.3251,7397.0426,7397.3236,0.1050,0
7801,0,7397.1829,7397.8865,7398.1588,0.1121,0
7802,0,7398.0267,7398.7624,7399.0539,0.1119,0
7803,0,7398.9113,7399.5924,7399.8649,0.1116,0
7804,0,7399.7320,7400.4041,7400.7239,0.1100,0
7805,0,7400.5419,7401.5123,7401.8146,0.1125,0
7806,0,7401.6561,7402.3476,7402.7104,0.1185,0
7807,0,7402.5095,7403.2936,7403.6379,0.1507,0
7808,0,7403.4776,7404.3380,7404.6378,0.1197,0
7809,0,7404.4959,7405.1699,7405.4602,0.1116,0
7810,0,7405.3181,7406.0351,7406.3295,0.1084,0
7811,0,7406.1768,7406.9803,7407.2951,0.1126,0
7812,0,7407.1302,7407.8541,7408.1466,0.1090,0
7813,0,7407.9910,7408.6763,7409.0053,0.1080,0
7814,0,7408.8110,7409.8259,7410.1011,0.1150,0
7815,0,7409.9678,7410.6307,7410.8987,0.1117,0
7816,0,7410.7686,7411.4434,7411.7764,0.1138,0
7817,0,7411.5840,7412.4377,7413.0337,0.3689,0
7818,0,7412.8645,7413.5637,7413.9010,0.1168,0
7819,0,7413.7232,7414.4735,7414.8630,0.1303,0
7820,0,7414.6508,7415.5522,7415.8796,0.1189,0
7821,0,7415.7137,7416.4180,7416.7211,0.1062,0
7822,0,7416.5579,7417.2678,7417.5639,0.1154,0
7823,0,7417.4164,7418.2263,7418.5351,0.1140,0
7824,0,7418.3735,7419.0796,7419.3759,0.1094,0
7825,0,7419.2199,7419.9219,7420.2170,0.1056,0
7826,0,7420.0584,7420.9833,7421.2550,0.1155,0
7827,0,7421.1270,7421.7885,7422.1010,0.1163,0
7828,0,7421.9388,7422.6351,7422.9226,0.1080,0
7829,0,7422.7727,7423.7420,7424.0558,0.1193,0
7830,0,7423.8946,7424.5882,7424.8953,0.1150,0
7831,0,7424.7368,7425.4263,7425.7223,0.1102,0
7832,0,7425.5670,7426.5155,7426.8183,0.1129,0
7833,0,7426.6587,7427.3384,7427.6359,0.1092,0
7834,0,7427.4796,7428.1723,7428.5481,0.1075,0
7835,0,7428.3100,7429.1407,7429.7189,0.3996,0
7836,0,7429.5706,7430.2685,7430.5917,0.1084,0
7837,0,7430.4153,7431.1813,7431.4935,0.1114,0
7838,0,7431.3298,7432.1864,7432.4939,0.1119,0
7839,0,7432.3396,7433.0365,7433.3472,0.1106,0
7840,0,7433.1790,7433.8802,7434.2179,0.1280,0
7841,0,7434.0453,7434.8729,7435.1606,0.1156,0
7842,0,7435.0233,7435.7203,7435.9885,0.1112,0
7843,0,7435.8588,7436.5293,7436.8196,0.1001,0
7844,0,7436.6561,7437.6101,7437.8911,0.1136,0
7845,0,7437.7503,7438.4187,7438.7305,0.1243,0
7846,0,7438.5702,7439.2636,7439.5993,0.1097,0
7847,0,7439.4018,7440.3881,7440.6797,0.1106,0
7848,0,7440.5267,7441.2119,7441.5073,0.1097,0
7849,0,7441.3490,7442.0412,7442.3911,0.1146,0
7850,0,7442.1968,7443.1901,7443.5642,0.1670,0
7851,0,7443.3957,7444.1184,7444.4039,0.1112,0
7852,0,7444.2624,7444.9639,7445.3328,0.1536,0
7853,0,7445.1598,7446.0767,7446.4556,0.1144,0
7854,0,7446.2525,7447.0371,7447.3415,0.1079,0
7855,0,7447.1913,7447.8848,7448.1593,0.1059,0
7856,0,7448.0215,7448.7603,7449.0352,0.1132,0
7857,0,7448.9025,7449.5791,7449.8531,0.1128,0
7858,0,7449.7198,7450.3894,7450.7175,0.1094,0
7859,0,7450.5263,7451.5154,7451.8160,0.1143,0
7860,0,7451.6621,7452.3588,7452.6855,0.1183,0
7861,0,7452.5166,7453.2198,7453.6096,0.1126,0
7862,0,7453.3725,7454.3459,7454.6612,0.1160,0
7863,0,7454.4908,7455.1919,7455.4945,0.1096,0
7864,0,7455.3322,7456.0267,7456.3191,0.1049,0
7865,0,7456.1620,7457.0834,7457.3468,0.1041,0
7866,0,7457.2153,7457.8858,7458.1783,0.1088,0
7867,0,7458.0247,7458.7130,7459.0461,0.1106,0
7868,0,7458.8543,7459.9949,7460.2973,0.1147,0
7869,0,7460.1400,7460.8313,7461.1277,0.1090,0
7870,0,7460.9720,7461.6636,7461.9968,0.1284,0
7871,0,7461.8318,7462.7652,7463.0948,0.1169,0
7872,0,7462.9223,7463.6445,7463.9799,0.1135,0
7873,0,7463.8002,7464.5492,7464.8582,0.1053,0
7874,0,7464.6911,7465.5219,7465.8172,0.1204,0
7875,0,7465.6748,7466.3517,7466.6270,0.1114,0
7876,0,7466.4960,7467.1719,7467.4966,0.1544,0
7877,0,7467.3578,7468.1744,7468.4769,0.1113,0
7878,0,7468.3174,7469.0096,7469.3179,0.1158,0
7879,0,7469.1592,7469.8570,7470.1805,0.1115,0
7880,0,7470.0002,7470.9712,7471.2686,0.1125,0
7881,0,7471.1140,7471.8036,7472.1042,0.1101,0
7882,0,7471.9445,7472.6378,7472.9538,0.1143,0
7883,0,7472.7910,7473.7411,7474.0244,0.1122,0
7884,0,7473.8856,7474.5593,7474.8508,0.1126,0
7885,0,7474.7042,7475.3939,7475.7262,0.1132,0
7886,0,7475.5351,7476.5163,7476.8976,0.1598,0
7887,0,7476.7189,7477.4765,7477.8358,0.1135,0
7888,0,7477.6329,7478.3802,7478.6890,0.1127,0
7889,0,7478.5304,7479.3611,7479.6612,0.1114,0
7890,0,7479.5141,7480.1964,7480.4836,0.1116,0
7891,0,7480.3362,7481.0214,7481.2891,0.1082,0
7892,0,7481.1570,7482.0786,7482.3971,0.1206,0
7893,0,7482.2312,7482.9268,7483.2341,0.1176,0
7894,0,7483.0755,7483.7698,7484.0645,0.1078,0
7895,0,7483.9054,7484.8438,7485.1416,0.1143,0
7896,0,7484.9859,7485.6746,7485.9627,0.1108,0
7897,0,7485.8128,7486.4987,7486.8081,0.1096,0
7898,0,7486.6342,7487.6034,7487.8732,0.1124,0
7899,0,7487.7425,7488.4061,7488.7203,0.1199,0
7900,0,7488.5589,7489.2560,7489.6093,0.1078,0
7901,0,7489.3909,7490.3853,7490.6808,0.1120,0
7902,0,7490.5256,7491.2162,7491.5190,0.1095,0
7903,0,7491.3530,7492.0526,7492.3894,0.1096,0
7904,0,7492.1896,7493.3356,7493.6870,0.1194,0
7905,0,7493.4932,7494.2237,7494.5228,0.1093,0
7906,0,7494.3678,7495.0890,7495.6653,0.3046,0
7907,0,7495.4403,7496.2277,7496.5298,0.1090,0
7908,0,7496.3701,7497.0638,7497.3617,0.1085,0
7909,0,7497.2014,7497.8941,7498.1998,0.1099,0
7910,0,7498.0361,7498.7646,7499.0401,0.1130,0
7911,0,7498.9061,7499.5824,7499.8482,0.1109,0
7912,0,7499.7207,7500.3894,7500.6979,0.1086,0
7913,0,7500.5251,7501.5177,7501.8171,0.1135,0
7914,0,7501.6630,7502.3580,7502.6709,0.1137,0
7915,0,7502.5037,7503.1936,7503.5155,0.1112,0
7916,0,7503.3389,7504.3132,7504.6165,0.1109,0
7917,0,7504.4612,7505.1802,7505.4709,0.1145,0
7918,0,7505.3284,7506.0227,7506.2961,0.1024,0
7919,0,7506.1569,7507.0943,7507.3698,0.1145,0
7920,0,7507.2375,7507.9154,7508.3649,0.1097,0
7921,0,7508.0530,7508.8751,7509.1713,0.1264,0
7922,0,7509.5831,7510.1936,7510.5500,0.1139,0
7923,0,7510.3911,7511.2648,7511.5632,0.1115,0
7924,0,7511.4100,7512.3762,7512.8536,0.2528,0
7925,0,7512.6744,7513.3945,7513.7075,0.1126,0
7926,0,7513.5400,7514.2416,7514.6030,0.1107,0
7927,0,7514.3824,7515.3958,7515.6917,0.1199,0
7928,0,7515.5488,7516.2237,7516.5150,0.1131,0
7929,0,7516.3636,7517.0453,7517.3792,0.1110,0
7930,0,7517.1854,7518.1761,7518.4910,0.1137,0
7931,0,7518.3232,7519.0327,7519.3426,0.1093,0
7932,0,7519.1716,7519.8804,7520.1534,0.1094,0
7933,0,7520.0177,7520.9493,7521.2245,0.1132,0
7934,0,7521.0904,7521.7643,7522.0599,0.1167,0
7935,0,7521.9110,7522.5966,7522.9331,0.1155,0
7936,0,7522.7507,7523.7238,7524.0304,0.1148,0
7937,0,7523.8757,7524.5756,7524.8594,0.1153,0
7938,0,7524.7205,7525.4053,7525.6961,0.1053,0
7939,0,7525.5393,7526.6290,7526.9079,0.1118,0
7940,0,7526.7709,7527.4556,7527.7346,0.1152,0
7941,0,7527.6009,7528.2733,7528.6344,0.1646,0
7942,0,7528.4807,7529.4636,7529.7714,0.1129,0
7943,0,7529.6324,7530.3257,7530.6203,0.1069,0
7944,0,7530.4697,7531.1700,7531.4532,0.1125,0
7945,0,7531.3131,7532.1386,7532.4216,0.1122,0
7946,0,7532.2818,7532.9626,7533.2364,0.1125,0
7947,0,7533.1050,7533.7783,7534.0599,0.1106,0
7948,0,7533.9190,7534.7503,7535.0330,0.1154,0
7949,0,7534.8963,7535.5732,7535.8544,0.1122,0
7950,0,7535.7162,7536.3997,7536.7112,0.1113,0
7951,0,7536.5394,7537.5201,7537.7961,0.1129,0
7952,0,7537.6635,7538.3385,7538.6193,0.1118,0
7953,0,7538.4840,7539.1571,7539.5201,0.1119,0
7954,0,7539.2981,7540.3762,7540.6769,0.1144,0
7955,0,7540.5236,7541.2211,7541.5200,0.1162,0
7956,0,7541.3704,7542.0585,7542.3516,0.1104,0
7957,0,7542.2008,7543.2097,7543.5257,0.1228,0
7958,0,7543.3721,7544.0763,7544.3637,0.1107,0
7959,0,7544.2211,7544.9084,7545.2354,0.1088,0
7960,0,7545.0621,7546.0185,7546.3095,0.1076,0
7961,0,7546.1625,7546.8551,7547.1369,0.1103,0
7962,0,7546.9970,7547.6786,7547.9474,0.1083,0
7963,0,7547.8162,7548.7343,7549.0243,0.1177,0
7964,0,7548.8824,7549.5772,7549.8569,0.1137,0
7965,0,7549.7192,7550.3926,7550.6925,0.1087,0
7966,0,7550.5308,7551.4873,7551.7704,0.1146,0
7967,0,7551.6336,7552.3092,7552.6150,0.1133,0
7968,0,7552.4546,7553.1532,7553.4856,0.1094,0
7969,0,7553.2996,7554.3002,7554.5866,0.1126,0
7970,0,7554.4472,7555.1270,7555.4287,0.1126,0
7971,0,7555.2823,7555.9733,7556.2518,0.1114,0
7972,0,7556.1150,7557.0549,7557.3361,0.1092,0
7973,0,7557.1955,7557.8715,7558.1440,0.1120,0
7974,0,7558.0132,7558.6837,7559.0436,0.1131,0
7975,0,7558.8278,7559.9832,7560.2630,0.1118,0
7976,0,7560.1259,7560.8012,7561.0734,0.1132,0
7977,0,7560.9436,7561.6106,7561.9731,0.1470,0
7978,0,7561.8022,7562.6960,7563.0060,0.1135,0
7979,0,7562.8464,7563.5504,7563.8372,0.1104,0
7980,0,7563.6933,7564.3796,7564.6460,0.1042,0
7981,0,7564.5132,7565.3238,7565.6012,0.1114,0
7982,0,7565.4648,7566.1337,7566.4013,0.1111,0
7983,0,7566.2717,7566.9331,7567.2940,0.1085,0
7984,0,7567.0689,7568.1108,7568.4050,0.1116,0
7985,0,7568.2510,7568.9354,7569.2490,0.1160,0
7986,0,7569.0822,7569.7744,7570.1738,0.1254,0
7987,0,7569.9352,7570.8713,7571.1655,0.1125,0
7988,0,7571.0201,7571.7102,7572.0005,0.1122,0
7989,0,7571.8538,7572.5419,7572.8707,0.1111,0
7990,0,7572.6867,7573.6972,7573.9803,0.1165,0
7991,0,7573.8411,7574.5116,7574.7869,0.1128,0
7992,0,7574.6513,7575.3287,7575.6431,0.1118,0
7993,0,7575.4676,7576.5904,7576.8740,0.1103,0
7994,0,7576.7317,7577.4071,7577.7046,0.1132,0
7995,0,7577.5475,7578.2342,7578.6372,0.1042,0
7996,0,7578.3657,7579.4248,7579.7573,0.1176,0
7997,0,7579.5695,7580.2708,7580.5798,0.1141,0
7998,0,7580.4139,7581.1083,7581.4115,0.1215,0
7999,0,7581.2584,7582.1053,7582.4148,0.1145,0
8000,0,7582.2522,7582.9529,7583.2557,0.1128,0
8001,0,7583.0946,7583.7889,7584.0680,0.1133,0
8002,0,7583.9294,7584.8551,7585.1528,0.1132,0
8003,0,7584.9963,7585.6842,7585.9709,0.1100,0
8004,0,7585.8213,7586.5072,7586.8482,0.1093,0
8005,0,7586.6553,7587.6701,7587.9485,0.1148,0
8006,0,7587.8157,7588.4969,7588.7699,0.1119,0
8007,0,7588.6372,7589.3079,7589.6500,0.1093,0
8008,0,7589.4452,7590.4334,7590.7153,0.1185,0
8009,0,7590.5820,7591.2462,7591.5255,0.1096,0
8010,0,7591.3851,7592.0792,7592.4073,0.1104,0
8011,0,7592.2203,7593.1709,7593.5527,0.1584,0
8012,0,7593.3739,7594.0994,7594.3885,0.1110,0
8013,0,7594.2410,7594.9271,7595.2651,0.1076,0
8014,0,7595.0676,7596.1395,7596.4460,0.1158,0
8015,0,7596.2962,7596.9958,7597.2679,0.1026,0
8016,0,7597.1305,7597.8139,7598.1064,0.1069,0
8017,0,7597.9519,7598.7616,7599.0660,0.1137,0
8018,0,7598.9077,7599.5997,7599.9204,0.1214,0
8019,0,7599.7572,7600.4510,7600.7551,0.1131,0
8020,0,7600.5965,7601.5445,7601.9078,0.1300,0
8021,0,7601.7232,7602.4772,7602.7707,0.1136,0
8022,0,7602.6234,7603.3042,7603.6536,0.1350,0
8023,0,7603.4801,7604.3003,7604.6437,0.1624,0
8024,0,7604.4992,7605.1879,7605.4728,0.1128,0
8025,0,7605.3308,7606.0052,7606.3008,0.1040,0
8026,0,7606.1400,7607.0828,7607.3799,0.1119,0
8027,0,7607.2250,7607.9090,7608.2013,0.1098,0
8028,0,7608.0485,7608.7326,7609.0530,0.1081,0
8029,0,7608.8710,7609.9824,7610.2568,0.1138,0
8030,0,7610.1247,7610.7895,7611.0622,0.1132,0
8031,0,7610.9312,7611.5951,7611.9424,0.1008,0
8032,0,7611.7472,7612.7077,7613.0348,0.1158,0
8033,0,7612.8621,7613.5691,7613.8605,0.1079,0
8034,0,7613.7120,7614.4092,7614.7387,0.1534,0
8035,0,7614.5962,7615.4385,7615.7281,0.1136,0
8036,0,7615.5877,7616.2622,7616.5367,0.1112,0
8037,0,7616.4002,7617.0639,7617.4975,0.1077,0
8038,0,7617.2098,7618.2363,7618.5519,0.1181,0
8039,0,7618.3923,7619.0928,7619.3760,0.1146,0
8040,0,7619.2421,7619.9264,7620.2060,0.1014,0
8041,0,7620.0621,7620.9129,7621.2188,0.1152,0
8042,0,7621.0589,7621.7646,7622.0645,0.1120,0
8043,0,7621.9118,7622.6138,7622.9775,0.1136,0
8044,0,7622.7747,7623.8173,7624.1081,0.1141,0
8045,0,7623.9669,7624.6638,7624.9374,0.1127,0
8046,0,7624.8053,7625.4732,7625.7602,0.1050,0
8047,0,7625.6087,7626.5217,7626.7909,0.1120,0
8048,0,7626.6629,7627.3347,7627.6402,0.1126,0
8049,0,7627.4804,7628.1690,7628.4852,0.1115,0
8050,0,7628.3097,7629.1227,7629.7044,0.3910,0
8051,0,7629.5454,7630.2352,7630.5500,0.1089,0
8052,0,7630.3821,7631.1121,7631.4218,0.1144,0
8053,0,7631.2608,7632.1743,7632.4767,0.1151,0
8054,0,7632.3267,7633.0425,7633.4507,0.1115,0
8055,0,7633.2013,7634.0248,7634.4823,0.1143,0
8056,0,7634.2471,7635.0474,7635.4449,0.1098,0
8057,0,7635.2335,7635.9915,7636.3527,0.1076,0
8058,0,7636.1726,7636.9184,7637.5820,0.3532,0
8059,0,7637.3103,7638.1172,7638.4785,0.1109,0
8060,0,7638.2596,7639.0166,7639.3213,0.1127,0
8061,0,7639.1639,7640.2239,7640.7784,0.1492,0
8062,0,7640.4134,7641.2389,7641.5738,0.1169,0
8063,0,7641.3894,7642.0925,7642.4711,0.1029,0
8064,0,7642.2267,7643.2879,7643.5881,0.1129,0
8065,0,7643.4376,7644.1386,7644.4147,0.1068,0
8066,0,7644.2771,7644.9598,7645.3421,0.1547,0
8067,0,7645.1505,7646.2508,7646.5412,0.1125,0
8068,0,7646.3960,7647.0835,7647.3513,0.1037,0
8069,0,7647.2182,7647.8898,7648.2172,0.1116,0
8070,0,7648.0315,7648.8372,7649.1537,0.1127,0
8071,0,7648.9888,7649.7158,7650.0156,0.1188,0
8072,0,7649.8685,7650.5663,7650.8429,0.1166,0
8073,0,7650.7110,7651.5074,7651.7853,0.1140,0
8074,0,7651.6505,7652.3183,7652.6571,0.1172,0
8075,0,7652.4827,7653.2019,7653.5281,0.1078,0
8076,0,7653.3474,7654.3412,7654.6360,0.1174,0
8077,0,7654.4917,7655.1761,7655.4602,0.1152,0
8078,0,7655.3214,7655.9951,7656.2832,0.1069,0
8079,0,7656.1322,7657.0646,7657.3669,0.1127,0
8080,0,7657.2109,7657.8976,7658.1939,0.1093,0
8081,0,7658.0382,7658.7227,7659.0588,0.1125,0
8082,0,7658.8651,7659.8394,7660.1585,0.1337,0
8083,0,7660.0037,7660.6868,7660.9777,0.1100,0
8084,0,7660.8269,7661.5113,7661.8972,0.1083,0
8085,0,7661.6504,7662.6888,7662.9927,0.1103,0
8086,0,7662.8379,7663.5660,7663.8594,0.1120,0
8087,0,7663.7099,7664.3898,7664.7473,0.1744,0
8088,0,7664.6013,7665.4392,7665.7204,0.1156,0
8089,0,7665.5890,7666.2542,7666.5396,0.1112,0
8090,0,7666.3953,7667.0834,7667.3919,0.1097,0
8091,0,7667.2232,7668.1794,7668.4783,0.1125,0
8092,0,7668.3221,7669.0181,7669.3334,0.1174,0
8093,0,7669.1701,7669.8591,7670.1815,0.1101,0
8094,0,7669.9994,7670.9662,7671.2403,0.1182,0
8095,0,7671.1132,7671.7745,7672.0726,0.1096,0
8096,0,7671.9152,7672.6052,7672.9625,0.1147,0
8097,0,7672.7556,7673.7429,7674.0289,0.1134,0
8098,0,7673.8895,7674.5623,7674.8327,0.1132,0
8099,0,7674.7044,7675.3686,7675.7174,0.1105,0
8100,0,7675.5089,7676.5033,7676.8591,0.1587,0
8101,0,7676.6941,7677.3881,7677.7553,0.1148,0
8102,0,7677.5310,7678.2869,7678.6664,0.1643,0
8103,0,7678.4940,7679.3980,7679.7540,0.1366,0
8104,0,7679.5810,7680.3051,7680.6088,0.1088,0
8105,0,7680.4487,7681.1465,7681.4387,0.1064,0
8106,0,7681.2848,7682.1019,7682.4286,0.1129,0
8107,0,7682.2541,7683.0019,7683.2909,0.1107,0
8108,0,7683.1468,7683.8424,7684.1974,0.1758,0
8109,0,7684.0554,7684.8574,7685.1496,0.1161,0
8110,0,7685.0105,7685.7068,7685.9766,0.1114,0
8111,0,7685.8453,7686.5077,7686.8099,0.1093,0
8112,0,7686.6437,7687.6295,7687.9350,0.1148,0
8113,0,7687.7725,7688.4617,7688.7567,0.1132,0
8114,0,7688.6026,7689.2911,7689.6154,0.1090,0
8115,0,7689.4278,7690.3903,7690.6841,0.1109,0
8116,0,7690.5292,7691.2128,7691.5095,0.1105,0
8117,0,7691.3507,7692.0348,7692.3957,0.1095,0
8118,0,7692.1716,7693.0588,7693.5197,0.2678,0
8119,0,7693.3640,7694.0873,7694.3799,0.1173,0
8120,0,7694.2395,7694.9274,7695.4826,0.1201,0
8121,0,7695.1157,7696.2430,7696.5437,0.1111,0
8122,0,7696.3910,7697.0861,7697.3756,0.1112,0
8123,0,7697.2322,7697.9462,7698.5372,0.3788,0
8124,0,7698.3674,7699.0844,7699.3915,0.1126,0
8125,0,7699.2279,7699.9245,7700.2162,0.1106,0
8126,0,7700.0677,7700.7802,7701.2835,0.3029,0
8127,0,7701.1225,7701.8335,7702.1823,0.1192,0
8128,0,7701.9864,7702.7448,7703.0396,0.1149,0
8129,0,7702.8943,7703.5761,7703.9337,0.1863,0
8130,0,7703.7929,7704.6649,7704.9416,0.1137,0
8131,0,7704.8078,7705.4747,7705.7496,0.1139,0
8132,0,7705.6154,7706.2804,7706.8584,0.3968,0
8133,0,7706.7040,7707.3917,7707.6790,0.1157,0
8134,0,7707.5396,7708.2088,7708.4876,0.1118,0
8135,0,7708.3472,7709.0202,7709.5963,0.3871,0
8136,0,7709.4357,7710.1295,7710.4378,0.1184,0
8137,0,7710.2784,7710.9645,7711.2514,0.1099,0
8138,0,7711.1017,7711.7931,7712.3462,0.3091,0
8139,0,7712.1422,7712.8868,7713.1844,0.1131,0
8140,0,7713.0360,7713.7208,7714.0145,0.1174,0
8141,0,7713.8724,7714.5504,7714.8229,0.1072,0
8142,0,7714.6871,7715.5362,7715.8114,0.1159,0
8143,0,7715.6805,7716.3438,7716.6230,0.1073,0
8144,0,7716.4860,7717.1673,7717.4939,0.1635,0
8145,0,7717.3592,7718.2003,7718.5389,0.1249,0
8146,0,7718.3639,7719.0745,7719.3877,0.1142,0
8147,0,7719.2192,7719.9148,7720.2120,0.1070,0
8148,0,7720.0524,7720.9932,7721.2926,0.1132,0
8149,0,7721.1370,7721.8217,7722.1401,0.1164,0
8150,0,7721.9732,7722.6702,7722.9790,0.1156,0
8151,0,7722.8196,7723.7652,7724.0832,0.1207,0
8152,0,7723.9213,7724.6134,7724.9088,0.1095,0
8153,0,7724.7537,7725.4372,7725.7527,0.1168,0
8154,0,7725.5924,7726.5461,7726.8447,0.1112,0
8155,0,7726.6877,7727.3722,7727.7772,0.1152,0
8156,0,7727.5322,7728.2815,7728.6585,0.1664,0
8157,0,7728.5013,7729.4262,7729.7198,0.1066,0
8158,0,7729.5687,7730.2837,7730.5765,0.1125,0
8159,0,7730.4341,7731.1344,7731.4244,0.1019,0
8160,0,7731.2761,7732.1706,7732.4956,0.1170,0
8161,0,7732.3301,7733.0328,7733.3347,0.1142,0
8162,0,7733.1774,7733.8722,7734.2144,0.1381,0
8163,0,7734.0437,7734.8586,7735.1382,0.1143,0
8164,0,7735.0038,7735.6788,7735.9728,0.1107,0
8165,0,7735.8181,7736.5033,7736.8087,0.1019,0
8166,0,7736.6324,7737.5977,7737.9519,0.1716,0
8167,0,7737.7978,7738.4786,7738.7867,0.1095,0
8168,0,7738.6310,7739.3483,7739.6353,0.1113,0
8169,0,7739.4915,7740.4263,7740.7016,0.1134,0
8170,0,7740.5690,7741.2393,7741.5118,0.1062,0
8171,0,7741.3747,7742.0442,7742.4008,0.1174,0
8172,0,7742.1957,7743.1909,7743.5597,0.1202,0
8173,0,7743.3492,7744.0768,7744.3780,0.1097,0
8174,0,7744.2202,7744.9458,7745.2965,0.1055,0
8175,0,7745.1063,7746.0624,7746.3577,0.1149,0
8176,0,7746.2121,7746.9070,7747.1838,0.1107,0
8177,0,7747.0489,7747.7229,7747.9953,0.1025,0
8178,0,7747.8554,7748.6743,7748.9490,0.1135,0
8179,0,7748.8164,7749.4823,7749.7815,0.1096,0
8180,0,7749.6235,7750.3079,7750.6319,0.1106,0
8181,0,7750.4494,7751.4504,7751.7538,0.1147,0
8182,0,7751.5964,7752.2898,7752.6173,0.1177,0
8183,0,7752.4416,7753.1439,7753.5071,0.1094,0
8184,0,7753.2926,7754.4648,7754.7537,0.1135,0
8185,0,7754.6124,7755.3557,7755.6673,0.1186,0
8186,0,7755.5133,7756.2018,7756.4754,0.1073,0
8187,0,7756.3382,7757.2648,7757.5534,0.1094,0
8188,0,7757.4025,7758.0882,7758.4096,0.1322,0
8189,0,7758.2594,7758.9606,7759.2478,0.1113,0
8190,0,7759.1074,7759.9319,7760.2226,0.1128,0
8191,0,7760.0773,7760.7554,7761.0291,0.1068,0
8192,0,7760.8912,7761.5608,7761.9171,0.1061,0
8193,0,7761.6982,7762.7026,7763.0082,0.1166,0
8194,0,7762.8552,7763.5546,7763.8436,0.1116,0
8195,0,7763.6963,7764.3744,7764.6481,0.1060,0
8196,0,7764.5121,7765.3266,7765.6411,0.1213,0
8197,0,7765.4768,7766.1689,7766.4419,0.1126,0
8198,0,7766.3082,7766.9780,7767.2977,0.1094,0
8199,0,7767.1151,7768.1094,7768.4412,0.1196,0
8200,0,7768.2678,7768.9922,7769.2813,0.1112,0
8201,0,7769.1346,7769.8140,7770.1691,0.1096,0
8202,0,7769.9544,7771.0865,7771.3725,0.1250,0
8203,0,7771.2396,7771.9089,7772.2081,0.1107,0
8204,0,7772.0505,7772.7372,7773.0683,0.1483,0
8205,0,7772.9216,7773.7612,7774.0477,0.1131,0
8206,0,7773.9065,7774.6339,7774.9303,0.1128,0
8207,0,7774.7824,7775.4627,7775.7329,0.1091,0
8208,0,7775.6026,7776.5166,7776.8272,0.1142,0
8209,0,7776.6638,7777.3546,7777.6625,0.1083,0
8210,0,7777.5949,7778.2115,7778.5634,0.1083,0
8211,0,7778.3516,7779.3373,7779.6378,0.1094,0
8212,0,7779.4812,7780.2060,7780.4912,0.1081,0
8213,0,7780.3468,7781.0418,7781.3141,0.1084,0
8214,0,7781.1819,7782.1151,7782.4364,0.1138,0
8215,0,7782.2659,7782.9776,7783.2803,0.1150,0
8216,0,7783.1289,7783.8428,7784.2058,0.1627,0
8217,0,7784.0393,7784.9522,7785.2665,0.1195,0
8218,0,7785.1028,7785.7941,7786.0923,0.1094,0
8219,0,7785.9320,7786.6183,7786.9637,0.1603,0
8220,0,7786.8085,7787.6642,7787.9356,0.1052,0
8221,0,7787.7981,7788.4613,7788.7322,0.1164,0
8222,0,7788.6044,7789.2671,7789.6161,0.1118,0
8223,0,7789.4055,7790.3984,7790.7288,0.1212,0
8224,0,7790.5584,7791.2641,7791.5580,0.1091,0
8225,0,7791.4023,7792.0873,7792.4221,0.1079,0
8226,0,7792.2230,7793.2148,7793.5660,0.1172,0
8227,0,7793.3639,7794.0960,7794.4034,0.1159,0
8228,0,7794.2434,7794.9372,7795.2767,0.1099,0
8229,0,7795.0946,7796.0613,7796.3613,0.1104,0
8230,0,7796.2135,7796.9300,7797.2034,0.1029,0
8231,0,7797.0648,7797.7422,7798.0456,0.1414,0
8232,0,7797.9136,7798.7936,7799.0755,0.1180,0
8233,0,7798.9413,7799.6070,7799.8738,0.1067,0
8234,0,7799.7424,7800.4135,7800.7386,0.1114,0
8235,0,7800.5589,7801.5167,7801.8175,0.1159,0
8236,0,7801.6632,7802.3480,7802.7028,0.1181,0
8237,0,7802.5148,7803.2601,7803.5708,0.1092,0
8238,0,7803.4087,7804.3546,7804.6456,0.1145,0
8239,0,7804.5034,7805.1750,7805.4962,0.1185,0
8240,0,7805.3403,7806.0401,7806.3135,0.1071,0
8241,0,7806.1778,7807.1062,7807.3816,0.1123,0
8242,0,7807.2490,7807.9166,7808.1907,0.1116,0
8243,0,7808.0566,7808.7191,7809.0392,0.1119,0
8244,0,7808.8587,7809.8644,7810.1649,0.1132,0
8245,0,7810.0079,7810.6921,7810.9856,0.1095,0
8246,0,7810.8316,7811.5167,7811.9060,0.1079,0
8247,0,7811.6566,7812.6901,7813.0074,0.1161,0
8248,0,7812.8473,7813.5380,7813.8665,0.1170,0
8249,0,7813.6878,7814.3960,7814.7306,0.1660,0
8250,0,7814.5944,7815.4165,7815.6951,0.1135,0
8251,0,7815.5594,7816.2248,7816.5225,0.1112,0
8252,0,7816.3710,7817.0475,7817.3661,0.1105,0
8253,0,7817.1865,7818.1945,7818.4677,0.1139,0
8254,0,7818.3375,7819.0038,7819.2980,0.1087,0
8255,0,7819.1427,7819.8281,7820.1655,0.1079,0
8256,0,7819.9664,7821.1132,7821.4245,0.1203,0
8257,0,7821.2713,7821.9877,7822.2634,0.1095,0
8258,0,7822.1309,7822.8239,7823.1097,0.1008,0
8259,0,7822.9589,7823.8441,7824.1711,0.1184,0
8260,0,7823.9993,7824.7032,7825.0190,0.1157,0
8261,0,7824.8539,7825.5447,7825.8660,0.1377,0
8262,0,7825.7134,7826.6275,7826.9259,0.1109,0
8263,0,7826.7703,7827.4515,7827.7512,0.1134,0
8264,0,7827.5954,7828.2866,7828.6914,0.1602,0
8265,0,7828.4892,7829.4466,7829.7486,0.1133,0
8266,0,7829.5990,7830.2761,7830.6083,0.1194,0
8267,0,7830.4349,7831.1713,7831.4804,0.1075,0
8268,0,7831.3122,7832.1303,7832.4328,0.1165,0
8269,0,7832.2769,7832.9736,7833.2720,0.1126,0
8270,0,7833.1273,7833.8383,7834.1840,0.1723,0
8271,0,7834.0421,7834.8559,7835.1322,0.1146,0
8272,0,7835.0006,7835.6695,7835.9649,0.1112,0
8273,0,7835.8094,7836.4910,7836.8421,0.1131,0
8274,0,7836.6409,7837.7664,7838.0387,0.1137,0
8275,0,7837.9076,7838.5702,7838.8769,0.1152,0
8276,0,7838.7164,7839.4023,7839.7230,0.1616,0
8277,0,7839.5924,7840.3872,7840.6672,0.1160,0
8278,0,7840.5313,7841.1992,7841.4665,0.1113,0
8279,0,7841.3367,7841.9983,7842.4165,0.1146,0
8280,0,7842.1662,7843.2462,7843.5534,0.1151,0
8281,0,7843.4035,7844.0902,7844.3733,0.1112,0
8282,0,7844.2338,7844.9143,7845.2465,0.1102,0
8283,0,7845.0535,7846.0443,7846.3394,0.1090,0
8284,0,7846.1874,7846.9076,7847.1967,0.1135,0
8285,0,7847.0560,7847.7532,7848.0758,0.1527,0
8286,0,7847.9347,7848.7486,7849.0351,0.1155,0
8287,0,7848.8927,7849.5634,7849.8342,0.1120,0
8288,0,7849.7018,7850.3648,7850.6999,0.1125,0
8289,0,7850.5037,7851.4842,7851.8706,0.1639,0
8290,0,7851.6861,7852.4136,7852.7624,0.1218,0
8291,0,7852.5759,7853.2886,7853.6618,0.1703,0
8292,0,7853.4967,7854.4272,7854.7417,0.1113,0
8293,0,7854.5718,7855.2704,7855.5860,0.1164,0
8294,0,7855.4202,7856.1221,7856.4767,0.1251,0
8295,0,7856.2874,7857.1286,7857.4225,0.1071,0
8296,0,7857.2695,7857.9687,7858.2418,0.1065,0
8297,0,7858.1049,7858.7785,7859.0605,0.1023,0
8298,0,7858.9133,7859.8649,7860.1755,0.1122,0
8299,0,7860.0242,7860.7038,7860.9758,0.1121,0
8300,0,7860.8461,7861.5130,7861.9082,0.1303,0
8301,0,7861.6731,7862.6824,7863.0056,0.1211,0
8302,0,7862.8379,7863.5415,7863.8253,0.1117,0
8303,0,7863.6838,7864.3514,7864.6842,0.1148,0
8304,0,7864.5077,7865.3559,7865.6535,0.1148,0
8305,0,7865.5043,7866.2010,7866.4867,0.1122,0
8306,0,7866.3463,7867.0291,7867.3849,0.1157,0
8307,0,7867.1770,7868.2265,7868.5313,0.1140,0
8308,0,7868.3767,7869.0825,7869.3629,0.1141,0
8309,0,7869.2257,7869.8992,7870.2324,0.1413,0
8310,0,7870.0715,7871.0189,7871.3208,0.1116,0
8311,0,7871.1603,7871.8463,7872.1475,0.1106,0
8312,0,7871.9871,7872.6751,7873.0101,0.1180,0
8313,0,7872.8290,7873.8028,7874.0842,0.1127,0
8314,0,7873.9447,7874.6137,7874.8900,0.1145,0
8315,0,7874.7548,7875.4201,7875.7342,0.1084,0
8316,0,7875.5550,7876.5122,7876.8205,0.1143,0
8317,0,7876.6588,7877.3467,7877.6518,0.1134,0
8318,0,7877.4923,7878.1838,7878.5829,0.1092,0
8319,0,7878.3209,7879.3648,7879.6855,0.1164,0
8320,0,7879.5207,7880.2134,7880.5211,0.1118,0
8321,0,7880.3539,7881.0405,7881.3314,0.1125,0
8322,0,7881.1808,7882.1300,7882.4575,0.1128,0
8323,0,7882.2718,7882.9863,7883.2755,0.1136,0
8324,0,7883.1367,7883.8477,7884.3963,0.1614,0
8325,0,7884.0440,7885.0044,7885.3082,0.1125,0
8326,0,7885.1536,7885.8449,7886.1240,0.1119,0
8327,0,7885.9873,7886.6538,7886.9522,0.1369,0
8328,0,7886.8194,7887.6137,7887.9429,0.1665,0
8329,0,7887.8098,7888.4752,7888.7799,0.1123,0
8330,0,7888.6198,7889.3089,7889.6318,0.1087,0
8331,0,7889.4481,7890.4206,7890.7160,0.1119,0
8332,0,7890.5627,7891.2426,7891.5387,0.1097,0
8333,0,7891.3835,7892.0673,7892.4116,0.1095,0
8334,0,7892.2068,7893.1988,7893.5693,0.1265,0
8335,0,7893.3692,7894.1036,7894.3877,0.1104,0
8336,0,7894.2459,7894.9353,7895.2632,0.1069,0
8337,0,7895.0814,7896.0469,7896.3341,0.1130,0
8338,0,7896.1937,7896.8787,7897.1520,0.1019,0
8339,0,7897.0175,7897.7023,7898.0014,0.1065,0
8340,0,7897.8415,7898.7605,7899.0587,0.1101,0
8341,0,7898.9021,7899.5893,7899.8891,0.1128,0
8342,0,7899.7417,7900.4548,7900.7358,0.1088,0
8343,0,7900.5961,7901.5192,7901.7984,0.1135,0
8344,0,7901.6615,7902.3257,7902.6564,0.1175,0
8345,0,7902.4852,7903.1947,7903.5200,0.1086,0
8346,0,7903.3399,7904.4720,7904.7966,0.1190,0
8347,0,7904.6275,7905.3232,7905.6027,0.1117,0
8348,0,7905.4657,7906.1324,7906.4090,0.1167,0
8349,0,7906.2767,7907.0774,7907.3849,0.1208,0
8350,0,7907.2309,7907.9156,7908.2303,0.1100,0
8351,0,7908.0636,7908.7967,7909.0939,0.1038,0
8352,0,7908.9342,7909.9210,7910.2045,0.1145,0
8353,0,7910.0716,7910.7565,7911.0286,0.1126,0
8354,0,7910.8965,7911.5611,7911.9008,0.1548,0
8355,0,7911.7468,7912.7590,7913.0608,0.1110,0
8356,0,7912.9093,7913.6242,7913.9195,0.1131,0
8357,0,7913.7713,7914.4544,7914.7374,0.1163,0
8358,0,7914.6040,7915.4043,7915.7407,0.1192,0
8359,0,7915.5619,7916.2733,7916.5711,0.1102,0
8360,0,7916.4159,7917.1017,7917.3990,0.1074,0
8361,0,7917.2419,7918.1802,7918.4626,0.1163,0
8362,0,7918.3262,7919.0011,7919.2813,0.1116,0
8363,0,7919.1423,7919.8112,7920.1731,0.1117,0
8364,0,7919.9535,7920.9279,7921.2813,0.1655,0
8365,0,7921.1240,7921.8062,7922.1164,0.1147,0
8366,0,7921.9522,7922.6421,7922.9881,0.1139,0
8367,0,7922.7960,7923.7736,7924.0578,0.1179,0
8368,0,7923.9205,7924.5874,7924.8952,0.1151,0
8369,0,7924.7361,7925.4209,7925.7389,0.1087,0
8370,0,7925.5613,7926.5380,7926.8360,0.1129,0
8371,0,7926.6818,7927.3664,7927.6685,0.1130,0
8372,0,7927.5104,7928.2000,7928.5659,0.1069,0
8373,0,7928.3387,7929.3537,7929.6551,0.1096,0
8374,0,7929.4977,7930.2173,7930.5172,0.1132,0
8375,0,7930.3653,7931.0466,7931.3441,0.1094,0
8376,0,7931.1903,7932.1402,7932.4192,0.1132,0
8377,0,7932.2835,7932.9586,7933.2585,0.1122,0
8378,0,7933.1040,7933.8330,7934.2017,0.1775,0
8379,0,7934.0436,7934.9433,7935.2180,0.1141,0
8380,0,7935.0873,7935.7563,7936.0517,0.1105,0
8381,0,7935.8971,7936.5783,7936.8322,0.0992,0
8382,0,7936.7052,7937.6095,7937.9585,0.1665,0
8383,0,7937.8064,7938.4906,7938.7985,0.1141,0
8384,0,7938.6392,7939.3278,7939.6263,0.1072,0
8385,0,7939.4655,7940.4102,7940.7112,0.1138,0
8386,0,7940.5546,7941.2381,7941.5423,0.1097,0
8387,0,7941.3844,7942.0823,7942.4148,0.1160,0
8388,0,7942.2308,7943.1802,7943.5498,0.1568,0
8389,0,7943.3930,7944.0816,7944.3784,0.1095,0
8390,0,7944.2242,7944.9143,7945.2497,0.1132,0
8391,0,7945.0564,7946.0702,7946.3578,0.1099,0
8392,0,7946.2111,7946.9176,7947.2046,0.1085,0
8393,0,7947.0612,7947.7472,7948.0888,0.1523,0
8394,0,7947.9307,7948.8342,7949.1166,0.1160,0
8395,0,7948.9795,7949.6449,7949.9474,0.1117,0
8396,0,7949.7870,7950.4735,7950.7723,0.1106,0
8397,0,7950.6144,7951.5425,7951.8410,0.1118,0
8398,0,7951.6848,7952.3662,7952.6911,0.1182,0
8399,0,7952.5237,7953.2194,7953.5357,0.1149,0
8400,0,7953.3748,7954.4558,7954.7388,0.1172,0
8401,0,7954.6070,7955.2733,7955.5366,0.1050,0
8402,0,7955.4056,7956.0692,7956.3970,0.1680,0
8403,0,7956.2662,7957.0733,7957.3853,0.1218,0
8404,0,7957.2275,7957.9121,7958.2107,0.1097,0
8405,0,7958.0516,7958.7391,7959.0647,0.1102,0
8406,0,7958.8799,7959.8432,7960.1485,0.1158,0
8407,0,7959.9898,7960.6757,7960.9719,0.1101,0
8408,0,7960.8158,7961.4968,7961.9505,0.1092,0
8409,0,7961.6773,7962.8016,7963.1023,0.1102,0
8410,0,7962.9541,7963.6598,7963.9441,0.1120,0
8411,0,7963.8058,7964.4773,7964.7370,0.1009,0
8412,0,7964.6074,7965.4766,7965.7996,0.1194,0
8413,0,7965.6340,7966.3317,7966.6397,0.1153,0
8414,0,7966.4784,7967.1657,7967.4562,0.1045,0
8415,0,7967.3010,7968.1061,7968.4061,0.1118,0
8416,0,7968.2513,7968.9504,7969.2463,0.1094,0
8417,0,7969.0900,7969.7702,7970.0974,0.1200,0
8418,0,7969.9211,7970.8816,7971.2084,0.1668,0
8419,0,7971.0760,7971.7497,7972.0556,0.1132,0
8420,0,7971.8967,7972.5828,7972.9715,0.1128,0
8421,0,7972.7315,7973.6699,7973.9870,0.1195,0
8422,0,7973.8234,7974.5143,7974.7784,0.1064,0
8423,0,7974.6483,7975.3112,7975.6378,0.1108,0
8424,0,7975.4491,7976.4519,7976.7283,0.1031,0
8425,0,7976.5943,7977.2977,7977.6990,0.1252,0
8426,0,7977.4645,7978.2406,7978.5986,0.1050,0
8427,0,7978.3762,7979.3686,7979.6868,0.1100,0
8428,0,7979.5138,7980.2258,7980.5334,0.1124,0
8429,0,7980.3762,7981.0654,7981.3392,0.1037,0
8430,0,7981.2001,7982.0148,7982.3447,0.1200,0
8431,0,7982.1756,7982.8713,7983.1775,0.1098,0
8432,0,7983.0143,7983.7084,7984.0686,0.1118,0
8433,0,7983.8535,7984.8433,7985.1447,0.1141,0
8434,0,7984.9878,7985.6698,7985.9657,0.1105,0
8435,0,7985.8108,7986.4908,7986.8323,0.1076,0
8436,0,7986.6287,7987.7600,7988.0417,0.1116,0
8437,0,7987.9041,7988.5688,7988.8399,0.1113,0
8438,0,7988.7082,7989.3718,7989.6389,0.1106,0
8439,0,7989.5102,7990.4239,7990.7327,0.1153,0
8440,0,7990.5683,7991.2573,7991.5515,0.1075,0
8441,0,7991.3951,7992.0778,7992.4113,0.1072,0
8442,0,7992.2146,7993.1991,7993.6091,0.1229,0
8443,0,7993.3672,7994.1388,7994.4398,0.1099,0
8444,0,7994.2838,7994.9976,7995.3518,0.1333,0
8445,0,7995.1719,7996.0919,7996.3883,0.1126,0
8446,0,7996.2402,7996.9507,7997.2296,0.1065,0
8447,0,7997.0860,7997.7578,7998.0871,0.1564,0
8448,0,7997.9506,7998.8432,7999.1231,0.1101,0
8449,0,7998.9835,7999.6488,7999.9227,0.1122,0
8450,0,7999.7891,8000.4547,8000.8134,0.1501,0
8451,0,8000.6398,8001.4854,8001.7518,0.1139,0
