frame,interpolated,sample_ms,ready_ms,present_ms,gpu_wait_ms,caught_up
0,0,10.2489,17.8858,22.3421,3.4103,0
1,1,21.3311,27.6196,30.8913,2.9333,0
1,0,21.3311,27.6196,31.0880,0.0461,0
2,1,30.9851,35.5344,35.8707,0.1203,0
2,0,30.9851,35.5344,36.0956,0.0527,0
3,1,35.9430,40.7432,41.0817,0.1277,0
3,0,35.9430,40.7432,41.3088,0.0499,0
4,1,41.1528,45.7662,46.0980,0.1223,0
4,0,41.1528,45.7662,46.3167,0.0470,0
5,1,46.1653,50.6717,51.0550,0.1209,0
5,0,46.1653,50.6717,51.3659,0.0484,0
6,1,51.1251,55.4756,55.8214,0.1630,0
6,0,51.1251,55.4756,56.0190,0.0458,0
7,1,55.8876,60.7098,61.0073,0.1190,0
7,0,55.8876,60.7098,61.1886,0.0365,0
8,1,61.0649,65.7142,66.0610,0.1283,0
8,0,61.0649,65.7142,66.2830,0.0512,0
9,1,66.1308,70.5382,70.8779,0.1196,0
9,0,66.1308,70.5382,71.0997,0.0449,0
10,1,70.9483,75.3767,75.7866,0.1638,0
10,0,70.9483,75.3767,76.1505,0.1502,0
11,1,75.9707,80.4971,80.8252,0.1186,0
11,0,75.9707,80.4971,81.0592,0.0406,0
12,1,80.8916,85.1338,85.4741,0.1261,0
12,0,80.8916,85.1338,85.6956,0.0447,0
13,1,85.5391,89.9228,90.3266,0.1601,0
13,0,85.5391,89.9228,90.6495,0.0492,0
14,1,90.4053,95.0736,95.3808,0.1171,0
14,0,90.4053,95.0736,95.6911,0.0364,0
15,1,95.4504,100.0016,100.3493,0.1686,0
15,0,95.4504,100.0016,100.5634,0.0467,0
16,1,100.4159,104.7108,105.0501,0.1239,0
16,0,100.4159,104.7108,105.2767,0.0525,0
17,1,105.1220,109.5453,109.8554,0.1205,0
17,0,105.1220,109.5453,110.0709,0.0386,0
18,1,109.9146,114.3618,114.7352,0.1603,0
18,0,109.9146,114.3618,115.0195,0.1029,0
19,1,114.8613,119.1208,119.5863,0.2736,0
19,0,114.8613,119.1208,119.7902,0.0497,0
20,1,119.6578,124.1341,124.6047,0.2829,0
20,0,119.6578,124.1341,124.8045,0.0410,0
21,1,124.6667,129.2834,129.5925,0.1163,0
21,0,124.6667,129.2834,129.7841,0.0445,0
22,1,129.6571,134.0321,134.4105,0.1535,0
22,0,129.6571,134.0321,134.7097,0.0438,0
23,1,134.4813,138.7908,139.1384,0.1656,0
23,0,134.4813,138.7908,139.3664,0.0677,0
24,1,139.2269,143.3818,143.6955,0.1210,0
24,0,139.2269,143.3818,143.8855,0.0447,0
25,1,143.7599,148.2777,148.5849,0.1166,0
25,0,143.7599,148.2777,148.7790,0.0440,0
26,1,148.6492,153.0164,153.3635,0.1618,0
26,0,148.6492,153.0164,153.5545,0.0368,0
27,1,153.4188,157.8835,158.2936,0.2279,0
27,0,153.4188,157.8835,158.4947,0.0417,0
28,1,158.3569,163.0134,163.3130,0.1147,0
28,0,158.3569,163.0134,163.4992,0.0456,0
29,1,163.3773,167.7316,168.1387,0.1495,0
29,0,163.3773,167.7316,168.3942,0.0501,0
30,1,168.2103,172.6449,172.9498,0.1216,0
30,0,168.2103,172.6449,173.1647,0.0449,0
31,1,173.0727,177.2858,177.6672,0.1704,0
31,0,173.0727,177.2858,177.8881,0.0526,0
32,1,177.7394,182.2715,182.5759,0.1202,0
32,0,177.7394,182.2715,182.7710,0.0451,0
33,1,182.6428,187.0504,187.3872,0.1154,0
33,0,182.6428,187.0504,187.6476,0.0421,0
34,1,187.6856,192.5250,192.8474,0.1290,0
34,0,187.6856,192.5250,193.0783,0.0377,0
35,1,192.9067,197.3970,197.7262,0.1555,0
35,0,192.9067,197.3970,197.9303,0.0464,0
36,1,197.7943,201.9385,202.2652,0.1179,0
36,0,197.7943,201.9385,202.4938,0.0546,0
37,1,202.3409,206.7591,207.1065,0.1239,0
37,0,202.3409,206.7591,207.3292,0.0480,0
38,1,207.1732,211.5866,211.9587,0.1218,0
38,0,207.1732,211.5866,212.2710,0.0939,0
39,1,212.0908,216.3041,216.8151,0.2850,0
39,0,212.0908,216.3041,217.0119,0.0447,0
40,1,216.8816,221.1708,221.4731,0.1198,0
40,0,216.8816,221.1708,221.6654,0.0373,0
41,1,221.5308,226.2426,226.5944,0.1701,0
41,0,221.5308,226.2426,226.7790,0.0374,0
42,1,226.6520,230.9938,231.6225,0.3617,0
42,0,226.6520,230.9938,231.9206,0.0551,0
43,1,231.7102,236.4847,236.7799,0.1162,0
43,0,231.7102,236.4847,237.0583,0.0361,0
44,1,236.8371,241.2684,241.6508,0.1921,0
44,0,236.8371,241.2684,241.8785,0.0459,0
45,1,241.7332,246.4354,246.7358,0.1141,0
45,0,241.7332,246.4354,246.9354,0.0449,0
46,1,246.8001,251.1952,251.4919,0.1162,0
46,0,246.8001,251.1952,251.6832,0.0364,0
47,1,251.5477,255.9523,256.3172,0.1811,0
47,0,251.5477,255.9523,256.6281,0.1582,0
48,1,256.5096,261.1834,261.4774,0.1153,0
48,0,256.5096,261.1834,261.6628,0.0368,0
49,1,261.5411,265.7009,266.0056,0.1200,0
49,0,261.5411,265.7009,266.2052,0.0433,0
50,1,266.0700,270.4405,270.7885,0.1640,0
50,0,266.0700,270.4405,270.9979,0.0458,0
51,1,270.8569,275.3514,275.6442,0.1155,0
51,0,270.8569,275.3514,275.8448,0.0443,0
52,1,275.7774,279.9436,280.4518,0.2589,0
52,0,275.7774,279.9436,280.6558,0.0448,0
53,1,280.5183,284.6528,284.9895,0.1251,0
53,0,280.5183,284.6528,285.2028,0.0454,0
54,1,285.0538,289.4593,289.8394,0.1226,0
54,0,285.0538,289.4593,290.0758,0.0409,0
55,1,289.9130,294.6969,295.0644,0.1594,0
55,0,289.9130,294.6969,295.2855,0.0422,0
56,1,295.1330,299.7749,300.1373,0.1823,0
56,0,295.1330,299.7749,300.3222,0.0365,0
57,1,300.1948,304.5078,304.8463,0.1272,0
57,0,300.1948,304.5078,305.0617,0.0451,0
58,1,304.9106,309.3035,309.6579,0.1200,0
58,0,304.9106,309.3035,309.8730,0.0500,0
59,1,309.7320,314.3092,314.6901,0.1581,0
59,0,309.7320,314.3092,314.9703,0.0393,0
60,1,314.7547,319.0688,319.4319,0.1804,0
60,0,314.7547,319.0688,319.6250,0.0449,0
61,1,319.4956,323.9374,324.3958,0.2624,0
61,0,319.4956,323.9374,324.8279,0.2722,0
62,1,324.6911,329.2845,329.5766,0.1116,0
62,0,324.6911,329.2845,329.7750,0.0452,0
63,1,329.6420,334.0456,334.3642,0.1138,0
63,0,329.6420,334.0456,334.5739,0.0374,0
64,1,334.4291,338.7483,339.0933,0.1635,0
64,0,334.4291,338.7483,339.2815,0.0375,0
65,1,339.1499,343.4209,343.9916,0.1405,0
65,0,339.1499,343.4209,344.2975,0.0465,0
66,1,344.0763,348.7131,349.0416,0.1208,0
66,0,344.0763,348.7131,349.2598,0.0434,0
67,1,349.1053,353.5320,353.8609,0.1223,0
67,0,349.1053,353.5320,354.1513,0.0462,0
68,1,353.9260,358.5748,358.9160,0.1630,0
68,0,353.9260,358.5748,359.1128,0.0372,0
69,1,358.9772,363.4827,363.8166,0.1199,0
69,0,358.9772,363.4827,364.0261,0.0475,0
70,1,363.8892,368.4282,368.7525,0.1197,0
70,0,363.8892,368.4282,368.9284,0.0463,0
71,1,368.8444,373.3549,373.6906,0.1206,0
71,0,368.8444,373.3549,373.9966,0.0458,0
72,1,373.7567,378.4721,378.8430,0.1834,0
72,0,373.7567,378.4721,379.1811,0.1781,0
73,1,379.0448,383.2444,383.6019,0.1722,0
73,0,379.0448,383.2444,383.7866,0.0380,0
74,1,383.6580,387.7706,388.1495,0.1254,0
74,0,383.6580,387.7706,388.3587,0.0439,0
75,1,388.2172,393.1001,393.4771,0.1625,0
75,0,388.2172,393.1001,393.6933,0.0420,0
76,1,393.5393,398.1909,398.5750,0.1191,0
76,0,393.5393,398.1909,398.8123,0.0504,0
77,1,398.6464,403.1478,403.4881,0.1227,0
77,0,398.6464,403.1478,403.7267,0.0466,0
78,1,403.5536,407.8359,408.2929,0.2771,0
78,0,403.5536,407.8359,408.4849,0.0380,0
79,1,408.3502,412.8543,413.1743,0.1161,0
79,0,408.3502,412.8543,413.3999,0.0445,0
80,1,413.2823,417.8747,418.1977,0.1237,0
80,0,413.2823,417.8747,418.3893,0.0384,0
81,1,418.2733,422.7117,423.0542,0.1581,0
81,0,418.2733,422.7117,423.3052,0.1002,0
82,1,423.1749,428.1261,428.4273,0.1212,0
82,0,423.1749,428.1261,428.7121,0.0434,0
83,1,428.4906,433.0386,433.4253,0.1770,0
83,0,428.4906,433.0386,433.6424,0.0468,0
84,1,433.4945,437.9142,438.2679,0.1209,0
84,0,433.4945,437.9142,438.4847,0.0452,0
85,1,438.3378,442.7720,443.1257,0.1158,0
85,0,438.3378,442.7720,443.3271,0.0478,0
86,1,443.1976,447.7666,448.3060,0.2881,0
86,0,443.1976,447.7666,448.6276,0.0464,0
87,1,448.3795,452.7299,453.2702,0.1736,0
87,0,448.3795,452.7299,453.4781,0.0501,0
88,1,453.3447,457.6863,458.1189,0.2110,0
88,0,453.3447,457.6863,458.3472,0.0440,0
89,1,458.1859,462.9551,463.2891,0.1197,0
89,0,458.1859,462.9551,463.5354,0.0433,0
90,1,463.3519,467.9041,468.2847,0.1252,0
90,0,463.3519,467.9041,468.5536,0.0502,0
91,1,468.3621,473.0042,473.3029,0.1107,0
91,0,468.3621,473.0042,473.5667,0.0394,0
92,1,473.3666,477.6733,478.0207,0.1639,0
92,0,473.3666,477.6733,478.2244,0.0462,0
93,1,478.0876,482.6742,482.9721,0.1168,0
93,0,478.0876,482.6742,483.1608,0.0358,0
94,1,483.0318,487.5853,487.9005,0.1173,0
94,0,483.0318,487.5853,488.0931,0.0367,0
95,1,487.9615,492.8895,493.2642,0.1940,0
95,0,487.9615,492.8895,493.4647,0.0455,0
96,1,493.3303,497.7789,498.3203,0.3519,0
96,0,493.3303,497.7789,498.6076,0.0399,0
97,1,498.3890,502.7821,503.1249,0.1617,0
97,0,498.3890,502.7821,503.3178,0.0379,0
98,1,503.1837,507.3788,507.7390,0.1295,0
98,0,503.1837,507.3788,507.9505,0.0454,0
99,1,507.8088,512.5364,512.8364,0.1116,0
99,0,507.8088,512.5364,512.9987,0.0382,0
100,1,513.8304,518.2513,518.7740,0.2026,0
100,0,513.8304,518.2513,518.9877,0.0485,0
101,1,519.0150,523.3484,523.7097,0.1155,0
101,0,519.0150,523.3484,524.0679,0.0461,0
102,1,523.8375,528.4651,528.8583,0.1135,0
102,0,523.8375,528.4651,529.2434,0.2255,0
103,1,529.1049,533.4058,533.7865,0.1672,0
103,0,529.1049,533.4058,534.0135,0.0466,0
104,1,533.8535,538.0403,538.3699,0.1203,0
104,0,533.8535,538.0403,538.5894,0.0481,0
105,1,538.4367,542.8866,543.2194,0.1219,0
105,0,538.4367,542.8866,543.4321,0.0460,0
106,1,543.2840,547.7479,548.2968,0.2964,0
106,0,543.2840,547.7479,548.6089,0.0467,0
107,1,548.3633,552.6706,553.0391,0.1609,0
107,0,548.3633,552.6706,553.2543,0.0408,0
108,1,553.1026,557.3459,558.0092,0.4663,0
108,0,553.1026,557.3459,558.2351,0.0495,0
109,1,558.0834,562.8549,563.1890,0.1177,0
109,0,558.0834,562.8549,563.4133,0.0441,0
110,1,563.2592,567.8588,568.1881,0.1246,0
110,0,563.2592,567.8588,568.3854,0.0369,0
111,1,568.2534,572.8150,573.1940,0.1196,0
111,0,568.2534,572.8150,573.3986,0.0388,0
112,1,573.2513,577.2663,577.8569,0.3598,0
112,0,573.2513,577.2663,578.1524,0.0445,0
113,1,577.9210,582.5490,582.8860,0.1207,0
113,0,577.9210,582.5490,583.1112,0.0446,0
114,1,582.9509,587.3798,587.7075,0.1208,0
114,0,582.9509,587.3798,587.9415,0.0536,0
115,1,587.8057,592.7931,593.0980,0.1149,0
115,0,587.8057,592.7931,593.3846,0.1297,0
116,1,593.2554,598.0427,598.4062,0.1814,0
116,0,593.2554,598.0427,598.6094,0.0510,0
117,1,598.4870,602.9762,603.3774,0.1274,0
117,0,598.4870,602.9762,603.8538,0.0637,0
118,1,603.4606,607.7900,608.1779,0.1695,0
118,0,603.4606,607.7900,608.3935,0.0450,0
119,1,608.2418,612.8329,613.1303,0.1165,0
119,0,608.2418,612.8329,613.3251,0.0444,0
120,1,613.1938,617.6089,617.9832,0.1273,0
120,0,613.1938,617.6089,618.2276,0.0476,0
121,1,618.0512,622.5666,622.8955,0.1203,0
121,0,618.0512,622.5666,623.3550,0.0450,0
122,1,622.9593,628.2918,628.6106,0.1203,0
122,0,622.9593,628.2918,628.9107,0.0365,0
123,1,628.6713,633.1185,633.4671,0.1657,0
123,0,628.6713,633.1185,633.6849,0.0460,0
124,1,633.5351,637.8857,638.2464,0.1237,0
124,0,633.5351,637.8857,638.4571,0.0458,0
125,1,638.3174,642.8317,643.1678,0.1354,0
125,0,638.3174,642.8317,643.4516,0.0375,0
126,1,643.2735,647.8961,648.2449,0.1183,0
126,0,643.2735,647.8961,648.5787,0.0505,0
127,1,648.3711,653.0572,653.3556,0.1166,0
127,0,648.3711,653.0572,653.6493,0.0375,0
128,1,653.4648,657.9556,658.6886,0.3982,0
128,0,653.4648,657.9556,659.2945,0.0470,0
129,1,658.7591,663.8000,664.1407,0.1342,0
129,0,658.7591,663.8000,664.3428,0.0440,0
130,1,664.2085,668.3890,668.6955,0.1182,0
130,0,664.2085,668.3890,668.8929,0.0445,0
131,1,668.7601,673.2967,673.6036,0.1158,0
131,0,668.7601,673.2967,673.8033,0.0457,0
132,1,673.6702,678.1817,678.4952,0.1169,0
132,0,673.6702,678.1817,678.7781,0.0467,0
133,1,678.5708,683.1499,683.5107,0.1752,0
133,0,678.5708,683.1499,683.7354,0.0476,0
134,1,683.5793,687.7788,688.3101,0.1219,0
134,0,683.5793,687.7788,688.5455,0.0518,0
135,1,688.3826,693.2432,693.6163,0.1528,0
135,0,688.3826,693.2432,693.8281,0.0410,0
136,1,693.6780,698.4797,698.8418,0.1302,0
136,0,693.6780,698.4797,699.0575,0.0445,0
137,1,698.9102,703.4799,703.9033,0.1281,0
137,0,698.9102,703.4799,704.1221,0.0434,0
138,1,703.9679,708.2434,708.6168,0.1593,0
138,0,703.9679,708.2434,708.8357,0.0458,0
139,1,708.6815,713.0559,713.3789,0.1177,0
139,0,708.6815,713.0559,713.5915,0.0466,0
140,1,713.4435,717.8735,718.2464,0.1608,0
140,0,713.4435,717.8735,718.4540,0.0447,0
141,1,718.3088,722.7730,723.1764,0.1248,0
141,0,718.3088,722.7730,723.3970,0.0421,0
142,1,723.2380,727.9897,728.3235,0.1208,0
142,0,723.2380,727.9897,728.5846,0.0451,0
143,1,728.3918,732.4971,732.7955,0.1136,0
143,0,728.3918,732.4971,732.9799,0.0368,0
144,1,732.8528,737.3122,737.6467,0.1207,0
144,0,732.8528,737.3122,737.8648,0.0452,0
145,1,737.7186,742.1637,742.5146,0.1322,0
145,0,737.7186,742.1637,742.7965,0.1099,0
146,1,742.6433,747.0335,747.3596,0.1183,0
146,0,742.6433,747.0335,747.5862,0.0450,0
147,1,747.4248,751.6137,751.9530,0.1141,0
147,0,747.4248,751.6137,752.1926,0.0535,0
148,1,752.0282,756.6390,756.9727,0.1228,0
148,0,752.0282,756.6390,757.2078,0.0407,0
149,1,757.0318,761.7655,762.1670,0.1211,0
149,0,757.0318,761.7655,762.3761,0.0447,0
150,1,762.2691,766.9463,767.2408,0.1189,0
150,0,762.2691,766.9463,767.4543,0.0353,0
151,1,767.3247,771.6344,771.9706,0.1206,0
151,0,767.3247,771.6344,772.1976,0.0443,0
152,1,772.0418,776.6356,776.9733,0.1193,0
152,0,772.0418,776.6356,777.1907,0.0483,0
153,1,777.0403,781.6352,781.9514,0.1226,0
153,0,777.0403,781.6352,782.1461,0.0403,0
154,1,782.0161,786.5969,786.9367,0.1213,0
154,0,782.0161,786.5969,787.1797,0.0396,0
155,1,786.9966,792.0767,792.4662,0.1184,0
155,0,786.9966,792.0767,792.7017,0.0484,0
156,1,792.5381,796.9013,797.2293,0.1191,0
156,0,792.5381,796.9013,797.4377,0.0392,0
157,1,797.2873,801.7753,802.1133,0.1229,0
157,0,797.2873,801.7753,802.3492,0.0415,0
158,1,802.1796,806.7051,807.0417,0.1208,0
158,0,802.1796,806.7051,807.2524,0.0453,0
159,1,807.1056,811.5749,811.9359,0.1217,0
159,0,807.1056,811.5749,812.2563,0.0420,0
160,1,811.9993,816.3935,816.7555,0.1527,0
160,0,811.9993,816.3935,816.9734,0.0419,0
161,1,816.8188,821.0317,821.3735,0.1219,0
161,0,816.8188,821.0317,821.5944,0.0448,0
162,1,821.4399,826.3209,826.6957,0.1585,0
162,0,821.4399,826.3209,826.9141,0.0437,0
163,1,826.7619,831.3826,831.7705,0.1685,0
163,0,826.7619,831.3826,831.9954,0.0473,0
164,1,831.8642,836.4146,836.7610,0.1737,0
164,0,831.8642,836.4146,836.9569,0.0466,0
165,1,836.8276,840.9325,841.2722,0.1213,0
165,0,836.8276,840.9325,841.4871,0.0442,0
166,1,841.3357,846.0192,846.3503,0.1199,0
166,0,841.3357,846.0192,846.5649,0.0422,0
167,1,846.4117,851.0243,851.3834,0.1208,0
167,0,846.4117,851.0243,851.6272,0.0506,0
168,1,851.4536,856.0088,856.3453,0.1252,0
168,0,851.4536,856.0088,856.6177,0.0397,0
169,1,856.4032,861.3631,861.7628,0.1817,0
169,0,856.4032,861.3631,861.9850,0.0451,0
170,1,861.8549,866.6321,866.9733,0.1214,0
170,0,861.8549,866.6321,867.2021,0.0498,0
171,1,867.0427,871.2861,871.6172,0.1172,0
171,0,867.0427,871.2861,871.8391,0.0492,0
172,1,871.6912,876.4642,876.7553,0.1151,0
172,0,871.6912,876.4642,877.0562,0.0373,0
173,1,876.8133,881.6060,881.9600,0.1209,0
173,0,876.8133,881.6060,882.1834,0.0433,0
174,1,882.0280,886.6282,886.9181,0.1133,0
174,0,882.0280,886.6282,887.1790,0.0409,0
175,1,886.9833,892.2008,892.6996,0.1224,0
175,0,886.9833,892.2008,893.0516,0.0488,0
176,1,892.7729,897.7684,898.0868,0.1237,0
176,0,892.7729,897.7684,898.3376,0.0919,0
177,1,898.2006,902.4333,902.9008,0.2801,0
177,0,898.2006,902.4333,903.0943,0.0399,0
178,1,902.9698,907.7023,908.1741,0.1433,0
178,0,902.9698,907.7023,908.3888,0.0459,0
179,1,908.2456,913.1398,913.4726,0.1185,0
179,0,908.2456,913.1398,913.6719,0.0454,0
180,1,913.5382,918.2998,918.6505,0.1268,0
180,0,913.5382,918.2998,918.8664,0.0458,0
181,1,918.7152,923.3401,923.6379,0.1144,0
181,0,918.7152,923.3401,923.8379,0.0354,0
182,1,923.6968,928.5257,928.9576,0.1157,0
182,0,923.6968,928.5257,929.3500,0.2205,0
183,1,929.2758,934.1270,934.5020,0.1142,0
183,0,929.2758,934.1270,934.7422,0.0548,0
184,1,934.5840,939.3001,939.6215,0.1167,0
184,0,934.5840,939.3001,939.9614,0.0454,0
185,1,939.6861,944.3831,944.7526,0.1558,0
185,0,939.6861,944.3831,944.9707,0.0440,0
186,1,944.8154,949.3843,949.7168,0.1216,0
186,0,944.8154,949.3843,949.9427,0.0494,0
187,1,949.7840,954.4430,954.7900,0.1224,0
187,0,949.7840,954.4430,955.0847,0.0404,0
188,1,954.8590,960.1000,960.4447,0.1629,0
188,0,954.8590,960.1000,960.6564,0.0385,0
189,1,960.5024,965.3296,965.6277,0.1199,0
189,0,960.5024,965.3296,965.8191,0.0373,0
190,1,965.6886,970.4502,970.7565,0.1195,0
190,0,965.6886,970.4502,970.9850,0.0667,0
191,1,970.8487,975.6065,975.9571,0.1199,0
191,0,970.8487,975.6065,976.1858,0.0403,0
192,1,976.0178,980.5827,980.9685,0.1815,0
192,0,976.0178,980.5827,981.1956,0.0402,0
193,1,981.0349,985.5445,985.8499,0.1180,0
193,0,981.0349,985.5445,986.0590,0.0393,0
194,1,985.9133,990.6924,991.0552,0.1232,0
194,0,985.9133,990.6924,991.3846,0.1396,0
195,1,991.2176,996.2883,996.6207,0.1241,0
195,0,991.2176,996.2883,996.8501,0.0475,0
196,1,996.6941,1001.3972,1001.7493,0.1250,0
196,0,996.6941,1001.3972,1001.9744,0.0418,0
197,1,1001.8160,1006.6427,1006.9824,0.1213,0
197,0,1001.8160,1006.6427,1007.2149,0.0495,0
198,1,1007.0514,1011.7275,1012.1682,0.1803,0
198,0,1007.0514,1011.7275,1012.4198,0.0423,0
199,1,1012.3114,1017.1798,1017.5200,0.1242,0
199,0,1012.3114,1017.1798,1017.7810,0.1105,0
200,1,1018.6634,1023.2964,1023.6379,0.1207,0
200,0,1018.6634,1023.2964,1023.9356,0.0446,0
201,1,1023.7803,1029.1435,1029.4282,0.1077,0
201,0,1023.7803,1029.1435,1029.6117,0.0368,0
202,1,1029.4881,1034.3394,1034.6350,0.1125,0
202,0,1029.4881,1034.3394,1034.8377,0.0450,0
203,1,1034.7018,1039.3994,1039.7575,0.1740,0
203,0,1034.7018,1039.3994,1039.9533,0.0380,0
204,1,1039.8149,1044.4470,1044.7830,0.1207,0
204,0,1039.8149,1044.4470,1044.9950,0.0444,0
205,1,1044.8463,1049.5913,1049.9009,0.1186,0
205,0,1044.8463,1049.5913,1050.1307,0.0479,0
206,1,1049.9731,1054.8070,1055.1068,0.1166,0
206,0,1049.9731,1054.8070,1055.3000,0.0395,0
207,1,1055.1704,1060.6136,1060.9454,0.1209,0
207,0,1055.1704,1060.6136,1061.1959,0.0463,0
208,1,1061.0192,1065.9930,1066.2870,0.1155,0
208,0,1061.0192,1065.9930,1066.4854,0.0470,0
209,1,1066.3585,1071.1957,1071.4769,0.1024,0
209,0,1066.3585,1071.1957,1071.6726,0.0361,0
210,1,1071.5373,1076.3016,1076.6579,0.1243,0
210,0,1071.5373,1076.3016,1076.8701,0.0428,0
211,1,1076.7199,1081.5970,1082.0758,0.1496,0
211,0,1076.7199,1081.5970,1082.4207,0.0700,0
212,1,1082.1742,1087.1270,1087.4639,0.1272,0
212,0,1082.1742,1087.1270,1087.6866,0.0396,0
213,1,1087.5238,1092.6131,1092.9529,0.1243,0
213,0,1087.5238,1092.6131,1093.2893,0.1565,0
214,1,1093.1378,1097.8825,1098.2366,0.1242,0
214,0,1093.1378,1097.8825,1098.4679,0.0461,0
215,1,1098.3136,1102.7272,1103.0725,0.1634,0
215,0,1098.3136,1102.7272,1103.2717,0.0405,0
216,1,1103.1340,1107.3310,1107.6289,0.1148,0
216,0,1103.1340,1107.3310,1107.8199,0.0454,0
217,1,1107.6942,1112.1324,1112.4362,0.1231,0
217,0,1107.6942,1112.1324,1112.7621,0.0946,0
218,1,1112.5534,1117.0835,1117.3964,0.1157,0
218,0,1112.5534,1117.0835,1117.6315,0.0456,0
219,1,1117.4606,1121.7882,1122.1487,0.1725,0
219,0,1117.4606,1121.7882,1122.3458,0.0455,0
220,1,1122.2139,1127.1693,1127.5062,0.1519,0
220,0,1122.2139,1127.1693,1127.7077,0.0443,0
221,1,1127.5757,1132.1000,1132.4393,0.1228,0
221,0,1127.5757,1132.1000,1132.6772,0.0581,0
222,1,1132.5288,1137.0311,1137.3605,0.1173,0
222,0,1132.5288,1137.0311,1137.5546,0.0393,0
223,1,1137.4242,1141.9551,1142.2745,0.1348,0
223,0,1137.4242,1141.9551,1142.4712,0.0380,0
224,1,1142.3368,1146.5574,1146.8534,0.1139,0
224,0,1142.3368,1146.5574,1147.1951,0.0369,0
225,1,1146.9654,1151.4159,1151.7155,0.1162,0
225,0,1146.9654,1151.4159,1152.0379,0.0365,0
226,1,1151.8310,1156.2517,1156.5953,0.1151,0
226,0,1151.8310,1156.2517,1156.8971,0.0467,0
227,1,1156.7245,1161.2981,1161.8988,0.2781,0
227,0,1156.7245,1161.2981,1162.4724,0.0454,0
228,1,1161.9668,1166.3950,1166.8580,0.2819,0
228,0,1161.9668,1166.3950,1167.0466,0.0368,0
229,1,1166.9163,1171.1011,1171.4402,0.1232,0
229,0,1166.9163,1171.1011,1171.6552,0.0443,0
230,1,1171.5034,1175.8902,1176.2227,0.1199,0
230,0,1171.5034,1175.8902,1176.4459,0.0459,0
231,1,1176.2891,1180.7619,1181.0558,0.1140,0
231,0,1176.2891,1180.7619,1181.2616,0.0519,0
232,1,1181.1281,1185.1207,1185.4598,0.1305,0
232,0,1181.1281,1185.1207,1185.6695,0.0451,0
233,1,1185.5236,1189.7224,1190.0896,0.1565,0
233,0,1185.5236,1189.7224,1190.5058,0.0722,0
234,1,1190.1922,1195.0265,1195.4174,0.1192,0
234,0,1190.1922,1195.0265,1195.6669,0.0412,0
235,1,1195.4836,1199.7247,1200.1861,0.2508,0
235,0,1195.4836,1199.7247,1200.4164,0.0490,0
236,1,1200.2552,1204.4288,1204.7627,0.1221,0
236,0,1200.2552,1204.4288,1204.9907,0.0467,0
237,1,1204.8298,1209.0934,1209.4525,0.1212,0
237,0,1204.8298,1209.0934,1209.6805,0.0461,0
238,1,1209.5195,1213.5040,1213.9221,0.2101,0
238,0,1209.5195,1213.5040,1214.2683,0.1677,0
239,1,1214.1183,1218.2214,1218.5786,0.1261,0
239,0,1214.1183,1218.2214,1218.7942,0.0447,0
240,1,1218.6432,1222.9084,1223.2448,0.1155,0
240,0,1218.6432,1222.9084,1223.4341,0.0371,0
241,1,1223.3020,1228.1106,1228.4063,0.1162,0
241,0,1223.3020,1228.1106,1228.6035,0.0379,0
242,1,1228.4630,1232.7158,1233.0998,0.1652,0
242,0,1228.4630,1232.7158,1233.3189,0.0449,0
243,1,1233.1647,1237.3790,1237.7247,0.1260,0
243,0,1233.1647,1237.3790,1237.9472,0.0407,0
244,1,1237.7848,1242.1310,1242.4617,0.1235,0
244,0,1237.7848,1242.1310,1242.8123,0.1702,0
245,1,1242.7323,1247.2014,1247.5371,0.1211,0
245,0,1242.7323,1247.2014,1247.7537,0.0426,0
246,1,1247.6005,1251.5938,1251.9186,0.1168,0
246,0,1247.6005,1251.5938,1252.1398,0.0462,0
247,1,1251.9870,1256.3714,1256.7059,0.1106,0
247,0,1251.9870,1256.3714,1256.9449,0.0450,0
248,1,1256.7711,1261.1367,1261.4426,0.1154,0
248,0,1256.7711,1261.1367,1261.6477,0.0450,0
249,1,1261.5107,1265.6078,1265.9397,0.1206,0
249,0,1261.5107,1265.6078,1266.1603,0.0450,0
250,1,1266.0051,1270.3950,1270.6894,0.1093,0
250,0,1266.0051,1270.3950,1270.8757,0.0364,0
251,1,1270.7501,1275.1389,1275.4790,0.1239,0
251,0,1270.7501,1275.1389,1275.6945,0.0454,0
252,1,1275.5428,1279.7715,1280.0981,0.1193,0
252,0,1275.5428,1279.7715,1280.3118,0.0494,0
253,1,1280.1657,1284.4105,1284.7432,0.1207,0
253,0,1280.1657,1284.4105,1284.9420,0.0466,0
254,1,1284.8247,1289.1500,1289.4824,0.1624,0
254,0,1284.8247,1289.1500,1289.6742,0.0360,0
255,1,1289.5430,1294.0581,1294.3883,0.1184,0
255,0,1289.5430,1294.0581,1294.6056,0.0427,0
256,1,1294.4579,1299.0880,1299.3857,0.1180,0
256,0,1294.4579,1299.0880,1299.5814,0.0453,0
257,1,1299.4504,1303.7454,1304.0748,0.1173,0
257,0,1299.4504,1303.7454,1304.2956,0.0452,0
258,1,1304.1384,1308.4462,1308.7900,0.1259,0
258,0,1304.1384,1308.4462,1309.0039,0.0422,0
259,1,1308.8503,1313.1212,1313.4463,0.1194,0
259,0,1308.8503,1313.1212,1313.6698,0.0535,0
260,1,1313.5164,1317.8094,1318.1584,0.1265,0
260,0,1313.5164,1317.8094,1318.3800,0.0454,0
261,1,1318.2224,1322.4716,1322.8216,0.1230,0
261,0,1318.2224,1322.4716,1323.0351,0.0439,0
262,1,1322.8831,1327.3486,1327.6874,0.1217,0
262,0,1322.8831,1327.3486,1327.9035,0.0512,0
263,1,1327.7559,1332.1868,1332.4893,0.1172,0
263,0,1327.7559,1332.1868,1332.7026,0.0490,0
264,1,1332.5660,1336.8001,1337.1640,0.1154,0
264,0,1332.5660,1336.8001,1337.3682,0.0461,0
265,1,1337.2346,1341.6314,1341.9748,0.1243,0
265,0,1337.2346,1341.6314,1342.2011,0.0459,0
266,1,1342.0411,1346.3926,1346.6915,0.1125,0
266,0,1342.0411,1346.3926,1346.8905,0.0444,0
267,1,1346.7548,1350.9991,1351.3128,0.1285,0
267,0,1346.7548,1350.9991,1351.5108,0.0463,0
268,1,1351.3775,1355.6751,1355.9720,0.1139,0
268,0,1351.3775,1355.6751,1356.1650,0.0366,0
269,1,1356.0279,1360.7684,1361.1021,0.1207,0
269,0,1356.0279,1360.7684,1361.3233,0.0490,0
270,1,1361.1699,1365.7217,1366.0994,0.1596,0
270,0,1361.1699,1365.7217,1366.3240,0.0447,0
271,1,1366.1695,1370.4850,1370.7763,0.1155,0
271,0,1366.1695,1370.4850,1370.9750,0.0358,0
272,1,1370.8387,1375.1569,1375.4915,0.1221,0
272,0,1370.8387,1375.1569,1375.7279,0.0438,0
273,1,1375.5769,1379.7532,1380.0950,0.1178,0
273,0,1375.5769,1379.7532,1380.3223,0.0433,0
274,1,1380.1618,1384.4080,1384.7339,0.1018,0
274,0,1380.1618,1384.4080,1384.9496,0.0481,0
275,1,1384.8000,1389.0635,1389.3970,0.1234,0
275,0,1384.8000,1389.0635,1389.6105,0.0459,0
276,1,1389.4599,1394.1205,1394.4553,0.1218,0
276,0,1389.4599,1394.1205,1394.6790,0.0421,0
277,1,1394.5232,1399.0165,1399.3110,0.1167,0
277,0,1394.5232,1399.0165,1399.5038,0.0422,0
278,1,1399.3720,1403.6534,1403.9839,0.1301,0
278,0,1399.3720,1403.6534,1404.1661,0.0353,0
279,1,1404.0373,1408.3216,1408.6567,0.1259,0
279,0,1404.0373,1408.3216,1408.8985,0.0661,0
280,1,1408.7414,1412.8984,1413.2208,0.1181,0
280,0,1408.7414,1412.8984,1413.4352,0.0490,0
281,1,1413.2880,1417.6132,1417.9441,0.1151,0
281,0,1413.2880,1417.6132,1418.1587,0.0476,0
282,1,1418.0106,1422.3055,1422.6326,0.1247,0
282,0,1418.0106,1422.3055,1422.8221,0.0451,0
283,1,1422.6945,1427.3041,1427.6333,0.1217,0
283,0,1422.6945,1427.3041,1427.9057,0.0446,0
284,1,1427.6995,1432.2417,1432.5373,0.1132,0
284,0,1427.6995,1432.2417,1432.7011,0.0377,0
285,1,1432.6151,1436.9231,1437.2204,0.1133,0
285,0,1432.6151,1436.9231,1437.4100,0.0364,0
286,1,1437.2857,1441.7202,1442.0745,0.1222,0
286,0,1437.2857,1441.7202,1442.2990,0.0468,0
287,1,1442.1405,1446.4537,1446.7800,0.1193,0
287,0,1442.1405,1446.4537,1447.0021,0.0526,0
288,1,1446.8496,1451.0829,1451.4341,0.1223,0
288,0,1446.8496,1451.0829,1451.6454,0.0450,0
289,1,1451.4960,1455.7831,1456.1059,0.1215,0
289,0,1451.4960,1455.7831,1456.3224,0.0479,0
290,1,1456.2288,1460.7785,1461.1056,0.1207,0
290,0,1456.2288,1460.7785,1461.3233,0.0482,0
291,1,1461.1711,1465.5296,1465.8754,0.1245,0
291,0,1461.1711,1465.5296,1466.0950,0.0446,0
292,1,1465.9437,1470.2892,1470.6724,0.1805,0
292,0,1465.9437,1470.2892,1470.8678,0.0376,0
293,1,1470.7318,1475.0682,1475.4273,0.1808,0
293,0,1470.7318,1475.0682,1475.6446,0.0460,0
294,1,1475.4915,1479.8069,1480.1604,0.1186,0
294,0,1475.4915,1479.8069,1480.3749,0.0467,0
295,1,1480.2248,1484.4826,1484.8137,0.1210,0
295,0,1480.2248,1484.4826,1485.0251,0.0453,0
296,1,1484.8762,1489.0996,1489.4138,0.1001,0
296,0,1484.8762,1489.0996,1489.6290,0.0468,0
297,1,1489.4784,1494.2945,1494.6539,0.1208,0
297,0,1489.4784,1494.2945,1494.8952,0.0462,0
298,1,1494.7181,1499.0765,1499.4077,0.1216,0
298,0,1494.7181,1499.0765,1499.6517,0.0444,0
299,1,1499.4688,1503.6625,1504.0808,0.1606,0
299,0,1499.4688,1503.6625,1504.3637,0.0574,0
300,1,1504.1645,1508.5448,1508.8861,0.1583,0
300,0,1504.1645,1508.5448,1509.0884,0.0450,0
301,1,1508.9532,1513.0716,1513.3606,0.1138,0
301,0,1508.9532,1513.0716,1513.5602,0.0376,0
302,1,1513.4157,1517.6043,1517.9557,0.1167,0
302,0,1513.4157,1517.6043,1518.1504,0.0448,0
303,1,1518.9560,1523.1555,1523.4928,0.1185,0
303,0,1518.9560,1523.1555,1523.9841,0.0439,0
304,1,1523.6613,1528.4148,1528.7502,0.1147,0
304,0,1523.6613,1528.4148,1529.0918,0.0375,0
305,1,1528.8290,1533.3595,1533.6598,0.1130,0
305,0,1528.8290,1533.3595,1533.8561,0.0365,0
306,1,1533.7218,1537.9129,1538.2151,0.1161,0
306,0,1533.7218,1537.9129,1538.4079,0.0373,0
307,1,1538.2745,1542.6063,1542.9181,0.1127,0
307,0,1538.2745,1542.6063,1543.1144,0.0465,0
308,1,1542.9826,1547.3988,1547.7324,0.1213,0
308,0,1542.9826,1547.3988,1547.9517,0.0481,0
309,1,1547.7978,1551.7892,1552.1266,0.1263,0
309,0,1547.7978,1551.7892,1552.3405,0.0461,0
310,1,1552.1908,1556.3970,1556.8103,0.1805,0
310,0,1552.1908,1556.3970,1557.0292,0.0443,0
311,1,1556.8762,1561.3850,1561.7258,0.1232,0
311,0,1556.8762,1561.3850,1561.9456,0.0488,0
312,1,1561.8203,1565.9848,1566.3329,0.1292,0
312,0,1561.8203,1565.9848,1566.5657,0.0447,0
313,1,1566.3967,1570.7258,1571.0610,0.1209,0
313,0,1566.3967,1570.7258,1571.2808,0.0451,0
314,1,1571.1254,1575.3459,1575.6758,0.1166,0
314,0,1571.1254,1575.3459,1575.8860,0.0419,0
315,1,1575.7363,1579.7656,1580.0909,0.1180,0
315,0,1575.7363,1579.7656,1580.3052,0.0456,0
316,1,1580.1539,1584.4470,1584.7839,0.1225,0
316,0,1580.1539,1584.4470,1584.9983,0.0458,0
317,1,1584.8480,1589.0948,1589.4092,0.1137,0
317,0,1584.8480,1589.0948,1589.6227,0.0474,0
318,1,1589.4739,1594.0269,1594.3687,0.1202,0
318,0,1589.4739,1594.0269,1594.5935,0.0480,0
319,1,1594.4390,1598.9653,1599.2944,0.1196,0
319,0,1594.4390,1598.9653,1599.5210,0.0453,0
320,1,1599.3580,1603.5920,1604.0925,0.1550,0
320,0,1599.3580,1603.5920,1604.3425,0.0495,0
321,1,1604.1635,1608.4868,1608.7876,0.1202,0
321,0,1604.1635,1608.4868,1608.9815,0.0467,0
322,1,1608.8525,1613.1270,1613.4565,0.1202,0
322,0,1608.8525,1613.1270,1613.6679,0.0448,0
323,1,1613.5188,1617.7223,1618.0572,0.1366,0
323,0,1613.5188,1617.7223,1618.3401,0.0463,0
324,1,1618.1256,1622.4860,1622.7867,0.1162,0
324,0,1618.1256,1622.4860,1622.9829,0.0382,0
325,1,1622.8473,1627.5474,1627.8793,0.1218,0
325,0,1622.8473,1627.5474,1628.2838,0.0436,0
326,1,1627.9472,1632.5472,1632.8417,0.1150,0
326,0,1627.9472,1632.5472,1633.1764,0.0477,0
327,1,1632.9545,1637.3578,1637.6886,0.1205,0
327,0,1632.9545,1637.3578,1638.0796,0.0438,0
328,1,1637.8053,1642.2266,1642.5269,0.1162,0
328,0,1637.8053,1642.2266,1642.8368,0.0363,0
329,1,1642.6385,1646.6794,1647.3646,0.4200,0
329,0,1642.6385,1646.6794,1647.8846,0.0451,0
330,1,1647.4306,1651.7226,1652.0664,0.1580,0
330,0,1647.4306,1651.7226,1652.2496,0.0380,0
331,1,1652.1242,1656.3245,1656.6433,0.1199,0
331,0,1652.1242,1656.3245,1656.8603,0.0411,0
332,1,1656.7036,1660.6898,1661.2547,0.3811,0
332,0,1656.7036,1660.6898,1661.4442,0.0383,0
333,1,1661.3128,1665.6233,1665.9668,0.1274,0
333,0,1661.3128,1665.6233,1666.1828,0.0497,0
334,1,1666.0344,1670.2460,1670.6481,0.1473,0
334,0,1666.0344,1670.2460,1670.8642,0.0463,0
335,1,1670.7182,1675.1076,1675.5855,0.1158,0
335,0,1670.7182,1675.1076,1675.8017,0.0439,0
336,1,1675.6705,1679.7814,1680.0722,0.1131,0
336,0,1675.6705,1679.7814,1680.2651,0.0372,0
337,1,1680.1312,1684.5288,1684.8786,0.1269,0
337,0,1680.1312,1684.5288,1685.0928,0.0437,0
338,1,1684.9425,1689.1631,1689.4846,0.1149,0
338,0,1684.9425,1689.1631,1689.7013,0.0503,0
339,1,1689.5523,1694.1156,1694.4560,0.1213,0
339,0,1689.5523,1694.1156,1694.6773,0.0395,0
340,1,1694.5164,1699.0284,1699.3707,0.1257,0
340,0,1694.5164,1699.0284,1699.5766,0.0418,0
341,1,1699.4296,1703.6470,1704.0253,0.1164,0
341,0,1699.4296,1703.6470,1704.2169,0.0366,0
342,1,1704.0848,1708.4678,1708.7652,0.1148,0
342,0,1704.0848,1708.4678,1708.9628,0.0458,0
343,1,1708.8293,1713.1816,1713.5073,0.1175,0
343,0,1708.8293,1713.1816,1713.7133,0.0436,0
344,1,1713.5679,1717.7859,1718.1582,0.1276,0
344,0,1713.5679,1717.7859,1718.4062,0.0495,0
345,1,1718.2255,1722.4685,1722.7947,0.1203,0
345,0,1718.2255,1722.4685,1723.1353,0.0437,0
346,1,1722.8594,1727.5503,1727.9008,0.1257,0
346,0,1722.8594,1727.5503,1728.1198,0.0422,0
347,1,1727.9666,1732.3853,1732.7155,0.1233,0
347,0,1727.9666,1732.3853,1732.9212,0.0447,0
348,1,1732.7772,1736.9890,1737.3571,0.1429,0
348,0,1732.7772,1736.9890,1737.5777,0.0441,0
349,1,1737.4204,1741.7311,1742.0261,0.1152,0
349,0,1737.4204,1741.7311,1742.2159,0.0361,0
350,1,1742.0858,1746.4669,1746.7935,0.1177,0
350,0,1742.0858,1746.4669,1747.0005,0.0452,0
351,1,1746.8557,1751.0731,1751.4266,0.1186,0
351,0,1746.8557,1751.0731,1751.6380,0.0398,0
352,1,1751.4859,1755.7658,1756.0587,0.1163,0
352,0,1751.4859,1755.7658,1756.2442,0.0365,0
353,1,1756.1129,1760.6721,1761.0433,0.1607,0
353,0,1756.1129,1760.6721,1761.2754,0.0550,0
354,1,1761.1215,1765.4761,1765.8135,0.1235,0
354,0,1761.1215,1765.4761,1766.0298,0.0450,0
355,1,1765.8763,1770.0867,1770.4320,0.1201,0
355,0,1765.8763,1770.0867,1770.6458,0.0397,0
356,1,1770.4899,1774.3328,1774.7396,0.1845,0
356,0,1770.4899,1774.3328,1774.9544,0.0412,0
357,1,1774.8007,1779.1835,1779.4720,0.1136,0
357,0,1774.8007,1779.1835,1779.6542,0.0376,0
358,1,1779.5277,1783.7209,1784.0479,0.1210,0
358,0,1779.5277,1783.7209,1784.3213,0.0452,0
359,1,1784.1102,1788.2939,1788.6605,0.1590,0
359,0,1784.1102,1788.2939,1788.8537,0.0410,0
360,1,1788.7205,1793.6212,1793.9306,0.1259,0
360,0,1788.7205,1793.6212,1794.1274,0.0453,0
361,1,1793.9975,1798.3547,1798.7158,0.1237,0
361,0,1793.9975,1798.3547,1798.9380,0.0447,0
362,1,1798.7777,1803.0323,1803.3889,0.1717,0
362,0,1798.7777,1803.0323,1803.5866,0.0413,0
363,1,1803.4498,1807.4092,1807.7096,0.1154,0
363,0,1803.4498,1807.4092,1807.9257,0.0459,0
364,1,1807.7772,1812.1254,1812.7364,0.3363,0
364,0,1807.7772,1812.1254,1813.0388,0.0633,0
365,1,1812.8191,1817.1154,1817.4466,0.1204,0
365,0,1812.8191,1817.1154,1817.6899,0.0448,0
366,1,1817.5096,1821.8150,1822.1990,0.1766,0
366,0,1817.5096,1821.8150,1822.3946,0.0451,0
367,1,1822.2629,1827.0502,1827.4032,0.1221,0
367,0,1822.2629,1827.0502,1827.6182,0.0453,0
368,1,1827.4703,1832.0004,1832.3398,0.1243,0
368,0,1827.4703,1832.0004,1832.5587,0.0519,0
369,1,1832.4088,1836.6478,1836.9728,0.1206,0
369,0,1832.4088,1836.6478,1837.2265,0.0396,0
370,1,1837.0305,1841.1540,1841.5386,0.1686,0
370,0,1837.0305,1841.1540,1841.7514,0.0448,0
371,1,1841.6044,1845.9882,1846.3261,0.1258,0
371,0,1841.6044,1845.9882,1846.5347,0.0446,0
372,1,1846.3880,1850.6123,1851.0036,0.1205,0
372,0,1846.3880,1850.6123,1851.2659,0.0402,0
373,1,1851.0682,1855.0437,1855.6188,0.3573,0
373,0,1851.0682,1855.0437,1855.8422,0.0442,0
374,1,1855.6832,1860.3464,1860.6717,0.1200,0
374,0,1855.6832,1860.3464,1860.8983,0.0504,0
375,1,1860.7438,1865.1140,1865.4599,0.1332,0
375,0,1860.7438,1865.1140,1865.8665,0.0444,0
376,1,1865.5221,1870.1729,1870.5563,0.1231,0
376,0,1865.5221,1870.1729,1870.7821,0.0483,0
377,1,1870.6244,1874.4715,1874.9660,0.3158,0
377,0,1870.6244,1874.4715,1875.1781,0.0545,0
378,1,1875.0450,1879.4646,1879.7926,0.1186,0
378,0,1875.0450,1879.4646,1880.0156,0.0548,0
379,1,1879.8647,1884.1200,1884.5182,0.1247,0
379,0,1879.8647,1884.1200,1884.7748,0.0481,0
380,1,1884.6097,1889.0094,1889.3920,0.1680,0
380,0,1884.6097,1889.0094,1889.6148,0.0447,0
381,1,1889.4748,1894.1407,1894.4713,0.1222,0
381,0,1889.4748,1894.1407,1894.7085,0.0425,0
382,1,1894.5380,1899.1925,1899.5007,0.1230,0
382,0,1894.5380,1899.1925,1899.6957,0.0443,0
383,1,1899.5647,1903.8430,1904.1441,0.1187,0
383,0,1899.5647,1903.8430,1904.3463,0.0377,0
384,1,1904.2132,1908.6545,1908.9488,0.1120,0
384,0,1904.2132,1908.6545,1909.1371,0.0373,0
385,1,1909.0078,1913.1552,1913.4889,0.1223,0
385,0,1909.0078,1913.1552,1913.6962,0.0436,0
386,1,1913.5510,1917.9176,1918.3015,0.1304,0
386,0,1913.5510,1917.9176,1918.5414,0.0494,0
387,1,1918.3690,1922.6257,1922.9263,0.1207,0
387,0,1918.3690,1922.6257,1923.2167,0.0371,0
388,1,1922.9812,1927.4988,1927.8736,0.1223,0
388,0,1922.9812,1927.4988,1928.0924,0.0454,0
389,1,1927.9448,1932.4719,1932.8280,0.1212,0
389,0,1927.9448,1932.4719,1933.0597,0.0537,0
390,1,1932.9039,1937.1264,1937.4211,0.1170,0
390,0,1932.9039,1937.1264,1937.6136,0.0380,0
391,1,1937.4818,1941.8841,1942.1879,0.1193,0
391,0,1937.4818,1941.8841,1942.3812,0.0428,0
392,1,1942.2504,1946.4995,1946.8391,0.1190,0
392,0,1942.2504,1946.4995,1947.0558,0.0439,0
393,1,1946.9016,1951.1361,1951.4773,0.1195,0
393,0,1946.9016,1951.1361,1951.6843,0.0438,0
394,1,1951.5386,1955.8319,1956.1648,0.1341,0
394,0,1951.5386,1955.8319,1956.3571,0.0371,0
395,1,1956.2250,1961.1039,1961.4402,0.1210,0
395,0,1956.2250,1961.1039,1961.6687,0.0471,0
396,1,1961.5088,1965.8850,1966.1837,0.1180,0
396,0,1961.5088,1965.8850,1966.3778,0.0355,0
397,1,1966.2417,1970.7061,1971.0344,0.1204,0
397,0,1966.2417,1970.7061,1971.2542,0.0435,0
398,1,1971.0972,1975.3425,1975.6748,0.1205,0
398,0,1971.0972,1975.3425,1976.0944,0.0649,0
399,1,1975.8055,1979.8759,1980.3486,0.2909,0
399,0,1975.8055,1979.8759,1980.5450,0.0462,0
400,1,1980.4140,1984.5917,1984.9356,0.1196,0
400,0,1980.4140,1984.5917,1985.1638,0.0421,0
401,1,1985.0022,1989.3672,1989.7027,0.1218,0
401,0,1985.0022,1989.3672,1990.0403,0.1609,0
402,1,1989.9057,1994.8003,1995.1498,0.1642,0
402,0,1989.9057,1994.8003,1995.4536,0.0392,0
403,1,1995.2123,1999.3397,1999.7090,0.1725,0
403,0,1995.2123,1999.3397,1999.8900,0.0372,0
404,1,1999.7637,2003.8632,2004.1765,0.1261,0
404,0,1999.7637,2003.8632,2004.3678,0.0371,0
405,1,2004.2356,2008.4857,2008.8277,0.1595,0
405,0,2004.2356,2008.4857,2009.0239,0.0445,0
406,1,2008.8915,2013.0725,2013.3969,0.1179,0
406,0,2008.8915,2013.0725,2013.6125,0.0461,0
407,1,2013.4602,2017.7104,2018.0344,0.1184,0
407,0,2013.4602,2017.7104,2018.2271,0.0440,0
408,1,2019.0353,2023.1446,2023.5143,0.1350,0
408,0,2019.0353,2023.1446,2023.7748,0.0420,0
409,1,2023.8258,2028.2316,2028.5408,0.1161,0
409,0,2023.8258,2028.2316,2028.7673,0.0455,0
410,1,2028.6122,2033.0073,2033.3646,0.1682,0
410,0,2028.6122,2033.0073,2033.5537,0.0372,0
411,1,2033.4186,2037.5297,2037.8559,0.1163,0
411,0,2033.4186,2037.5297,2038.0658,0.0479,0
412,1,2037.9209,2042.2849,2042.6505,0.1192,0
412,0,2037.9209,2042.2849,2042.8787,0.0415,0
413,1,2042.7197,2047.3253,2047.7173,0.1739,0
413,0,2042.7197,2047.3253,2047.9376,0.0475,0
414,1,2047.7835,2051.7730,2052.1105,0.1221,0
414,0,2047.7835,2051.7730,2052.3210,0.0450,0
415,1,2052.1730,2056.4211,2056.8080,0.1728,0
415,0,2052.1730,2056.4211,2057.0356,0.0447,0
416,1,2056.8727,2061.3260,2061.6510,0.1309,0
416,0,2056.8727,2061.3260,2061.8840,0.0437,0
417,1,2061.7218,2065.7632,2066.1001,0.1214,0
417,0,2061.7218,2065.7632,2066.3216,0.0455,0
418,1,2066.1672,2070.4720,2070.8132,0.1281,0
418,0,2066.1672,2070.4720,2071.0507,0.0556,0
419,1,2070.8932,2075.2548,2075.5924,0.1236,0
419,0,2070.8932,2075.2548,2075.8168,0.0501,0
420,1,2075.6633,2079.8758,2080.2034,0.1183,0
420,0,2075.6633,2079.8758,2080.4191,0.0454,0
421,1,2080.2663,2084.5251,2084.8623,0.1223,0
421,0,2080.2663,2084.5251,2085.0724,0.0455,0
422,1,2084.9254,2089.1517,2089.4784,0.1177,0
422,0,2084.9254,2089.1517,2089.6882,0.0401,0
423,1,2089.5362,2094.1445,2094.4737,0.1208,0
423,0,2089.5362,2094.1445,2094.7031,0.0425,0
424,1,2094.5395,2099.2153,2099.5441,0.1204,0
424,0,2094.5395,2099.2153,2099.7686,0.0455,0
425,1,2099.6134,2103.9622,2104.3322,0.1282,0
425,0,2099.6134,2103.9622,2104.5794,0.0459,0
426,1,2104.3972,2108.7588,2109.0796,0.1161,0
426,0,2104.3972,2108.7588,2109.3444,0.0442,0
427,1,2109.1605,2113.2857,2113.7473,0.2591,0
427,0,2109.1605,2113.2857,2113.9576,0.0396,0
428,1,2113.8059,2117.9482,2118.5386,0.2027,0
428,0,2113.8059,2117.9482,2118.8812,0.0766,0
429,1,2118.6352,2122.9351,2123.3058,0.1249,0
429,0,2118.6352,2122.9351,2123.5237,0.0468,0
430,1,2123.3718,2128.0386,2128.4225,0.1742,0
430,0,2123.3718,2128.0386,2128.6550,0.0445,0
431,1,2128.4886,2132.6144,2132.9994,0.1634,0
431,0,2128.4886,2132.6144,2133.2183,0.0464,0
432,1,2133.0646,2137.3778,2137.7144,0.1215,0
432,0,2133.0646,2137.3778,2138.1248,0.0463,0
433,1,2137.8323,2142.1747,2142.5198,0.1628,0
433,0,2137.8323,2142.1747,2142.8313,0.0373,0
434,1,2142.6317,2146.5493,2147.0353,0.3007,0
434,0,2142.6317,2146.5493,2147.3186,0.0448,0
435,1,2147.1525,2151.5227,2152.1920,0.1671,0
435,0,2147.1525,2151.5227,2152.4346,0.0449,0
436,1,2152.2597,2156.6448,2157.0247,0.1374,0
436,0,2152.2597,2156.6448,2157.2758,0.0437,0
437,1,2157.0979,2161.6365,2161.9616,0.1156,0
437,0,2157.0979,2161.6365,2162.2625,0.0434,0
438,1,2162.0257,2166.0326,2166.4915,0.2770,0
438,0,2162.0257,2166.0326,2166.6830,0.0375,0
439,1,2166.5513,2170.7965,2171.1310,0.1235,0
439,0,2166.5513,2170.7965,2171.3530,0.0435,0
440,1,2171.1939,2175.4475,2175.7765,0.1229,0
440,0,2171.1939,2175.4475,2175.9998,0.0404,0
441,1,2175.8408,2180.2113,2180.5358,0.1184,0
441,0,2175.8408,2180.2113,2180.7516,0.0450,0
442,1,2180.5996,2184.9015,2185.2435,0.1240,0
442,0,2180.5996,2184.9015,2185.4520,0.0441,0
443,1,2185.3057,2189.5690,2189.9921,0.1224,0
443,0,2185.3057,2189.5690,2190.2100,0.0425,0
444,1,2190.0570,2194.0086,2194.5992,0.3748,0
444,0,2190.0570,2194.0086,2194.8315,0.0484,0
445,1,2194.6638,2199.0851,2199.4160,0.1206,0
445,0,2194.6638,2199.0851,2199.6320,0.0441,0
446,1,2199.4779,2203.7510,2204.0583,0.1160,0
446,0,2199.4779,2203.7510,2204.2576,0.0444,0
447,1,2204.1263,2208.5713,2208.8755,0.1193,0
447,0,2204.1263,2208.5713,2209.0740,0.0466,0
448,1,2208.9443,2213.1169,2213.4472,0.1242,0
448,0,2208.9443,2213.1169,2213.6614,0.0452,0
449,1,2213.5106,2217.8337,2218.1700,0.1215,0
449,0,2213.5106,2217.8337,2218.4118,0.0508,0
450,1,2218.2475,2222.7040,2223.0071,0.1186,0
450,0,2218.2475,2222.7040,2223.2441,0.0369,0
451,1,2223.0664,2228.0769,2228.4362,0.1314,0
451,0,2223.0664,2228.0769,2228.6664,0.0427,0
452,1,2228.5058,2232.4841,2232.8196,0.1263,0
452,0,2228.5058,2232.4841,2233.0573,0.0459,0
453,1,2232.8846,2237.1673,2237.4919,0.1180,0
453,0,2232.8846,2237.1673,2237.7191,0.0503,0
454,1,2237.5611,2241.8429,2242.2275,0.1703,0
454,0,2237.5611,2241.8429,2242.4546,0.0491,0
455,1,2242.2953,2246.4843,2246.7793,0.1165,0
455,0,2242.2953,2246.4843,2246.9691,0.0441,0
456,1,2246.8415,2251.1115,2251.4120,0.1168,0
456,0,2246.8415,2251.1115,2251.6024,0.0447,0
457,1,2251.4767,2255.7916,2256.1052,0.1310,0
457,0,2251.4767,2255.7916,2256.2916,0.0441,0
458,1,2256.1661,2260.6975,2260.9990,0.1165,0
458,0,2256.1661,2260.6975,2261.1952,0.0443,0
459,1,2261.0656,2265.4966,2265.8305,0.1265,0
459,0,2261.0656,2265.4966,2266.0617,0.0462,0
460,1,2265.9037,2270.4421,2270.7827,0.1237,0
460,0,2265.9037,2270.4421,2271.0280,0.0590,0
461,1,2270.8603,2275.2327,2275.5278,0.1143,0
461,0,2270.8603,2275.2327,2275.7294,0.0372,0
462,1,2275.5871,2279.7700,2280.0574,0.1130,0
462,0,2275.5871,2279.7700,2280.2440,0.0357,0
463,1,2280.1098,2284.3233,2284.6664,0.1553,0
463,0,2280.1098,2284.3233,2284.8624,0.0389,0
464,1,2284.7289,2289.1685,2289.4575,0.1129,0
464,0,2284.7289,2289.1685,2289.6462,0.0378,0
465,1,2289.5170,2294.2831,2294.6167,0.1199,0
465,0,2289.5170,2294.2831,2294.8466,0.0450,0
466,1,2294.6874,2299.2332,2299.5268,0.1148,0
466,0,2294.6874,2299.2332,2299.7135,0.0367,0
467,1,2299.5853,2303.9786,2304.3164,0.1219,0
467,0,2299.5853,2303.9786,2304.5546,0.0543,0
468,1,2304.3964,2308.8029,2309.1378,0.1174,0
468,0,2304.3964,2308.8029,2309.4140,0.0451,0
469,1,2309.2009,2313.3637,2314.0205,0.4396,0
469,0,2309.2009,2313.3637,2314.2544,0.0492,0
470,1,2314.0955,2318.2486,2318.6256,0.1273,0
470,0,2314.0955,2318.2486,2318.8491,0.0454,0
471,1,2318.6898,2323.0020,2323.3245,0.1139,0
471,0,2318.6898,2323.0020,2323.5160,0.0413,0
472,1,2323.4057,2328.1135,2328.4511,0.1272,0
472,0,2323.4057,2328.1135,2328.6777,0.0436,0
473,1,2328.5153,2332.8451,2333.2374,0.1770,0
473,0,2328.5153,2332.8451,2333.4583,0.0447,0
474,1,2333.3010,2337.6216,2338.0017,0.1314,0
474,0,2333.3010,2337.6216,2338.1979,0.0441,0
475,1,2338.0909,2342.5690,2342.8956,0.1551,0
475,0,2338.0909,2342.5690,2343.0904,0.0366,0
476,1,2342.9555,2347.3914,2347.7710,0.1613,0
476,0,2342.9555,2347.3914,2347.9893,0.0437,0
477,1,2347.8364,2351.9170,2352.2527,0.1244,0
477,0,2347.8364,2351.9170,2352.4645,0.0455,0
478,1,2352.3151,2356.7227,2357.1471,0.1274,0
478,0,2352.3151,2356.7227,2357.5475,0.1608,0
479,1,2357.3407,2362.0148,2362.4319,0.1470,0
479,0,2357.3407,2362.0148,2362.8205,0.2041,0
480,1,2362.6559,2366.9396,2367.2703,0.1254,0
480,0,2362.6559,2366.9396,2367.4819,0.0435,0
481,1,2367.3317,2371.3791,2371.6737,0.1169,0
481,0,2367.3317,2371.3791,2371.8624,0.0360,0
482,1,2371.7386,2376.1514,2376.4966,0.1647,0
482,0,2371.7386,2376.1514,2376.7108,0.0379,0
483,1,2376.5633,2381.4183,2381.7565,0.1127,0
483,0,2376.5633,2381.4183,2381.9864,0.0440,0
484,1,2381.8238,2386.3746,2386.7556,0.1660,0
484,0,2381.8238,2386.3746,2386.9699,0.0442,0
485,1,2386.8184,2391.1489,2391.6473,0.2872,0
485,0,2386.8184,2391.1489,2391.8759,0.0428,0
486,1,2391.7145,2396.5150,2396.8049,0.1156,0
486,0,2391.7145,2396.5150,2396.9927,0.0348,0
487,1,2396.8618,2401.3870,2401.6809,0.1129,0
487,0,2396.8618,2401.3870,2401.8702,0.0369,0
488,1,2401.7397,2406.3422,2406.6619,0.1144,0
488,0,2401.7397,2406.3422,2406.8889,0.0458,0
489,1,2406.7284,2411.0219,2411.3662,0.1607,0
489,0,2406.7284,2411.0219,2411.5627,0.0457,0
490,1,2411.4307,2416.0170,2416.3228,0.1201,0
490,0,2411.4307,2416.0170,2416.5161,0.0456,0
491,1,2416.3870,2420.8626,2421.1679,0.1161,0
491,0,2416.3870,2420.8626,2421.3626,0.0449,0
492,1,2421.2313,2426.1684,2426.4982,0.1205,0
492,0,2421.2313,2426.1684,2426.7247,0.0626,0
493,1,2426.5841,2431.2477,2431.5543,0.1182,0
493,0,2426.5841,2431.2477,2431.7953,0.0362,0
494,1,2431.6099,2436.0485,2436.3950,0.1621,0
494,0,2431.6099,2436.0485,2436.5880,0.0370,0
495,1,2436.4512,2440.7914,2441.1244,0.1207,0
495,0,2436.4512,2440.7914,2441.3452,0.0448,0
496,1,2441.1888,2445.8693,2446.1612,0.1120,0
496,0,2441.1888,2445.8693,2446.3642,0.0362,0
497,1,2446.2194,2450.8809,2451.2873,0.1599,0
497,0,2446.2194,2450.8809,2451.5105,0.0440,0
498,1,2451.3560,2456.0230,2456.3629,0.1218,0
498,0,2451.3560,2456.0230,2456.5887,0.0441,0
499,1,2456.4246,2461.5050,2461.9098,0.1840,0
499,0,2456.4246,2461.5050,2462.1788,0.0423,0
500,1,2462.0555,2466.3240,2466.7085,0.1683,0
500,0,2462.0555,2466.3240,2466.9341,0.0482,0
501,1,2466.7752,2471.1618,2471.4603,0.1153,0
501,0,2466.7752,2471.1618,2471.6496,0.0366,0
502,1,2471.5143,2476.1192,2476.4187,0.1170,0
502,0,2471.5143,2476.1192,2476.6176,0.0441,0
503,1,2476.4832,2481.1859,2481.5636,0.1184,0
503,0,2476.4832,2481.1859,2481.7785,0.0368,0
504,1,2481.6268,2485.8909,2486.3528,0.2766,0
504,0,2481.6268,2485.8909,2486.5504,0.0461,0
505,1,2486.4175,2490.8015,2491.2172,0.1787,0
505,0,2486.4175,2490.8015,2491.5713,0.1720,0
506,1,2491.4104,2496.1149,2496.4422,0.1177,0
506,0,2491.4104,2496.1149,2496.6620,0.0450,0
507,1,2496.5143,2501.0657,2501.4154,0.1356,0
507,0,2496.5143,2501.0657,2501.6366,0.0463,0
508,1,2501.4822,2506.0665,2506.3947,0.1208,0
508,0,2501.4822,2506.0665,2506.7023,0.0412,0
509,1,2506.4533,2510.8385,2511.3239,0.3019,0
509,0,2506.4533,2510.8385,2511.5171,0.0374,0
510,1,2511.3893,2515.9433,2516.2780,0.1199,0
510,0,2511.3893,2515.9433,2516.4902,0.0438,0
511,1,2516.3391,2520.8437,2521.1793,0.1198,0
511,0,2516.3391,2520.8437,2521.3719,0.0447,0
512,1,2522.1646,2527.2220,2527.5648,0.1251,0
512,0,2522.1646,2527.2220,2527.8603,0.0428,0
513,1,2527.7199,2532.5507,2532.9008,0.1304,0
513,0,2527.7199,2532.5507,2533.1188,0.0438,0
514,1,2532.9634,2537.5432,2537.8896,0.1204,0
514,0,2532.9634,2537.5432,2538.1474,0.0451,0
515,1,2537.9524,2542.5571,2542.9444,0.1597,0
515,0,2537.9524,2542.5571,2543.1440,0.0473,0
516,1,2543.0140,2547.8260,2548.2399,0.1752,0
516,0,2543.0140,2547.8260,2548.4545,0.0400,0
517,1,2548.2983,2552.7163,2553.0582,0.1629,0
517,0,2548.2983,2552.7163,2553.2511,0.0461,0
518,1,2553.1410,2557.4393,2557.8942,0.2291,0
518,0,2553.1410,2557.4393,2558.2326,0.1539,0
519,1,2558.0732,2563.0127,2563.3008,0.1129,0
519,0,2558.0732,2563.0127,2563.4894,0.0366,0
520,1,2563.3561,2567.9659,2568.2992,0.1205,0
520,0,2563.3561,2567.9659,2568.5086,0.0439,0
521,1,2568.3604,2572.9411,2573.2994,0.1184,0
521,0,2568.3604,2572.9411,2573.4864,0.0369,0
522,1,2573.3549,2577.7227,2578.1294,0.1589,0
522,0,2573.3549,2577.7227,2578.4032,0.0538,0
523,1,2578.2105,2582.8373,2583.1875,0.1158,0
523,0,2578.2105,2582.8373,2583.3863,0.0483,0
524,1,2583.2550,2587.8482,2588.1454,0.1143,0
524,0,2583.2550,2587.8482,2588.3383,0.0444,0
525,1,2588.2086,2593.2055,2593.5485,0.1589,0
525,0,2588.2086,2593.2055,2593.7449,0.0452,0
526,1,2593.6205,2598.2791,2598.5958,0.1163,0
526,0,2593.6205,2598.2791,2598.7906,0.0379,0
527,1,2598.6536,2603.1326,2603.4882,0.1754,0
527,0,2598.6536,2603.1326,2603.7818,0.0469,0
528,1,2603.5537,2608.3304,2608.6625,0.1217,0
528,0,2603.5537,2608.3304,2608.9035,0.0653,0
529,1,2608.7664,2613.3296,2613.6533,0.1170,0
529,0,2608.7664,2613.3296,2613.8605,0.0451,0
530,1,2613.7154,2618.2128,2618.5672,0.1234,0
530,0,2613.7154,2618.2128,2618.8036,0.0466,0
531,1,2618.6377,2623.2523,2623.5838,0.1191,0
531,0,2618.6377,2623.2523,2623.7899,0.0503,0
532,1,2623.6560,2628.3925,2628.7985,0.1448,0
532,0,2623.6560,2628.3925,2629.0291,0.0402,0
533,1,2628.8622,2633.5202,2633.8308,0.1178,0
533,0,2628.8622,2633.5202,2634.1548,0.0397,0
534,1,2633.9363,2638.1149,2638.4561,0.1303,0
534,0,2633.9363,2638.1149,2638.8176,0.0447,0
535,1,2638.5749,2643.3143,2643.6140,0.1203,0
535,0,2638.5749,2643.3143,2643.9067,0.0367,0
536,1,2643.7327,2648.4417,2648.9461,0.1478,0
536,0,2643.7327,2648.4417,2649.2069,0.0436,0
537,1,2649.0106,2653.5368,2653.9037,0.1566,0
537,0,2649.0106,2653.5368,2654.1286,0.0369,0
538,1,2653.9667,2658.7960,2659.1297,0.1347,0
538,0,2653.9667,2658.7960,2659.4920,0.0402,0
539,1,2659.1964,2663.8840,2664.1974,0.1307,0
539,0,2659.1964,2663.8840,2664.3775,0.0359,0
540,1,2664.2521,2668.6447,2668.9576,0.1174,0
540,0,2664.2521,2668.6447,2669.1513,0.0452,0
541,1,2669.0211,2673.4856,2673.8307,0.1241,0
541,0,2669.0211,2673.4856,2674.0497,0.0489,0
542,1,2673.8971,2678.3981,2678.7916,0.1188,0
542,0,2673.8971,2678.3981,2679.0597,0.0439,0
543,1,2678.8597,2683.2291,2683.6248,0.1580,0
543,0,2678.8597,2683.2291,2683.8438,0.0442,0
544,1,2683.6877,2687.9726,2688.3053,0.1225,0
544,0,2683.6877,2687.9726,2688.5135,0.0439,0
545,1,2688.3662,2693.2435,2693.5819,0.1564,0
545,0,2688.3662,2693.2435,2693.7880,0.0358,0
546,1,2693.6518,2698.3323,2698.6455,0.1188,0
546,0,2693.6518,2698.3323,2698.8403,0.0398,0
547,1,2698.7198,2703.1665,2703.5280,0.1805,0
547,0,2698.7198,2703.1665,2703.8081,0.0374,0
548,1,2703.5830,2707.6613,2707.9899,0.1220,0
548,0,2703.5830,2707.6613,2708.1987,0.0450,0
549,1,2708.0516,2712.6566,2712.9840,0.1202,0
549,0,2708.0516,2712.6566,2713.2028,0.0460,0
550,1,2713.0481,2717.6075,2717.9243,0.1263,0
550,0,2713.0481,2717.6075,2718.1157,0.0368,0
551,1,2717.9839,2722.5495,2722.8394,0.1134,0
551,0,2717.9839,2722.5495,2723.0247,0.0361,0
552,1,2722.8942,2727.6293,2727.9649,0.1214,0
552,0,2722.8942,2727.6293,2728.1879,0.0496,0
553,1,2728.0366,2732.6803,2733.0159,0.1205,0
553,0,2728.0366,2732.6803,2733.2352,0.0456,0
554,1,2733.0790,2737.4814,2737.8541,0.1313,0
554,0,2733.0790,2737.4814,2738.0714,0.0499,0
555,1,2737.9272,2742.4128,2742.7592,0.1130,0
555,0,2737.9272,2742.4128,2743.2246,0.1120,0
556,1,2742.8991,2747.6365,2748.0126,0.1657,0
556,0,2742.8991,2747.6365,2748.3445,0.0444,0
557,1,2748.0760,2752.4241,2752.9049,0.2800,0
557,0,2748.0760,2752.4241,2753.1056,0.0387,0
558,1,2752.9658,2757.3440,2757.7760,0.1208,0
558,0,2752.9658,2757.3440,2758.2344,0.2738,0
559,1,2758.0729,2762.7997,2763.1276,0.1171,0
559,0,2758.0729,2762.7997,2763.3562,0.0439,0
560,1,2763.1958,2767.5890,2767.9956,0.1414,0
560,0,2763.1958,2767.5890,2768.2593,0.0538,0
561,1,2768.0739,2772.6902,2772.9911,0.1225,0
561,0,2768.0739,2772.6902,2773.2492,0.0374,0
562,1,2773.0474,2777.1101,2777.4428,0.1182,0
562,0,2773.0474,2777.1101,2777.6588,0.0446,0
563,1,2777.5256,2782.0226,2782.3591,0.1204,0
563,0,2777.5256,2782.0226,2782.5948,0.0450,0
564,1,2782.4300,2787.0791,2787.4331,0.1065,0
564,0,2782.4300,2787.0791,2787.6533,0.0463,0
565,1,2787.4990,2792.1025,2792.4774,0.1640,0
565,0,2787.4990,2792.1025,2792.7216,0.0533,0
566,1,2792.5505,2797.2472,2797.5821,0.1198,0
566,0,2792.5505,2797.2472,2797.8032,0.0520,0
567,1,2797.6527,2801.9413,2802.3238,0.1276,0
567,0,2797.6527,2801.9413,2802.5541,0.0577,0
568,1,2802.4009,2806.8312,2807.1851,0.1349,0
568,0,2802.4009,2806.8312,2807.4059,0.0440,0
569,1,2807.2484,2811.6387,2811.9454,0.1184,0
569,0,2807.2484,2811.6387,2812.2716,0.0977,0
570,1,2812.0634,2816.2054,2816.7059,0.2791,0
570,0,2812.0634,2816.2054,2816.9244,0.0496,0
571,1,2816.7726,2821.0494,2821.3871,0.1226,0
571,0,2816.7726,2821.0494,2821.6655,0.0443,0
572,1,2821.4644,2826.4538,2826.8312,0.1577,0
572,0,2821.4644,2826.4538,2827.0530,0.0445,0
573,1,2826.8977,2831.5669,2831.9455,0.1310,0
573,0,2826.8977,2831.5669,2832.1743,0.0443,0
574,1,2832.0093,2836.5293,2836.8411,0.1227,0
574,0,2832.0093,2836.5293,2837.1665,0.0375,0
575,1,2836.8979,2840.9077,2841.2535,0.1243,0
575,0,2836.8979,2840.9077,2841.4726,0.0442,0
576,1,2841.3164,2846.0695,2846.4039,0.1184,0
576,0,2841.3164,2846.0695,2846.6128,0.0442,0
577,1,2846.4652,2850.8578,2851.2356,0.1147,0
577,0,2846.4652,2850.8578,2851.4507,0.0453,0
578,1,2851.3038,2855.8840,2856.1756,0.1142,0
578,0,2851.3038,2855.8840,2856.3575,0.0367,0
579,1,2856.2311,2860.9350,2861.2742,0.1218,0
579,0,2856.2311,2860.9350,2861.5032,0.0444,0
580,1,2861.3401,2865.8858,2866.2138,0.1207,0
580,0,2861.3401,2865.8858,2866.4343,0.0451,0
581,1,2866.2778,2870.6629,2870.9970,0.1197,0
581,0,2866.2778,2870.6629,2871.2233,0.0439,0
582,1,2871.0649,2875.5433,2875.9152,0.1594,0
582,0,2871.0649,2875.5433,2876.1940,0.1001,0
583,1,2876.0342,2880.0634,2880.5738,0.2965,0
583,0,2876.0342,2880.0634,2880.7953,0.0523,0
584,1,2880.6438,2884.9250,2885.2593,0.1247,0
584,0,2880.6438,2884.9250,2885.4779,0.0455,0
585,1,2885.3233,2889.8345,2890.1957,0.1216,0
585,0,2885.3233,2889.8345,2890.4101,0.0436,0
586,1,2890.2586,2895.0303,2895.3568,0.1172,0
586,0,2890.2586,2895.0303,2895.6840,0.1051,0
587,1,2895.4961,2899.9632,2900.3591,0.1794,0
587,0,2895.4961,2899.9632,2900.5536,0.0410,0
588,1,2900.4198,2904.5335,2904.8741,0.1269,0
588,0,2900.4198,2904.5335,2905.0840,0.0452,0
589,1,2904.9366,2909.3126,2909.6407,0.1211,0
589,0,2904.9366,2909.3126,2909.8585,0.0440,0
590,1,2909.7025,2914.2264,2914.5501,0.1167,0
590,0,2909.7025,2914.2264,2914.7820,0.0430,0
591,1,2914.6155,2918.8726,2919.1771,0.1183,0
591,0,2914.6155,2918.8726,2919.3692,0.0377,0
592,1,2919.2370,2923.7048,2924.1132,0.1844,0
592,0,2919.2370,2923.7048,2924.4431,0.1409,0
593,1,2924.2792,2928.7920,2929.3250,0.3173,0
593,0,2924.2792,2928.7920,2929.5469,0.0429,0
594,1,2929.3907,2933.9304,2934.2341,0.1242,0
594,0,2929.3907,2933.9304,2934.5045,0.1073,0
595,1,2934.3767,2938.5844,2939.0104,0.2107,0
595,0,2934.3767,2938.5844,2939.2317,0.0445,0
596,1,2939.0773,2943.2082,2943.5462,0.1223,0
596,0,2939.0773,2943.2082,2943.7646,0.0475,0
597,1,2943.6120,2948.0398,2948.4322,0.1828,0
597,0,2943.6120,2948.0398,2948.7088,0.0447,0
598,1,2948.4961,2953.0277,2953.3226,0.1149,0
598,0,2948.4961,2953.0277,2953.5049,0.0367,0
599,1,2953.3771,2957.6679,2958.0052,0.1362,0
599,0,2953.3771,2957.6679,2958.3696,0.1525,0
600,1,2958.1827,2963.0312,2963.3173,0.1159,0
600,0,2958.1827,2963.0312,2963.5004,0.0365,0
601,1,2963.3724,2967.7430,2968.0795,0.1290,0
601,0,2963.3724,2967.7430,2968.3076,0.0482,0
602,1,2968.1474,2972.5839,2972.9656,0.1625,0
602,0,2968.1474,2972.5839,2973.2467,0.0460,0
603,1,2973.0288,2977.0925,2977.4249,0.1216,0
603,0,2973.0288,2977.0925,2977.6390,0.0441,0
604,1,2977.4867,2981.9726,2982.3144,0.1228,0
604,0,2977.4867,2981.9726,2982.5274,0.0451,0
605,1,2982.3781,2986.7629,2987.1450,0.1212,0
605,0,2982.3781,2986.7629,2987.4012,0.0407,0
606,1,2987.2093,2991.7684,2992.1238,0.1515,0
606,0,2987.2093,2991.7684,2992.3228,0.0395,0
607,1,2992.1864,2996.5971,2996.8911,0.1135,0
607,0,2992.1864,2996.5971,2997.0940,0.0391,0
608,1,2996.9569,3001.3330,3001.6716,0.1220,0
608,0,2996.9569,3001.3330,3001.8931,0.0458,0
609,1,3001.7598,3006.1310,3006.4615,0.1211,0
609,0,3001.7598,3006.1310,3006.7425,0.1078,0
610,1,3006.6058,3010.9018,3011.2974,0.1731,0
610,0,3006.6058,3010.9018,3011.5148,0.0432,0
611,1,3011.3598,3015.8553,3016.2033,0.1325,0
611,0,3011.3598,3015.8553,3016.4239,0.0507,0
612,1,3016.2720,3020.6443,3020.9792,0.1215,0
612,0,3016.2720,3020.6443,3021.1988,0.0442,0
613,1,3021.0438,3025.7979,3026.1685,0.1193,0
613,0,3021.0438,3025.7979,3026.3884,0.0485,0
614,1,3027.1822,3031.7188,3032.0978,0.1236,0
614,0,3027.1822,3031.7188,3032.4313,0.0472,0
615,1,3032.2055,3036.7554,3037.0467,0.1134,0
615,0,3032.2055,3036.7554,3037.3100,0.0905,0
616,1,3037.1641,3041.4988,3041.8827,0.1615,0
616,0,3037.1641,3041.4988,3042.1289,0.0441,0
617,1,3041.9470,3046.4463,3046.7599,0.1142,0
617,0,3041.9470,3046.4463,3046.9677,0.0466,0
618,1,3046.8272,3051.1849,3051.4856,0.1152,0
618,0,3046.8272,3051.1849,3051.6861,0.0426,0
619,1,3051.5477,3055.9291,3056.2277,0.1163,0
619,0,3051.5477,3055.9291,3056.4190,0.0421,0
620,1,3056.2870,3060.9482,3061.2509,0.1168,0
620,0,3056.2870,3060.9482,3061.4528,0.0458,0
621,1,3061.3149,3065.8817,3066.2195,0.1217,0
621,0,3061.3149,3065.8817,3066.4273,0.0447,0
622,1,3066.2816,3070.6517,3070.9898,0.1220,0
622,0,3066.2816,3070.6517,3071.2159,0.0439,0
623,1,3071.0561,3075.4367,3075.7770,0.1217,0
623,0,3071.0561,3075.4367,3076.0342,0.0579,0
624,1,3075.8524,3080.5174,3080.8455,0.1176,0
624,0,3075.8524,3080.5174,3081.0646,0.0410,0
625,1,3080.9106,3085.1106,3085.4497,0.1281,0
625,0,3080.9106,3085.1106,3085.6812,0.0491,0
626,1,3085.5177,3089.8882,3090.2195,0.1175,0
626,0,3085.5177,3089.8882,3090.4305,0.0473,0
627,1,3090.3077,3094.8469,3095.1995,0.1712,0
627,0,3090.3077,3094.8469,3095.3905,0.0364,0
628,1,3095.2546,3099.2504,3099.5791,0.1232,0
628,0,3095.2546,3099.2504,3099.7864,0.0446,0
629,1,3099.6408,3103.9807,3104.2724,0.1067,0
629,0,3099.6408,3103.9807,3104.4694,0.0398,0
630,1,3104.3382,3108.8328,3109.1307,0.1137,0
630,0,3104.3382,3108.8328,3109.3493,0.0472,0
631,1,3109.1965,3113.3670,3113.8710,0.2869,0
631,0,3109.1965,3113.3670,3114.0821,0.0446,0
632,1,3113.9350,3118.1847,3118.5199,0.1215,0
632,0,3113.9350,3118.1847,3118.7354,0.0508,0
633,1,3118.5883,3122.9505,3123.3293,0.1219,0
633,0,3118.5883,3122.9505,3123.5560,0.0493,0
634,1,3123.4035,3128.0838,3128.3900,0.1194,0
634,0,3123.4035,3128.0838,3128.5959,0.0379,0
635,1,3128.4528,3132.5277,3132.8565,0.1184,0
635,0,3128.4528,3132.5277,3133.0732,0.0446,0
636,1,3132.9187,3137.2495,3137.5939,0.1219,0
636,0,3132.9187,3137.2495,3137.8249,0.0478,0
637,1,3137.6653,3142.1460,3142.4981,0.1388,0
637,0,3137.6653,3142.1460,3142.9011,0.0439,0
638,1,3142.6096,3146.7427,3147.2272,0.3002,0
638,0,3142.6096,3146.7427,3147.6303,0.0400,0
639,1,3147.3480,3151.7742,3152.1377,0.1160,0
639,0,3147.3480,3151.7742,3152.4058,0.0509,0
640,1,3152.2508,3156.7979,3157.4297,0.1556,0
640,0,3152.2508,3156.7979,3157.7725,0.1271,0
641,1,3157.5841,3162.6360,3163.0721,0.2500,0
641,0,3157.5841,3162.6360,3163.2600,0.0374,0
642,1,3163.1291,3167.4986,3167.8174,0.1131,0
642,0,3163.1291,3167.4986,3168.0614,0.0544,0
643,1,3167.8973,3172.4683,3172.8129,0.1532,0
643,0,3167.8973,3172.4683,3173.0004,0.0381,0
644,1,3172.8698,3176.8986,3177.2316,0.1212,0
644,0,3172.8698,3176.8986,3177.4414,0.0444,0
645,1,3177.2932,3181.7811,3182.1415,0.1203,0
645,0,3177.2932,3181.7811,3182.3536,0.0461,0
646,1,3182.2102,3186.6916,3187.0224,0.1209,0
646,0,3182.2102,3186.6916,3187.3085,0.1111,0
647,1,3187.1695,3191.4557,3192.1303,0.4805,0
647,0,3187.1695,3191.4557,3192.3579,0.0375,0
648,1,3192.1867,3196.6845,3197.0109,0.1215,0
648,0,3192.1867,3196.6845,3197.2264,0.0447,0
649,1,3197.0795,3201.6447,3201.9390,0.1156,0
649,0,3197.0795,3201.6447,3202.1262,0.0368,0
650,1,3201.9988,3206.4414,3206.7610,0.1103,0
650,0,3201.9988,3206.4414,3206.9828,0.0449,0
651,1,3206.8265,3211.2454,3211.5457,0.1214,0
651,0,3206.8265,3211.2454,3211.7607,0.0480,0
652,1,3211.6106,3215.8053,3216.1383,0.1243,0
652,0,3211.6106,3215.8053,3216.3532,0.0447,0
653,1,3216.2017,3220.6437,3220.9785,0.1223,0
653,0,3216.2017,3220.6437,3221.2078,0.0434,0
654,1,3221.0645,3225.7981,3226.2099,0.1199,0
654,0,3221.0645,3225.7981,3226.4501,0.0476,0
655,1,3226.2811,3230.9082,3231.2631,0.1779,0
655,0,3226.2811,3230.9082,3231.4493,0.0357,0
656,1,3231.3248,3235.3706,3235.7146,0.1222,0
656,0,3231.3248,3235.3706,3235.9380,0.0454,0
657,1,3235.7780,3240.1427,3240.4804,0.1217,0
657,0,3235.7780,3240.1427,3240.6891,0.0451,0
658,1,3240.5425,3244.9540,3245.2792,0.1197,0
658,0,3240.5425,3244.9540,3245.5017,0.0467,0
659,1,3245.3426,3249.9712,3250.2853,0.1178,0
659,0,3245.3426,3249.9712,3250.4998,0.0535,0
660,1,3250.3617,3254.4738,3254.7720,0.1186,0
660,0,3250.3617,3254.4738,3254.9569,0.0363,0
661,1,3254.8304,3259.8732,3260.1840,0.1174,0
661,0,3254.8304,3259.8732,3260.3856,0.0483,0
662,1,3260.2584,3264.8370,3265.1527,0.1338,0
662,0,3260.2584,3264.8370,3265.3424,0.0465,0
663,1,3265.2191,3269.6445,3269.9484,0.1185,0
663,0,3265.2191,3269.6445,3270.1562,0.0458,0
664,1,3270.0113,3274.1146,3274.4169,0.1216,0
664,0,3270.0113,3274.1146,3274.6017,0.0381,0
665,1,3274.4720,3278.7703,3279.3032,0.3312,0
665,0,3274.4720,3278.7703,3279.4943,0.0383,0
666,1,3279.3642,3283.8207,3284.1909,0.1265,0
666,0,3279.3642,3283.8207,3284.5630,0.1662,0
667,1,3284.3987,3288.5855,3288.9631,0.1612,0
667,0,3284.3987,3288.5855,3289.1910,0.0486,0
668,1,3289.0323,3293.9978,3294.3240,0.1210,0
668,0,3289.0323,3293.9978,3294.5419,0.0419,0
669,1,3294.3923,3299.0415,3299.3352,0.1160,0
669,0,3294.3923,3299.0415,3299.5309,0.0360,0
670,1,3299.3932,3303.7992,3304.0998,0.1180,0
670,0,3299.3932,3303.7992,3304.2906,0.0378,0
671,1,3304.1567,3308.5617,3308.8987,0.1184,0
671,0,3304.1567,3308.5617,3309.1134,0.0422,0
672,1,3308.9639,3313.2033,3313.4955,0.1147,0
672,0,3308.9639,3313.2033,3313.6956,0.0468,0
673,1,3313.5608,3317.9935,3318.3758,0.1254,0
673,0,3313.5608,3317.9935,3318.5813,0.0459,0
674,1,3318.4453,3322.8084,3323.1086,0.1210,0
674,0,3318.4453,3322.8084,3323.3462,0.0378,0
675,1,3323.1641,3327.5566,3328.0304,0.2837,0
675,0,3323.1641,3327.5566,3328.2305,0.0452,0
676,1,3328.0972,3332.4555,3332.8077,0.1219,0
676,0,3328.0972,3332.4555,3333.0245,0.0461,0
677,1,3332.8725,3337.2030,3337.5364,0.1196,0
677,0,3332.8725,3337.2030,3337.7549,0.0444,0
678,1,3337.6000,3341.9561,3342.3119,0.1739,0
678,0,3337.6000,3341.9561,3342.5041,0.0383,0
679,1,3342.3678,3346.6511,3346.9762,0.1178,0
679,0,3342.3678,3346.6511,3347.1854,0.0457,0
680,1,3347.0390,3351.3750,3351.7112,0.1227,0
680,0,3347.0390,3351.3750,3351.9523,0.0422,0
681,1,3351.7778,3356.2544,3356.5739,0.1149,0
681,0,3351.7778,3356.2544,3356.7970,0.0369,0
682,1,3356.6296,3361.1893,3361.5310,0.1627,0
682,0,3356.6296,3361.1893,3361.7337,0.0448,0
683,1,3361.5957,3365.8741,3366.1722,0.1170,0
683,0,3361.5957,3365.8741,3366.3633,0.0381,0
684,1,3366.2288,3370.5434,3370.8676,0.1167,0
684,0,3366.2288,3370.5434,3371.1024,0.0443,0
685,1,3370.9354,3375.3557,3375.7213,0.1645,0
685,0,3370.9354,3375.3557,3375.9394,0.0443,0
686,1,3375.7851,3379.9370,3380.2354,0.1162,0
686,0,3375.7851,3379.9370,3380.4337,0.0437,0
687,1,3380.2973,3384.6229,3384.9556,0.1229,0
687,0,3380.2973,3384.6229,3385.1619,0.0437,0
688,1,3385.0164,3389.3473,3389.6765,0.1208,0
688,0,3385.0164,3389.3473,3389.9260,0.0453,0
689,1,3389.7384,3394.8824,3395.1922,0.1153,0
689,0,3389.7384,3394.8824,3395.3697,0.0359,0
690,1,3395.2462,3399.1812,3399.5127,0.1217,0
690,0,3395.2462,3399.1812,3399.7198,0.0432,0
691,1,3399.5724,3403.8899,3404.2225,0.1228,0
691,0,3399.5724,3403.8899,3404.4482,0.0433,0
692,1,3404.2922,3408.7278,3409.0619,0.1573,0
692,0,3404.2922,3408.7278,3409.2485,0.0371,0
693,1,3409.1210,3413.3977,3413.6925,0.1164,0
693,0,3409.1210,3413.3977,3413.8825,0.0467,0
694,1,3413.7562,3418.1005,3418.4424,0.1307,0
694,0,3413.7562,3418.1005,3418.6816,0.0440,0
695,1,3418.5033,3422.8638,3423.2494,0.1351,0
695,0,3418.5033,3422.8638,3423.4455,0.0388,0
696,1,3423.3061,3427.6069,3427.9847,0.1957,0
696,0,3423.3061,3427.6069,3428.1698,0.0370,0
697,1,3428.0394,3432.5790,3432.9268,0.1226,0
697,0,3428.0394,3432.5790,3433.1402,0.0442,0
698,1,3432.9891,3437.3490,3437.7036,0.1195,0
698,0,3432.9891,3437.3490,3437.9517,0.0430,0
699,1,3437.7699,3442.2522,3442.5768,0.1201,0
699,0,3437.7699,3442.2522,3442.8909,0.1150,0
700,1,3442.7709,3447.1605,3447.5309,0.1631,0
700,0,3442.7709,3447.1605,3447.7316,0.0431,0
701,1,3447.5926,3451.6938,3452.0356,0.1257,0
701,0,3447.5926,3451.6938,3452.2498,0.0501,0
702,1,3452.1027,3456.5485,3456.9012,0.1225,0
702,0,3452.1027,3456.5485,3457.1774,0.0435,0
703,1,3456.9641,3461.4889,3461.7895,0.1217,0
703,0,3456.9641,3461.4889,3462.1940,0.0392,0
704,1,3461.9168,3466.2070,3466.5371,0.1210,0
704,0,3461.9168,3466.2070,3466.7566,0.0449,0
705,1,3466.6010,3471.0091,3471.4593,0.1443,0
705,0,3466.6010,3471.0091,3471.8125,0.0688,0
706,1,3471.5486,3475.9957,3476.3455,0.1178,0
706,0,3471.5486,3475.9957,3476.5667,0.0455,0
707,1,3476.4113,3480.8898,3481.2460,0.1742,0
707,0,3476.4113,3480.8898,3481.4302,0.0372,0
708,1,3481.3009,3485.2914,3485.6319,0.1269,0
708,0,3481.3009,3485.2914,3485.8613,0.0449,0
709,1,3485.6951,3490.0532,3490.3677,0.1155,0
709,0,3485.6951,3490.0532,3490.5466,0.0377,0
710,1,3490.4336,3494.9745,3495.2881,0.1277,0
710,0,3490.4336,3494.9745,3495.5578,0.0364,0
711,1,3495.3477,3499.7551,3500.1360,0.1778,0
711,0,3495.3477,3499.7551,3500.3301,0.0390,0
712,1,3500.1973,3504.5827,3504.9313,0.1275,0
712,0,3500.1973,3504.5827,3505.1389,0.0400,0
713,1,3504.9900,3509.2837,3509.6275,0.1622,0
713,0,3504.9900,3509.2837,3509.8157,0.0357,0
714,1,3509.6857,3514.3279,3514.6199,0.1125,0
714,0,3509.6857,3514.3279,3514.8442,0.0378,0
715,1,3514.6779,3518.7619,3519.1053,0.1212,0
715,0,3514.6779,3518.7619,3519.3218,0.0449,0
716,1,3519.1688,3523.6310,3523.9789,0.1221,0
716,0,3519.1688,3523.6310,3524.2355,0.0429,0
717,1,3524.0455,3528.5499,3528.9849,0.1249,0
717,0,3524.0455,3528.5499,3529.3239,0.1783,0
718,1,3530.1205,3534.2799,3534.6757,0.1254,0
718,0,3530.1205,3534.2799,3535.1128,0.0430,0
719,1,3534.8325,3539.2020,3539.5454,0.1557,0
719,0,3534.8325,3539.2020,3539.7448,0.0460,0
720,1,3539.6093,3543.6519,3543.9497,0.1149,0
720,0,3539.6093,3543.6519,3544.1499,0.0470,0
721,1,3544.0137,3548.4769,3548.7865,0.1251,0
721,0,3544.0137,3548.4769,3548.9793,0.0430,0
722,1,3548.8466,3553.1719,3553.5331,0.1624,0
722,0,3548.8466,3553.1719,3553.7234,0.0460,0
723,1,3553.5962,3557.7313,3558.0598,0.1278,0
723,0,3553.5962,3557.7313,3558.3761,0.1495,0
724,1,3558.2301,3562.7919,3563.0815,0.1152,0
724,0,3558.2301,3562.7919,3563.2693,0.0376,0
725,1,3563.1378,3567.5544,3567.9092,0.1187,0
725,0,3563.1378,3567.5544,3568.1396,0.0461,0
726,1,3567.9738,3572.1392,3572.5122,0.1494,0
726,0,3567.9738,3572.1392,3572.7266,0.0438,0
727,1,3572.5734,3576.6489,3576.9742,0.1166,0
727,0,3572.5734,3576.6489,3577.1816,0.0500,0
728,1,3577.0454,3581.5543,3581.9408,0.1174,0
728,0,3577.0454,3581.5543,3582.1686,0.0448,0
729,1,3582.0087,3586.3103,3586.6594,0.1588,0
729,0,3582.0087,3586.3103,3586.8891,0.0518,0
730,1,3586.7310,3590.8286,3591.3768,0.1940,0
730,0,3586.7310,3590.8286,3591.8841,0.2131,0
731,1,3591.6116,3596.4519,3596.8079,0.1213,0
731,0,3591.6116,3596.4519,3597.0357,0.0445,0
732,1,3596.8763,3601.2895,3601.6294,0.1220,0
732,0,3596.8763,3601.2895,3601.8193,0.0410,0
733,1,3601.6892,3606.0648,3606.3566,0.1167,0
733,0,3601.6892,3606.0648,3606.5953,0.0370,0
734,1,3606.4125,3610.7013,3611.0654,0.1643,0
734,0,3606.4125,3610.7013,3611.2961,0.0416,0
735,1,3611.1354,3615.4525,3615.7770,0.1193,0
735,0,3611.1354,3615.4525,3615.9893,0.0484,0
736,1,3615.8425,3620.2191,3620.5961,0.1192,0
736,0,3615.8425,3620.2191,3620.8137,0.0441,0
737,1,3620.6591,3625.2236,3625.5969,0.1563,0
737,0,3620.6591,3625.2236,3625.8362,0.0428,0
738,1,3625.6582,3630.2653,3630.5984,0.1210,0
738,0,3625.6582,3630.2653,3630.8287,0.0485,0
739,1,3630.6712,3635.1035,3635.4260,0.1165,0
739,0,3630.6712,3635.1035,3635.6418,0.0440,0
740,1,3635.4891,3639.9236,3640.2572,0.1263,0
740,0,3635.4891,3639.9236,3640.4712,0.0454,0
741,1,3640.3203,3644.7041,3645.0885,0.1598,0
741,0,3640.3203,3644.7041,3645.3121,0.0474,0
742,1,3645.1570,3649.2460,3649.5762,0.1203,0
742,0,3645.1570,3649.2460,3649.7843,0.0457,0
743,1,3649.6387,3654.0184,3654.3488,0.1209,0
743,0,3649.6387,3654.0184,3654.5536,0.0417,0
744,1,3654.4080,3659.2410,3659.6499,0.1964,0
744,0,3654.4080,3659.2410,3660.0541,0.1715,0
745,1,3659.8820,3664.4411,3664.7408,0.1159,0
745,0,3659.8820,3664.4411,3665.0605,0.0368,0
746,1,3664.8486,3669.1575,3669.6393,0.2729,0
746,0,3664.8486,3669.1575,3669.9787,0.0491,0
747,1,3669.7536,3674.1442,3674.6845,0.1436,0
747,0,3669.7536,3674.1442,3674.9135,0.0412,0
748,1,3674.7448,3679.4053,3679.7532,0.1657,0
748,0,3674.7448,3679.4053,3679.9452,0.0372,0
749,1,3679.8120,3684.4696,3684.8009,0.1295,0
749,0,3679.8120,3684.4696,3684.9918,0.0379,0
750,1,3684.8618,3689.4519,3689.7695,0.1159,0
750,0,3684.8618,3689.4519,3690.0676,0.0401,0
751,1,3689.8285,3694.5534,3694.9580,0.1897,0
751,0,3689.8285,3694.5534,3695.1952,0.0492,0
752,1,3695.0287,3699.2542,3699.5785,0.1205,0
752,0,3695.0287,3699.2542,3699.7931,0.0464,0
753,1,3699.6436,3704.0435,3704.3784,0.1215,0
753,0,3699.6436,3704.0435,3704.6110,0.0423,0
754,1,3704.4471,3708.9816,3709.3765,0.1260,0
754,0,3704.4471,3708.9816,3709.6002,0.0402,0
755,1,3709.4357,3713.5596,3714.2068,0.4541,0
755,0,3709.4357,3713.5596,3714.3984,0.0400,0
756,1,3714.2662,3718.4350,3718.7544,0.1182,0
756,0,3714.2662,3718.4350,3718.9526,0.0464,0
757,1,3718.8203,3723.2511,3723.5457,0.1155,0
757,0,3718.8203,3723.2511,3723.7413,0.0437,0
758,1,3723.6083,3727.9215,3728.3972,0.2519,0
758,0,3723.6083,3727.9215,3728.6195,0.0448,0
759,1,3728.4624,3732.6222,3732.9605,0.1259,0
759,0,3728.4624,3732.6222,3733.1878,0.0489,0
760,1,3733.0284,3737.4713,3737.8404,0.1252,0
760,0,3733.0284,3737.4713,3738.1133,0.0521,0
761,1,3737.9201,3742.5542,3742.9128,0.1169,0
761,0,3737.9201,3742.5542,3743.1474,0.0446,0
762,1,3742.9826,3747.5723,3747.9438,0.1667,0
762,0,3742.9826,3747.5723,3748.2767,0.0419,0
763,1,3748.0298,3752.5617,3752.9219,0.1748,0
763,0,3748.0298,3752.5617,3753.1128,0.0382,0
764,1,3752.9798,3757.3007,3757.6955,0.1288,0
764,0,3752.9798,3757.3007,3757.9491,0.0632,0
765,1,3757.7789,3762.2205,3762.7204,0.3097,0
765,0,3757.7789,3762.2205,3762.9388,0.0435,0
766,1,3762.7830,3767.0778,3767.4090,0.1210,0
766,0,3762.7830,3767.0778,3767.6171,0.0451,0
767,1,3767.4719,3771.6197,3771.9872,0.1226,0
767,0,3767.4719,3771.6197,3772.2000,0.0440,0
768,1,3772.0541,3776.5685,3776.9080,0.1208,0
768,0,3772.0541,3776.5685,3777.1296,0.0431,0
769,1,3776.9755,3781.6182,3781.9677,0.1219,0
769,0,3776.9755,3781.6182,3782.2100,0.0452,0
770,1,3782.0364,3786.5720,3786.9506,0.1561,0
770,0,3782.0364,3786.5720,3787.2478,0.0481,0
771,1,3787.0186,3791.9845,3792.3183,0.1257,0
771,0,3787.0186,3791.9845,3792.5551,0.0396,0
772,1,3792.3826,3796.8523,3797.1786,0.1188,0
772,0,3792.3826,3796.8523,3797.3951,0.0434,0
773,1,3797.2409,3801.6018,3801.9250,0.1182,0
773,0,3797.2409,3801.6018,3802.1222,0.0417,0
774,1,3801.9858,3806.4521,3806.7980,0.1141,0
774,0,3801.9858,3806.4521,3807.0225,0.0440,0
775,1,3806.8616,3811.4712,3811.7697,0.1172,0
775,0,3806.8616,3811.4712,3811.9782,0.0456,0
776,1,3811.8349,3816.1917,3816.4960,0.1173,0
776,0,3811.8349,3816.1917,3816.6800,0.0376,0
777,1,3816.5513,3821.1321,3821.4415,0.1184,0
777,0,3816.5513,3821.1321,3821.6443,0.0439,0
778,1,3821.5061,3826.6061,3826.9515,0.1547,0
778,0,3821.5061,3826.6061,3827.1394,0.0357,0
779,1,3827.0133,3831.8913,3832.1978,0.1163,0
779,0,3827.0133,3831.8913,3832.3920,0.0451,0
780,1,3832.2617,3836.8983,3837.2534,0.1160,0
780,0,3832.2617,3836.8983,3837.4494,0.0447,0
781,1,3837.3201,3841.8000,3842.1461,0.1582,0
781,0,3837.3201,3841.8000,3842.3419,0.0454,0
782,1,3842.2105,3846.9035,3847.1979,0.1140,0
782,0,3842.2105,3846.9035,3847.3822,0.0377,0
783,1,3847.2534,3852.0923,3852.4289,0.1221,0
783,0,3847.2534,3852.0923,3852.6364,0.0445,0
784,1,3852.4905,3857.1848,3857.5996,0.1210,0
784,0,3852.4905,3857.1848,3857.8390,0.0480,0
785,1,3857.7526,3862.8841,3863.2152,0.1165,0
785,0,3857.7526,3862.8841,3863.4421,0.0454,0
786,1,3863.2845,3868.1125,3868.4094,0.1129,0
786,0,3863.2845,3868.1125,3868.6130,0.0386,0
787,1,3868.4739,3873.3378,3873.6976,0.1243,0
787,0,3868.4739,3873.3378,3873.9458,0.0516,0
788,1,3873.7708,3878.6257,3878.9786,0.1114,0
788,0,3873.7708,3878.6257,3879.3509,0.2095,0
789,1,3879.2077,3884.1736,3884.5074,0.1194,0
789,0,3879.2077,3884.1736,3884.7381,0.0457,0
790,1,3884.5742,3889.1225,3889.4939,0.1621,0
790,0,3884.5742,3889.1225,3889.7020,0.0444,0
791,1,3889.5770,3894.6296,3895.0155,0.1244,0
791,0,3889.5770,3894.6296,3895.2484,0.0443,0
792,1,3895.0864,3899.7985,3900.1614,0.1842,0
792,0,3895.0864,3899.7985,3900.3813,0.0373,0
793,1,3900.2246,3905.1267,3905.5145,0.1677,0
793,0,3900.2246,3905.1267,3905.7280,0.0442,0
794,1,3905.5766,3910.3578,3910.6877,0.1217,0
794,0,3905.5766,3910.3578,3910.9040,0.0433,0
795,1,3910.7488,3915.6046,3915.9552,0.1319,0
795,0,3910.7488,3915.6046,3916.2029,0.0502,0
796,1,3916.0291,3920.9342,3921.3166,0.1635,0
796,0,3916.0291,3920.9342,3921.5397,0.0439,0
797,1,3921.3841,3926.7821,3927.0827,0.1154,0
797,0,3921.3841,3926.7821,3927.2759,0.0370,0
798,1,3927.1381,3931.9728,3932.2833,0.1036,0
798,0,3927.1381,3931.9728,3932.5029,0.0494,0
799,1,3932.3502,3937.0715,3937.4493,0.1963,0
799,0,3932.3502,3937.0715,3937.6416,0.0449,0
800,1,3937.5127,3942.0734,3942.5611,0.2745,0
800,0,3937.5127,3942.0734,3942.8829,0.0405,0
801,1,3942.6195,3947.6009,3947.9706,0.1283,0
801,0,3942.6195,3947.6009,3948.2773,0.0446,0
802,1,3948.0381,3952.5705,3952.9445,0.1959,0
802,0,3948.0381,3952.5705,3953.1444,0.0408,0
803,1,3953.0084,3958.0126,3958.5851,0.3927,0
803,0,3953.0084,3958.0126,3958.7969,0.0371,0
804,1,3958.6418,3963.7398,3964.0793,0.1219,0
804,0,3958.6418,3963.7398,3964.3110,0.0441,0
805,1,3964.1513,3968.9494,3969.3490,0.1888,0
805,0,3964.1513,3968.9494,3969.5685,0.0447,0
806,1,3969.4126,3974.1783,3974.5660,0.1788,0
806,0,3969.4126,3974.1783,3974.7699,0.0446,0
807,1,3974.6287,3979.5743,3979.8993,0.1181,0
807,0,3974.6287,3979.5743,3980.1195,0.0444,0
808,1,3979.9605,3984.6780,3985.1283,0.1776,0
808,0,3979.9605,3984.6780,3985.3565,0.0454,0
809,1,3985.1925,3990.0534,3990.4210,0.1575,0
809,0,3985.1925,3990.0534,3990.6150,0.0375,0
810,1,3990.4818,3995.4975,3996.0211,0.3122,0
810,0,3990.4818,3995.4975,3996.2408,0.0442,0
811,1,3996.0852,4000.6991,4001.1337,0.1857,0
811,0,3996.0852,4000.6991,4001.3656,0.0373,0
812,1,4001.1947,4005.8702,4006.3654,0.2855,0
812,0,4001.1947,4005.8702,4006.6139,0.0443,0
813,1,4006.4291,4011.4255,4011.7632,0.1239,0
813,0,4006.4291,4011.4255,4011.9927,0.0463,0
814,1,4011.8327,4016.3149,4016.6501,0.1201,0
814,0,4011.8327,4016.3149,4016.8682,0.0445,0
815,1,4016.7156,4021.4634,4021.8661,0.1904,0
815,0,4016.7156,4021.4634,4022.1070,0.0454,0
816,1,4021.9350,4027.4371,4027.7435,0.1286,0
816,0,4021.9350,4027.4371,4027.9365,0.0375,0
817,1,4027.8040,4032.7956,4033.1690,0.1163,0
817,0,4027.8040,4032.7956,4033.4224,0.0536,0
818,1,4034.3421,4038.6764,4039.0841,0.1197,0
818,0,4034.3421,4038.6764,4039.4558,0.0753,0
819,1,4039.2517,4044.1950,4044.4907,0.1160,0
819,0,4039.2517,4044.1950,4044.6943,0.0379,0
820,1,4044.5496,4049.5385,4049.8764,0.1271,0
820,0,4044.5496,4049.5385,4050.0870,0.0441,0
821,1,4049.9377,4054.7091,4055.1039,0.1844,0
821,0,4049.9377,4054.7091,4055.3181,0.0426,0
822,1,4055.1639,4060.5747,4060.9510,0.1631,0
822,0,4055.1639,4060.5747,4061.1740,0.0448,0
823,1,4061.0169,4066.0263,4066.3715,0.1287,0
823,0,4061.0169,4066.0263,4066.5888,0.0444,0
824,1,4066.4346,4071.2738,4071.6404,0.1854,0
824,0,4066.4346,4071.2738,4071.8377,0.0367,0
825,1,4071.7011,4076.6429,4077.0246,0.1678,0
825,0,4071.7011,4076.6429,4077.2427,0.0452,0
826,1,4077.0878,4081.9685,4082.3314,0.1293,0
826,0,4077.0878,4081.9685,4082.5667,0.0521,0
827,1,4082.4082,4087.3461,4087.7633,0.1850,0
827,0,4082.4082,4087.3461,4087.9781,0.0445,0
828,1,4087.8256,4093.3537,4093.7603,0.1734,0
828,0,4087.8256,4093.3537,4093.9795,0.0452,0
829,1,4093.8255,4098.8574,4099.2021,0.1273,0
829,0,4093.8255,4098.8574,4099.4172,0.0444,0
830,1,4099.2648,4104.1405,4104.5397,0.1864,0
830,0,4099.2648,4104.1405,4104.7815,0.0411,0
831,1,4104.6063,4109.4969,4109.9027,0.1820,0
831,0,4104.6063,4109.4969,4110.1219,0.0450,0
832,1,4109.9655,4114.8390,4115.2249,0.1567,0
832,0,4109.9655,4114.8390,4115.4451,0.0448,0
833,1,4115.2899,4119.8474,4120.3546,0.2985,0
833,0,4115.2899,4119.8474,4120.6131,0.0422,0
834,1,4120.4140,4126.0704,4126.4866,0.1738,0
834,0,4120.4140,4126.0704,4126.7558,0.0869,0
835,1,4126.5961,4131.5004,4131.8835,0.1448,0
835,0,4126.5961,4131.5004,4132.1095,0.0414,0
836,1,4131.9756,4137.0244,4137.4027,0.1858,0
836,0,4131.9756,4137.0244,4137.5975,0.0433,0
837,1,4137.4646,4142.0378,4142.5058,0.2840,0
837,0,4137.4646,4142.0378,4142.7390,0.0376,0
838,1,4142.5638,4147.4796,4147.7872,0.1228,0
838,0,4142.5638,4147.4796,4148.1333,0.0429,0
839,1,4147.8937,4152.3839,4152.7757,0.1981,0
839,0,4147.8937,4152.3839,4153.1297,0.0450,0
840,1,4152.8884,4158.0038,4158.5013,0.2864,0
840,0,4152.8884,4158.0038,4158.9118,0.0454,0
841,1,4158.6353,4163.8514,4164.3001,0.2258,0
841,0,4158.6353,4163.8514,4164.5792,0.0438,0
842,1,4164.3647,4169.3701,4169.7639,0.2199,0
842,0,4164.3647,4169.3701,4169.9997,0.0802,0
843,1,4169.8661,4174.7491,4175.0859,0.1234,0
843,0,4169.8661,4174.7491,4175.2922,0.0399,0
844,1,4175.1427,4180.1138,4180.4069,0.1157,0
844,0,4175.1427,4180.1138,4180.5905,0.0375,0
845,1,4180.4630,4185.1992,4185.6130,0.1925,0
845,0,4180.4630,4185.1992,4185.8516,0.0419,0
846,1,4185.6779,4190.6711,4191.2143,0.3261,0
846,0,4185.6779,4190.6711,4191.5441,0.1302,0
847,1,4191.3704,4196.4455,4196.7635,0.1169,0
847,0,4191.3704,4196.4455,4196.9587,0.0450,0
848,1,4196.8310,4201.6110,4201.9886,0.1949,0
848,0,4196.8310,4201.6110,4202.1897,0.0385,0
849,1,4202.0471,4206.8247,4207.2078,0.1641,0
849,0,4202.0471,4206.8247,4207.4348,0.0481,0
850,1,4207.2745,4212.0259,4212.3500,0.1120,0
850,0,4207.2745,4212.0259,4212.6870,0.1511,0
851,1,4212.5216,4217.1089,4217.4554,0.1631,0
851,0,4212.5216,4217.1089,4217.7361,0.0772,0
852,1,4217.5565,4222.4742,4222.8358,0.1743,0
852,0,4217.5565,4222.4742,4223.0286,0.0452,0
853,1,4222.8985,4227.9215,4228.2613,0.1224,0
853,0,4222.8985,4227.9215,4228.4865,0.0474,0
854,1,4228.3268,4233.2261,4233.5685,0.1306,0
854,0,4228.3268,4233.2261,4233.8078,0.0525,0
855,1,4233.6443,4238.7001,4239.0737,0.1668,0
855,0,4233.6443,4238.7001,4239.2915,0.0456,0
856,1,4239.1380,4243.9188,4244.2531,0.1220,0
856,0,4239.1380,4243.9188,4244.4688,0.0439,0
857,1,4244.3153,4249.3737,4249.6937,0.1152,0
857,0,4244.3153,4249.3737,4249.9057,0.0486,0
858,1,4249.7595,4254.5684,4254.8958,0.1238,0
858,0,4249.7595,4254.5684,4255.1059,0.0423,0
859,1,4254.9553,4260.4889,4260.8218,0.1224,0
859,0,4254.9553,4260.4889,4261.0375,0.0400,0
860,1,4260.8980,4266.0997,4266.3888,0.1144,0
860,0,4260.8980,4266.0997,4266.5800,0.0354,0
861,1,4266.4460,4271.4168,4271.7235,0.1229,0
861,0,4266.4460,4271.4168,4271.9246,0.0457,0
862,1,4271.7918,4276.7658,4277.0992,0.1218,0
862,0,4271.7918,4276.7658,4277.3172,0.0459,0
863,1,4277.1637,4282.1629,4282.4930,0.1199,0
863,0,4277.1637,4282.1629,4282.7211,0.0504,0
864,1,4282.5667,4287.6230,4287.9316,0.1242,0
864,0,4282.5667,4287.6230,4288.1218,0.0367,0
865,1,4287.9870,4293.4149,4293.7569,0.1271,0
865,0,4287.9870,4293.4149,4293.9632,0.0411,0
866,1,4293.8152,4298.9916,4299.2833,0.1152,0
866,0,4293.8152,4298.9916,4299.4694,0.0366,0
867,1,4299.3377,4304.2328,4304.5697,0.1248,0
867,0,4299.3377,4304.2328,4304.8143,0.0509,0
868,1,4304.6562,4309.8456,4310.1966,0.1229,0
868,0,4304.6562,4309.8456,4310.4139,0.0443,0
869,1,4310.2593,4315.3383,4315.6825,0.1196,0
869,0,4310.2593,4315.3383,4315.9260,0.0454,0
870,1,4315.7578,4320.9560,4321.2922,0.1231,0
870,0,4315.7578,4320.9560,4321.5105,0.0422,0
871,1,4321.3563,4326.9215,4327.2274,0.1196,0
871,0,4321.3563,4326.9215,4327.4262,0.0369,0
872,1,4327.2926,4332.6335,4332.9368,0.1196,0
872,0,4327.2926,4332.6335,4333.1572,0.0626,0
873,1,4333.0240,4338.0484,4338.3530,0.1211,0
873,0,4333.0240,4338.0484,4338.5493,0.0446,0
874,1,4338.4156,4343.4100,4343.7233,0.1162,0
874,0,4338.4156,4343.4100,4343.9098,0.0396,0
875,1,4343.7799,4348.8849,4349.2267,0.1184,0
875,0,4343.7799,4348.8849,4349.4339,0.0436,0
876,1,4349.2871,4354.4035,4354.7601,0.1275,0
876,0,4349.2871,4354.4035,4354.9757,0.0418,0
877,1,4354.8206,4360.3951,4360.7243,0.1204,0
877,0,4354.8206,4360.3951,4360.9419,0.0453,0
878,1,4360.7899,4366.0188,4366.3454,0.1208,0
878,0,4360.7899,4366.0188,4366.5636,0.0453,0
879,1,4366.4085,4371.4615,4371.7878,0.1194,0
879,0,4366.4085,4371.4615,4372.0112,0.0453,0
880,1,4371.8571,4376.9926,4377.2786,0.1165,0
880,0,4371.8571,4376.9926,4377.4656,0.0358,0
881,1,4377.3369,4382.5676,4382.9105,0.1204,0
881,0,4377.3369,4382.5676,4383.1338,0.0471,0
882,1,4383.0054,4388.1203,4388.4074,0.1148,0
882,0,4383.0054,4388.1203,4388.6021,0.0365,0
883,1,4388.4658,4394.2150,4394.5452,0.1200,0
883,0,4388.4658,4394.2150,4394.7628,0.0491,0
884,1,4394.6161,4399.7491,4400.2158,0.1443,0
884,0,4394.6161,4399.7491,4400.5493,0.0683,0
885,1,4400.3022,4405.5678,4405.8614,0.1155,0
885,0,4400.3022,4405.5678,4406.0548,0.0368,0
886,1,4405.9201,4411.0190,4411.3554,0.1218,0
886,0,4405.9201,4411.0190,4411.5883,0.0452,0
887,1,4411.4187,4416.5742,4416.9018,0.1201,0
887,0,4411.4187,4416.5742,4417.1272,0.0441,0
888,1,4416.9660,4421.9912,4422.3216,0.1220,0
888,0,4416.9660,4421.9912,4422.5422,0.0441,0
889,1,4422.3830,4427.9815,4428.3078,0.1199,0
889,0,4422.3830,4427.9815,4428.5155,0.0448,0
890,1,4428.3694,4433.4689,4433.7999,0.1206,0
890,0,4428.3694,4433.4689,4434.0600,0.0573,0
891,1,4433.8842,4439.2149,4439.5462,0.1232,0
891,0,4433.8842,4439.2149,4439.7686,0.0454,0
892,1,4439.6101,4444.4985,4444.8385,0.1201,0
892,0,4439.6101,4444.4985,4445.0634,0.0415,0
893,1,4444.8990,4450.0147,4450.3423,0.1205,0
893,0,4444.8990,4450.0147,4450.5524,0.0486,0
894,1,4450.4079,4455.5420,4455.8463,0.1197,0
894,0,4450.4079,4455.5420,4456.0427,0.0364,0
895,1,4455.9051,4461.5573,4461.9023,0.1235,0
895,0,4455.9051,4461.5573,4462.2088,0.0537,0
896,1,4461.9772,4467.2895,4467.5844,0.1134,0
896,0,4461.9772,4467.2895,4467.8460,0.0359,0
897,1,4467.6417,4472.7524,4473.0424,0.1157,0
897,0,4467.6417,4472.7524,4473.2946,0.0364,0
898,1,4473.0950,4478.2695,4478.5710,0.1132,0
898,0,4473.0950,4478.2695,4478.8615,0.0439,0
899,1,4478.6385,4483.3826,4483.6930,0.1148,0
899,0,4478.6385,4483.3826,4483.9067,0.0393,0
900,1,4483.7509,4488.7361,4489.0334,0.1156,0
900,0,4483.7509,4488.7361,4489.2183,0.0373,0
901,1,4489.0880,4494.7666,4495.0791,0.1180,0
901,0,4489.0880,4494.7666,4495.2867,0.0475,0
902,1,4495.1554,4500.0733,4500.4140,0.1286,0
902,0,4495.1554,4500.0733,4500.6381,0.0426,0
903,1,4500.4761,4505.5712,4505.9325,0.1348,0
903,0,4500.4761,4505.5712,4506.1934,0.0437,0
904,1,4505.9959,4510.9850,4511.3177,0.1202,0
904,0,4505.9959,4510.9850,4511.5290,0.0449,0
905,1,4511.3805,4516.5435,4516.8832,0.1239,0
905,0,4511.3805,4516.5435,4517.0939,0.0409,0
906,1,4516.9419,4521.9139,4522.3145,0.1370,0
906,0,4516.9419,4521.9139,4522.5564,0.0455,0
907,1,4522.3798,4528.0147,4528.3945,0.1294,0
907,0,4522.3798,4528.0147,4528.6285,0.0448,0
908,1,4528.4580,4533.2925,4533.6360,0.1266,0
908,0,4528.4580,4533.2925,4533.8364,0.0457,0
909,1,4534.6282,4538.9201,4539.2492,0.1222,0
909,0,4534.6282,4538.9201,4539.5372,0.0453,0
910,1,4539.3780,4544.4943,4544.8225,0.1206,0
910,0,4539.3780,4544.4943,4545.0326,0.0412,0
911,1,4544.8813,4549.9765,4550.2632,0.1116,0
911,0,4544.8813,4549.9765,4550.4560,0.0380,0
912,1,4550.3231,4555.3720,4555.6719,0.1184,0
912,0,4550.3231,4555.3720,4555.8570,0.0359,0
913,1,4555.7284,4561.4195,4561.7535,0.1240,0
913,0,4555.7284,4561.4195,4561.9971,0.0449,0
914,1,4561.8216,4566.7044,4566.9964,0.1170,0
914,0,4561.8216,4566.7044,4567.1868,0.0371,0
915,1,4567.0542,4572.0671,4572.3605,0.1169,0
915,0,4567.0542,4572.0671,4572.5476,0.0353,0
916,1,4572.4171,4577.4981,4577.8600,0.1219,0
916,0,4572.4171,4577.4981,4578.0891,0.0421,0
917,1,4577.9264,4583.1458,4583.4464,0.1159,0
917,0,4577.9264,4583.1458,4583.6330,0.0383,0
918,1,4583.5016,4588.6541,4588.9907,0.1227,0
918,0,4583.5016,4588.6541,4589.2002,0.0429,0
919,1,4589.0507,4594.5888,4594.9239,0.1222,0
919,0,4589.0507,4594.5888,4595.1363,0.0425,0
920,1,4594.9874,4599.9457,4600.2485,0.1129,0
920,0,4594.9874,4599.9457,4600.4349,0.0364,0
921,1,4600.3074,4605.4751,4605.8110,0.1294,0
921,0,4600.3074,4605.4751,4606.0327,0.0489,0
922,1,4605.8772,4610.8333,4611.1654,0.1216,0
922,0,4605.8772,4610.8333,4611.3845,0.0445,0
923,1,4611.2289,4616.3723,4616.7012,0.1213,0
923,0,4611.2289,4616.3723,4616.9116,0.0403,0
924,1,4616.7598,4621.8807,4622.2221,0.1253,0
924,0,4616.7598,4621.8807,4622.4385,0.0455,0
925,1,4622.2881,4627.8263,4628.1687,0.1210,0
925,0,4622.2881,4627.8263,4628.3869,0.0429,0
926,1,4628.2298,4633.3165,4633.6261,0.1164,0
926,0,4628.2298,4633.3165,4633.8429,0.0441,0
927,1,4633.7082,4638.7595,4639.0622,0.1153,0
927,0,4633.7082,4638.7595,4639.2475,0.0360,0
928,1,4639.1180,4644.0789,4644.3835,0.1166,0
928,0,4639.1180,4644.0789,4644.5828,0.0454,0
929,1,4644.4490,4649.5271,4649.8203,0.1145,0
929,0,4644.4490,4649.5271,4650.1548,0.0368,0
930,1,4649.9250,4655.1606,4655.4526,0.1146,0
930,0,4649.9250,4655.1606,4655.7930,0.0363,0
931,1,4655.5700,4661.2468,4661.5795,0.1202,0
931,0,4655.5700,4661.2468,4661.9275,0.0445,0
932,1,4661.7107,4666.6844,4667.1036,0.1619,0
932,0,4661.7107,4666.6844,4667.3715,0.0463,0
933,1,4667.1698,4672.2412,4672.5854,0.1613,0
933,0,4667.1698,4672.2412,4672.8001,0.0575,0
934,1,4672.6617,4677.5866,4677.9252,0.1323,0
934,0,4672.6617,4677.5866,4678.1328,0.0416,0
935,1,4677.9844,4683.0826,4683.4098,0.1201,0
935,0,4677.9844,4683.0826,4683.6262,0.0469,0
936,1,4683.4749,4688.5956,4688.9338,0.1302,0
936,0,4683.4749,4688.5956,4689.1403,0.0445,0
937,1,4688.9953,4694.5104,4694.8494,0.1203,0
937,0,4688.9953,4694.5104,4695.0670,0.0394,0
938,1,4694.9085,4699.4781,4700.0612,0.3702,0
938,0,4694.9085,4699.4781,4700.2880,0.0393,0
939,1,4700.1180,4705.0819,4705.4179,0.1226,0
939,0,4700.1180,4705.0819,4705.6300,0.0440,0
940,1,4705.4793,4710.4225,4710.7564,0.1219,0
940,0,4705.4793,4710.4225,4710.9695,0.0440,0
941,1,4710.8184,4715.9218,4716.2528,0.1224,0
941,0,4710.8184,4715.9218,4716.4586,0.0439,0
942,1,4716.3136,4721.4024,4721.7374,0.1224,0
942,0,4716.3136,4721.4024,4722.0279,0.0445,0
943,1,4721.8061,4727.5629,4727.8505,0.1141,0
943,0,4721.8061,4727.5629,4728.0354,0.0353,0
944,1,4727.9075,4733.0850,4733.4187,0.1226,0
944,0,4727.9075,4733.0850,4733.6273,0.0458,0
945,1,4733.4816,4738.5804,4738.9162,0.1225,0
945,0,4733.4816,4738.5804,4739.1804,0.0434,0
946,1,4738.9773,4744.0200,4744.3491,0.1195,0
946,0,4738.9773,4744.0200,4744.5618,0.0439,0
947,1,4744.4113,4749.5248,4749.8552,0.1220,0
947,0,4744.4113,4749.5248,4750.0870,0.0508,0
948,1,4749.9351,4755.0546,4755.3503,0.1178,0
948,0,4749.9351,4755.0546,4755.5421,0.0375,0
949,1,4755.4098,4761.3220,4761.6144,0.1131,0
949,0,4755.4098,4761.3220,4761.8073,0.0370,0
950,1,4761.6735,4766.7051,4767.0444,0.1199,0
950,0,4761.6735,4766.7051,4767.2593,0.0438,0
951,1,4767.1071,4772.2639,4772.5664,0.1180,0
951,0,4767.1071,4772.2639,4772.7670,0.0389,0
952,1,4772.6258,4777.6874,4778.0349,0.1204,0
952,0,4772.6258,4777.6874,4778.2514,0.0436,0
953,1,4778.0952,4783.2297,4783.5199,0.1139,0
953,0,4778.0952,4783.2297,4783.7011,0.0389,0
954,1,4783.5746,4788.6965,4789.0231,0.1183,0
954,0,4783.5746,4788.6965,4789.2347,0.0412,0
955,1,4789.0832,4794.6655,4794.9968,0.1214,0
955,0,4789.0832,4794.6655,4795.2213,0.0442,0
956,1,4795.0665,4800.0675,4800.3592,0.1134,0
956,0,4795.0665,4800.0675,4800.5460,0.0425,0
957,1,4800.4198,4805.6388,4805.9327,0.1163,0
957,0,4800.4198,4805.6388,4806.1305,0.0414,0
958,1,4805.9954,4811.0108,4811.3035,0.1135,0
958,0,4805.9954,4811.0108,4811.4922,0.0371,0
959,1,4811.3635,4816.5858,4816.8728,0.1117,0
959,0,4811.3635,4816.5858,4817.0692,0.0368,0
960,1,4816.9304,4822.1583,4822.5014,0.1292,0
960,0,4816.9304,4822.1583,4822.7283,0.0421,0
961,1,4822.5681,4828.1081,4828.4459,0.1219,0
961,0,4822.5681,4828.1081,4828.6793,0.0485,0
962,1,4828.5143,4833.4396,4833.7754,0.1212,0
962,0,4828.5143,4833.4396,4833.9918,0.0415,0
963,1,4833.8397,4838.8843,4839.2214,0.1237,0
963,0,4833.8397,4838.8843,4839.4416,0.0438,0
964,1,4839.2851,4844.2892,4844.5970,0.1169,0
964,0,4839.2851,4844.2892,4844.7836,0.0425,0
965,1,4844.6568,4849.7484,4850.0961,0.1204,0
965,0,4844.6568,4849.7484,4850.3182,0.0423,0
966,1,4850.1609,4855.3384,4855.6873,0.1253,0
966,0,4850.1609,4855.3384,4855.8982,0.0407,0
967,1,4855.7464,4861.3339,4861.6741,0.1219,0
967,0,4855.7464,4861.3339,4861.9010,0.0458,0
968,1,4861.7479,4866.6666,4867.0216,0.1417,0
968,0,4861.7479,4866.6666,4867.2403,0.0445,0
969,1,4867.0849,4872.1929,4872.5213,0.1226,0
969,0,4867.0849,4872.1929,4872.7343,0.0437,0
970,1,4872.5819,4877.5944,4877.9281,0.1247,0
970,0,4872.5819,4877.5944,4878.1421,0.0448,0
971,1,4877.9904,4883.0893,4883.4148,0.1212,0
971,0,4877.9904,4883.0893,4883.6462,0.0449,0
972,1,4883.4771,4888.6100,4888.9549,0.1204,0
972,0,4883.4771,4888.6100,4889.1695,0.0497,0
973,1,4889.0417,4894.5925,4894.9194,0.1180,0
973,0,4889.0417,4894.5925,4895.1556,0.0521,0
974,1,4894.9970,4900.1651,4900.4901,0.1136,0
974,0,4894.9970,4900.1651,4900.6848,0.0440,0
975,1,4900.5535,4905.5314,4905.8826,0.1296,0
975,0,4900.5535,4905.5314,4906.1011,0.0451,0
976,1,4905.9445,4910.9470,4911.3531,0.1650,0
976,0,4905.9445,4910.9470,4911.5541,0.0461,0
977,1,4911.4216,4916.7457,4917.0412,0.1119,0
977,0,4911.4216,4916.7457,4917.2405,0.0441,0
978,1,4917.1035,4922.0676,4922.3638,0.1166,0
978,0,4917.1035,4922.0676,4922.5468,0.0355,0
979,1,4922.4214,4928.1067,4928.3975,0.1135,0
979,0,4922.4214,4928.1067,4928.5851,0.0367,0
980,1,4928.4548,4933.5059,4933.8068,0.1158,0
980,0,4928.4548,4933.5059,4934.0031,0.0361,0
981,1,4933.8613,4938.7667,4939.0719,0.1187,0
981,0,4933.8613,4938.7667,4939.2579,0.0377,0
982,1,4939.1270,4944.0975,4944.4247,0.1216,0
982,0,4939.1270,4944.0975,4944.6402,0.0470,0
983,1,4944.4886,4949.6183,4949.9492,0.1208,0
983,0,4944.4886,4949.6183,4950.1785,0.0465,0
984,1,4950.0254,4955.2251,4955.5439,0.1255,0
984,0,4950.0254,4955.2251,4955.7485,0.0456,0
985,1,4955.6127,4961.3207,4961.7482,0.1388,0
985,0,4955.6127,4961.3207,4961.9793,0.0470,0
986,1,4961.8145,4966.7662,4967.1081,0.1197,0
986,0,4961.8145,4966.7662,4967.3256,0.0449,0
987,1,4967.1717,4972.1431,4972.4708,0.1228,0
987,0,4967.1717,4972.1431,4972.6807,0.0457,0
988,1,4972.5333,4977.5305,4977.8726,0.1204,0
988,0,4972.5333,4977.5305,4978.1569,0.0462,0
989,1,4977.9395,4983.2489,4983.5396,0.1133,0
989,0,4977.9395,4983.2489,4983.7309,0.0352,0
990,1,4983.5963,4988.8644,4989.1849,0.1183,0
990,0,4983.5963,4988.8644,4989.3986,0.0457,0
991,1,4989.2479,4994.8163,4995.1371,0.1158,0
991,0,4989.2479,4994.8163,4995.3651,0.0447,0
992,1,4995.2079,5000.0291,5000.3220,0.1126,0
992,0,4995.2079,5000.0291,5000.5048,0.0355,0
993,1,5000.3759,5005.5771,5005.9104,0.1232,0
993,0,5000.3759,5005.5771,5006.1190,0.0445,0
994,1,5005.9717,5010.9308,5011.2627,0.1197,0
994,0,5005.9717,5010.9308,5011.4924,0.0445,0
995,1,5011.3317,5016.5666,5016.9025,0.1207,0
995,0,5011.3317,5016.5666,5017.1231,0.0443,0
996,1,5016.9711,5022.1772,5022.5136,0.1237,0
996,0,5016.9711,5022.1772,5022.7413,0.0493,0
997,1,5022.5860,5028.2209,5028.5265,0.1205,0
997,0,5022.5860,5028.2209,5028.7243,0.0372,0
998,1,5028.5883,5033.8864,5034.2568,0.1259,0
998,0,5028.5883,5033.8864,5034.5723,0.1412,0
999,1,5035.6265,5040.4782,5040.7933,0.1176,0
999,0,5035.6265,5040.4782,5041.1015,0.0464,0
1000,1,5040.9892,5046.3633,5046.6592,0.1110,0
1000,0,5040.9892,5046.3633,5046.8534,0.0380,0
1001,1,5046.7196,5051.8062,5052.1419,0.1212,0
1001,0,5046.7196,5051.8062,5052.3494,0.0435,0
1002,1,5052.2033,5057.1717,5057.5469,0.1232,0
1002,0,5052.2033,5057.1717,5057.9856,0.2794,0
1003,1,5057.8479,5063.0387,5063.3279,0.1135,0
1003,0,5057.8479,5063.0387,5063.5204,0.0372,0
1004,1,5063.3828,5068.2261,5068.5320,0.1209,0
1004,0,5063.3828,5068.2261,5068.7292,0.0438,0
1005,1,5068.5929,5073.5364,5073.8752,0.1234,0
1005,0,5068.5929,5073.5364,5074.0878,0.0444,0
1006,1,5073.9369,5078.9760,5079.3777,0.2236,0
1006,0,5073.9369,5078.9760,5079.5687,0.0392,0
1007,1,5079.4356,5084.5764,5084.9092,0.1187,0
1007,0,5079.4356,5084.5764,5085.1234,0.0452,0
1008,1,5084.9717,5089.9997,5090.3160,0.1172,0
1008,0,5084.9717,5089.9997,5090.5112,0.0370,0
1009,1,5090.3745,5095.5315,5096.0496,0.3068,0
1009,0,5090.3745,5095.5315,5096.2801,0.0441,0
1010,1,5096.1181,5101.2061,5101.5013,0.1129,0
1010,0,5096.1181,5101.2061,5101.6921,0.0365,0
1011,1,5101.5599,5106.6837,5107.0518,0.1234,0
1011,0,5101.5599,5106.6837,5107.3018,0.0480,0
1012,1,5107.1190,5112.1919,5112.6862,0.3169,0
1012,0,5107.1190,5112.1919,5112.8777,0.0414,0
1013,1,5112.7463,5117.9624,5118.3426,0.1256,0
1013,0,5112.7463,5117.9624,5118.5762,0.0454,0
1014,1,5118.4067,5123.5427,5123.9132,0.1247,0
1014,0,5118.4067,5123.5427,5124.2766,0.0472,0
1015,1,5123.9803,5129.4620,5129.7541,0.1111,0
1015,0,5123.9803,5129.4620,5129.9435,0.0381,0
1016,1,5129.8134,5134.9459,5135.2448,0.1124,0
1016,0,5129.8134,5134.9459,5135.4401,0.0371,0
1017,1,5135.3047,5140.3697,5140.7036,0.1216,0
1017,0,5135.3047,5140.3697,5140.8940,0.0410,0
1018,1,5140.7858,5145.9426,5146.2319,0.1111,0
1018,0,5140.7858,5145.9426,5146.4189,0.0359,0
1019,1,5146.2885,5151.5035,5151.8372,0.1229,0
1019,0,5146.2885,5151.5035,5152.1966,0.0460,0
1020,1,5151.9773,5157.0363,5157.4268,0.1253,0
1020,0,5151.9773,5157.0363,5157.8939,0.1301,0
1021,1,5157.6365,5162.9386,5163.2271,0.1111,0
1021,0,5157.6365,5162.9386,5163.4800,0.0367,0
1022,1,5163.3384,5168.3391,5168.8087,0.1622,0
1022,0,5163.3384,5168.3391,5169.0335,0.0441,0
1023,1,5168.8753,5173.9759,5174.3043,0.1510,0
1023,0,5168.8753,5173.9759,5174.4953,0.0348,0
1024,1,5174.3618,5179.6451,5179.9423,0.1172,0
1024,0,5174.3618,5179.6451,5180.1316,0.0460,0
1025,1,5180.0054,5185.0784,5185.4140,0.1212,0
1025,0,5180.0054,5185.0784,5185.6292,0.0449,0
1026,1,5185.4769,5190.4601,5191.1871,0.5016,0
1026,0,5185.4769,5190.4601,5191.4037,0.0440,0
1027,1,5191.2507,5196.4578,5196.8475,0.1183,0
1027,0,5191.2507,5196.4578,5197.2080,0.0651,0
1028,1,5196.9397,5202.0924,5202.4295,0.1281,0
1028,0,5196.9397,5202.0924,5202.6452,0.0444,0
1029,1,5202.4927,5207.4804,5207.8218,0.1227,0
1029,0,5202.4927,5207.4804,5208.0343,0.0431,0
1030,1,5207.8821,5213.0418,5213.3742,0.1189,0
1030,0,5207.8821,5213.0418,5213.5892,0.0458,0
1031,1,5213.4391,5218.5583,5218.8864,0.1214,0
1031,0,5213.4391,5218.5583,5219.0963,0.0453,0
1032,1,5218.9489,5223.9118,5224.6116,0.4898,0
1032,0,5218.9489,5223.9118,5224.8254,0.0449,0
1033,1,5224.6758,5229.8668,5230.2062,0.1181,0
1033,0,5224.6758,5229.8668,5230.4318,0.0444,0
1034,1,5230.2735,5235.3142,5235.6056,0.1132,0
1034,0,5230.2735,5235.3142,5235.8043,0.0354,0
1035,1,5235.6626,5240.7453,5241.0893,0.1235,0
1035,0,5235.6626,5240.7453,5241.3109,0.0444,0
1036,1,5241.1528,5246.3151,5246.6432,0.1181,0
1036,0,5241.1528,5246.3151,5246.8617,0.0477,0
1037,1,5246.7092,5251.7962,5252.1285,0.1206,0
1037,0,5246.7092,5251.7962,5252.3358,0.0449,0
1038,1,5252.1906,5257.1183,5257.5153,0.1233,0
1038,0,5252.1906,5257.1183,5258.0592,0.3663,0
1039,1,5257.9018,5263.1005,5263.3951,0.1206,0
1039,0,5257.9018,5263.1005,5263.5776,0.0365,0
1040,1,5263.4498,5268.4735,5268.8034,0.1217,0
1040,0,5263.4498,5268.4735,5269.0127,0.0445,0
1041,1,5268.8885,5273.8155,5274.1693,0.1233,0
1041,0,5268.8885,5273.8155,5274.3858,0.0433,0
1042,1,5274.2309,5279.3690,5279.6594,0.1110,0
1042,0,5274.2309,5279.3690,5279.8708,0.0367,0
1043,1,5279.7140,5284.7640,5285.0603,0.1159,0
1043,0,5279.7140,5284.7640,5285.2491,0.0463,0
1044,1,5285.1231,5290.0642,5290.4167,0.1206,0
1044,0,5285.1231,5290.0642,5290.8403,0.2259,0
1045,1,5290.6719,5295.9966,5296.3213,0.1180,0
1045,0,5290.6719,5295.9966,5296.5514,0.0508,0
1046,1,5296.3962,5301.4091,5301.7465,0.1224,0
1046,0,5296.3962,5301.4091,5301.9887,0.0451,0
1047,1,5301.8156,5306.9029,5307.2431,0.1253,0
1047,0,5301.8156,5306.9029,5307.4623,0.0455,0
1048,1,5307.3077,5312.2768,5312.6985,0.2276,0
1048,0,5307.3077,5312.2768,5312.8991,0.0457,0
1049,1,5312.7633,5317.9208,5318.2257,0.1160,0
1049,0,5312.7633,5317.9208,5318.4188,0.0444,0
1050,1,5318.2867,5323.2899,5323.6132,0.1133,0
1050,0,5318.2867,5323.2899,5323.8354,0.0407,0
1051,1,5323.6736,5328.7462,5329.0957,0.1460,0
1051,0,5323.6736,5328.7462,5329.3685,0.1173,0
1052,1,5329.2317,5334.1486,5334.5602,0.1249,0
1052,0,5329.2317,5334.1486,5334.7972,0.0492,0
1053,1,5334.6276,5339.3592,5339.7058,0.1608,0
1053,0,5334.6276,5339.3592,5339.9866,0.0464,0
1054,1,5339.7705,5344.8834,5345.2467,0.1513,0
1054,0,5339.7705,5344.8834,5345.4565,0.0438,0
1055,1,5345.3077,5350.3251,5350.6511,0.1208,0
1055,0,5345.3077,5350.3251,5350.8613,0.0446,0
1056,1,5350.7127,5355.4078,5355.7394,0.1219,0
1056,0,5350.7127,5355.4078,5355.9630,0.0462,0
1057,1,5355.8079,5361.7103,5362.0449,0.1182,0
1057,0,5355.8079,5361.7103,5362.2672,0.0402,0
1058,1,5362.1041,5367.1786,5367.5108,0.1203,0
1058,0,5362.1041,5367.1786,5367.7636,0.0441,0
1059,1,5367.5720,5372.8245,5373.1557,0.1243,0
1059,0,5367.5720,5372.8245,5373.4349,0.0401,0
1060,1,5373.2157,5378.1906,5378.5168,0.1183,0
1060,0,5373.2157,5378.1906,5378.7313,0.0447,0
1061,1,5378.5785,5383.7139,5384.0850,0.1266,0
1061,0,5378.5785,5383.7139,5384.3040,0.0442,0
1062,1,5384.1725,5388.8519,5389.1416,0.1129,0
1062,0,5384.1725,5388.8519,5389.3336,0.0358,0
1063,1,5389.1991,5394.8791,5395.2107,0.1142,0
1063,0,5389.1991,5394.8791,5395.4205,0.0431,0
1064,1,5395.2720,5400.4811,5400.8150,0.1222,0
1064,0,5395.2720,5400.4811,5401.0981,0.0434,0
1065,1,5400.8755,5405.6081,5405.9474,0.1246,0
1065,0,5400.8755,5405.6081,5406.1568,0.0447,0
1066,1,5406.0100,5411.0619,5411.3781,0.1155,0
1066,0,5406.0100,5411.0619,5411.5700,0.0373,0
1067,1,5411.4369,5416.6092,5416.9036,0.1135,0
1067,0,5411.4369,5416.6092,5417.2083,0.0363,0
1068,1,5416.9611,5422.1024,5422.4026,0.1187,0
1068,0,5416.9611,5422.1024,5422.6017,0.0441,0
1069,1,5422.4635,5428.1133,5428.4099,0.1165,0
1069,0,5422.4635,5428.1133,5428.6019,0.0436,0
1070,1,5428.4738,5433.2990,5433.6017,0.1212,0
1070,0,5428.4738,5433.2990,5433.7990,0.0465,0
1071,1,5433.6705,5438.6238,5438.9635,0.1236,0
1071,0,5433.6705,5438.6238,5439.1818,0.0455,0
1072,1,5439.0269,5444.1233,5444.4132,0.1125,0
1072,0,5439.0269,5444.1233,5444.6085,0.0372,0
1073,1,5444.4723,5449.6678,5449.9753,0.1176,0
1073,0,5444.4723,5449.6678,5450.1692,0.0437,0
1074,1,5450.0385,5455.0041,5455.3034,0.1201,0
1074,0,5450.0385,5455.0041,5455.4949,0.0364,0
1075,1,5455.3590,5461.0325,5461.3321,0.1155,0
1075,0,5455.3590,5461.0325,5461.5086,0.0356,0
1076,1,5461.3866,5466.4980,5466.7989,0.1161,0
1076,0,5461.3866,5466.4980,5467.0001,0.0461,0
1077,1,5466.8630,5471.7961,5472.1347,0.1227,0
1077,0,5466.8630,5471.7961,5472.3451,0.0451,0
1078,1,5472.1965,5477.1250,5477.4192,0.1136,0
1078,0,5472.1965,5477.1250,5477.6096,0.0357,0
1079,1,5477.4774,5482.7196,5483.0305,0.1214,0
1079,0,5477.4774,5482.7196,5483.2235,0.0440,0
1080,1,5483.0936,5488.0290,5488.3622,0.1257,0
1080,0,5483.0936,5488.0290,5488.5689,0.0443,0
1081,1,5488.4238,5493.9347,5494.2667,0.1221,0
1081,0,5488.4238,5493.9347,5494.4864,0.0431,0
1082,1,5494.3307,5499.6522,5499.9942,0.1216,0
1082,0,5494.3307,5499.6522,5500.2179,0.0453,0
1083,1,5500.0582,5505.0282,5505.3570,0.1218,0
1083,0,5500.0582,5505.0282,5505.5651,0.0415,0
1084,1,5505.4162,5510.3498,5510.6788,0.1203,0
1084,0,5505.4162,5510.3498,5510.8809,0.0392,0
1085,1,5510.7353,5515.7457,5516.1354,0.1788,0
1085,0,5510.7353,5515.7457,5516.3530,0.0450,0
1086,1,5516.1983,5521.1207,5521.4531,0.1221,0
1086,0,5516.1983,5521.1207,5521.6688,0.0485,0
1087,1,5521.5185,5526.9952,5527.3476,0.1324,0
1087,0,5521.5185,5526.9952,5527.5778,0.0424,0
1088,1,5527.4128,5532.5994,5532.9277,0.1192,0
1088,0,5527.4128,5532.5994,5533.1531,0.0556,0
1089,1,5533.0001,5537.9367,5538.2664,0.1221,0
1089,0,5533.0001,5537.9367,5538.4682,0.0521,0
1090,1,5539.2744,5544.0725,5544.3677,0.1159,0
1090,0,5539.2744,5544.0725,5544.6999,0.0428,0
1091,1,5544.5178,5549.6519,5549.9422,0.1124,0
1091,0,5544.5178,5549.6519,5550.1404,0.0369,0
1092,1,5550.0010,5555.0714,5555.4049,0.1230,0
1092,0,5550.0010,5555.0714,5555.6160,0.0456,0
1093,1,5555.4677,5560.9375,5561.2847,0.1206,0
1093,0,5555.4677,5560.9375,5561.5017,0.0442,0
1094,1,5561.3480,5566.4082,5566.7459,0.1233,0
1094,0,5561.3480,5566.4082,5566.9825,0.0528,0
1095,1,5566.8203,5571.8003,5572.2383,0.1241,0
1095,0,5566.8203,5571.8003,5572.4617,0.0483,0
1096,1,5572.3058,5577.2411,5577.6430,0.1702,0
1096,0,5572.3058,5577.2411,5577.8549,0.0435,0
1097,1,5577.7082,5582.8970,5583.2321,0.1230,0
1097,0,5577.7082,5582.8970,5583.4522,0.0511,0
1098,1,5583.3013,5588.4004,5588.7388,0.1267,0
1098,0,5583.3013,5588.4004,5588.9486,0.0450,0
1099,1,5588.8002,5594.4264,5594.7210,0.1115,0
1099,0,5588.8002,5594.4264,5594.9219,0.0357,0
1100,1,5594.7773,5599.9968,5600.2872,0.1139,0
1100,0,5594.7773,5599.9968,5600.4788,0.0490,0
1101,1,5600.3540,5605.4723,5605.8155,0.1223,0
1101,0,5600.3540,5605.4723,5606.0451,0.0424,0
1102,1,5605.8818,5610.9016,5611.2052,0.1160,0
1102,0,5605.8818,5610.9016,5611.4036,0.0445,0
1103,1,5611.2676,5616.3321,5616.6246,0.1131,0
1103,0,5611.2676,5616.3321,5616.8179,0.0437,0
1104,1,5616.6865,5621.8555,5622.2015,0.1246,0
1104,0,5616.6865,5621.8555,5622.4176,0.0476,0
1105,1,5622.2666,5627.7794,5628.1130,0.1260,0
1105,0,5622.2666,5627.7794,5628.3283,0.0431,0
1106,1,5628.1762,5633.3164,5633.6469,0.1209,0
1106,0,5628.1762,5633.3164,5633.8611,0.0466,0
1107,1,5633.7310,5638.8541,5639.1904,0.1262,0
1107,0,5633.7310,5638.8541,5639.4098,0.0440,0
1108,1,5639.2547,5644.2076,5644.5455,0.1269,0
1108,0,5639.2547,5644.2076,5644.7561,0.0442,0
1109,1,5644.6063,5649.6903,5650.0166,0.1199,0
1109,0,5644.6063,5649.6903,5650.2252,0.0459,0
1110,1,5650.0803,5655.1685,5655.4985,0.1233,0
1110,0,5650.0803,5655.1685,5655.8628,0.0450,0
1111,1,5655.6227,5661.3522,5661.6990,0.1215,0
1111,0,5655.6227,5661.3522,5662.0178,0.0468,0
1112,1,5661.8449,5666.6961,5666.9896,0.1130,0
1112,0,5661.8449,5666.6961,5667.2780,0.0370,0
1113,1,5667.1124,5672.2164,5672.7023,0.1636,0
1113,0,5667.1124,5672.2164,5672.9407,0.0423,0
1114,1,5672.7658,5677.7662,5678.1337,0.1678,0
1114,0,5672.7658,5677.7662,5678.3479,0.0400,0
1115,1,5678.2075,5683.2911,5683.5931,0.1217,0
1115,0,5678.2075,5683.2911,5683.7945,0.0459,0
1116,1,5683.6572,5688.8289,5689.1395,0.1282,0
1116,0,5683.6572,5688.8289,5689.3281,0.0439,0
1117,1,5689.2013,5694.6825,5694.9835,0.1201,0
1117,0,5689.2013,5694.6825,5695.1754,0.0359,0
1118,1,5695.0499,5699.9624,5700.2967,0.1248,0
1118,0,5695.0499,5699.9624,5700.4907,0.0365,0
1119,1,5700.3642,5705.4826,5705.8666,0.1687,0
1119,0,5700.3642,5705.4826,5706.0963,0.0445,0
1120,1,5705.9346,5710.9671,5711.3033,0.1234,0
1120,0,5705.9346,5710.9671,5711.5241,0.0485,0
1121,1,5711.3695,5716.4478,5716.8159,0.1180,0
1121,0,5711.3695,5716.4478,5717.0048,0.0399,0
1122,1,5716.8755,5721.8956,5722.2309,0.1234,0
1122,0,5716.8755,5721.8956,5722.4429,0.0444,0
1123,1,5722.2936,5727.9559,5728.3114,0.1210,0
1123,0,5722.2936,5727.9559,5728.5383,0.0448,0
1124,1,5728.3777,5733.5157,5733.9578,0.2013,0
1124,0,5728.3777,5733.5157,5734.2517,0.0450,0
1125,1,5734.0299,5739.3012,5739.5987,0.1173,0
1125,0,5734.0299,5739.3012,5739.8002,0.0435,0
1126,1,5739.6598,5744.3329,5744.6217,0.1122,0
1126,0,5739.6598,5744.3329,5744.8359,0.0442,0
1127,1,5744.6910,5750.0448,5750.3772,0.1213,0
1127,0,5744.6910,5750.0448,5750.6178,0.0493,0
1128,1,5750.4499,5755.4677,5755.8560,0.1837,0
1128,0,5750.4499,5755.4677,5756.0765,0.0456,0
1129,1,5755.9206,5761.4604,5761.7976,0.1210,0
1129,0,5755.9206,5761.4604,5762.0292,0.0454,0
1130,1,5761.8701,5766.5666,5766.8841,0.1147,0
1130,0,5761.8701,5766.5666,5767.0992,0.0450,0
1131,1,5766.9477,5771.9516,5772.3348,0.1634,0
1131,0,5766.9477,5771.9516,5772.5581,0.0438,0
1132,1,5772.3967,5777.3584,5777.6844,0.1161,0
1132,0,5772.3967,5777.3584,5777.9100,0.0403,0
1133,1,5777.7508,5783.0912,5783.4704,0.1202,0
1133,0,5777.7508,5783.0912,5783.9461,0.2073,0
1134,1,5783.7009,5788.7118,5789.0762,0.1251,0
1134,0,5783.7009,5788.7118,5789.3015,0.0478,0
1135,1,5789.1419,5794.6522,5794.9852,0.1236,0
1135,0,5789.1419,5794.6522,5795.2032,0.0448,0
1136,1,5795.0504,5800.0003,5800.5177,0.1135,0
1136,0,5795.0504,5800.0003,5800.8368,0.0760,0
1137,1,5800.6126,5805.5699,5805.9593,0.1782,0
1137,0,5800.6126,5805.5699,5806.1774,0.0442,0
1138,1,5806.0273,5811.1288,5811.4589,0.1205,0
1138,0,5806.0273,5811.1288,5811.6749,0.0451,0
1139,1,5811.5224,5816.5619,5816.8880,0.1220,0
1139,0,5811.5224,5816.5619,5817.2451,0.0616,0
1140,1,5816.9730,5822.0312,5822.3691,0.1240,0
1140,0,5816.9730,5822.0312,5822.5883,0.0455,0
1141,1,5822.4342,5828.0177,5828.3429,0.1197,0
1141,0,5822.4342,5828.0177,5828.5617,0.0435,0
1142,1,5828.4082,5833.2795,5833.5822,0.1213,0
1142,0,5828.4082,5833.2795,5833.7923,0.0622,0
1143,1,5833.6611,5838.5453,5838.9492,0.2109,0
1143,0,5833.6611,5838.5453,5839.1503,0.0446,0
1144,1,5839.0157,5844.1388,5844.4888,0.1653,0
1144,0,5839.0157,5844.1388,5844.7078,0.0458,0
1145,1,5844.5542,5849.5594,5849.8914,0.1208,0
1145,0,5844.5542,5849.5594,5850.1011,0.0448,0
1146,1,5849.9538,5854.8123,5855.2225,0.1968,0
1146,0,5849.9538,5854.8123,5855.4372,0.0429,0
1147,1,5855.2830,5860.7709,5861.1239,0.1752,0
1147,0,5855.2830,5860.7709,5861.3219,0.0375,0
1148,1,5861.1862,5866.2606,5866.5888,0.1208,0
1148,0,5861.1862,5866.2606,5866.8260,0.0448,0
1149,1,5866.6576,5871.6477,5872.0582,0.1940,0
1149,0,5866.6576,5871.6477,5872.2774,0.0447,0
1150,1,5872.1230,5877.1120,5877.4964,0.1634,0
1150,0,5872.1230,5877.1120,5877.7197,0.0460,0
1151,1,5877.5604,5882.5563,5882.8853,0.1290,0
1151,0,5877.5604,5882.5563,5883.0705,0.0386,0
1152,1,5882.9641,5887.9183,5888.2808,0.1844,0
1152,0,5882.9641,5887.9183,5888.4731,0.0451,0
1153,1,5888.3446,5893.9238,5894.2618,0.1189,0
1153,0,5888.3446,5893.9238,5894.4910,0.0420,0
1154,1,5894.3277,5899.4981,5899.8306,0.1203,0
1154,0,5894.3277,5899.4981,5900.0331,0.0481,0
1155,1,5899.8963,5904.8683,5905.2456,0.1980,0
1155,0,5899.8963,5904.8683,5905.4413,0.0466,0
1156,1,5905.3149,5910.2857,5910.6784,0.1831,0
1156,0,5905.3149,5910.2857,5910.8883,0.0391,0
1157,1,5910.7350,5915.6982,5916.0380,0.1272,0
1157,0,5910.7350,5915.6982,5916.2518,0.0445,0
1158,1,5916.1008,5920.9347,5921.3711,0.1902,0
1158,0,5916.1008,5920.9347,5921.6221,0.0546,0
1159,1,5921.4445,5926.9079,5927.3022,0.1802,0
1159,0,5921.4445,5926.9079,5927.5265,0.0478,0
1160,1,5927.3709,5932.4363,5932.7711,0.1222,0
1160,0,5927.3709,5932.4363,5932.9956,0.0507,0
1161,1,5932.8399,5937.6786,5938.0721,0.1778,0
1161,0,5932.8399,5937.6786,5938.2845,0.0440,0
1162,1,5938.1342,5943.0959,5943.4424,0.1198,0
1162,0,5938.1342,5943.0959,5943.6681,0.0442,0
1163,1,5943.5035,5948.4984,5948.8349,0.1203,0
1163,0,5943.5035,5948.4984,5949.0536,0.0432,0
1164,1,5948.8960,5953.8863,5954.3851,0.2903,0
1164,0,5948.8960,5953.8863,5954.6037,0.0427,0
1165,1,5954.4459,5960.0496,5960.4315,0.1719,0
1165,0,5954.4459,5960.0496,5960.6638,0.0492,0
1166,1,5960.5008,5965.4712,5965.8031,0.1214,0
1166,0,5960.5008,5965.4712,5966.0107,0.0456,0
1167,1,5965.8657,5970.7288,5971.1422,0.1912,0
1167,0,5965.8657,5970.7288,5971.3639,0.0453,0
1168,1,5971.2067,5976.1716,5976.4953,0.1186,0
1168,0,5971.2067,5976.1716,5976.7351,0.0576,0
1169,1,5976.5713,5981.5687,5981.9458,0.1469,0
1169,0,5976.5713,5981.5687,5982.2030,0.0465,0
1170,1,5982.0118,5987.0915,5987.5932,0.2932,0
1170,0,5982.0118,5987.0915,5987.8963,0.0538,0
1171,1,5987.6748,5993.5632,5993.8982,0.1206,0
1171,0,5987.6748,5993.5632,5994.1194,0.0447,0
1172,1,5993.9642,5998.9413,5999.2892,0.1202,0
1172,0,5993.9642,5998.9413,5999.5081,0.0457,0
1173,1,5999.3538,6004.2060,6004.6087,0.1807,0
1173,0,5999.3538,6004.2060,6004.8267,0.0446,0
1174,1,6004.6705,6009.6892,6010.0698,0.1684,0
1174,0,6004.6705,6009.6892,6010.2908,0.0452,0
1175,1,6010.1333,6015.1290,6015.4619,0.1211,0
1175,0,6010.1333,6015.1290,6015.6833,0.0461,0
1176,1,6015.5292,6020.5004,6020.9004,0.1887,0
1176,0,6015.5292,6020.5004,6021.1288,0.0450,0
1177,1,6020.9702,6026.7054,6027.0770,0.1199,0
1177,0,6020.9702,6026.7054,6027.3014,0.0443,0
1178,1,6027.1401,6032.1585,6032.4890,0.1214,0
1178,0,6027.1401,6032.1585,6032.7138,0.0526,0
1179,1,6032.5601,6037.4878,6037.8900,0.1888,0
1179,0,6032.5601,6037.4878,6038.1030,0.0446,0
1180,1,6037.9515,6042.9605,6043.3421,0.1554,0
1180,0,6037.9515,6042.9605,6043.5364,0.0449,0
1181,1,6044.3539,6049.2223,6049.5535,0.1204,0
1181,0,6044.3539,6049.2223,6049.8916,0.0416,0
1182,1,6049.6892,6054.8760,6055.2546,0.1965,0
1182,0,6049.6892,6054.8760,6055.4501,0.0382,0
1183,1,6055.3148,6061.0676,6061.4801,0.1920,0
1183,0,6055.3148,6061.0676,6061.7212,0.0458,0
1184,1,6061.5498,6066.5091,6066.8413,0.1204,0
1184,0,6061.5498,6066.5091,6067.0543,0.0450,0
1185,1,6066.9077,6071.7984,6072.1411,0.1259,0
1185,0,6066.9077,6071.7984,6072.3591,0.0449,0
1186,1,6072.2057,6077.1330,6077.4681,0.1214,0
1186,0,6072.2057,6077.1330,6077.7127,0.0429,0
1187,1,6077.5293,6082.5498,6082.9246,0.1207,0
1187,0,6077.5293,6082.5498,6083.1879,0.0506,0
1188,1,6083.0054,6088.0237,6088.3124,0.1204,0
1188,0,6083.0054,6088.0237,6088.4946,0.0359,0
1189,1,6088.3698,6093.9240,6094.2883,0.1672,0
1189,0,6088.3698,6093.9240,6094.4740,0.0372,0
1190,1,6094.3482,6099.4147,6099.7440,0.1243,0
1190,0,6094.3482,6099.4147,6100.0626,0.1376,0
1191,1,6099.9066,6105.0190,6105.3171,0.1176,0
1191,0,6099.9066,6105.0190,6105.5012,0.0361,0
1192,1,6105.3707,6110.2225,6110.5843,0.1788,0
1192,0,6105.3707,6110.2225,6110.7814,0.0423,0
1193,1,6110.6441,6115.6825,6116.1134,0.1211,0
1193,0,6110.6441,6115.6825,6116.4888,0.1853,0
1194,1,6116.3230,6121.3227,6121.6600,0.1235,0
1194,0,6116.3230,6121.3227,6121.8921,0.0409,0
1195,1,6121.7422,6127.4813,6127.8915,0.1747,0
1195,0,6121.7422,6127.4813,6128.1134,0.0424,0
1196,1,6127.9767,6132.9377,6133.3931,0.1217,0
1196,0,6127.9767,6132.9377,6133.8609,0.2128,0
1197,1,6133.6295,6138.5470,6138.8396,0.1150,0
1197,0,6133.6295,6138.5470,6139.0878,0.0353,0
1198,1,6138.8951,6143.9341,6144.2675,0.1205,0
1198,0,6138.8951,6143.9341,6144.4916,0.0466,0
1199,1,6144.3314,6149.2794,6149.6019,0.1183,0
1199,0,6144.3314,6149.2794,6149.9349,0.0505,0
1200,1,6149.6771,6154.7477,6155.1969,0.1322,0
1200,0,6149.6771,6154.7477,6155.5526,0.0424,0
1201,1,6155.3329,6161.0224,6161.3172,0.1143,0
1201,0,6155.3329,6161.0224,6161.7158,0.0381,0
1202,1,6161.4451,6166.5611,6166.9328,0.1948,0
1202,0,6161.4451,6166.5611,6167.1960,0.0364,0
1203,1,6167.0438,6171.9739,6172.4049,0.1840,0
1203,0,6167.0438,6171.9739,6172.6708,0.0423,0
1204,1,6172.4670,6177.5363,6177.8742,0.1537,0
1204,0,6172.4670,6177.5363,6178.0995,0.0433,0
1205,1,6177.9365,6182.8963,6183.2939,0.1172,0
1205,0,6177.9365,6182.8963,6183.4860,0.0401,0
1206,1,6183.3530,6188.2045,6188.5993,0.1805,0
1206,0,6183.3530,6188.2045,6188.8214,0.0451,0
1207,1,6188.6640,6194.1200,6194.4554,0.1197,0
1207,0,6188.6640,6194.1200,6194.6859,0.0423,0
1208,1,6194.5219,6199.5174,6199.9288,0.1977,0
1208,0,6194.5219,6199.5174,6200.1662,0.0510,0
1209,1,6200.0038,6204.9761,6205.3676,0.1778,0
1209,0,6200.0038,6204.9761,6205.5806,0.0442,0
1210,1,6205.4292,6210.3795,6210.7045,0.1209,0
1210,0,6205.4292,6210.3795,6210.9111,0.0443,0
1211,1,6210.7657,6215.6905,6216.0272,0.1184,0
1211,0,6210.7657,6215.6905,6216.3562,0.0467,0
1212,1,6216.0977,6221.1324,6221.4650,0.1234,0
1212,0,6216.0977,6221.1324,6221.6818,0.0438,0
1213,1,6221.5272,6227.0388,6227.3323,0.1145,0
1213,0,6221.5272,6227.0388,6227.5214,0.0354,0
1214,1,6227.3893,6232.4285,6232.7595,0.1210,0
1214,0,6227.3893,6232.4285,6233.0142,0.0471,0
1215,1,6232.8233,6237.8416,6238.2354,0.1748,0
1215,0,6232.8233,6237.8416,6238.4569,0.0455,0
1216,1,6238.2992,6243.1314,6243.4594,0.1196,0
1216,0,6238.2992,6243.1314,6243.6767,0.0446,0
1217,1,6243.5233,6248.5633,6248.8955,0.1210,0
1217,0,6243.5233,6248.5633,6249.3006,0.0455,0
1218,1,6248.9575,6254.0208,6254.3703,0.1634,0
1218,0,6248.9575,6254.0208,6254.5680,0.0399,0
1219,1,6254.4377,6259.9285,6260.2951,0.1516,0
1219,0,6254.4377,6259.9285,6260.5211,0.0438,0
1220,1,6260.3632,6265.4179,6265.7615,0.1304,0
1220,0,6260.3632,6265.4179,6265.9725,0.0538,0
1221,1,6265.8377,6270.6891,6271.0936,0.1855,0
1221,0,6265.8377,6270.6891,6271.3103,0.0433,0
1222,1,6271.1561,6276.2021,6276.5005,0.1060,0
1222,0,6271.1561,6276.2021,6276.6978,0.0373,0
1223,1,6276.5599,6281.6424,6282.0027,0.1791,0
1223,0,6276.5599,6281.6424,6282.2192,0.0373,0
1224,1,6282.0603,6286.9380,6287.3572,0.1842,0
1224,0,6282.0603,6286.9380,6287.5765,0.0437,0
1225,1,6287.4202,6292.3641,6292.9792,0.3803,0
1225,0,6287.4202,6292.3641,6293.2319,0.0547,0
1226,1,6293.0547,6297.9276,6298.3617,0.1623,0
1226,0,6293.0547,6297.9276,6298.6207,0.0401,0
1227,1,6298.4244,6303.1525,6303.6314,0.2955,0
1227,0,6298.4244,6303.1525,6303.8291,0.0451,0
1228,1,6303.6955,6308.1701,6308.5353,0.1847,0
1228,0,6303.6955,6308.1701,6308.7242,0.0452,0
1229,1,6308.5974,6313.7645,6314.0912,0.1169,0
1229,0,6308.5974,6313.7645,6314.3159,0.0405,0
1230,1,6314.1602,6319.2546,6319.6177,0.1840,0
1230,0,6314.1602,6319.2546,6319.8016,0.0374,0
1231,1,6319.6770,6324.9559,6325.2922,0.1266,0
1231,0,6319.6770,6324.9559,6325.5015,0.0424,0
1232,1,6325.3518,6330.4775,6330.7913,0.1246,0
1232,0,6325.3518,6330.4775,6331.0029,0.0464,0
1233,1,6330.8607,6335.9136,6336.2872,0.1830,0
1233,0,6330.8607,6335.9136,6336.4848,0.0365,0
1234,1,6336.3513,6341.3838,6341.7351,0.1229,0
1234,0,6336.3513,6341.3838,6341.9621,0.0403,0
1235,1,6341.8023,6347.0284,6347.3801,0.1700,0
1235,0,6341.8023,6347.0284,6347.5823,0.0461,0
1236,1,6347.4452,6352.4375,6352.8346,0.1806,0
1236,0,6347.4452,6352.4375,6353.0603,0.0454,0
1237,1,6352.9082,6358.3497,6358.7753,0.1205,0
1237,0,6352.9082,6358.3497,6359.0950,0.1370,0
1238,1,6358.9334,6363.9496,6364.2433,0.1126,0
1238,0,6358.9334,6363.9496,6364.4229,0.0365,0
1239,1,6364.2967,6369.1864,6369.5785,0.1806,0
1239,0,6364.2967,6369.1864,6369.7849,0.0432,0
1240,1,6369.6386,6374.4801,6374.8742,0.1830,0
1240,0,6369.6386,6374.4801,6375.0907,0.0438,0
1241,1,6374.9580,6380.0169,6380.3070,0.1126,0
1241,0,6374.9580,6380.0169,6380.4882,0.0395,0
1242,1,6380.3635,6385.1904,6385.5858,0.1851,0
1242,0,6380.3635,6385.1904,6385.8655,0.0529,0
1243,1,6385.6642,6390.6838,6391.0999,0.1159,0
1243,0,6385.6642,6390.6838,6391.4586,0.1982,0
1244,1,6391.3206,6396.3759,6396.7036,0.1176,0
1244,0,6391.3206,6396.3759,6396.9266,0.0447,0
1245,1,6396.7721,6401.7886,6402.1827,0.1836,0
1245,0,6396.7721,6401.7886,6402.4110,0.0524,0
1246,1,6402.2549,6407.1412,6407.5026,0.1734,0
1246,0,6402.2549,6407.1412,6407.7261,0.0441,0
1247,1,6407.5644,6412.5947,6412.9204,0.1198,0
1247,0,6407.5644,6412.5947,6413.1401,0.0492,0
1248,1,6412.9874,6417.8260,6418.2511,0.1774,0
1248,0,6412.9874,6417.8260,6418.4977,0.0477,0
1249,1,6418.3183,6423.3620,6423.7610,0.1732,0
1249,0,6418.3183,6423.3620,6423.9966,0.0490,0
1250,1,6423.8325,6428.7675,6429.1573,0.1680,0
1250,0,6423.8325,6428.7675,6429.4417,0.1027,0
1251,1,6429.2802,6434.1472,6434.5807,0.1885,0
1251,0,6429.2802,6434.1472,6434.7966,0.0407,0
1252,1,6434.6395,6439.3550,6439.8620,0.2825,0
1252,0,6434.6395,6439.3550,6440.1471,0.0416,0
1253,1,6439.9214,6444.8885,6445.1851,0.1159,0
1253,0,6439.9214,6444.8885,6445.3693,0.0355,0
1254,1,6445.2407,6449.8885,6450.2225,0.1230,0
1254,0,6445.2407,6449.8885,6450.4351,0.0445,0
1255,1,6450.2841,6455.1129,6455.5108,0.1708,0
1255,0,6450.2841,6455.1129,6455.7321,0.0440,0
1256,1,6455.5744,6460.9770,6461.3068,0.1197,0
1256,0,6455.5744,6460.9770,6461.5214,0.0420,0
1257,1,6461.3696,6466.4646,6466.8393,0.1923,0
1257,0,6461.3696,6466.4646,6467.0636,0.0731,0
1258,1,6466.9329,6471.7372,6472.0979,0.1205,0
1258,0,6466.9329,6471.7372,6472.3331,0.0437,0
1259,1,6472.1661,6477.0965,6477.4008,0.1164,0
1259,0,6472.1661,6477.0965,6477.5919,0.0450,0
1260,1,6477.4625,6482.4079,6482.7812,0.1580,0
1260,0,6477.4625,6482.4079,6483.1309,0.0443,0
1261,1,6482.8566,6487.9524,6488.3367,0.1756,0
1261,0,6482.8566,6487.9524,6488.5549,0.0439,0
1262,1,6488.3987,6493.8034,6494.1345,0.1201,0
1262,0,6488.3987,6493.8034,6494.3760,0.0400,0
1263,1,6494.1918,6499.3090,6499.6415,0.1246,0
1263,0,6494.1918,6499.3090,6499.8643,0.0486,0
1264,1,6499.7077,6504.5898,6504.9900,0.1822,0
1264,0,6499.7077,6504.5898,6505.2144,0.0444,0
1265,1,6505.0587,6509.9959,6510.3316,0.1214,0
1265,0,6505.0587,6509.9959,6510.5476,0.0452,0
1266,1,6510.3948,6515.3446,6515.6843,0.1229,0
1266,0,6510.3948,6515.3446,6515.8990,0.0423,0
1267,1,6515.7456,6520.7335,6521.0737,0.1210,0
1267,0,6515.7456,6520.7335,6521.2926,0.0399,0
1268,1,6521.1331,6526.3947,6526.8545,0.2409,0
1268,0,6521.1331,6526.3947,6527.0755,0.0457,0
1269,1,6526.9200,6532.1695,6532.5506,0.1733,0
1269,0,6526.9200,6532.1695,6532.7773,0.0461,0
1270,1,6532.6261,6537.5871,6537.8998,0.1169,0
1270,0,6532.6261,6537.5871,6538.0984,0.0449,0
1271,1,6537.9708,6542.8925,6543.1916,0.1166,0
1271,0,6537.9708,6542.8925,6543.3848,0.0363,0
1272,1,6543.2465,6548.4159,6548.7697,0.1713,0
1272,0,6543.2465,6548.4159,6548.9411,0.0433,0
1273,1,6549.9588,6554.6784,6555.0685,0.1791,0
1273,0,6549.9588,6554.6784,6555.3589,0.0406,0
1274,1,6555.3416,6560.6916,6561.0462,0.1759,0
1274,0,6555.3416,6560.6916,6561.2394,0.0361,0
1275,1,6561.1074,6566.3761,6566.7220,0.1229,0
1275,0,6561.1074,6566.3761,6567.0861,0.0443,0
1276,1,6566.7907,6571.9362,6572.2263,0.1151,0
1276,0,6566.7907,6571.9362,6572.4169,0.0372,0
1277,1,6572.2855,6577.2329,6577.6081,0.1163,0
1277,0,6572.2855,6577.2329,6577.8146,0.0493,0
1278,1,6577.6803,6582.7683,6583.1052,0.1237,0
1278,0,6577.6803,6582.7683,6583.3572,0.0469,0
1279,1,6583.1700,6588.3166,6588.7112,0.1781,0
1279,0,6583.1700,6588.3166,6588.9245,0.0432,0
1280,1,6588.7712,6594.1802,6594.5014,0.1155,0
1280,0,6588.7712,6594.1802,6594.6942,0.0378,0
1281,1,6594.5630,6599.8200,6600.1509,0.1237,0
1281,0,6594.5630,6599.8200,6600.3840,0.0528,0
1282,1,6600.2272,6605.1857,6605.5137,0.1204,0
1282,0,6600.2272,6605.1857,6605.7361,0.0448,0
1283,1,6605.5765,6610.4450,6610.7861,0.1290,0
1283,0,6605.5765,6610.4450,6611.0010,0.0439,0
1284,1,6610.8474,6615.8295,6616.1364,0.1256,0
1284,0,6610.8474,6615.8295,6616.3187,0.0366,0
1285,1,6616.2096,6621.0956,6621.4401,0.1231,0
1285,0,6616.2096,6621.0956,6621.6512,0.0478,0
1286,1,6621.5050,6626.9110,6627.2099,0.1159,0
1286,0,6621.5050,6626.9110,6627.3938,0.0370,0
1287,1,6627.2658,6632.4372,6632.7869,0.1243,0
1287,0,6627.2658,6632.4372,6633.0045,0.0480,0
1288,1,6632.8537,6637.6954,6638.0363,0.1298,0
1288,0,6632.8537,6637.6954,6638.2598,0.0441,0
1289,1,6638.1056,6643.0830,6643.4166,0.1260,0
1289,0,6638.1056,6643.0830,6643.6305,0.0443,0
1290,1,6643.4792,6648.5780,6648.9220,0.1275,0
1290,0,6643.4792,6648.5780,6649.1345,0.0435,0
1291,1,6648.9846,6653.9134,6654.2330,0.1150,0
1291,0,6648.9846,6653.9134,6654.4240,0.0384,0
1292,1,6654.2953,6660.0001,6660.3116,0.1200,0
1292,0,6654.2953,6660.0001,6660.5037,0.0369,0
1293,1,6660.3671,6665.4824,6665.8254,0.1234,0
1293,0,6660.3671,6665.4824,6666.0327,0.0461,0
1294,1,6665.8884,6670.7362,6671.2038,0.1224,0
1294,0,6665.8884,6670.7362,6671.5735,0.0461,0
1295,1,6671.2755,6676.3431,6676.6387,0.1179,0
1295,0,6671.2755,6676.3431,6676.9424,0.0361,0
1296,1,6676.7319,6682.0283,6682.3779,0.1157,0
1296,0,6676.7319,6682.0283,6682.7852,0.0513,0
1297,1,6682.5103,6687.5179,6687.8096,0.1143,0
1297,0,6682.5103,6687.5179,6688.1488,0.0360,0
1298,1,6687.9220,6693.3623,6693.8059,0.1535,0
1298,0,6687.9220,6693.3623,6694.0287,0.0446,0
1299,1,6693.8732,6699.0766,6699.4081,0.1523,0
1299,0,6693.8732,6699.0766,6699.6023,0.0373,0
1300,1,6699.4673,6704.4980,6704.8301,0.1213,0
1300,0,6699.4673,6704.4980,6705.0628,0.0455,0
1301,1,6704.8935,6709.7419,6710.0832,0.1197,0
1301,0,6704.8935,6709.7419,6710.3151,0.0458,0
1302,1,6710.1581,6715.1235,6715.4585,0.1246,0
1302,0,6710.1581,6715.1235,6715.6803,0.0447,0
1303,1,6715.5223,6720.5847,6720.9122,0.1199,0
1303,0,6715.5223,6720.5847,6721.1528,0.0494,0
1304,1,6720.9918,6726.4400,6726.8727,0.2231,0
1304,0,6720.9918,6726.4400,6727.0731,0.0454,0
1305,1,6726.9392,6732.1754,6732.5187,0.1341,0
1305,0,6726.9392,6732.1754,6732.7354,0.0471,0
1306,1,6732.5831,6737.5064,6737.8377,0.1197,0
1306,0,6732.5831,6737.5064,6738.0456,0.0444,0
1307,1,6737.8999,6742.8462,6743.1728,0.1195,0
1307,0,6737.8999,6742.8462,6743.3883,0.0500,0
1308,1,6743.2404,6748.3564,6748.6810,0.1210,0
1308,0,6743.2404,6748.3564,6749.1045,0.0989,0
1309,1,6748.8036,6753.8313,6754.1681,0.1260,0
1309,0,6748.8036,6753.8313,6754.3848,0.0441,0
1310,1,6754.2306,6759.5851,6760.0965,0.3240,0
1310,0,6754.2306,6759.5851,6760.2892,0.0366,0
1311,1,6760.1545,6765.3774,6765.6751,0.1181,0
1311,0,6760.1545,6765.3774,6765.8755,0.0489,0
1312,1,6765.7492,6770.6177,6770.9092,0.1149,0
1312,0,6765.7492,6770.6177,6771.1065,0.0463,0
1313,1,6770.9763,6775.8380,6776.1832,0.1241,0
1313,0,6770.9763,6775.8380,6776.3725,0.0360,0
1314,1,6776.2408,6781.0195,6781.3253,0.1272,0
1314,0,6776.2408,6781.0195,6781.5315,0.0480,0
1315,1,6781.3925,6785.8889,6786.1887,0.1158,0
1315,0,6781.3925,6785.8889,6786.3752,0.0362,0
1316,1,6786.2420,6791.5458,6791.8839,0.1204,0
1316,0,6786.2420,6791.5458,6792.1571,0.0443,0
1317,1,6791.9489,6797.0990,6797.4341,0.1203,0
1317,0,6791.9489,6797.0990,6797.6606,0.0438,0
1318,1,6797.5013,6802.4423,6802.7732,0.1201,0
1318,0,6797.5013,6802.4423,6802.9908,0.0445,0
1319,1,6802.8365,6807.6952,6808.0352,0.1279,0
1319,0,6802.8365,6807.6952,6808.2459,0.0445,0
1320,1,6808.0969,6813.1480,6813.4763,0.1207,0
1320,0,6808.0969,6813.1480,6813.7023,0.0454,0
1321,1,6813.5399,6818.5438,6818.8796,0.1198,0
1321,0,6813.5399,6818.5438,6819.0891,0.0439,0
1322,1,6818.9404,6823.8065,6824.2073,0.1218,0
1322,0,6818.9404,6823.8065,6824.7822,0.4127,0
1323,1,6824.6411,6829.8282,6830.1663,0.1220,0
1323,0,6824.6411,6829.8282,6830.3974,0.0449,0
1324,1,6830.2350,6835.1675,6835.4564,0.1125,0
1324,0,6830.2350,6835.1675,6835.6392,0.0363,0
1325,1,6835.5151,6840.4487,6840.7821,0.1209,0
1325,0,6835.5151,6840.4487,6840.9929,0.0436,0
1326,1,6840.8431,6845.7430,6846.1728,0.2095,0
1326,0,6840.8431,6845.7430,6846.3936,0.0437,0
1327,1,6846.2384,6851.2305,6851.5669,0.1203,0
1327,0,6846.2384,6851.2305,6851.7867,0.0446,0
1328,1,6851.6306,6856.5797,6856.9765,0.1633,0
1328,0,6851.6306,6856.5797,6857.2054,0.0419,0
1329,1,6857.0364,6862.0569,6862.4271,0.1192,0
1329,0,6857.0364,6862.0569,6862.7849,0.1767,0
1330,1,6862.6450,6867.5552,6867.9656,0.1188,0
1330,0,6862.6450,6867.5552,6868.1970,0.0492,0
1331,1,6868.0330,6872.6900,6873.0740,0.1697,0
1331,0,6868.0330,6872.6900,6873.3552,0.0449,0
1332,1,6873.1354,6877.6813,6878.0297,0.1249,0
1332,0,6873.1354,6877.6813,6878.2737,0.0458,0
1333,1,6878.1021,6883.3082,6883.6374,0.1219,0
1333,0,6878.1021,6883.3082,6883.8615,0.0502,0
1334,1,6883.7065,6888.5700,6888.8997,0.1214,0
1334,0,6883.7065,6888.5700,6889.1941,0.0851,0
1335,1,6889.0067,6894.4621,6894.8007,0.1290,0
1335,0,6889.0067,6894.4621,6895.0127,0.0459,0
1336,1,6894.8647,6899.9440,6900.2635,0.1160,0
1336,0,6894.8647,6899.9440,6900.4633,0.0452,0
1337,1,6900.3296,6905.3037,6905.5937,0.1145,0
1337,0,6900.3296,6905.3037,6905.7829,0.0365,0
1338,1,6905.6523,6910.6264,6910.9208,0.1150,0
1338,0,6905.6523,6910.6264,6911.1111,0.0377,0
1339,1,6910.9819,6916.2096,6916.5418,0.1244,0
1339,0,6910.9819,6916.2096,6916.7716,0.0496,0
1340,1,6916.6094,6921.4976,6921.7914,0.1150,0
1340,0,6916.6094,6921.4976,6921.9828,0.0355,0
1341,1,6921.8507,6927.3844,6927.7220,0.1230,0
1341,0,6921.8507,6927.3844,6927.9296,0.0422,0
1342,1,6927.7856,6932.9565,6933.3096,0.1327,0
1342,0,6927.7856,6932.9565,6933.5225,0.0450,0
1343,1,6933.3728,6938.2467,6938.5745,0.1205,0
1343,0,6933.3728,6938.2467,6938.7905,0.0464,0
1344,1,6938.6392,6943.5226,6943.8572,0.1253,0
1344,0,6938.6392,6943.5226,6944.0732,0.0436,0
1345,1,6943.9176,6948.9033,6949.2487,0.1345,0
1345,0,6943.9176,6948.9033,6949.4596,0.0432,0
1346,1,6949.3098,6954.1891,6954.5193,0.1169,0
1346,0,6949.3098,6954.1891,6954.7517,0.0417,0
1347,1,6954.5889,6960.2898,6960.6226,0.1239,0
1347,0,6954.5889,6960.2898,6960.8505,0.0434,0
1348,1,6960.6908,6965.7991,6966.1668,0.1327,0
1348,0,6960.6908,6965.7991,6966.4262,0.0466,0
1349,1,6966.2371,6971.2747,6971.6181,0.1267,0
1349,0,6966.2371,6971.2747,6971.8278,0.0430,0
1350,1,6971.6783,6976.5438,6976.8822,0.1225,0
1350,0,6971.6783,6976.5438,6977.0958,0.0406,0
1351,1,6976.9409,6981.9489,6982.2977,0.1160,0
1351,0,6976.9409,6981.9489,6982.5243,0.0469,0
1352,1,6982.3651,6987.4217,6987.7551,0.1202,0
1352,0,6982.3651,6987.4217,6987.9963,0.0436,0
1353,1,6987.8158,6993.1054,6993.5185,0.2051,0
1353,0,6987.8158,6993.1054,6993.7406,0.0441,0
1354,1,6993.5834,6998.5848,6998.9240,0.1195,0
1354,0,6993.5834,6998.5848,6999.1498,0.0544,0
1355,1,6998.9970,7003.9856,7004.2847,0.1160,0
1355,0,6998.9970,7003.9856,7004.4726,0.0376,0
1356,1,7004.3441,7009.4095,7009.7188,0.1185,0
1356,0,7004.3441,7009.4095,7009.9104,0.0385,0
1357,1,7009.7795,7015.0614,7015.3870,0.1158,0
1357,0,7009.7795,7015.0614,7015.6073,0.0449,0
1358,1,7015.4508,7020.4330,7020.7415,0.1102,0
1358,0,7015.4508,7020.4330,7020.9616,0.0488,0
1359,1,7020.8124,7026.3019,7026.5994,0.1154,0
1359,0,7020.8124,7026.3019,7026.8451,0.0733,0
1360,1,7026.6993,7031.9284,7032.2698,0.1196,0
1360,0,7026.6993,7031.9284,7032.4944,0.0461,0
1361,1,7032.3366,7037.2626,7037.5536,0.1117,0
1361,0,7032.3366,7037.2626,7037.7475,0.0358,0
1362,1,7037.6107,7042.6893,7043.1053,0.1694,0
1362,0,7037.6107,7042.6893,7043.3221,0.0432,0
1363,1,7043.1679,7048.3351,7048.6609,0.1167,0
1363,0,7043.1679,7048.3351,7048.8820,0.0445,0
1364,1,7048.7268,7053.7025,7054.0414,0.1267,0
1364,0,7048.7268,7053.7025,7054.2299,0.0396,0
1365,1,7055.0339,7060.3890,7060.7250,0.1251,0
1365,0,7055.0339,7060.3890,7061.0321,0.0426,0
1366,1,7060.8272,7066.0524,7066.3438,0.1130,0
1366,0,7060.8272,7066.0524,7066.5338,0.0365,0
1367,1,7066.4025,7071.3645,7071.7042,0.1211,0
1367,0,7066.4025,7071.3645,7071.9431,0.0524,0
1368,1,7071.7817,7076.7921,7077.0901,0.1197,0
1368,0,7071.7817,7076.7921,7077.2867,0.0440,0
1369,1,7077.1521,7082.1012,7082.4800,0.1660,0
1369,0,7077.1521,7082.1012,7082.6934,0.0459,0
1370,1,7082.5433,7087.4311,7087.7676,0.1204,0
1370,0,7082.5433,7087.4311,7088.0223,0.0445,0
1371,1,7087.8286,7093.3703,7093.6710,0.1160,0
1371,0,7087.8286,7093.3703,7093.8700,0.0364,0
1372,1,7093.7299,7098.8867,7099.2146,0.1215,0
1372,0,7093.7299,7098.8867,7099.4274,0.0460,0
1373,1,7099.2778,7104.1671,7104.4974,0.1193,0
1373,0,7099.2778,7104.1671,7104.7071,0.0447,0
1374,1,7104.5777,7109.4564,7109.7614,0.1178,0
1374,0,7104.5777,7109.4564,7109.9533,0.0352,0
1375,1,7109.8186,7115.0256,7115.3068,0.1036,0
1375,0,7109.8186,7115.0256,7115.4938,0.0380,0
1376,1,7115.3674,7120.4304,7120.7785,0.1144,0
1376,0,7115.3674,7120.4304,7120.9939,0.0440,0
1377,1,7120.8403,7125.5829,7126.3688,0.5495,0
1377,0,7120.8403,7125.5829,7126.7251,0.1686,0
1378,1,7126.5610,7131.6714,7132.0495,0.1189,0
1378,0,7126.5610,7131.6714,7132.2643,0.0462,0
1379,1,7132.1170,7137.1956,7137.5372,0.1150,0
1379,0,7132.1170,7137.1956,7137.7246,0.0381,0
1380,1,7137.5980,7142.6969,7143.1096,0.1756,0
1380,0,7137.5980,7142.6969,7143.3311,0.0423,0
1381,1,7143.1724,7148.3541,7148.6494,0.1150,0
1381,0,7143.1724,7148.3541,7148.8451,0.0439,0
1382,1,7148.7118,7153.6808,7154.1196,0.1129,0
1382,0,7148.7118,7153.6808,7154.4100,0.0471,0
1383,1,7154.2040,7159.7005,7160.1164,0.2121,0
1383,0,7154.2040,7159.7005,7160.3364,0.0404,0
1384,1,7160.1782,7165.2300,7165.5673,0.1212,0
1384,0,7160.1782,7165.2300,7165.7807,0.0443,0
1385,1,7165.6290,7170.6090,7170.9563,0.1218,0
1385,0,7165.6290,7170.6090,7171.3251,0.0447,0
1386,1,7171.0859,7176.2349,7176.5681,0.1251,0
1386,0,7171.0859,7176.2349,7177.0265,0.0455,0
1387,1,7176.6820,7182.0698,7182.3796,0.1243,0
1387,0,7176.6820,7182.0698,7182.6691,0.0402,0
1388,1,7182.4930,7187.4235,7187.7879,0.1519,0
1388,0,7182.4930,7187.4235,7188.0483,0.0497,0
1389,1,7187.8579,7193.4217,7193.7569,0.1548,0
1389,0,7187.8579,7193.4217,7193.9535,0.0429,0
1390,1,7193.8181,7198.9294,7199.2241,0.1146,0
1390,0,7193.8181,7198.9294,7199.4111,0.0445,0
1391,1,7199.2854,7204.1872,7204.5247,0.1217,0
1391,0,7199.2854,7204.1872,7204.7434,0.0455,0
1392,1,7204.5884,7209.6319,7209.9517,0.1176,0
1392,0,7204.5884,7209.6319,7210.1662,0.0450,0
1393,1,7210.0139,7215.0656,7215.4111,0.1283,0
1393,0,7210.0139,7215.0656,7215.6697,0.0439,0
1394,1,7215.4757,7220.5240,7220.8687,0.1202,0
1394,0,7215.4757,7220.5240,7221.0958,0.0457,0
1395,1,7220.9398,7226.6482,7226.9565,0.1179,0
1395,0,7220.9398,7226.6482,7227.1567,0.0443,0
1396,1,7227.0227,7232.1442,7232.4817,0.1261,0
1396,0,7227.0227,7232.1442,7232.7050,0.0469,0
1397,1,7232.5475,7237.4706,7237.7982,0.1213,0
1397,0,7232.5475,7237.4706,7238.0446,0.0453,0
1398,1,7237.8619,7242.9866,7243.2942,0.1158,0
1398,0,7237.8619,7242.9866,7243.4818,0.0369,0
1399,1,7243.3520,7248.4824,7248.8195,0.1237,0
1399,0,7243.3520,7248.4824,7249.0341,0.0432,0
1400,1,7248.8855,7253.8827,7254.1733,0.1125,0
1400,0,7248.8855,7253.8827,7254.3679,0.0395,0
1401,1,7254.2332,7259.9361,7260.2801,0.1349,0
1401,0,7254.2332,7259.9361,7260.5004,0.0432,0
1402,1,7260.3444,7265.4015,7265.8060,0.1209,0
1402,0,7260.3444,7265.4015,7266.0314,0.0447,0
1403,1,7265.8704,7270.7942,7271.1311,0.1198,0
1403,0,7265.8704,7270.7942,7271.3502,0.0444,0
1404,1,7271.1948,7276.3241,7276.7037,0.1270,0
1404,0,7271.1948,7276.3241,7276.9266,0.0461,0
1405,1,7276.7680,7281.8965,7282.2438,0.1297,0
1405,0,7276.7680,7281.8965,7282.4510,0.0394,0
1406,1,7282.3063,7287.3448,7287.6392,0.1130,0
1406,0,7282.3063,7287.3448,7287.8599,0.0371,0
1407,1,7287.7016,7293.2070,7293.5787,0.1560,0
1407,0,7287.7016,7293.2070,7293.8017,0.0428,0
1408,1,7293.6427,7298.7905,7299.0869,0.1165,0
1408,0,7293.6427,7298.7905,7299.2787,0.0400,0
1409,1,7299.1447,7304.0592,7304.3914,0.1202,0
1409,0,7299.1447,7304.0592,7304.5979,0.0414,0
1410,1,7304.4498,7309.5727,7309.9256,0.1270,0
1410,0,7304.4498,7309.5727,7310.2254,0.0413,0
1411,1,7309.9862,7315.1752,7315.4678,0.1134,0
1411,0,7309.9862,7315.1752,7315.6668,0.0363,0
1412,1,7315.5258,7320.6538,7320.9500,0.1156,0
1412,0,7315.5258,7320.6538,7321.1460,0.0379,0
1413,1,7321.0109,7326.4703,7326.8871,0.1938,0
1413,0,7321.0109,7326.4703,7327.1091,0.0450,0
1414,1,7326.9535,7331.9918,7332.3338,0.1225,0
1414,0,7326.9535,7331.9918,7332.5645,0.0441,0
1415,1,7332.3970,7337.3313,7337.6637,0.1217,0
1415,0,7332.3970,7337.3313,7337.8882,0.0503,0
1416,1,7337.7327,7342.8105,7343.1640,0.1225,0
1416,0,7337.7327,7342.8105,7343.3799,0.0435,0
1417,1,7343.2266,7348.3963,7348.7464,0.1225,0
1417,0,7343.2266,7348.3963,7348.9664,0.0455,0
1418,1,7348.8102,7353.9188,7354.2769,0.1106,0
1418,0,7348.8102,7353.9188,7354.4877,0.0447,0
1419,1,7354.3772,7360.0454,7360.4335,0.1692,0
1419,0,7354.3772,7360.0454,7360.6666,0.0460,0
1420,1,7360.5016,7365.6446,7365.9435,0.1176,0
1420,0,7360.5016,7365.6446,7366.1401,0.0443,0
1421,1,7366.0060,7370.8499,7371.2229,0.1509,0
1421,0,7366.0060,7370.8499,7371.4408,0.0459,0
1422,1,7371.2876,7376.1826,7376.5104,0.1226,0
1422,0,7371.2876,7376.1826,7376.7396,0.0441,0
1423,1,7376.5727,7381.6073,7382.0308,0.1464,0
1423,0,7376.5727,7381.6073,7382.2882,0.0472,0
1424,1,7382.1017,7387.1557,7387.4922,0.1602,0
1424,0,7382.1017,7387.1557,7387.6842,0.0366,0
1425,1,7387.5508,7393.0624,7393.4285,0.1833,0
1425,0,7387.5508,7393.0624,7393.6281,0.0453,0
1426,1,7393.4952,7398.5164,7398.8189,0.1196,0
1426,0,7393.4952,7398.5164,7399.0064,0.0447,0
1427,1,7398.8805,7403.9305,7404.2636,0.1167,0
1427,0,7398.8805,7403.9305,7404.4764,0.0441,0
1428,1,7404.3254,7409.2971,7409.5879,0.1120,0
1428,0,7404.3254,7409.2971,7409.7778,0.0433,0
1429,1,7409.6504,7414.4356,7414.7792,0.1600,0
1429,0,7409.6504,7414.4356,7414.9761,0.0393,0
1430,1,7414.8355,7419.3260,7419.6564,0.1213,0
1430,0,7414.8355,7419.3260,7419.8649,0.0462,0
1431,1,7419.7194,7425.0923,7425.4199,0.1202,0
1431,0,7419.7194,7425.0923,7425.6392,0.0489,0
1432,1,7425.4870,7430.6663,7430.9910,0.1186,0
1432,0,7425.4870,7430.6663,7431.2198,0.0431,0
1433,1,7431.0657,7436.1732,7436.5019,0.1208,0
1433,0,7431.0657,7436.1732,7436.7235,0.0441,0
1434,1,7436.5648,7441.4667,7441.7994,0.1233,0
1434,0,7436.5648,7441.4667,7442.0323,0.0444,0
1435,1,7441.8666,7447.0822,7447.3738,0.1169,0
1435,0,7441.8666,7447.0822,7447.5545,0.0365,0
1436,1,7447.4290,7452.3087,7452.6384,0.1216,0
1436,0,7447.4290,7452.3087,7452.8481,0.0443,0
1437,1,7452.7022,7458.0853,7458.3900,0.1185,0
1437,0,7452.7022,7458.0853,7458.5850,0.0384,0
1438,1,7458.4505,7463.6355,7463.9275,0.1108,0
1438,0,7458.4505,7463.6355,7464.1491,0.0470,0
1439,1,7464.0001,7469.1096,7469.4357,0.1202,0
1439,0,7464.0001,7469.1096,7469.6503,0.0408,0
1440,1,7469.4951,7474.4000,7474.7377,0.1240,0
1440,0,7469.4951,7474.4000,7474.9604,0.0446,0
1441,1,7474.8012,7479.8044,7480.1115,0.1150,0
1441,0,7474.8012,7479.8044,7480.3059,0.0458,0
1442,1,7480.1754,7485.1839,7485.5162,0.1198,0
1442,0,7480.1754,7485.1839,7485.7288,0.0442,0
1443,1,7485.5777,7490.4450,7490.8822,0.1271,0
1443,0,7485.5777,7490.4450,7491.1579,0.0635,0
1444,1,7490.9716,7496.2004,7496.5328,0.1261,0
1444,0,7490.9716,7496.2004,7496.7567,0.0449,0
1445,1,7496.6014,7501.6437,7501.9781,0.1215,0
1445,0,7496.6014,7501.6437,7502.2056,0.0447,0
1446,1,7502.0429,7507.0169,7507.3508,0.1242,0
1446,0,7502.0429,7507.0169,7507.5654,0.0430,0
1447,1,7507.4116,7512.2892,7512.7750,0.2953,0
1447,0,7507.4116,7512.2892,7512.9602,0.0373,0
1448,1,7512.8339,7517.9834,7518.2798,0.1129,0
1448,0,7512.8339,7517.9834,7518.4703,0.0358,0
1449,1,7518.3378,7523.3876,7523.7448,0.1249,0
1449,0,7518.3378,7523.3876,7523.9955,0.0447,0
1450,1,7523.8082,7528.8353,7529.1993,0.1456,0
1450,0,7523.8082,7528.8353,7529.4811,0.0924,0
1451,1,7529.3120,7534.2412,7534.6219,0.1185,0
1451,0,7529.3120,7534.2412,7534.8486,0.0478,0
1452,1,7534.6931,7539.3793,7539.7214,0.1630,0
1452,0,7534.6931,7539.3793,7539.9032,0.0370,0
1453,1,7539.7757,7544.8322,7545.1639,0.1250,0
1453,0,7539.7757,7544.8322,7545.3771,0.0457,0
1454,1,7545.2265,7549.8402,7550.2547,0.1208,0
1454,0,7545.2265,7549.8402,7550.6173,0.0572,0
1455,1,7550.3446,7555.4437,7555.7832,0.1319,0
1455,0,7550.3446,7555.4437,7555.9764,0.0435,0
1456,1,7556.7609,7561.9357,7562.2672,0.1207,0
1456,0,7556.7609,7561.9357,7562.5883,0.0415,0
1457,1,7562.4540,7567.4469,7567.8353,0.1338,0
1457,0,7562.4540,7567.4469,7568.0366,0.0388,0
1458,1,7567.8933,7572.5785,7572.9261,0.1568,0
1458,0,7567.8933,7572.5785,7573.1097,0.0374,0
1459,1,7572.9806,7577.5612,7577.8670,0.1161,0
1459,0,7572.9806,7577.5612,7578.0553,0.0452,0
1460,1,7577.9289,7582.9238,7583.2169,0.1152,0
1460,0,7577.9289,7582.9238,7583.4051,0.0429,0
1461,1,7583.2780,7588.2147,7588.5480,0.1235,0
1461,0,7583.2780,7588.2147,7588.7853,0.0454,0
1462,1,7588.6105,7594.1006,7594.4339,0.1197,0
1462,0,7588.6105,7594.1006,7594.6587,0.0436,0
1463,1,7594.5007,7599.7388,7600.0283,0.1128,0
1463,0,7594.5007,7599.7388,7600.2138,0.0359,0
1464,1,7600.1213,7604.9811,7605.2802,0.1184,0
1464,0,7600.1213,7604.9811,7605.4771,0.0449,0
1465,1,7605.3423,7610.2089,7610.5320,0.1171,0
1465,0,7605.3423,7610.2089,7610.7432,0.0447,0
1466,1,7610.5937,7615.5802,7615.8821,0.1169,0
1466,0,7610.5937,7615.5802,7616.0770,0.0455,0
1467,1,7615.9458,7620.9244,7621.2909,0.1240,0
1467,0,7615.9458,7620.9244,7621.5431,0.0530,0
1468,1,7621.3622,7626.8012,7627.1329,0.1198,0
1468,0,7621.3622,7626.8012,7627.3567,0.0441,0
1469,1,7627.1972,7632.1854,7632.5304,0.1256,0
1469,0,7627.1972,7632.1854,7632.7493,0.0463,0
1470,1,7632.5950,7637.6017,7637.9486,0.1243,0
1470,0,7632.5950,7637.6017,7638.1558,0.0424,0
1471,1,7638.0084,7642.8687,7643.1580,0.1150,0
1471,0,7638.0084,7642.8687,7643.3408,0.0370,0
1472,1,7643.2123,7648.2703,7648.6516,0.1581,0
1472,0,7643.2123,7648.2703,7648.8762,0.0432,0
1473,1,7648.7157,7653.8177,7654.1924,0.1582,0
1473,0,7648.7157,7653.8177,7654.4105,0.0423,0
1474,1,7654.2600,7659.6744,7660.0047,0.1142,0
1474,0,7654.2600,7659.6744,7660.3669,0.0496,0
1475,1,7660.1188,7665.2287,7665.5650,0.1206,0
1475,0,7660.1188,7665.2287,7665.9636,0.0441,0
1476,1,7665.6779,7670.8190,7671.1561,0.1278,0
1476,0,7665.6779,7670.8190,7671.4832,0.0410,0
1477,1,7671.2645,7676.2136,7676.7756,0.1484,0
1477,0,7671.2645,7676.2136,7677.2878,0.0404,0
1478,1,7676.8345,7682.1711,7682.5389,0.1458,0
1478,0,7676.8345,7682.1711,7682.7682,0.0495,0
1479,1,7682.6111,7687.6899,7687.9850,0.1149,0
1479,0,7682.6111,7687.6899,7688.1840,0.0361,0
1480,1,7688.0433,7693.6244,7693.9217,0.1151,0
1480,0,7688.0433,7693.6244,7694.1296,0.0389,0
1481,1,7693.9819,7699.1254,7699.4533,0.1208,0
1481,0,7693.9819,7699.1254,7699.6740,0.0453,0
1482,1,7699.5176,7704.4352,7704.7395,0.1198,0
1482,0,7699.5176,7704.4352,7704.9366,0.0443,0
1483,1,7704.8023,7709.6694,7709.9677,0.1153,0
1483,0,7704.8023,7709.6694,7710.1841,0.0438,0
1484,1,7710.0292,7715.0985,7715.3955,0.1139,0
1484,0,7710.0292,7715.0985,7715.6014,0.0452,0
1485,1,7715.4602,7720.4883,7720.8442,0.1538,0
1485,0,7715.4602,7720.4883,7721.0689,0.0430,0
1486,1,7720.9094,7726.2218,7726.5557,0.1213,0
1486,0,7720.9094,7726.2218,7726.8934,0.1577,0
1487,1,7726.7352,7731.7437,7732.0891,0.1166,0
1487,0,7726.7352,7731.7437,7732.3225,0.0512,0
1488,1,7732.1601,7737.1766,7737.5491,0.1580,0
1488,0,7732.1601,7737.1766,7737.7942,0.0475,0
1489,1,7737.6160,7742.3176,7742.6887,0.1632,0
1489,0,7737.6160,7742.3176,7742.9556,0.0443,0
1490,1,7742.7539,7748.0637,7748.4026,0.1210,0
1490,0,7742.7539,7748.0637,7748.6272,0.0405,0
1491,1,7748.4623,7753.1500,7753.5182,0.1599,0
1491,0,7748.4623,7753.1500,7753.7352,0.0452,0
1492,1,7753.5824,7758.2948,7758.7841,0.2767,0
1492,0,7753.5824,7758.2948,7759.0461,0.0446,0
1493,1,7758.8469,7764.0975,7764.4328,0.1202,0
1493,0,7758.8469,7764.0975,7764.6609,0.0446,0
1494,1,7764.5041,7769.3862,7769.7184,0.1229,0
1494,0,7764.5041,7769.3862,7769.9458,0.0446,0
1495,1,7769.7817,7774.6866,7775.0350,0.1209,0
1495,0,7769.7817,7774.6866,7775.2482,0.0497,0
1496,1,7775.1024,7780.3282,7780.6572,0.1214,0
1496,0,7775.1024,7780.3282,7780.8721,0.0454,0
1497,1,7780.7194,7785.5913,7785.9384,0.1241,0
1497,0,7780.7194,7785.5913,7786.1616,0.0452,0
1498,1,7786.0017,7791.3100,7791.6434,0.1251,0
1498,0,7786.0017,7791.3100,7791.8521,0.0449,0
1499,1,7791.7051,7796.8002,7797.1273,0.1223,0
1499,0,7791.7051,7796.8002,7797.3469,0.0447,0
1500,1,7797.1957,7802.1744,7802.4768,0.1169,0
1500,0,7797.1957,7802.1744,7802.6707,0.0376,0
1501,1,7802.5360,7807.5205,7807.8139,0.1169,0
1501,0,7802.5360,7807.5205,7808.0487,0.0392,0
1502,1,7807.8747,7813.0735,7813.3612,0.1094,0
1502,0,7807.8747,7813.0735,7813.5534,0.0366,0
1503,1,7813.4188,7818.4911,7818.7920,0.1152,0
1503,0,7813.4188,7818.4911,7818.9767,0.0373,0
1504,1,7818.8512,7823.8624,7824.6233,0.5538,0
1504,0,7818.8512,7823.8624,7824.8467,0.0442,0
1505,1,7824.6868,7829.7613,7830.0856,0.1170,0
1505,0,7824.6868,7829.7613,7830.4905,0.0444,0
1506,1,7830.1531,7835.4554,7835.7969,0.1277,0
1506,0,7830.1531,7835.4554,7836.0173,0.0436,0
1507,1,7835.8593,7840.7389,7841.0698,0.1200,0
1507,0,7835.8593,7840.7389,7841.2953,0.0450,0
1508,1,7841.1543,7846.2142,7846.5397,0.1166,0
1508,0,7841.1543,7846.2142,7846.7600,0.0458,0
1509,1,7846.6032,7851.4590,7851.7912,0.1227,0
1509,0,7846.6032,7851.4590,7852.0538,0.0459,0
1510,1,7851.8640,7856.9601,7857.3096,0.1195,0
1510,0,7851.8640,7856.9601,7857.7260,0.0462,0
1511,1,7857.3830,7862.8331,7863.1243,0.1104,0
1511,0,7857.3830,7862.8331,7863.3050,0.0362,0
1512,1,7863.1784,7868.1214,7868.4151,0.1163,0
1512,0,7863.1784,7868.1214,7868.6045,0.0357,0
1513,1,7868.4722,7873.4483,7873.7603,0.1268,0
1513,0,7868.4722,7873.4483,7873.9660,0.0462,0
1514,1,7873.8337,7878.7822,7879.1928,0.1273,0
1514,0,7873.8337,7878.7822,7879.4968,0.1245,0
1515,1,7879.3369,7884.2179,7884.6058,0.1144,0
1515,0,7879.3369,7884.2179,7884.8347,0.0498,0
1516,1,7884.6751,7889.4362,7889.7831,0.1641,0
1516,0,7884.6751,7889.4362,7889.9812,0.0362,0
1517,1,7889.8363,7894.9512,7895.2837,0.1212,0
1517,0,7889.8363,7894.9512,7895.5110,0.0451,0
1518,1,7895.3522,7900.4892,7900.8215,0.1237,0
1518,0,7895.3522,7900.4892,7901.0511,0.0448,0
1519,1,7900.8850,7905.4157,7905.7461,0.1211,0
1519,0,7900.8850,7905.4157,7905.9627,0.0447,0
1520,1,7905.8077,7910.6937,7911.0146,0.1266,0
1520,0,7905.8077,7910.6937,7911.2019,0.0360,0
1521,1,7911.0744,7916.2281,7916.5217,0.1203,0
1521,0,7911.0744,7916.2281,7916.7010,0.0359,0
1522,1,7916.5765,7921.5341,7921.8656,0.1207,0
1522,0,7916.5765,7921.5341,7922.0880,0.0458,0
1523,1,7921.9354,7927.5198,7927.8537,0.1215,0
1523,0,7921.9354,7927.5198,7928.1087,0.0449,0
1524,1,7927.9190,7933.0046,7933.3428,0.1268,0
1524,0,7927.9190,7933.0046,7933.5526,0.0455,0
1525,1,7933.4051,7938.2886,7938.6232,0.1213,0
1525,0,7933.4051,7938.2886,7938.8944,0.0475,0
1526,1,7938.6885,7943.6402,7943.9331,0.1140,0
1526,0,7938.6885,7943.6402,7944.1365,0.0460,0
1527,1,7944.0008,7949.1906,7949.5244,0.1248,0
1527,0,7944.0008,7949.1906,7949.7328,0.0431,0
1528,1,7949.5844,7954.4826,7954.8101,0.1215,0
1528,0,7949.5844,7954.4826,7955.0133,0.0404,0
1529,1,7954.8644,7960.3261,7960.6169,0.1151,0
1529,0,7954.8644,7960.3261,7960.7984,0.0357,0
1530,1,7960.6690,7965.7563,7966.0950,0.1245,0
1530,0,7960.6690,7965.7563,7966.3061,0.0450,0
1531,1,7966.1563,7971.0085,7971.3496,0.1225,0
1531,0,7966.1563,7971.0085,7971.6281,0.0412,0
1532,1,7971.4150,7976.4649,7976.7545,0.1114,0
1532,0,7971.4150,7976.4649,7976.9518,0.0394,0
1533,1,7976.8178,7982.0418,7982.3479,0.1187,0
1533,0,7976.8178,7982.0418,7982.5457,0.0385,0
1534,1,7982.4074,7987.3920,7987.7209,0.1236,0
1534,0,7982.4074,7987.3920,7987.9405,0.0457,0
1535,1,7987.7859,7993.4328,7993.7283,0.1135,0
1535,0,7987.7859,7993.4328,7993.9244,0.0374,0
1536,1,7993.7883,7999.0754,7999.4095,0.1230,0
1536,0,7993.7883,7999.0754,7999.6171,0.0450,0
1537,1,7999.4718,8004.3200,8004.6557,0.1216,0
1537,0,7999.4718,8004.3200,8004.8763,0.0432,0
1538,1,8004.7170,8009.5799,8009.8753,0.1179,0
1538,0,8004.7170,8009.5799,8010.0346,0.0365,0
