frame,interpolated,sample_ms,ready_ms,present_ms,gpu_wait_ms,caught_up
0,0,8.7141,14.6716,20.4552,4.6548,0
1,1,19.3758,22.1846,25.5299,2.9109,0
1,0,19.3758,22.1846,25.7625,0.0533,0
2,1,25.6509,27.6910,28.0191,0.1232,0
2,0,25.6509,27.6910,28.2325,0.0441,0
3,1,28.0821,30.1242,30.6356,0.3236,0
3,0,28.0821,30.1242,30.8259,0.0437,0
4,1,30.7043,32.7088,32.9981,0.1175,0
4,0,30.7043,32.7088,33.1816,0.0351,0
5,1,33.0531,35.2079,35.5286,0.1208,0
5,0,33.0531,35.2079,35.7481,0.0421,0
6,1,35.5893,37.4049,37.7808,0.1203,0
6,0,35.5893,37.4049,38.1122,0.0613,0
7,1,37.8701,39.2425,39.5203,0.1038,0
7,0,37.8701,39.2425,39.7036,0.0368,0
8,1,39.5809,41.0177,41.3144,0.1157,0
8,0,39.5809,41.0177,41.5273,0.0502,0
9,1,41.3821,42.9462,43.3568,0.1405,0
9,0,41.3821,42.9462,43.5638,0.0399,0
10,1,43.4169,44.7018,45.0746,0.1216,0
10,0,43.4169,44.7018,45.2804,0.0430,0
11,1,45.1365,46.5445,46.8739,0.1208,0
11,0,45.1365,46.5445,47.0882,0.0492,0
12,1,46.9406,48.4882,48.8077,0.1164,0
12,0,46.9406,48.4882,49.0273,0.0539,0
13,1,48.8800,50.1552,50.5104,0.1151,0
13,0,48.8800,50.1552,50.7342,0.0435,0
14,1,50.5767,51.9674,52.4021,0.2489,0
14,0,50.5767,51.9674,52.6026,0.0440,0
15,1,52.4672,54.0194,54.3239,0.1161,0
15,0,52.4672,54.0194,54.5114,0.0406,0
16,1,54.3852,55.6557,55.9534,0.1159,0
16,0,54.3852,55.6557,56.1861,0.0895,0
17,1,56.0623,57.7659,58.0651,0.1166,0
17,0,56.0623,57.7659,58.2576,0.0371,0
18,1,58.1267,59.6944,59.9987,0.1140,0
18,0,58.1267,59.6944,60.1839,0.0402,0
19,1,60.0614,61.3343,61.8250,0.1167,0
19,0,60.0614,61.3343,62.0808,0.0449,0
20,1,61.8904,63.3041,63.5988,0.1164,0
20,0,61.8904,63.3041,63.7861,0.0364,0
21,1,63.6594,65.2122,65.5110,0.1151,0
21,0,63.6594,65.2122,65.7018,0.0427,0
22,1,65.5741,66.8457,67.1561,0.1146,0
22,0,65.5741,66.8457,67.3393,0.0351,0
23,1,67.2102,68.6240,69.0368,0.1656,0
23,0,67.2102,68.6240,69.4153,0.0809,0
24,1,69.1505,70.7894,71.1032,0.1157,0
24,0,69.1505,70.7894,71.2927,0.0404,0
25,1,71.1698,72.4462,72.7812,0.1157,0
25,0,71.1698,72.4462,72.9685,0.0368,0
26,1,72.8416,74.4681,74.7786,0.1237,0
26,0,72.8416,74.4681,74.9717,0.0426,0
27,1,74.8417,76.3778,76.7103,0.1218,0
27,0,74.8417,76.3778,76.9195,0.0423,0
28,1,76.7708,78.0458,78.3732,0.1118,0
28,0,76.7708,78.0458,78.5775,0.0442,0
29,1,78.4354,79.8407,80.1218,0.1135,0
29,0,78.4354,79.8407,80.3025,0.0425,0
30,1,80.1816,81.7228,82.0299,0.1143,0
30,0,80.1816,81.7228,82.2372,0.0408,0
31,1,82.0892,83.3683,83.6604,0.1149,0
31,0,82.0892,83.3683,83.9008,0.0357,0
32,1,83.8576,85.5496,85.8402,0.1122,0
32,0,83.8576,85.5496,86.0193,0.0357,0
33,1,85.8996,87.3381,87.7487,0.1632,0
33,0,85.8996,87.3381,87.9631,0.0468,0
34,1,87.8149,89.1007,89.4760,0.1107,0
34,0,87.8149,89.1007,89.7098,0.0439,0
35,1,89.6410,91.1256,91.4256,0.1153,0
35,0,89.6410,91.1256,91.6342,0.0438,0
36,1,91.4876,93.0526,93.3461,0.1136,0
36,0,91.4876,93.0526,93.5382,0.0441,0
37,1,93.4073,94.6632,95.0452,0.1155,0
37,0,93.4073,94.6632,95.2298,0.0397,0
38,1,95.1060,96.5084,96.8000,0.1237,0
38,0,95.1060,96.5084,96.9741,0.0371,0
39,1,96.8544,98.3883,98.7002,0.1209,0
39,0,96.8544,98.3883,98.9008,0.0426,0
40,1,98.7600,100.0275,100.3062,0.1146,0
40,0,98.7600,100.0275,100.5088,0.0368,0
41,1,100.3602,101.9680,102.2864,0.1153,0
41,0,100.3602,101.9680,102.5876,0.1335,0
42,1,102.4403,103.9776,104.3140,0.1589,0
42,0,102.4403,103.9776,104.5031,0.0480,0
43,1,104.3820,105.6452,105.9561,0.1167,0
43,0,104.3820,105.6452,106.2201,0.0877,0
44,1,106.0619,107.6201,107.8995,0.1140,0
44,0,106.0619,107.6201,108.0731,0.0359,0
45,1,107.9522,109.4922,109.7718,0.1142,0
45,0,107.9522,109.4922,109.9437,0.0371,0
46,1,109.8255,111.0737,111.3915,0.1183,0
46,0,109.8255,111.0737,111.6226,0.0459,0
47,1,111.4551,113.0632,113.3606,0.1186,0
47,0,111.4551,113.0632,113.5667,0.0419,0
48,1,113.4200,114.6943,115.3089,0.4053,0
48,0,113.4200,114.6943,115.5163,0.0434,0
49,1,115.3719,116.6543,116.9373,0.1126,0
49,0,115.3719,116.6543,117.1583,0.0404,0
50,1,117.2101,118.6479,118.9664,0.1209,0
50,0,117.2101,118.6479,119.2153,0.0667,0
51,1,119.0549,120.5919,120.9319,0.1565,0
51,0,119.0549,120.5919,121.1224,0.0437,0
52,1,120.9936,122.2519,122.5681,0.1216,0
52,0,120.9936,122.2519,122.8566,0.0399,0
53,1,122.6256,124.2851,124.5973,0.1101,0
53,0,122.6256,124.2851,124.8177,0.0568,0
54,1,124.7411,126.2428,126.5272,0.1165,0
54,0,124.7411,126.2428,126.7246,0.0437,0
55,1,126.5880,127.8609,128.1910,0.1217,0
55,0,126.5880,127.8609,128.4698,0.1025,0
56,1,128.3221,129.9370,130.2634,0.1138,0
56,0,128.3221,129.9370,130.4471,0.0373,0
57,1,130.3221,131.8963,132.2359,0.1188,0
57,0,130.3221,131.8963,132.4267,0.0379,0
58,1,132.2987,133.5746,133.9614,0.1189,0
58,0,132.2987,133.5746,134.1738,0.0406,0
59,1,134.0269,135.4051,135.7043,0.1162,0
59,0,134.0269,135.4051,135.9011,0.0418,0
60,1,135.7702,137.2871,137.7194,0.2514,0
60,0,135.7702,137.2871,137.9667,0.0398,0
61,1,137.8247,139.1510,139.5016,0.1164,0
61,0,137.8247,139.1510,139.7128,0.0413,0
62,1,139.5630,140.9224,141.2360,0.1131,0
62,0,139.5630,140.9224,141.4373,0.0404,0
63,1,141.2944,142.8473,143.1539,0.1147,0
63,0,141.2944,142.8473,143.3433,0.0430,0
64,1,143.2184,144.5131,144.8084,0.1181,0
64,0,143.2184,144.5131,145.0519,0.0371,0
65,1,144.8659,146.4882,146.8116,0.1188,0
65,0,144.8659,146.4882,147.0175,0.0409,0
66,1,146.8718,148.3171,148.6865,0.1597,0
66,0,146.8718,148.3171,148.8926,0.0414,0
67,1,148.7493,150.0370,150.3611,0.1138,0
67,0,148.7493,150.0370,150.5943,0.0352,0
68,1,150.4206,152.1854,152.5737,0.2068,0
68,0,150.4206,152.1854,152.7560,0.0372,0
69,1,152.6347,154.0877,154.4318,0.1613,0
69,0,152.6347,154.0877,154.6208,0.0429,0
70,1,154.4924,155.7476,156.1429,0.1161,0
70,0,154.4924,155.7476,156.3284,0.0441,0
71,1,156.2051,157.5694,157.8491,0.1125,0
71,0,156.2051,157.5694,158.0473,0.0399,0
72,1,157.9190,159.4878,159.8031,0.1169,0
72,0,157.9190,159.4878,160.0072,0.0427,0
73,1,159.8662,161.1499,161.4480,0.1160,0
73,0,159.8662,161.1499,161.7266,0.0361,0
74,1,161.5012,163.1591,163.4721,0.1155,0
74,0,161.5012,163.1591,163.6603,0.0428,0
75,1,163.5388,165.1076,165.4000,0.1186,0
75,0,163.5388,165.1076,165.5707,0.0360,0
76,1,165.4539,166.7069,167.0135,0.1141,0
76,0,165.4539,166.7069,167.2662,0.0401,0
77,1,167.0710,169.0317,169.3151,0.1146,0
77,0,167.0710,169.0317,169.5239,0.0383,0
78,1,169.3884,170.9741,171.3077,0.1581,0
78,0,169.3884,170.9741,171.5158,0.0426,0
79,1,171.3702,172.6498,172.9488,0.1302,0
79,0,171.3702,172.6498,173.1206,0.0345,0
80,1,173.0152,174.3540,174.7203,0.1555,0
80,0,173.0152,174.3540,174.9109,0.0441,0
81,1,174.8017,176.3941,176.7015,0.1137,0
81,0,174.8017,176.3941,176.9062,0.0393,0
82,1,176.7616,178.0599,178.3628,0.1127,0
82,0,176.7616,178.0599,178.6033,0.0681,0
83,1,178.4509,179.8268,180.1912,0.1182,0
83,0,178.4509,179.8268,180.4765,0.0436,0
84,1,180.4458,181.7853,182.1558,0.1689,0
84,0,180.4458,181.7853,182.3695,0.0444,0
85,1,182.2200,183.4921,183.8555,0.1260,0
85,0,182.2200,183.4921,184.0845,0.0413,0
86,1,183.9275,185.4320,185.7916,0.1165,0
86,0,183.9275,185.4320,186.0166,0.0463,0
87,1,185.8778,187.4829,187.7750,0.1130,0
87,0,185.8778,187.4829,187.9561,0.0359,0
88,1,187.8304,189.1021,189.4159,0.1082,0
88,0,187.8304,189.1021,189.6070,0.0378,0
89,1,189.4747,191.0075,191.3014,0.1151,0
89,0,189.4747,191.0075,191.5081,0.0366,0
90,1,191.3610,192.9173,193.2496,0.1206,0
90,0,191.3610,192.9173,193.4642,0.0410,0
91,1,193.3088,194.5966,194.9637,0.1164,0
91,0,193.3088,194.5966,195.1592,0.0443,0
92,1,195.0286,196.5861,196.8774,0.1142,0
92,0,195.0286,196.5861,197.0696,0.0452,0
93,1,196.9433,198.4856,198.7913,0.1138,0
93,0,196.9433,198.4856,198.9975,0.0452,0
94,1,198.8540,200.1227,200.4264,0.1130,0
94,0,198.8540,200.1227,200.6956,0.0992,0
95,1,200.5540,202.2944,202.5802,0.1117,0
95,0,200.5540,202.2944,202.7746,0.0373,0
96,1,202.6409,204.2137,204.5087,0.1164,0
96,0,202.6409,204.2137,204.6939,0.0452,0
97,1,204.5715,205.8271,206.1554,0.1103,0
97,0,204.5715,205.8271,206.3308,0.0358,0
98,1,206.2089,207.5869,207.8765,0.1185,0
98,0,206.2089,207.5869,208.1396,0.0365,0
99,1,207.9540,209.5791,209.9180,0.1217,0
99,0,207.9540,209.5791,210.2688,0.0543,0
100,1,210.0111,211.3994,211.7568,0.1140,0
100,0,210.0111,211.3994,211.9722,0.0424,0
101,1,211.8178,213.2366,213.5723,0.1291,0
101,0,211.8178,213.2366,213.7736,0.0423,0
102,1,213.6329,215.1713,215.4791,0.1126,0
102,0,213.6329,215.1713,215.6822,0.0404,0
103,1,215.5376,216.8176,217.1636,0.1151,0
103,0,215.5376,216.8176,217.3296,0.0392,0
104,1,217.2810,218.9729,219.2847,0.1165,0
104,0,217.2810,218.9729,219.4979,0.0421,0
105,1,219.3504,220.8975,221.2131,0.1168,0
105,0,219.3504,220.8975,221.4254,0.0453,0
106,1,221.2792,222.5479,222.8511,0.1146,0
106,0,221.2792,222.5479,223.0683,0.0424,0
107,1,222.9348,224.3274,224.6284,0.1207,0
107,0,222.9348,224.3274,224.8346,0.0424,0
108,1,224.6909,226.2592,226.5875,0.1203,0
108,0,224.6909,226.2592,226.7882,0.0397,0
109,1,226.6476,227.9365,228.2830,0.1189,0
109,0,226.6476,227.9365,228.4819,0.0351,0
110,1,228.3360,229.8528,230.1388,0.1144,0
110,0,228.3360,229.8528,230.3166,0.0357,0
111,1,230.1919,231.7117,231.9934,0.1174,0
111,0,230.1919,231.7117,232.1662,0.0354,0
112,1,232.0454,233.2885,233.6184,0.1238,0
112,0,232.0454,233.2885,233.8581,0.0461,0
113,1,233.6899,235.4825,235.7983,0.1176,0
113,0,233.6899,235.4825,236.0161,0.0439,0
114,1,235.8651,237.5187,237.8379,0.1181,0
114,0,235.8651,237.5187,238.0430,0.0405,0
115,1,237.9007,239.1897,239.5314,0.1098,0
115,0,237.9007,239.1897,239.7556,0.0431,0
116,1,239.5994,240.9839,241.2994,0.1143,0
116,0,239.5994,240.9839,241.5080,0.0432,0
117,1,241.3636,242.9135,243.2556,0.1190,0
117,0,241.3636,242.9135,243.4708,0.0414,0
118,1,243.3173,244.6022,244.9596,0.1153,0
118,0,243.3173,244.6022,245.1475,0.0356,0
119,1,245.0161,246.5162,246.8028,0.1144,0
119,0,245.0161,246.5162,246.9839,0.0421,0
120,1,246.8625,248.3876,248.6997,0.1173,0
120,0,246.8625,248.3876,248.8982,0.0425,0
121,1,248.7594,250.0248,250.3180,0.1157,0
121,0,248.7594,250.0248,250.5395,0.0440,0
122,1,250.3866,252.1190,252.6088,0.3152,0
122,0,250.3866,252.1190,252.7884,0.0362,0
123,1,252.6684,254.2261,254.5212,0.1158,0
123,0,252.6684,254.2261,254.7307,0.0434,0
124,1,254.6339,255.9170,256.1873,0.1084,0
124,0,254.6339,255.9170,256.3727,0.0357,0
125,1,256.2411,257.5896,258.0023,0.1132,0
125,0,256.2411,257.5896,258.2165,0.0479,0
126,1,258.0714,259.5284,259.8663,0.1622,0
126,0,258.0714,259.5284,260.0559,0.0378,0
127,1,259.9241,261.1934,261.4804,0.1165,0
127,0,259.9241,261.1934,261.7119,0.0365,0
128,1,261.5337,263.1297,263.4398,0.1166,0
128,0,261.5337,263.1297,263.6463,0.0431,0
129,1,263.5004,265.0439,265.3302,0.1151,0
129,0,263.5004,265.0439,265.5361,0.0474,0
130,1,265.3950,266.6638,266.9387,0.1142,0
130,0,265.3950,266.6638,267.1661,0.0356,0
131,1,266.9908,268.7147,269.0392,0.1202,0
131,0,266.9908,268.7147,269.2690,0.0432,0
132,1,269.1080,270.7196,271.0639,0.1699,0
132,0,269.1080,270.7196,271.2382,0.0378,0
133,1,271.1216,272.3863,272.7334,0.1171,0
133,0,271.1216,272.3863,272.9329,0.0361,0
134,1,272.7912,274.4483,274.7499,0.1190,0
134,0,272.7912,274.4483,274.9384,0.0433,0
135,1,274.8123,276.3481,276.6681,0.1170,0
135,0,274.8123,276.3481,276.8684,0.0413,0
136,1,276.7270,277.9946,278.3001,0.1139,0
136,0,276.7270,277.9946,278.4905,0.0359,0
137,1,278.3581,279.8843,280.1731,0.1135,0
137,0,278.3581,279.8843,280.3567,0.0434,0
138,1,280.2352,281.7743,282.0565,0.1129,0
138,0,280.2352,281.7743,282.2267,0.0356,0
139,1,282.1097,283.3611,283.6490,0.1135,0
139,0,282.1097,283.3611,283.8647,0.0357,0
140,1,283.7105,285.6522,285.9777,0.1113,0
140,0,283.7105,285.6522,286.1878,0.0477,0
141,1,286.0472,287.6025,287.8934,0.1157,0
141,0,286.0472,287.6025,288.2643,0.0370,0
142,1,287.9607,289.4402,289.7309,0.1099,0
142,0,287.9607,289.4402,289.9143,0.0510,0
143,1,289.8114,291.1045,291.4135,0.1160,0
143,0,289.8114,291.1045,291.6163,0.0407,0
144,1,291.4717,293.0189,293.3099,0.1147,0
144,0,291.4717,293.0189,293.5150,0.0362,0
145,1,293.3748,294.6439,294.9594,0.1148,0
145,0,293.3748,294.6439,295.1371,0.0367,0
146,1,295.0158,296.4117,296.7280,0.1177,0
146,0,295.0158,296.4117,296.9304,0.0463,0
147,1,296.7915,298.3482,298.6633,0.1173,0
147,0,296.7915,298.3482,298.8657,0.0445,0
148,1,298.7252,299.9967,300.2708,0.1137,0
148,0,298.7252,299.9967,300.5020,0.0343,0
149,1,300.3217,302.0578,302.3691,0.1152,0
149,0,300.3217,302.0578,302.5632,0.0392,0
150,1,302.4257,304.1185,304.4627,0.1235,0
150,0,302.4257,304.1185,304.6785,0.0438,0
151,1,304.5286,305.8233,306.1610,0.1106,0
151,0,304.5286,305.8233,306.3235,0.0360,0
152,1,306.2347,307.5621,307.8524,0.1145,0
152,0,306.2347,307.5621,308.0330,0.0357,0
153,1,307.9056,309.4401,309.7181,0.1116,0
153,0,307.9056,309.4401,309.8889,0.0358,0
154,1,309.7706,311.0186,311.3213,0.1123,0
154,0,309.7706,311.0186,311.5290,0.0426,0
155,1,311.3807,313.0617,313.3550,0.1143,0
155,0,311.3807,313.0617,313.5660,0.0451,0
156,1,313.4175,314.6932,315.1463,0.2848,0
156,0,313.4175,314.6932,315.3186,0.0370,0
157,1,315.2000,316.4478,316.7222,0.1133,0
157,0,315.2000,316.4478,316.8912,0.0349,0
158,1,316.7738,318.2614,318.7341,0.1645,0
158,0,316.7738,318.2614,318.9750,0.0519,0
159,1,318.8109,320.1264,320.4184,0.1111,0
159,0,318.8109,320.1264,320.8113,0.2168,0
160,1,320.6620,321.9772,322.2670,0.1160,0
160,0,320.6620,321.9772,322.4809,0.0457,0
161,1,322.3316,323.9151,324.2444,0.1176,0
161,0,322.3316,323.9151,324.4443,0.0393,0
162,1,324.3010,325.5757,325.9031,0.1228,0
162,0,324.3010,325.5757,326.2634,0.2000,0
163,1,326.1217,327.3994,327.7291,0.1212,0
163,0,326.1217,327.3994,327.9334,0.0451,0
164,1,327.7916,329.3159,329.6660,0.1238,0
164,0,327.7916,329.3159,329.8709,0.0399,0
165,1,329.7242,330.9926,331.3108,0.1164,0
165,0,329.7242,330.9926,331.5112,0.0420,0
166,1,331.3703,332.6522,332.9739,0.1212,0
166,0,331.3703,332.6522,333.1931,0.0412,0
167,1,333.0378,334.5718,334.9339,0.1558,0
167,0,333.0378,334.5718,335.1458,0.0427,0
168,1,335.0048,336.4860,336.7667,0.1100,0
168,0,335.0048,336.4860,336.9490,0.0375,0
169,1,336.8220,338.2289,338.5452,0.1185,0
169,0,336.8220,338.2289,338.7473,0.0430,0
170,1,338.6058,340.1428,340.4579,0.1175,0
170,0,338.6058,340.1428,340.6591,0.0436,0
171,1,340.5184,341.7804,342.0560,0.1133,0
171,0,340.5184,341.7804,342.2734,0.0356,0
172,1,342.1080,343.6937,344.0437,0.1150,0
172,0,342.1080,343.6937,344.2493,0.0427,0
173,1,344.1043,345.6451,345.9665,0.1197,0
173,0,344.1043,345.6451,346.1709,0.0470,0
174,1,346.0306,347.2951,347.5988,0.1136,0
174,0,346.0306,347.2951,347.8409,0.0389,0
175,1,347.6545,349.2765,349.6693,0.1192,0
175,0,347.6545,349.2765,350.0406,0.0578,0
176,1,349.7726,351.4532,351.7781,0.1422,0
176,0,349.7726,351.4532,351.9649,0.0423,0
177,1,351.8411,353.3436,353.6340,0.1136,0
177,0,351.8411,353.3436,354.0705,0.3078,0
178,1,354.0171,355.3352,355.6394,0.1203,0
178,0,354.0171,355.3352,355.8335,0.0397,0
179,1,355.6997,357.2533,357.5449,0.1137,0
179,0,355.6997,357.2533,357.7358,0.0430,0
180,1,357.6119,358.9109,359.2192,0.1133,0
180,0,357.6119,358.9109,359.6048,0.2215,0
181,1,359.4802,360.7512,361.0401,0.1119,0
181,0,359.4802,360.7512,361.2234,0.0412,0
182,1,361.1014,362.6388,362.9313,0.1151,0
182,0,361.1014,362.6388,363.1748,0.0370,0
183,1,363.0023,364.3103,364.6756,0.1195,0
183,0,363.0023,364.3103,365.2736,0.3842,0
184,1,365.0838,366.4104,366.7110,0.1176,0
184,0,365.0838,366.4104,366.9069,0.0361,0
185,1,366.7648,368.6487,368.9335,0.1106,0
185,0,366.7648,368.6487,369.1218,0.0379,0
186,1,368.9925,370.5417,371.0623,0.1601,0
186,0,368.9925,370.5417,371.4247,0.0440,0
187,1,371.1434,372.5644,372.8497,0.1118,0
187,0,371.1434,372.5644,373.1405,0.1421,0
188,1,373.0130,374.3949,374.6920,0.1164,0
188,0,373.0130,374.3949,374.8887,0.0420,0
189,1,374.7517,376.3053,376.5940,0.1153,0
189,0,374.7517,376.3053,376.7775,0.0434,0
190,1,376.6551,377.9122,378.2033,0.1142,0
190,0,376.6551,377.9122,378.4382,0.1002,0
191,1,378.3421,379.8664,380.1715,0.1197,0
191,0,378.3421,379.8664,380.3582,0.0433,0
192,1,380.2351,381.7787,382.0701,0.1145,0
192,0,380.2351,381.7787,382.2519,0.0416,0
193,1,382.1294,383.3849,383.7113,0.1192,0
193,0,382.1294,383.3849,383.9613,0.0403,0
194,1,383.7772,385.5678,385.8520,0.1151,0
194,0,383.7772,385.5678,386.0733,0.0356,0
195,1,385.9081,387.4654,387.7556,0.1106,0
195,0,385.9081,387.4654,387.9422,0.0361,0
196,1,387.8158,389.1107,389.5013,0.1178,0
196,0,387.8158,389.1107,389.6969,0.0457,0
197,1,389.5807,390.9989,391.2878,0.1222,0
197,0,389.5807,390.9989,391.4961,0.0466,0
198,1,391.3521,392.9226,393.2102,0.1124,0
198,0,391.3521,392.9226,393.3952,0.0373,0
199,1,393.2679,394.5659,394.9568,0.1154,0
199,0,393.2679,394.5659,395.1494,0.0395,0
200,1,395.0217,396.4341,396.7339,0.1165,0
200,0,395.0217,396.4341,396.9126,0.0472,0
201,1,396.8439,398.3581,398.6661,0.1140,0
201,0,396.8439,398.3581,398.9040,0.0419,0
202,1,398.7260,400.0289,400.3169,0.1137,0
202,0,398.7260,400.0289,400.5497,0.0418,0
203,1,400.3857,402.3447,402.6695,0.1175,0
203,0,400.3857,402.3447,402.8733,0.0428,0
204,1,402.7304,404.2819,404.5712,0.1147,0
204,0,402.7304,404.2819,404.7572,0.0419,0
205,1,404.6317,405.8955,406.1783,0.1134,0
205,0,404.6317,405.8955,406.3507,0.0357,0
206,1,406.2314,407.5657,407.8747,0.1151,0
206,0,406.2314,407.5657,408.0746,0.0445,0
207,1,407.9359,409.4748,409.8047,0.1243,0
207,0,407.9359,409.4748,410.0043,0.0422,0
208,1,409.8643,411.1381,411.4348,0.1161,0
208,0,409.8643,411.1381,411.6472,0.0372,0
209,1,411.4967,413.1099,413.4034,0.1149,0
209,0,411.4967,413.1099,413.5958,0.0417,0
210,1,413.4660,415.0312,415.3182,0.1141,0
210,0,413.4660,415.0312,415.5009,0.0455,0
211,1,415.3810,416.6328,416.9392,0.1163,0
211,0,415.3810,416.6328,417.1797,0.0435,0
212,1,416.9997,418.7336,419.0128,0.1122,0
212,0,416.9997,418.7336,419.1850,0.0359,0
213,1,419.0659,420.6930,420.9729,0.1109,0
213,0,419.0659,420.6930,421.1445,0.0358,0
214,1,421.0256,422.2805,422.5584,0.1143,0
214,0,421.0256,422.2805,422.8130,0.0903,0
215,1,422.6651,424.2566,424.5814,0.1165,0
215,0,422.6651,424.2566,424.8374,0.0407,0
216,1,424.7144,426.2948,426.6183,0.1179,0
216,0,424.7144,426.2948,426.8262,0.0409,0
217,1,426.6802,427.9728,428.3979,0.1448,0
217,0,426.6802,427.9728,428.6128,0.0449,0
218,1,428.4638,429.8772,430.1606,0.1130,0
218,0,428.4638,429.8772,430.3391,0.0381,0
219,1,430.2193,431.7613,432.0723,0.1171,0
219,0,430.2193,431.7613,432.2732,0.0392,0
220,1,432.1295,433.4028,433.7229,0.1202,0
220,0,432.1295,433.4028,433.9866,0.0941,0
221,1,433.8508,435.7462,436.0727,0.1230,0
221,0,433.8508,435.7462,436.2867,0.0429,0
222,1,436.1359,437.7151,438.0299,0.1177,0
222,0,436.1359,437.7151,438.2394,0.0429,0
223,1,438.0918,439.3739,439.6833,0.1091,0
223,0,438.0918,439.3739,440.1649,0.3130,0
224,1,440.0208,441.3147,441.6188,0.1145,0
224,0,440.0208,441.3147,441.8168,0.0431,0
225,1,441.6789,443.2242,443.5233,0.1161,0
225,0,441.6789,443.2242,443.7134,0.0443,0
226,1,443.5912,444.8797,445.2063,0.1434,0
226,0,443.5912,444.8797,445.4101,0.0456,0
227,1,445.2938,446.7277,447.0187,0.1145,0
227,0,445.2938,446.7277,447.2049,0.0378,0
228,1,447.0837,448.6192,448.9045,0.1169,0
228,0,447.0837,448.6192,449.0860,0.0434,0
229,1,448.9653,450.2214,450.5878,0.1166,0
229,0,448.9653,450.2214,450.7860,0.0387,0
230,1,450.6448,452.1305,452.6234,0.3048,0
230,0,450.6448,452.1305,452.8292,0.0443,0
231,1,452.6867,454.2452,454.5479,0.1244,0
231,0,452.6867,454.2452,454.7327,0.0372,0
232,1,454.6070,455.8750,456.1592,0.1075,0
232,0,454.6070,455.8750,456.3299,0.0343,0
233,1,456.2119,457.5708,457.8801,0.1176,0
233,0,456.2119,457.5708,458.0894,0.0407,0
234,1,457.9417,459.2301,459.6463,0.1152,0
234,0,457.9417,459.2301,460.1520,0.2787,0
235,1,459.9489,461.2966,461.7219,0.1922,0
235,0,459.9489,461.2966,461.9352,0.0352,0
236,1,461.8547,463.1569,463.4606,0.1175,0
236,0,461.8547,463.1569,463.6451,0.0384,0
237,1,463.5184,465.0594,465.3448,0.1179,0
237,0,463.5184,465.0594,465.5253,0.0371,0
238,1,465.3988,466.6512,466.9559,0.1135,0
238,0,465.3988,466.6512,467.1887,0.0416,0
239,1,467.0148,468.9346,469.2174,0.1172,0
239,0,467.0148,468.9346,469.4097,0.0397,0
240,1,469.2815,470.8429,471.1399,0.1151,0
240,0,469.2815,470.8429,471.3231,0.0454,0
241,1,471.2043,472.4864,472.8289,0.1137,0
241,0,471.2043,472.4864,473.0472,0.0377,0
242,1,472.9512,474.3579,474.7209,0.1173,0
242,0,472.9512,474.3579,475.0669,0.0474,0
243,1,474.8153,476.4735,476.7598,0.1182,0
243,0,474.8153,476.4735,476.9448,0.0448,0
244,1,476.8219,478.0732,478.4055,0.1180,0
244,0,476.8219,478.0732,478.6190,0.0436,0
245,1,478.4687,479.8209,480.1131,0.1220,0
245,0,478.4687,479.8209,480.2891,0.0361,0
246,1,480.1665,481.6952,482.0176,0.1203,0
246,0,480.1665,481.6952,482.2324,0.0430,0
247,1,482.0781,483.3613,483.7095,0.1264,0
247,0,482.0781,483.3613,483.9454,0.0399,0
248,1,483.7743,485.4871,485.8364,0.1153,0
248,0,483.7743,485.4871,486.1842,0.1872,0
249,1,486.0489,487.6177,487.9360,0.1160,0
249,0,486.0489,487.6177,488.1442,0.0428,0
250,1,488.0156,489.2840,489.6463,0.1666,0
250,0,488.0156,489.2840,489.8346,0.0414,0
251,1,489.7207,491.1841,491.5173,0.1229,0
251,0,489.7207,491.1841,491.7409,0.0434,0
252,1,491.5809,493.1360,493.4716,0.1211,0
252,0,491.5809,493.1360,493.6736,0.0424,0
253,1,493.5318,494.8049,495.1313,0.1163,0
253,0,493.5318,494.8049,495.3508,0.0411,0
254,1,495.1975,496.6233,496.9289,0.1204,0
254,0,495.1975,496.6233,497.1162,0.0417,0
255,1,496.9890,498.5351,498.8208,0.1173,0
255,0,496.9890,498.5351,498.9846,0.0353,0
256,1,498.8743,500.1187,500.4145,0.1127,0
256,0,498.8743,500.1187,500.6063,0.0359,0
257,1,500.4666,502.3648,502.7327,0.1596,0
257,0,500.4666,502.3648,502.9394,0.0412,0
258,1,502.7908,504.3590,504.6859,0.1178,0
258,0,502.7908,504.3590,504.8853,0.0412,0
259,1,504.7434,506.0169,506.3345,0.1145,0
259,0,504.7434,506.0169,506.5401,0.0474,0
260,1,506.3990,507.6852,507.9688,0.1125,0
260,0,506.3990,507.6852,508.1420,0.0373,0
261,1,508.0219,509.5493,509.8590,0.1166,0
261,0,508.0219,509.5493,510.0556,0.0510,0
262,1,510.8593,512.1946,512.5550,0.1646,0
262,0,510.8593,512.1946,512.8386,0.0401,0
263,1,512.6998,514.1318,514.5148,0.1172,0
263,0,512.6998,514.1318,514.7338,0.0502,0
264,1,514.5837,516.1031,516.4000,0.1178,0
264,0,514.5837,516.1031,516.5970,0.0412,0
265,1,516.4578,517.9971,518.3266,0.1243,0
265,0,516.4578,517.9971,518.5302,0.0434,0
266,1,518.3862,519.8788,520.3348,0.1741,0
266,0,518.3862,519.8788,520.8106,0.3061,0
267,1,520.6599,521.9583,522.3565,0.1237,0
267,0,520.6599,521.9583,522.5741,0.0485,0
268,1,522.4253,524.0139,524.3080,0.1142,0
268,0,522.4253,524.0139,524.5062,0.0372,0
269,1,524.3613,525.6405,525.9515,0.1171,0
269,0,524.3613,525.6405,526.3204,0.2107,0
270,1,526.1796,527.4594,527.7340,0.1139,0
270,0,526.1796,527.4594,527.9017,0.0341,0
271,1,527.7836,529.1947,529.5663,0.1579,0
271,0,527.7836,529.1947,529.7704,0.0429,0
272,1,529.6263,530.9038,531.2182,0.1159,0
272,0,529.6263,530.9038,531.4286,0.0470,0
273,1,531.2927,532.8257,533.1212,0.1143,0
273,0,531.2927,532.8257,533.3068,0.0457,0
274,1,533.1837,534.7248,535.0476,0.1203,0
274,0,533.1837,534.7248,535.3195,0.0436,0
275,1,535.1075,536.4726,536.8027,0.1143,0
275,0,535.1075,536.4726,537.0083,0.0438,0
276,1,536.8630,538.2555,538.6075,0.1210,0
276,0,536.8630,538.2555,538.8301,0.0460,0
277,1,538.6764,540.2686,540.5854,0.1149,0
277,0,538.6764,540.2686,540.7946,0.0457,0
278,1,540.6486,541.9317,542.2874,0.1147,0
278,0,540.6486,541.9317,542.4829,0.0368,0
279,1,542.3430,543.7463,544.0758,0.1212,0
279,0,542.3430,543.7463,544.2787,0.0424,0
280,1,544.1351,545.7007,546.0231,0.1235,0
280,0,544.1351,545.7007,546.2356,0.0431,0
281,1,546.0822,547.3562,547.7495,0.1199,0
281,0,546.0822,547.3562,547.9550,0.0408,0
282,1,547.8078,549.3767,549.6984,0.1167,0
282,0,547.8078,549.3767,549.9028,0.0418,0
283,1,549.7573,551.3051,551.6644,0.1160,0
283,0,549.7573,551.3051,551.8652,0.0444,0
284,1,551.7314,553.2502,553.5577,0.1320,0
284,0,551.7314,553.2502,553.7456,0.0421,0
285,1,553.6188,554.9765,555.2578,0.1136,0
285,0,553.6188,554.9765,555.4397,0.0364,0
286,1,555.3115,556.8506,557.1347,0.1135,0
286,0,555.3115,556.8506,557.3084,0.0365,0
287,1,557.1873,558.4507,558.7323,0.1181,0
287,0,557.1873,558.4507,558.9598,0.0349,0
288,1,558.7908,560.4300,560.8118,0.1302,0
288,0,558.7908,560.4300,561.0654,0.0470,0
289,1,560.8821,562.4597,562.7979,0.1602,0
289,0,560.8821,562.4597,562.9837,0.0375,0
290,1,562.8557,564.1523,564.5280,0.1088,0
290,0,562.8557,564.1523,564.7526,0.0422,0
291,1,564.6102,566.0388,566.3241,0.1176,0
291,0,564.6102,566.0388,566.5456,0.0487,0
292,1,566.3938,567.9484,568.2339,0.1154,0
292,0,566.3938,567.9484,568.4198,0.0360,0
293,1,568.2863,569.7743,570.1150,0.1126,0
293,0,568.2863,569.7743,570.3080,0.0471,0
294,1,570.1856,571.5318,571.8461,0.1162,0
294,0,570.1856,571.5318,572.0493,0.0443,0
295,1,571.9071,573.4666,573.7584,0.1141,0
295,0,571.9071,573.4666,573.9333,0.0366,0
296,1,573.8840,575.1457,575.5069,0.1145,0
296,0,573.8840,575.1457,575.7271,0.0428,0
297,1,575.5676,576.9589,577.2651,0.1124,0
297,0,575.5676,576.9589,577.4673,0.0433,0
298,1,577.3246,578.8236,579.1525,0.1631,0
298,0,577.3246,578.8236,579.3245,0.0374,0
299,1,579.2240,580.4718,580.7513,0.1146,0
299,0,579.2240,580.4718,580.9246,0.0354,0
300,1,580.8025,582.3504,582.6562,0.1144,0
300,0,580.8025,582.3504,582.8571,0.0431,0
301,1,582.7154,583.9866,584.5682,0.3790,0
301,0,582.7154,583.9866,584.9533,0.0483,0
302,1,584.6477,586.3541,586.7382,0.1151,0
302,0,584.6477,586.3541,586.9303,0.0446,0
303,1,586.8012,588.1578,588.4782,0.1178,0
303,0,586.8012,588.1578,588.6881,0.0436,0
304,1,588.5383,590.1154,590.4000,0.1089,0
304,0,588.5383,590.1154,590.6091,0.0409,0
305,1,590.4650,591.7878,592.0809,0.1156,0
305,0,590.4650,591.7878,592.3104,0.0358,0
306,1,592.1357,593.7263,594.0932,0.1211,0
306,0,592.1357,593.7263,594.3128,0.0447,0
307,1,594.1563,595.8509,596.1728,0.1180,0
307,0,594.1563,595.8509,596.3915,0.0432,0
308,1,596.2401,597.5646,597.8769,0.1108,0
308,0,596.2401,597.5646,598.0843,0.0404,0
309,1,597.9360,599.2356,599.5476,0.1157,0
309,0,597.9360,599.2356,599.7504,0.0433,0
310,1,599.6069,601.1725,601.5446,0.1582,0
310,0,599.6069,601.1725,601.7470,0.0434,0
311,1,601.6051,603.1049,603.4408,0.1119,0
311,0,601.6051,603.1049,603.6146,0.0352,0
312,1,603.4924,604.8766,605.1693,0.1214,0
312,0,603.4924,604.8766,605.3534,0.0463,0
313,1,605.2310,606.7557,607.0396,0.1211,0
313,0,605.2310,606.7557,607.2076,0.0368,0
314,1,607.0919,608.3410,608.6170,0.1135,0
314,0,607.0919,608.3410,608.8490,0.0345,0
315,1,608.6668,610.2989,610.5993,0.1193,0
315,0,608.6668,610.2989,610.7720,0.0373,0
316,1,610.6524,612.1522,612.5152,0.1668,0
316,0,610.6524,612.1522,612.7237,0.0426,0
317,1,612.5815,613.8990,614.2346,0.1147,0
317,0,612.5815,613.8990,614.5408,0.1648,0
318,1,614.4337,615.8467,616.1712,0.1162,0
318,0,614.4337,615.8467,616.5076,0.0431,0
319,1,616.2818,617.9209,618.2032,0.1175,0
319,0,616.2818,617.9209,618.5133,0.0361,0
320,1,618.3038,619.7824,620.1067,0.1136,0
320,0,618.3038,619.7824,620.3882,0.0361,0
321,1,620.2176,621.5297,621.9310,0.1130,0
321,0,620.2176,621.5297,622.2330,0.0449,0
322,1,622.0182,623.7033,624.0805,0.1165,0
322,0,622.0182,623.7033,624.3083,0.0465,0
323,1,624.1534,625.4756,626.0005,0.1252,0
323,0,624.1534,625.4756,626.4508,0.0997,0
324,1,626.1212,627.5062,627.8797,0.1208,0
324,0,626.1212,627.5062,628.3030,0.0437,0
325,1,627.9438,629.6956,630.1193,0.2505,0
325,0,627.9438,629.6956,630.3090,0.0454,0
326,1,630.1839,631.4708,631.9531,0.2756,0
326,0,630.1839,631.4708,632.2022,0.0445,0
327,1,632.0212,633.3719,633.6732,0.1244,0
327,0,632.0212,633.3719,633.9441,0.0424,0
328,1,633.7379,635.5503,635.8341,0.1109,0
328,0,633.7379,635.5503,636.0137,0.0361,0
329,1,635.8929,637.4425,637.7794,0.1200,0
329,0,635.8929,637.4425,637.9833,0.0418,0
330,1,637.8392,639.1217,639.4853,0.1185,0
330,0,637.8392,639.1217,639.6991,0.0437,0
331,1,639.5550,640.9516,641.2358,0.1147,0
331,0,639.5550,640.9516,641.4274,0.0350,0
332,1,641.2896,642.8410,643.1757,0.1203,0
332,0,641.2896,642.8410,643.3946,0.0463,0
333,1,643.2457,644.5787,644.8676,0.1160,0
333,0,643.2457,644.5787,645.1121,0.0962,0
334,1,644.9835,646.4616,646.8036,0.1184,0
334,0,644.9835,646.4616,647.0007,0.0414,0
335,1,646.8678,648.4623,648.7691,0.1132,0
335,0,646.8678,648.4623,648.9916,0.0404,0
336,1,648.8335,650.1706,650.5235,0.1151,0
336,0,648.8335,650.1706,650.7471,0.0400,0
337,1,650.5872,652.0710,652.3898,0.1142,0
337,0,650.5872,652.0710,652.5890,0.0511,0
338,1,652.4651,654.0324,654.3319,0.1182,0
338,0,652.4651,654.0324,654.5243,0.0459,0
339,1,654.4012,655.7037,656.0906,0.1207,0
339,0,654.4012,655.7037,656.3043,0.0406,0
340,1,656.1505,657.5316,657.8137,0.1145,0
340,0,656.1505,657.5316,657.9859,0.0356,0
341,1,657.8655,659.4187,659.7270,0.1148,0
341,0,657.8655,659.4187,659.9417,0.0562,0
342,1,659.7990,661.0787,661.3876,0.1152,0
342,0,659.7990,661.0787,661.6329,0.0399,0
343,1,661.4432,663.1956,663.5422,0.1235,0
343,0,661.4432,663.1956,663.7512,0.0445,0
344,1,663.6044,665.1586,665.4645,0.1192,0
344,0,663.6044,665.1586,665.6890,0.0487,0
345,1,665.5367,666.8580,667.1748,0.1210,0
345,0,665.5367,666.8580,667.3561,0.0351,0
346,1,667.2288,668.5991,668.9171,0.1137,0
346,0,667.2288,668.5991,669.2124,0.0555,0
347,1,668.9920,670.5938,670.9332,0.1189,0
347,0,668.9920,670.5938,671.1401,0.0408,0
348,1,671.0070,672.2926,672.6023,0.1159,0
348,0,671.0070,672.2926,672.8429,0.0391,0
349,1,672.6579,674.2343,674.5153,0.1135,0
349,0,672.6579,674.2343,674.6902,0.0362,0
350,1,674.5674,676.0925,676.3742,0.1172,0
350,0,674.5674,676.0925,676.5747,0.0373,0
351,1,676.4277,677.7086,678.0327,0.1185,0
351,0,676.4277,677.7086,678.3082,0.0436,0
352,1,678.0929,679.9047,680.2254,0.1191,0
352,0,678.0929,679.9047,680.4452,0.0498,0
353,1,680.2963,681.7615,682.1332,0.1623,0
353,0,680.2963,681.7615,682.3495,0.0444,0
354,1,682.2011,683.5138,683.8454,0.1152,0
354,0,682.2011,683.5138,684.0500,0.0362,0
355,1,683.9028,685.4685,685.7524,0.1123,0
355,0,683.9028,685.4685,685.9362,0.0365,0
356,1,685.8054,687.3651,687.6761,0.1149,0
356,0,685.8054,687.3651,687.9006,0.0460,0
357,1,687.7459,689.0830,689.4304,0.1182,0
357,0,687.7459,689.0830,689.6429,0.0392,0
358,1,689.4926,690.9324,691.2439,0.1163,0
358,0,689.4926,690.9324,691.4495,0.0438,0
359,1,691.3041,692.8700,693.1683,0.1161,0
359,0,691.3041,692.8700,693.5450,0.0387,0
360,1,693.2354,694.6704,694.9797,0.1140,0
360,0,693.2354,694.6704,695.1659,0.0373,0
361,1,695.0384,696.5396,696.8503,0.1157,0
361,0,695.0384,696.5396,697.0611,0.0469,0
362,1,696.9139,698.4914,698.8044,0.1134,0
362,0,696.9139,698.4914,699.0290,0.0468,0
363,1,698.8673,700.1686,700.5360,0.1155,0
363,0,698.8673,700.1686,700.7472,0.0397,0
364,1,700.5919,702.1538,702.4494,0.1129,0
364,0,700.5919,702.1538,702.6491,0.0440,0
365,1,702.5096,704.0745,704.3574,0.1126,0
365,0,702.5096,704.0745,704.5445,0.0425,0
366,1,704.4259,705.7427,706.0779,0.1146,0
366,0,704.4259,705.7427,706.2909,0.0388,0
367,1,706.1362,707.5994,707.9066,0.1140,0
367,0,706.1362,707.5994,708.1113,0.0440,0
368,1,707.9668,709.4954,709.8366,0.1647,0
368,0,707.9668,709.4954,710.0208,0.0372,0
369,1,709.8970,711.2000,711.4791,0.1152,0
369,0,709.8970,711.2000,711.7383,0.0356,0
370,1,711.5362,713.1589,713.4864,0.1196,0
370,0,711.5362,713.1589,713.7056,0.0458,0
371,1,713.5495,715.1226,715.4360,0.1209,0
371,0,713.5495,715.1226,715.6163,0.0360,0
372,1,715.4954,716.7944,717.0732,0.1175,0
372,0,715.4954,716.7944,717.2698,0.0346,0
373,1,717.1295,718.8937,719.1807,0.1160,0
373,0,717.1295,718.8937,719.3531,0.0355,0
374,1,719.2348,720.7706,721.0726,0.1158,0
374,0,719.2348,720.7706,721.2581,0.0385,0
375,1,721.1344,722.4327,722.7471,0.1169,0
375,0,721.1344,722.4327,722.9543,0.0395,0
376,1,722.8044,724.2276,724.5566,0.1241,0
376,0,722.8044,724.2276,724.7701,0.0436,0
377,1,724.6192,726.1659,726.5286,0.1609,0
377,0,724.6192,726.1659,726.7397,0.0437,0
378,1,726.5960,727.9227,728.1958,0.1145,0
378,0,726.5960,727.9227,728.4286,0.0803,0
379,1,728.2948,729.6767,730.0039,0.1154,0
379,0,728.2948,729.6767,730.2159,0.0434,0
380,1,730.0669,731.6467,732.0223,0.1696,0
380,0,730.0669,731.6467,732.2270,0.0439,0
381,1,732.0831,733.3638,733.6980,0.1234,0
381,0,732.0831,733.3638,733.9693,0.0408,0
382,1,733.7620,735.3844,735.7003,0.1165,0
382,0,733.7620,735.3844,736.0439,0.1628,0
383,1,735.8872,737.4760,737.8008,0.1132,0
383,0,735.8872,737.4760,738.0092,0.0437,0
384,1,737.8655,739.1696,739.5246,0.1122,0
384,0,737.8655,739.1696,739.7389,0.0460,0
385,1,739.5925,740.9142,741.2370,0.1193,0
385,0,739.5925,740.9142,741.4621,0.0453,0
386,1,741.3031,742.8450,743.1870,0.1563,0
386,0,741.3031,742.8450,743.3781,0.0456,0
387,1,743.2526,744.5648,744.9589,0.1244,0
387,0,743.2526,744.5648,745.1770,0.0434,0
388,1,745.0210,746.3843,746.7005,0.1154,0
388,0,745.0210,746.3843,746.9095,0.0441,0
389,1,746.7641,748.3507,748.6600,0.1133,0
389,0,746.7641,748.3507,748.8748,0.0457,0
390,1,748.7296,750.0458,750.3508,0.1097,0
390,0,748.7296,750.0458,750.5775,0.0396,0
391,1,750.4131,752.0111,752.3342,0.1219,0
391,0,750.4131,752.0111,752.5838,0.0740,0
392,1,752.4329,754.0465,754.3608,0.1105,0
392,0,752.4329,754.0465,754.5589,0.0487,0
393,1,754.4292,755.7194,756.0785,0.1143,0
393,0,754.4292,755.7194,756.2828,0.0356,0
394,1,756.1365,757.5312,757.8394,0.1146,0
394,0,756.1365,757.5312,758.0384,0.0402,0
395,1,757.8960,759.4161,759.7762,0.1632,0
395,0,757.8960,759.4161,759.9925,0.0466,0
396,1,759.8930,761.1667,761.4609,0.1170,0
396,0,759.8930,761.1667,761.7623,0.0395,0
397,1,761.5222,763.0609,763.3921,0.1221,0
397,0,761.5222,763.0609,763.5805,0.0442,0
398,1,763.4520,764.9847,765.2984,0.1179,0
398,0,763.4520,764.9847,765.5265,0.0451,0
399,1,765.3677,766.6658,766.9707,0.1126,0
399,0,765.3677,766.6658,767.2110,0.0397,0
400,1,767.0321,768.6346,769.0357,0.2209,0
400,0,767.0321,768.6346,769.2235,0.0391,0
401,1,769.0943,770.6609,770.9467,0.1135,0
401,0,769.0943,770.6609,771.1344,0.0430,0
402,1,771.0119,772.2875,772.6232,0.1472,0
402,0,771.0119,772.2875,772.8429,0.0380,0
403,1,772.6829,774.2916,774.6217,0.1151,0
403,0,772.6829,774.2916,774.8350,0.0429,0
404,1,774.6874,776.4109,776.7591,0.1240,0
404,0,774.6874,776.4109,776.9698,0.0442,0
405,1,776.8215,778.1069,778.4091,0.1083,0
405,0,776.8215,778.1069,778.6340,0.0454,0
406,1,778.4768,779.8186,780.1014,0.1160,0
406,0,778.4768,779.8186,780.2730,0.0348,0
407,1,780.1557,781.7290,782.0304,0.1129,0
407,0,780.1557,781.7290,782.2556,0.0610,0
408,1,782.1079,783.3933,783.7163,0.1195,0
408,0,782.1079,783.3933,783.9723,0.0392,0
409,1,783.7795,785.2542,785.5794,0.1206,0
409,0,783.7795,785.2542,785.8332,0.0418,0
410,1,785.6406,787.2826,787.6963,0.1097,0
410,0,785.6406,787.2826,787.9356,0.0583,0
411,1,787.7749,789.0863,789.4100,0.1162,0
411,0,787.7749,789.0863,789.6124,0.0385,0
412,1,789.4664,790.8594,791.1718,0.1165,0
412,0,789.4664,790.8594,791.3770,0.0439,0
413,1,791.2319,792.7467,793.1049,0.1648,0
413,0,791.2319,792.7467,793.3193,0.0407,0
414,1,793.1644,794.4562,794.7399,0.1143,0
414,0,793.1644,794.4562,794.9634,0.0359,0
415,1,794.7917,796.3647,796.6572,0.1180,0
415,0,794.7917,796.3647,796.8361,0.0367,0
416,1,796.7106,798.2547,798.5583,0.1148,0
416,0,796.7106,798.2547,798.7807,0.0511,0
417,1,798.6293,799.9297,800.2328,0.1136,0
417,0,798.6293,799.9297,800.4345,0.0450,0
418,1,800.2936,801.8597,802.1550,0.1183,0
418,0,800.2936,801.8597,802.4149,0.0369,0
419,1,802.2175,803.5761,804.0903,0.3459,0
419,0,802.2175,803.5761,804.2722,0.0355,0
420,1,804.1486,805.4510,805.7355,0.1145,0
420,0,804.1486,805.4510,805.9216,0.0363,0
421,1,805.7906,807.3631,807.6898,0.1275,0
421,0,805.7906,807.3631,807.9019,0.0445,0
422,1,807.7543,809.0562,809.6837,0.3988,0
422,0,807.7543,809.0562,809.9110,0.0435,0
423,1,809.7512,811.0798,811.4107,0.1212,0
423,0,809.7512,811.0798,811.6350,0.0364,0
424,1,811.4701,813.0606,813.3456,0.1125,0
424,0,811.4701,813.0606,813.5435,0.0364,0
425,1,813.4037,814.9682,815.2842,0.1188,0
425,0,813.4037,814.9682,815.4823,0.0444,0
426,1,815.3522,816.6370,816.9470,0.1148,0
426,0,815.3522,816.6370,817.1888,0.0433,0
427,1,817.0099,818.7916,819.1067,0.1166,0
427,0,817.0099,818.7916,819.3246,0.0456,0
428,1,819.1702,820.7344,821.0520,0.1182,0
428,0,819.1702,820.7344,821.2742,0.0527,0
429,1,821.1270,822.4104,822.7441,0.1185,0
429,0,821.1270,822.4104,822.9279,0.0460,0
430,1,822.8297,824.1626,824.4686,0.1153,0
430,0,822.8297,824.1626,824.6506,0.0375,0
431,1,824.5247,826.0440,826.4079,0.1619,0
431,0,824.5247,826.0440,826.6287,0.0435,0
432,1,826.4754,827.7990,828.0761,0.1136,0
432,0,826.4754,827.7990,828.3047,0.0347,0
433,1,828.1316,829.7730,830.1162,0.1763,0
433,0,828.1316,829.7730,830.2932,0.0358,0
434,1,830.1726,831.7298,832.0069,0.1159,0
434,0,830.1726,831.7298,832.1929,0.0350,0
435,1,832.0667,833.3618,833.6976,0.1264,0
435,0,832.0667,833.3618,834.0041,0.0404,0
436,1,833.7598,835.4162,835.7376,0.1198,0
436,0,833.7598,835.4162,836.0170,0.0444,0
437,1,835.7996,837.4610,837.7756,0.1162,0
437,0,835.7996,837.4610,837.9990,0.0424,0
438,1,837.8434,839.1979,839.5205,0.1095,0
438,0,837.8434,839.1979,839.7299,0.0409,0
439,1,839.5863,841.0123,841.2972,0.1172,0
439,0,839.5863,841.0123,841.4909,0.0363,0
440,1,841.3527,842.8677,843.2071,0.1570,0
440,0,841.3527,842.8677,843.3993,0.0377,0
441,1,843.2682,844.5852,844.9700,0.1220,0
441,0,843.2682,844.5852,845.1861,0.0409,0
442,1,845.0314,846.4940,846.8021,0.1135,0
442,0,845.0314,846.4940,847.0698,0.0436,0
443,1,846.8626,848.4842,848.7698,0.1130,0
443,0,846.8626,848.4842,848.9539,0.0365,0
444,1,848.8305,850.1300,850.5125,0.1183,0
444,0,848.8305,850.1300,850.8003,0.0435,0
445,1,850.5957,852.1866,852.5243,0.1172,0
445,0,850.5957,852.1866,852.7377,0.0442,0
446,1,852.5866,854.1403,854.4640,0.1209,0
446,0,852.5866,854.1403,854.7150,0.0485,0
447,1,854.5364,855.8793,856.1658,0.1068,0
447,0,854.5364,855.8793,856.3343,0.0347,0
448,1,856.2182,857.5617,857.8503,0.1210,0
448,0,856.2182,857.5617,858.0283,0.0353,0
449,1,857.9036,859.4299,859.7855,0.1640,0
449,0,857.9036,859.4299,859.9963,0.0447,0
450,1,859.8537,861.1774,861.4863,0.1131,0
450,0,859.8537,861.1774,861.7519,0.0391,0
451,1,861.5431,863.1615,863.4713,0.1139,0
451,0,861.5431,863.1615,863.6758,0.0479,0
452,1,863.5355,865.0916,865.3723,0.1132,0
452,0,863.5355,865.0916,865.5977,0.0501,0
453,1,865.4457,866.7725,867.0604,0.1145,0
453,0,865.4457,866.7725,867.2908,0.0361,0
454,1,867.1144,868.6845,868.9966,0.1183,0
454,0,867.1144,868.6845,869.2628,0.0911,0
455,1,869.1085,870.7056,871.0379,0.1173,0
455,0,869.1085,870.7056,871.2447,0.0434,0
456,1,871.0992,872.3808,872.7460,0.1193,0
456,0,871.0992,872.3808,872.9635,0.0392,0
457,1,872.8084,874.2298,874.5224,0.1133,0
457,0,872.8084,874.2298,874.6938,0.0353,0
458,1,874.5740,876.0588,876.4196,0.1629,0
458,0,874.5740,876.0588,876.6319,0.0442,0
459,1,876.4840,877.7788,878.0808,0.1115,0
459,0,876.4840,877.7788,878.3737,0.0438,0
460,1,878.1430,879.8016,880.0875,0.1161,0
460,0,878.1430,879.8016,880.2597,0.0351,0
461,1,880.1400,881.6775,881.9762,0.1099,0
461,0,880.1400,881.6775,882.1661,0.0437,0
462,1,882.0435,883.3500,883.6818,0.1217,0
462,0,882.0435,883.3500,883.9577,0.0425,0
463,1,883.7443,885.2344,885.5490,0.1173,0
463,0,883.7443,885.2344,885.7772,0.0441,0
464,1,885.6122,887.3107,887.6239,0.1159,0
464,0,885.6122,887.3107,887.8306,0.0398,0
465,1,887.6802,888.9602,889.2784,0.1188,0
465,0,887.6802,888.9602,889.6189,0.0397,0
466,1,889.3340,891.0002,891.2941,0.1190,0
466,0,889.3340,891.0002,891.4817,0.0360,0
467,1,891.3458,892.8587,893.1966,0.1562,0
467,0,891.3458,892.8587,893.3926,0.0373,0
468,1,893.2567,894.5376,894.8614,0.1216,0
468,0,893.2567,894.5376,895.1341,0.1019,0
469,1,894.9825,896.3513,896.6675,0.1172,0
469,0,894.9825,896.3513,896.8680,0.0438,0
470,1,896.7278,898.2750,898.5648,0.1149,0
470,0,896.7278,898.2750,898.7520,0.0443,0
471,1,898.6275,899.8970,900.1760,0.1147,0
471,0,898.6275,899.8970,900.3492,0.0364,0
472,1,900.2310,901.8081,902.3381,0.3181,0
472,0,900.2310,901.8081,902.5637,0.0421,0
473,1,902.4073,904.0054,904.3187,0.1131,0
473,0,902.4073,904.0054,904.5159,0.0426,0
474,1,904.3886,905.6791,906.0725,0.1175,0
474,0,904.3886,905.6791,906.2654,0.0366,0
475,1,906.1333,907.4656,907.7503,0.1138,0
475,0,906.1333,907.4656,907.9253,0.0359,0
476,1,907.8029,909.2883,909.6445,0.1615,0
476,0,907.8029,909.2883,909.8691,0.0450,0
477,1,909.7134,911.0330,911.3320,0.1106,0
477,0,909.7134,911.0330,911.5449,0.0434,0
478,1,911.3936,912.9710,913.3017,0.1314,0
478,0,911.3936,912.9710,913.5025,0.0381,0
479,1,913.3593,914.9336,915.2236,0.1172,0
479,0,913.3593,914.9336,915.4011,0.0366,0
480,1,915.2803,916.5307,916.8152,0.1128,0
480,0,915.2803,916.5307,917.0050,0.0436,0
481,1,916.8804,918.4674,918.7775,0.1175,0
481,0,916.8804,918.4674,919.0409,0.0446,0
482,1,918.8571,920.5046,920.7896,0.1191,0
482,0,918.8571,920.5046,920.9889,0.0408,0
483,1,920.8548,922.1806,922.4646,0.1139,0
483,0,920.8548,922.1806,922.7370,0.0364,0
484,1,922.5199,924.1381,924.4277,0.1094,0
484,0,922.5199,924.1381,924.6151,0.0357,0
485,1,924.4864,926.0072,926.3422,0.1568,0
485,0,924.4864,926.0072,926.5270,0.0375,0
486,1,926.4011,927.6380,927.9229,0.1173,0
486,0,926.4011,927.6380,928.1062,0.0362,0
487,1,927.9805,929.5552,929.9322,0.1741,0
487,0,927.9805,929.5552,930.1467,0.0432,0
488,1,929.9936,931.2656,931.8387,0.3980,0
488,0,929.9936,931.2656,932.0149,0.0382,0
489,1,931.8929,933.1348,933.4489,0.1195,0
489,0,931.8929,933.1348,933.6185,0.0362,0
490,1,933.5007,935.0040,935.3218,0.1222,0
490,0,933.5007,935.0040,935.5480,0.0472,0
491,1,935.3967,936.9516,937.4213,0.2541,0
491,0,935.3967,936.9516,937.6477,0.0452,0
492,1,937.4874,938.8014,939.0889,0.1132,0
492,0,937.4874,938.8014,939.2756,0.0442,0
493,1,939.1518,940.6998,940.9912,0.1184,0
493,0,939.1518,940.6998,941.1676,0.0363,0
494,1,941.0681,942.3057,942.8313,0.3389,0
494,0,941.0681,942.3057,943.0807,0.0433,0
495,1,942.9030,944.2219,944.5282,0.1092,0
495,0,942.9030,944.2219,944.8768,0.0443,0
496,1,944.5916,946.2733,946.5660,0.1166,0
496,0,944.5916,946.2733,946.7803,0.0363,0
497,1,946.6283,947.9381,948.3949,0.2789,0
497,0,946.6283,947.9381,948.6203,0.0514,0
498,1,948.4713,949.7752,950.0500,0.1026,0
498,0,948.4713,949.7752,950.2294,0.0359,0
499,1,950.1046,951.6111,951.9654,0.1208,0
499,0,950.1046,951.6111,952.2338,0.0963,0
500,1,952.0862,953.3755,953.7048,0.1179,0
500,0,952.0862,953.3755,954.0906,0.2083,0
501,1,953.9350,955.1949,955.5129,0.1200,0
501,0,953.9350,955.1949,955.7312,0.0438,0
502,1,955.5797,957.1370,957.4540,0.1165,0
502,0,955.5797,957.1370,957.6748,0.0445,0
503,1,957.5222,958.8014,959.1342,0.1185,0
503,0,957.5222,958.8014,959.6248,0.3102,0
504,1,959.4688,960.7556,961.0495,0.1210,0
504,0,959.4688,960.7556,961.2477,0.0493,0
505,1,961.1168,962.6159,962.8979,0.1155,0
505,0,961.1168,962.6159,963.1156,0.0358,0
506,1,963.0360,964.4482,964.7757,0.1188,0
506,0,963.0360,964.4482,965.1918,0.2265,0
507,1,965.0305,966.3221,966.6126,0.1174,0
507,0,965.0305,966.3221,966.7870,0.0362,0
508,1,966.6651,968.1543,968.4617,0.1124,0
508,0,966.6651,968.1543,968.6780,0.0406,0
509,1,968.5272,970.0247,970.3360,0.1155,0
509,0,968.5272,970.0247,970.6396,0.1454,0
510,1,970.5103,971.7959,972.1103,0.1159,0
510,0,970.5103,971.7959,972.3112,0.0439,0
511,1,972.1711,973.6428,974.0736,0.1681,0
511,0,972.1711,973.6428,974.2722,0.0432,0
512,1,974.1383,975.3737,975.6472,0.1045,0
512,0,974.1383,975.3737,975.8905,0.0371,0
513,1,975.7005,977.0480,977.3317,0.1137,0
513,0,975.7005,977.0480,977.5305,0.0353,0
514,1,977.3840,978.8867,979.1905,0.1130,0
514,0,977.3840,978.8867,979.4042,0.0449,0
515,1,979.2596,980.5060,980.8275,0.1183,0
515,0,979.2596,980.5060,981.0798,0.0433,0
516,1,980.8889,982.4283,982.7351,0.1144,0
516,0,980.8889,982.4283,982.9339,0.0436,0
517,1,982.7949,984.0260,984.6044,0.3809,0
517,0,982.7949,984.0260,984.8221,0.0488,0
518,1,984.6772,985.9477,986.3480,0.2318,0
518,0,984.6772,985.9477,986.6865,0.0383,0
519,1,986.4089,988.0915,988.3743,0.1169,0
519,0,986.4089,988.0915,988.5669,0.0362,0
520,1,988.4271,989.8406,990.2784,0.2264,0
520,0,988.4271,989.8406,990.4949,0.0452,0
521,1,990.3463,991.6198,992.0386,0.1256,0
521,0,990.3463,991.6198,992.3468,0.0586,0
522,1,992.1201,993.7020,994.0719,0.1120,0
522,0,992.1201,993.7020,994.2830,0.0476,0
523,1,994.1415,995.6784,995.9677,0.1163,0
523,0,994.1415,995.6784,996.1436,0.0372,0
524,1,996.0216,997.2342,997.5338,0.1127,0
524,0,996.0216,997.2342,997.7659,0.0450,0
525,1,997.5948,999.1474,999.4329,0.1149,0
525,0,997.5948,999.1474,999.6315,0.0459,0
526,1,999.4945,1000.9816,1001.2585,0.1147,0
526,0,999.4945,1000.9816,1001.4383,0.0359,0
527,1,1001.3109,1002.7299,1003.0392,0.1142,0
527,0,1001.3109,1002.7299,1003.3489,0.0442,0
528,1,1003.1021,1004.8714,1005.1735,0.1225,0
528,0,1003.1021,1004.8714,1005.3629,0.0372,0
529,1,1005.2571,1006.7794,1007.0664,0.1151,0
529,0,1005.2571,1006.7794,1007.2437,0.0379,0
530,1,1007.1210,1008.3415,1008.6614,0.1148,0
530,0,1007.1210,1008.3415,1008.9006,0.0460,0
531,1,1008.7251,1010.2967,1010.5997,0.1138,0
531,0,1008.7251,1010.2967,1010.7811,0.0387,0
532,1,1011.5601,1013.1253,1013.4540,0.1228,0
532,0,1011.5601,1013.1253,1013.7424,0.0463,0
533,1,1013.6286,1015.0713,1015.4975,0.2373,0
533,0,1013.6286,1015.0713,1015.6960,0.0452,0
534,1,1015.5624,1016.8099,1017.1816,0.1143,0
534,0,1015.5624,1016.8099,1017.3854,0.0412,0
535,1,1017.2560,1018.9667,1019.2922,0.1240,0
535,0,1017.2560,1018.9667,1019.6576,0.1875,0
536,1,1019.5038,1021.0639,1021.3676,0.1147,0
536,0,1019.5038,1021.0639,1021.5543,0.0391,0
537,1,1021.4297,1022.6920,1022.9662,0.1039,0
537,0,1021.4297,1022.6920,1023.4243,0.3122,0
538,1,1023.3007,1024.5366,1024.8236,0.1145,0
538,0,1023.3007,1024.5366,1025.0013,0.0361,0
539,1,1024.8798,1026.3683,1026.6764,0.1133,0
539,0,1024.8798,1026.3683,1026.8880,0.0453,0
540,1,1026.7452,1028.0289,1028.3628,0.1136,0
540,0,1026.7452,1028.0289,1028.5910,0.0371,0
541,1,1028.4229,1029.7656,1030.0519,0.1130,0
541,0,1028.4229,1029.7656,1030.2195,0.0345,0
542,1,1030.1284,1031.6259,1031.9357,0.1203,0
542,0,1030.1284,1031.6259,1032.1431,0.0423,0
543,1,1031.9942,1033.2387,1033.5622,0.1198,0
543,0,1031.9942,1033.2387,1033.7740,0.0430,0
544,1,1033.6213,1035.2828,1035.5649,0.1145,0
544,0,1033.6213,1035.2828,1035.7714,0.0355,0
545,1,1035.6246,1037.2146,1037.5067,0.1145,0
545,0,1035.6246,1037.2146,1037.6898,0.0351,0
546,1,1037.5590,1038.7905,1039.0976,0.1145,0
546,0,1037.5590,1038.7905,1039.3094,0.0398,0
547,1,1039.1599,1040.7506,1041.0730,0.1238,0
547,0,1039.1599,1040.7506,1041.2911,0.0461,0
548,1,1041.1368,1042.3828,1042.8443,0.2932,0
548,0,1041.1368,1042.3828,1043.0591,0.0372,0
549,1,1042.9731,1044.2294,1044.5242,0.1129,0
549,0,1042.9731,1044.2294,1044.7169,0.0371,0
550,1,1044.5795,1046.0930,1046.4006,0.1128,0
550,0,1044.5795,1046.0930,1046.6201,0.0441,0
551,1,1046.4687,1047.7427,1048.0459,0.1201,0
551,0,1046.4687,1047.7427,1048.4323,0.2241,0
552,1,1048.2953,1049.5637,1049.8909,0.1210,0
552,0,1048.2953,1049.5637,1050.1097,0.0416,0
553,1,1049.9518,1051.6079,1051.9400,0.1217,0
553,0,1049.9518,1051.6079,1052.1914,0.0949,0
554,1,1052.0574,1053.3286,1053.6098,0.1073,0
554,0,1052.0574,1053.3286,1054.0482,0.2626,0
555,1,1053.8944,1055.1605,1055.4707,0.1148,0
555,0,1053.8944,1055.1605,1055.6856,0.0437,0
556,1,1055.5385,1057.0028,1057.5284,0.3161,0
556,0,1055.5385,1057.0028,1057.7235,0.0443,0
557,1,1057.5929,1058.8386,1059.1080,0.1061,0
557,0,1057.5929,1058.8386,1059.5987,0.3128,0
558,1,1059.4479,1060.7317,1061.0132,0.1161,0
558,0,1059.4479,1060.7317,1061.1815,0.0353,0
559,1,1061.0670,1062.4652,1062.8191,0.1619,0
559,0,1061.0670,1062.4652,1063.0432,0.0394,0
560,1,1062.8867,1064.1948,1064.5429,0.1085,0
560,0,1062.8867,1064.1948,1064.7538,0.0412,0
561,1,1064.6067,1065.9958,1066.3105,0.1165,0
561,0,1064.6067,1065.9958,1066.5168,0.0400,0
562,1,1066.3699,1067.8671,1068.2245,0.1628,0
562,0,1066.3699,1067.8671,1068.4410,0.0476,0
563,1,1068.2965,1069.7638,1070.1553,0.1103,0
563,0,1068.2965,1069.7638,1070.3478,0.0388,0
564,1,1070.2183,1071.5636,1071.8404,0.1170,0
564,0,1070.2183,1071.5636,1072.0239,0.0354,0
565,1,1071.8917,1073.4116,1073.7394,0.1209,0
565,0,1071.8917,1073.4116,1073.9743,0.0428,0
566,1,1073.8058,1075.1242,1075.4429,0.1164,0
566,0,1073.8058,1075.1242,1075.7159,0.1046,0
567,1,1075.5686,1076.9319,1077.2167,0.1143,0
567,0,1075.5686,1076.9319,1077.3867,0.0354,0
568,1,1077.2688,1078.4962,1078.9898,0.2807,0
568,0,1077.2688,1078.4962,1079.2157,0.0459,0
569,1,1079.0564,1080.3398,1080.6211,0.1138,0
569,0,1079.0564,1080.3398,1080.7954,0.0354,0
570,1,1080.6734,1082.1889,1082.5035,0.1134,0
570,0,1080.6734,1082.1889,1082.7166,0.0451,0
571,1,1082.5692,1083.8343,1084.1387,0.1068,0
571,0,1082.5692,1083.8343,1084.7246,0.3792,0
572,1,1084.5409,1086.0813,1086.3658,0.1126,0
572,0,1084.5409,1086.0813,1086.5520,0.0369,0
573,1,1086.4205,1087.9804,1088.2646,0.1165,0
573,0,1086.4205,1087.9804,1088.4358,0.0346,0
574,1,1088.3179,1089.5588,1090.1118,0.3771,0
574,0,1088.3179,1089.5588,1090.3109,0.0464,0
575,1,1090.1821,1091.4711,1091.7508,0.1154,0
575,0,1090.1821,1091.4711,1091.9256,0.0378,0
576,1,1091.8048,1093.3253,1093.6483,0.1148,0
576,0,1091.8048,1093.3253,1093.8799,0.0439,0
577,1,1093.7166,1095.0292,1095.6373,0.4072,0
577,0,1093.7166,1095.0292,1095.8418,0.0416,0
578,1,1095.6997,1096.9761,1097.2447,0.1078,0
578,0,1095.6997,1096.9761,1097.4186,0.0345,0
579,1,1097.2955,1098.9431,1099.2459,0.1152,0
579,0,1097.2955,1098.9431,1099.4590,0.0445,0
580,1,1099.3134,1100.6149,1101.1781,0.3729,0
580,0,1099.3134,1100.6149,1101.3905,0.0467,0
581,1,1101.2450,1102.7506,1103.0510,0.1143,0
581,0,1101.2450,1102.7506,1103.3593,0.0379,0
582,1,1103.1153,1104.7637,1105.0471,0.1109,0
582,0,1103.1153,1104.7637,1105.2206,0.0359,0
583,1,1105.1000,1106.6289,1106.9065,0.1139,0
583,0,1105.1000,1106.6289,1107.0948,0.0354,0
584,1,1106.9666,1108.2466,1108.5532,0.1111,0
584,0,1106.9666,1108.2466,1108.8574,0.0464,0
585,1,1108.6184,1110.2880,1110.5954,0.1153,0
585,0,1108.6184,1110.2880,1110.8054,0.0384,0
586,1,1110.6596,1112.2768,1112.5985,0.1158,0
586,0,1110.6596,1112.2768,1112.8098,0.0492,0
587,1,1112.6841,1113.9533,1114.2448,0.1177,0
587,0,1112.6841,1113.9533,1114.5149,0.0369,0
588,1,1114.3040,1115.9330,1116.2550,0.1193,0
588,0,1114.3040,1115.9330,1116.4679,0.0447,0
589,1,1116.3192,1117.8737,1118.3680,0.1291,0
589,0,1116.3192,1117.8737,1118.7034,0.0466,0
590,1,1118.4404,1120.1030,1120.6811,0.3731,0
590,0,1118.4404,1120.1030,1121.0769,0.0442,0
591,1,1120.8240,1122.2725,1122.5636,0.1189,0
591,0,1120.8240,1122.2725,1122.9055,0.0442,0
592,1,1122.6722,1124.1223,1124.4094,0.1115,0
592,0,1122.6722,1124.1223,1124.6645,0.0423,0
593,1,1124.5285,1126.0976,1126.4169,0.1160,0
593,0,1124.5285,1126.0976,1126.7327,0.0431,0
594,1,1126.4851,1127.9079,1128.1853,0.1099,0
594,0,1126.4851,1127.9079,1128.4947,0.0475,0
595,1,1128.2611,1129.9679,1130.3111,0.1184,0
595,0,1128.2611,1129.9679,1130.6132,0.0474,0
596,1,1130.3809,1131.9933,1132.3370,0.1616,0
596,0,1130.3809,1131.9933,1132.5756,0.0908,0
597,1,1132.4501,1133.8978,1134.1877,0.1149,0
597,0,1132.4501,1133.8978,1134.6512,0.3156,0
598,1,1134.5250,1136.0042,1136.3018,0.1182,0
598,0,1134.5250,1136.0042,1136.4888,0.0424,0
599,1,1136.3612,1137.8956,1138.1809,0.1135,0
599,0,1136.3612,1137.8956,1138.3645,0.0447,0
600,1,1138.2418,1139.5039,1140.0751,0.3940,0
600,0,1138.2418,1139.5039,1140.2647,0.0449,0
601,1,1140.1367,1141.4044,1141.7020,0.1161,0
601,0,1140.1367,1141.4044,1141.8805,0.0357,0
602,1,1141.7543,1143.2916,1143.5870,0.1148,0
602,0,1141.7543,1143.2916,1143.8104,0.0659,0
603,1,1143.7401,1145.0210,1145.3048,0.1157,0
603,0,1143.7401,1145.0210,1145.6213,0.1643,0
604,1,1145.4950,1146.7710,1147.0557,0.1170,0
604,0,1145.4950,1146.7710,1147.2325,0.0366,0
605,1,1147.1090,1148.7625,1149.2067,0.1122,0
605,0,1147.1090,1148.7625,1149.4474,0.0604,0
606,1,1149.2880,1150.5910,1151.1456,0.3780,0
606,0,1149.2880,1150.5910,1151.3408,0.0448,0
607,1,1151.2112,1152.6797,1152.9779,0.1162,0
607,0,1151.2112,1152.6797,1153.1656,0.0364,0
608,1,1153.0313,1154.6259,1154.9575,0.1217,0
608,0,1153.0313,1154.6259,1155.1824,0.0495,0
609,1,1155.0299,1156.6021,1156.9114,0.1139,0
609,0,1155.0299,1156.6021,1157.1291,0.0461,0
610,1,1156.9776,1158.2924,1158.6405,0.1676,0
610,0,1156.9776,1158.2924,1158.9578,0.0472,0
611,1,1158.7108,1160.3769,1160.7057,0.1209,0
611,0,1158.7108,1160.3769,1160.9131,0.0468,0
612,1,1160.7693,1162.3276,1162.6393,0.1154,0
612,0,1160.7693,1162.3276,1162.8544,0.0431,0
613,1,1162.7069,1164.0248,1164.3128,0.1132,0
613,0,1162.7069,1164.0248,1164.5626,0.0418,0
614,1,1164.3776,1166.0406,1166.3329,0.1163,0
614,0,1164.3776,1166.0406,1166.5296,0.0357,0
615,1,1166.3893,1167.9541,1168.2298,0.1141,0
615,0,1166.3893,1167.9541,1168.4207,0.0341,0
616,1,1168.2887,1169.7535,1170.1212,0.1121,0
616,0,1168.2887,1169.7535,1170.2989,0.0362,0
617,1,1170.1776,1171.5705,1171.8880,0.1199,0
617,0,1170.1776,1171.5705,1172.0919,0.0433,0
618,1,1171.9481,1173.4910,1173.8103,0.1209,0
618,0,1171.9481,1173.4910,1174.0226,0.0441,0
619,1,1173.8783,1175.1920,1175.5561,0.1197,0
619,0,1173.8783,1175.1920,1175.8012,0.0413,0
620,1,1175.6168,1177.0313,1177.3412,0.1146,0
620,0,1175.6168,1177.0313,1177.5473,0.0376,0
621,1,1177.4017,1178.9568,1179.2812,0.1331,0
621,0,1177.4017,1178.9568,1179.5035,0.0449,0
622,1,1179.3502,1180.6632,1180.9905,0.1261,0
622,0,1179.3502,1180.6632,1181.2737,0.1047,0
623,1,1181.1144,1182.4919,1182.7703,0.1150,0
623,0,1181.1144,1182.4919,1182.9414,0.0354,0
624,1,1182.8215,1184.3346,1184.6558,0.1203,0
624,0,1182.8215,1184.3346,1184.9311,0.0447,0
625,1,1184.7551,1186.3240,1186.6869,0.1134,0
625,0,1184.7551,1186.3240,1186.9047,0.0412,0
626,1,1186.7481,1188.1036,1188.4255,0.1185,0
626,0,1186.7481,1188.1036,1188.6280,0.0418,0
627,1,1188.4857,1190.0329,1190.3133,0.1150,0
627,0,1188.4857,1190.0329,1190.5230,0.0347,0
628,1,1190.3736,1191.6889,1191.9638,0.1155,0
628,0,1190.3736,1191.6889,1192.2018,0.0369,0
629,1,1192.0187,1193.6359,1193.9506,0.1168,0
629,0,1192.0187,1193.6359,1194.1391,0.0433,0
630,1,1194.0134,1195.5278,1195.9868,0.1586,0
630,0,1194.0134,1195.5278,1196.2025,0.0464,0
631,1,1196.0566,1197.3458,1197.6503,0.1138,0
631,0,1196.0566,1197.3458,1197.9390,0.1165,0
632,1,1197.8050,1199.1619,1199.4511,0.1135,0
632,0,1197.8050,1199.1619,1199.6240,0.0440,0
633,1,1199.5328,1201.0499,1201.3338,0.1166,0
633,0,1199.5328,1201.0499,1201.5274,0.0351,0
634,1,1201.3907,1202.8737,1203.1736,0.1184,0
634,0,1201.3907,1202.8737,1203.4747,0.0382,0
635,1,1203.2355,1204.7751,1205.0573,0.1092,0
635,0,1203.2355,1204.7751,1205.2385,0.0367,0
636,1,1205.1128,1206.6459,1206.9202,0.1098,0
636,0,1205.1128,1206.6459,1207.1026,0.0356,0
637,1,1206.9806,1208.2703,1208.5585,0.1162,0
637,0,1206.9806,1208.2703,1208.7464,0.0366,0
638,1,1208.6162,1210.2184,1210.6703,0.1152,0
638,0,1208.6162,1210.2184,1210.9731,0.0553,0
639,1,1210.7504,1212.3461,1212.7147,0.1621,0
639,0,1210.7504,1212.3461,1212.9278,0.0439,0
640,1,1212.7833,1214.1014,1214.4379,0.1183,0
640,0,1212.7833,1214.1014,1214.6710,0.0396,0
641,1,1214.4982,1215.8946,1216.1765,0.1140,0
641,0,1214.4982,1215.8946,1216.3488,0.0366,0
642,1,1216.2295,1217.7558,1218.0313,0.1151,0
642,0,1216.2295,1217.7558,1218.2098,0.0340,0
643,1,1218.0902,1219.5783,1219.8881,0.1143,0
643,0,1218.0902,1219.5783,1220.2185,0.1475,0
644,1,1220.0572,1221.4189,1221.7334,0.1178,0
644,0,1220.0572,1221.4189,1221.9511,0.0427,0
645,1,1221.7954,1223.3658,1223.6946,0.1279,0
645,0,1221.7954,1223.3658,1223.9078,0.0428,0
646,1,1223.7799,1225.1390,1225.4282,0.1182,0
646,0,1223.7799,1225.1390,1225.6648,0.0357,0
647,1,1225.4860,1227.1097,1227.4014,0.1150,0
647,0,1225.4860,1227.1097,1227.6275,0.0471,0
648,1,1227.4667,1228.9976,1229.3534,0.1650,0
648,0,1227.4667,1228.9976,1229.5690,0.0412,0
649,1,1229.4212,1230.7568,1231.0894,0.1182,0
649,0,1229.4212,1230.7568,1231.2987,0.0392,0
650,1,1231.1476,1232.6080,1232.9194,0.1161,0
650,0,1231.1476,1232.6080,1233.1442,0.0438,0
651,1,1232.9862,1234.6055,1234.8958,0.1137,0
651,0,1232.9862,1234.6055,1235.0735,0.0364,0
652,1,1234.9509,1236.4147,1236.7892,0.1096,0
652,0,1234.9509,1236.4147,1236.9639,0.0381,0
653,1,1236.8440,1238.2222,1238.5359,0.1157,0
653,0,1236.8440,1238.2222,1238.7494,0.0442,0
654,1,1238.5966,1240.1593,1240.4672,0.1129,0
654,0,1238.5966,1240.1593,1240.7677,0.0443,0
655,1,1240.5352,1241.9649,1242.3367,0.1166,0
655,0,1240.5352,1241.9649,1242.5646,0.0487,0
656,1,1242.4040,1243.7218,1244.0417,0.1072,0
656,0,1242.4040,1243.7218,1244.2599,0.0426,0
657,1,1244.1044,1245.6495,1245.9863,0.1662,0
657,0,1244.1044,1245.6495,1246.1702,0.0375,0
658,1,1246.0467,1247.3442,1247.6376,0.1160,0
658,0,1246.0467,1247.3442,1247.8587,0.0363,0
659,1,1247.6959,1249.2929,1249.5849,0.1157,0
659,0,1247.6959,1249.2929,1249.7717,0.0390,0
660,1,1249.6462,1251.2181,1251.5123,0.1121,0
660,0,1249.6462,1251.2181,1251.6936,0.0367,0
661,1,1251.5733,1252.9961,1253.3641,0.1153,0
661,0,1251.5733,1252.9961,1253.5825,0.0372,0
662,1,1253.4257,1254.8379,1255.1262,0.1149,0
662,0,1253.4257,1254.8379,1255.3052,0.0362,0
663,1,1255.1812,1256.7342,1257.0589,0.1221,0
663,0,1255.1812,1256.7342,1257.2771,0.0432,0
664,1,1257.1258,1258.4521,1258.7850,0.1207,0
664,0,1257.1258,1258.4521,1259.0225,0.0387,0
665,1,1258.8477,1260.4670,1260.7589,0.1165,0
665,0,1258.8477,1260.4670,1260.9447,0.0374,0
666,1,1260.8178,1262.5149,1262.7977,0.1164,0
666,0,1260.8178,1262.5149,1262.9780,0.0353,0
667,1,1262.8557,1264.1291,1264.5026,0.1174,0
667,0,1262.8557,1264.1291,1264.6935,0.0460,0
668,1,1264.5895,1266.0365,1266.3403,0.1142,0
668,0,1264.5895,1266.0365,1266.5527,0.0391,0
669,1,1266.4079,1268.0031,1268.2907,0.1225,0
669,0,1266.4079,1268.0031,1268.4943,0.0357,0
670,1,1268.3430,1269.8517,1270.1748,0.1548,0
670,0,1268.3430,1269.8517,1270.3491,0.0370,0
671,1,1270.2474,1271.6045,1271.8866,0.1178,0
671,0,1270.2474,1271.6045,1272.1048,0.0364,0
672,1,1271.9406,1273.5249,1273.8448,0.1200,0
672,0,1271.9406,1273.5249,1274.0317,0.0414,0
673,1,1273.9295,1275.2770,1275.6516,0.1146,0
673,0,1273.9295,1275.2770,1275.8623,0.0417,0
674,1,1275.7127,1277.0837,1277.3940,0.1134,0
674,0,1275.7127,1277.0837,1277.6029,0.0425,0
675,1,1277.4526,1278.9761,1279.3318,0.1645,0
675,0,1277.4526,1278.9761,1279.5731,0.0472,0
676,1,1279.4024,1280.7545,1281.0997,0.1182,0
676,0,1279.4024,1280.7545,1281.3175,0.0401,0
677,1,1281.1602,1282.6093,1282.9206,0.1176,0
677,0,1281.1602,1282.6093,1283.1517,0.0433,0
678,1,1283.0094,1284.5991,1284.9168,0.1185,0
678,0,1283.0094,1284.5991,1285.1355,0.0457,0
679,1,1284.9871,1286.5027,1286.8763,0.1666,0
679,0,1284.9871,1286.5027,1287.1120,0.0447,0
680,1,1286.9381,1288.2628,1288.5785,0.1142,0
680,0,1286.9381,1288.2628,1288.8980,0.1537,0
681,1,1288.7510,1290.2989,1290.6115,0.1181,0
681,0,1288.7510,1290.2989,1290.8302,0.0448,0
682,1,1290.6793,1291.9910,1292.3111,0.1219,0
682,0,1290.6793,1291.9910,1292.5181,0.0406,0
683,1,1292.3715,1293.6837,1293.9869,0.1162,0
683,0,1292.3715,1293.6837,1294.1622,0.0379,0
684,1,1294.0426,1295.5371,1295.9046,0.1638,0
684,0,1294.0426,1295.5371,1296.1185,0.0437,0
685,1,1295.9687,1297.2611,1297.5764,0.1156,0
685,0,1295.9687,1297.2611,1297.8451,0.0479,0
686,1,1297.6426,1299.2471,1299.5670,0.1210,0
686,0,1297.6426,1299.2471,1299.7714,0.0438,0
687,1,1299.6268,1301.1739,1301.4809,0.1128,0
687,0,1299.6268,1301.1739,1301.6939,0.0447,0
688,1,1301.5495,1303.0692,1303.5961,0.1473,0
688,0,1301.5495,1303.0692,1304.0960,0.3285,0
689,1,1303.9503,1305.2746,1305.5680,0.1164,0
689,0,1303.9503,1305.2746,1305.7674,0.0460,0
690,1,1305.6368,1307.1875,1307.4821,0.1153,0
690,0,1305.6368,1307.1875,1307.6970,0.0430,0
691,1,1307.5487,1308.8745,1309.1704,0.1228,0
691,0,1307.5487,1308.8745,1309.5875,0.2363,0
692,1,1309.4393,1310.7662,1311.0570,0.1126,0
692,0,1309.4393,1310.7662,1311.2395,0.0437,0
693,1,1311.1191,1312.7812,1313.1050,0.1223,0
693,0,1311.1191,1312.7812,1313.3412,0.0530,0
694,1,1313.1758,1314.4763,1315.0381,0.3920,0
694,0,1313.1758,1314.4763,1315.2140,0.0376,0
695,1,1315.0970,1316.3641,1316.6424,0.1113,0
695,0,1315.0970,1316.3641,1316.8355,0.0443,0
696,1,1316.7083,1318.2814,1318.5944,0.1166,0
696,0,1316.7083,1318.2814,1318.9574,0.0726,0
697,1,1318.6978,1320.2333,1320.7112,0.2686,0
697,0,1318.6978,1320.2333,1320.9384,0.0433,0
698,1,1320.7811,1322.1330,1322.4570,0.1191,0
698,0,1320.7811,1322.1330,1322.7560,0.0477,0
699,1,1322.5268,1324.2227,1324.5493,0.1210,0
699,0,1322.5268,1324.2227,1324.7570,0.0423,0
700,1,1324.6083,1326.1619,1326.4516,0.1172,0
700,0,1324.6083,1326.1619,1326.6613,0.0408,0
701,1,1326.5168,1327.8375,1328.1210,0.1204,0
701,0,1326.5168,1327.8375,1328.3210,0.0365,0
702,1,1328.1755,1329.7341,1330.0690,0.1615,0
702,0,1328.1755,1329.7341,1330.2449,0.0385,0
703,1,1330.1246,1331.6578,1332.0318,0.1144,0
703,0,1330.1246,1331.6578,1332.2303,0.0432,0
704,1,1332.1007,1333.4020,1333.6917,0.1154,0
704,0,1332.1007,1333.4020,1334.0539,0.0967,0
705,1,1333.8109,1335.5811,1335.8668,0.1122,0
705,0,1333.8109,1335.5811,1336.0538,0.0375,0
706,1,1335.9327,1337.5016,1337.7974,0.1248,0
706,0,1335.9327,1337.5016,1337.9842,0.0364,0
707,1,1337.8549,1339.1591,1339.5138,0.1160,0
707,0,1337.8549,1339.1591,1339.7197,0.0443,0
708,1,1339.5756,1340.9964,1341.3044,0.1156,0
708,0,1339.5756,1340.9964,1341.5051,0.0429,0
709,1,1341.3637,1342.9235,1343.2587,0.1277,0
709,0,1341.3637,1342.9235,1343.4763,0.0446,0
710,1,1343.3270,1344.6457,1344.9867,0.1141,0
710,0,1343.3270,1344.6457,1345.1814,0.0365,0
711,1,1345.0461,1346.5281,1346.8060,0.1148,0
711,0,1345.0461,1346.5281,1346.9818,0.0354,0
712,1,1346.8574,1348.3962,1348.7030,0.1150,0
712,0,1346.8574,1348.3962,1348.9153,0.0388,0
713,1,1348.7666,1350.0797,1350.4230,0.1234,0
713,0,1348.7666,1350.0797,1350.7043,0.1144,0
714,1,1350.5572,1351.9256,1352.2138,0.1253,0
714,0,1350.5572,1351.9256,1352.4861,0.1200,0
715,1,1352.3523,1353.9073,1354.1943,0.1165,0
715,0,1352.3523,1353.9073,1354.3834,0.0448,0
716,1,1354.2618,1355.5594,1355.8507,0.1174,0
716,0,1354.2618,1355.5594,1356.0942,0.0361,0
717,1,1355.9048,1357.5460,1357.8599,0.1144,0
717,0,1355.9048,1357.5460,1358.0935,0.0507,0
718,1,1357.9306,1359.5057,1359.8417,0.1195,0
718,0,1357.9306,1359.5057,1360.0523,0.0487,0
719,1,1359.9077,1361.2027,1361.5019,0.1152,0
719,0,1359.9077,1361.2027,1361.7525,0.0390,0
720,1,1361.5571,1363.2762,1363.6010,0.1142,0
720,0,1361.5571,1363.2762,1363.8262,0.0576,0
721,1,1363.6776,1365.2369,1365.5588,0.1263,0
721,0,1363.6776,1365.2369,1365.7717,0.0441,0
722,1,1365.6235,1366.9349,1367.2632,0.1146,0
722,0,1365.6235,1366.9349,1367.4550,0.0386,0
723,1,1367.3210,1368.7416,1369.0916,0.1130,0
723,0,1367.3210,1368.7416,1369.3576,0.0993,0
724,1,1369.2308,1370.8100,1371.1236,0.1179,0
724,0,1369.2308,1370.8100,1371.3241,0.0413,0
725,1,1371.1826,1372.4669,1372.7611,0.1094,0
725,0,1371.1826,1372.4669,1372.9549,0.0358,0
726,1,1372.8199,1374.1517,1374.4809,0.1195,0
726,0,1372.8199,1374.1517,1374.6825,0.0426,0
727,1,1374.5402,1376.0862,1376.3834,0.1155,0
727,0,1374.5402,1376.0862,1376.5736,0.0391,0
728,1,1376.4697,1377.8347,1378.1687,0.1212,0
728,0,1376.4697,1377.8347,1378.4329,0.0388,0
729,1,1378.2270,1379.8783,1380.1751,0.1155,0
729,0,1378.2270,1379.8783,1380.3615,0.0437,0
730,1,1380.2375,1381.8086,1382.2236,0.1207,0
730,0,1380.2375,1381.8086,1382.4438,0.0486,0
731,1,1382.2924,1383.5895,1383.9611,0.1196,0
731,0,1382.2924,1383.5895,1384.1850,0.0405,0
732,1,1384.0215,1385.3864,1385.7288,0.1226,0
732,0,1384.0215,1385.3864,1386.0530,0.1518,0
733,1,1385.9013,1387.4700,1387.7929,0.1233,0
733,0,1385.9013,1387.4700,1388.0067,0.0437,0
734,1,1387.8605,1389.1852,1389.5477,0.1152,0
734,0,1387.8605,1389.1852,1389.7767,0.0438,0
735,1,1389.6232,1391.2360,1391.5401,0.1152,0
735,0,1389.6232,1391.2360,1391.7573,0.0465,0
736,1,1391.6088,1393.2071,1393.5151,0.1152,0
736,0,1391.6088,1393.2071,1393.7309,0.0440,0
737,1,1393.5799,1394.8759,1395.2025,0.1575,0
737,0,1393.5799,1394.8759,1395.7248,0.3711,0
738,1,1395.5918,1396.8667,1397.1571,0.1189,0
738,0,1395.5918,1396.8667,1397.3341,0.0359,0
739,1,1397.2118,1398.7585,1399.0810,0.1193,0
739,0,1397.2118,1398.7585,1399.2944,0.0496,0
740,1,1399.1513,1400.4428,1400.7411,0.1346,0
740,0,1399.1513,1400.4428,1401.2293,0.3192,0
741,1,1401.0826,1402.5971,1402.8809,0.1157,0
741,0,1401.0826,1402.5971,1403.0578,0.0371,0
742,1,1402.9404,1404.4820,1404.7773,0.1109,0
742,0,1402.9404,1404.4820,1404.9690,0.0474,0
743,1,1404.8429,1406.1005,1406.4329,0.1196,0
743,0,1404.8429,1406.1005,1406.8270,0.2303,0
744,1,1406.6815,1407.9691,1408.2592,0.1147,0
744,0,1406.6815,1407.9691,1408.4368,0.0355,0
745,1,1408.3165,1410.0183,1410.3068,0.1178,0
745,0,1408.3165,1410.0183,1410.4914,0.0358,0
746,1,1410.3638,1411.6375,1411.9217,0.1084,0
746,0,1410.3638,1411.6375,1412.3814,0.3052,0
747,1,1412.2472,1413.5649,1413.8527,0.1147,0
747,0,1412.2472,1413.5649,1414.0316,0.0356,0
748,1,1413.9076,1415.4583,1415.7407,0.1128,0
748,0,1413.9076,1415.4583,1415.9193,0.0349,0
749,1,1415.7954,1417.0830,1417.4354,0.1432,0
749,0,1415.7954,1417.0830,1417.9191,0.3107,0
750,1,1417.7693,1419.2767,1419.5672,0.1169,0
750,0,1417.7693,1419.2767,1419.7392,0.0360,0
751,1,1419.6194,1421.1557,1421.4491,0.1175,0
751,0,1419.6194,1421.1557,1421.6619,0.0436,0
752,1,1421.5168,1422.8345,1423.4140,0.3794,0
752,0,1421.5168,1422.8345,1423.5995,0.0375,0
753,1,1423.4765,1424.7758,1425.0980,0.1198,0
753,0,1423.4765,1424.7758,1425.3060,0.0491,0
754,1,1425.1641,1426.8471,1427.1606,0.1179,0
754,0,1425.1641,1426.8471,1427.3674,0.0443,0
755,1,1427.2253,1428.7127,1429.0849,0.1553,0
755,0,1427.2253,1428.7127,1429.2996,0.0418,0
756,1,1429.1454,1430.4379,1430.7707,0.1249,0
756,0,1429.1454,1430.4379,1430.9802,0.0416,0
757,1,1430.8342,1432.4553,1432.7693,0.1184,0
757,0,1430.8342,1432.4553,1432.9684,0.0421,0
758,1,1432.8280,1434.3774,1434.7077,0.1319,0
758,0,1432.8280,1434.3774,1434.9243,0.0492,0
759,1,1434.7802,1436.2948,1436.7096,0.1145,0
759,0,1434.7802,1436.2948,1436.9248,0.0405,0
760,1,1436.7696,1438.1570,1438.4733,0.1167,0
760,0,1436.7696,1438.1570,1438.6890,0.0460,0
761,1,1438.5434,1440.0972,1440.3768,0.1161,0
761,0,1438.5434,1440.0972,1440.5926,0.0363,0
762,1,1440.4386,1441.7693,1442.0556,0.1132,0
762,0,1440.4386,1441.7693,1442.2900,0.0364,0
763,1,1442.1101,1443.8475,1444.1330,0.1057,0
763,0,1442.1101,1443.8475,1444.3210,0.0380,0
764,1,1444.1943,1445.7652,1446.0551,0.1161,0
764,0,1444.1943,1445.7652,1446.2587,0.0441,0
765,1,1446.1886,1447.4602,1447.7631,0.1143,0
765,0,1446.1886,1447.4602,1447.9534,0.0356,0
766,1,1447.8187,1449.1790,1449.4733,0.1117,0
766,0,1447.8187,1449.1790,1449.6857,0.0439,0
767,1,1449.5411,1451.1528,1451.4511,0.1179,0
767,0,1449.5411,1451.1528,1451.6645,0.0361,0
768,1,1451.5786,1453.0608,1453.4607,0.1230,0
768,0,1451.5786,1453.0608,1453.6297,0.0371,0
769,1,1453.5691,1454.9063,1455.1942,0.1152,0
769,0,1453.5691,1454.9063,1455.3765,0.0431,0
770,1,1455.2542,1456.7961,1457.0741,0.1157,0
770,0,1455.2542,1456.7961,1457.2845,0.0359,0
771,1,1457.1988,1458.4788,1458.8718,0.1139,0
771,0,1457.1988,1458.4788,1459.1069,0.0432,0
772,1,1458.9349,1460.5335,1460.8264,0.1197,0
772,0,1458.9349,1460.5335,1461.0124,0.0374,0
773,1,1460.8859,1462.4658,1462.7787,0.1166,0
773,0,1460.8859,1462.4658,1462.9977,0.0448,0
774,1,1462.8756,1464.1435,1464.5034,0.1161,0
774,0,1462.8756,1464.1435,1464.7359,0.0596,0
775,1,1464.5807,1465.9987,1466.2830,0.1213,0
775,0,1464.5807,1465.9987,1466.4591,0.0349,0
776,1,1466.3337,1467.8681,1468.1496,0.1218,0
776,0,1466.3337,1467.8681,1468.3193,0.0349,0
777,1,1468.2001,1469.6529,1470.0174,0.1122,0
777,0,1468.2001,1469.6529,1470.2036,0.0365,0
778,1,1470.0711,1471.4022,1471.7127,0.1173,0
778,0,1470.0711,1471.4022,1471.9131,0.0431,0
779,1,1471.7745,1473.2827,1473.6459,0.1665,0
779,0,1471.7745,1473.2827,1473.8688,0.0443,0
780,1,1473.7148,1475.0377,1475.3128,0.1154,0
780,0,1473.7148,1475.0377,1475.5798,0.0351,0
781,1,1475.3657,1477.0337,1477.3522,0.1196,0
781,0,1475.3657,1477.0337,1477.5667,0.0445,0
782,1,1477.4170,1478.9748,1479.2895,0.1166,0
782,0,1477.4170,1478.9748,1479.5061,0.0422,0
783,1,1479.3564,1480.6884,1480.9926,0.1132,0
783,0,1479.3564,1480.6884,1481.2599,0.0910,0
784,1,1481.1026,1482.5026,1482.8147,0.1198,0
784,0,1481.1026,1482.5026,1483.0351,0.0389,0
785,1,1482.8779,1484.4817,1484.8038,0.1178,0
785,0,1482.8779,1484.4817,1485.0156,0.0464,0
786,1,1484.8670,1486.3599,1486.7763,0.1160,0
786,0,1484.8670,1486.3599,1486.9788,0.0447,0
787,1,1486.8380,1488.2116,1488.5306,0.1192,0
787,0,1486.8380,1488.2116,1488.7511,0.0445,0
788,1,1488.5977,1490.1496,1490.5126,0.1615,0
788,0,1488.5977,1490.1496,1490.7303,0.0456,0
789,1,1490.5757,1491.8567,1492.2832,0.1140,0
789,0,1490.5757,1491.8567,1492.7559,0.0525,0
790,1,1492.3859,1493.9794,1494.2724,0.1168,0
790,0,1492.3859,1493.9794,1494.5080,0.0376,0
791,1,1494.3331,1495.9589,1496.2826,0.1115,0
791,0,1494.3331,1495.9589,1496.4889,0.0422,0
792,1,1496.3475,1497.6720,1498.0368,0.1573,0
792,0,1496.3475,1497.6720,1498.5151,0.2948,0
793,1,1498.3538,1499.6560,1499.9525,0.1179,0
793,0,1498.3538,1499.6560,1500.1392,0.0361,0
794,1,1500.0110,1501.5914,1501.8968,0.1151,0
794,0,1500.0110,1501.5914,1502.1244,0.0456,0
795,1,1501.9663,1503.4296,1504.0475,0.3885,0
795,0,1501.9663,1503.4296,1504.2702,0.0515,0
796,1,1504.1190,1505.4098,1505.7480,0.1229,0
796,0,1504.1190,1505.4098,1505.9644,0.0422,0
797,1,1505.8098,1507.5226,1507.9644,0.1133,0
797,0,1505.8098,1507.5226,1508.1863,0.0518,0
798,1,1508.0395,1509.6355,1509.9296,0.1186,0
798,0,1508.0395,1509.6355,1510.1111,0.0361,0
799,1,1509.9878,1511.2857,1511.5644,0.1154,0
799,0,1509.9878,1511.2857,1511.7810,0.0944,0
800,1,1512.5957,1513.7730,1514.0703,0.1164,0
800,0,1512.5957,1513.7730,1514.3256,0.0378,0
801,1,1514.2736,1515.6437,1516.0815,0.2611,0
801,0,1514.2736,1515.6437,1516.2864,0.0512,0
802,1,1516.1569,1517.4757,1517.7746,0.1177,0
802,0,1516.1569,1517.4757,1518.2495,0.2778,0
803,1,1518.0836,1519.6598,1520.0475,0.1133,0
803,0,1518.0836,1519.6598,1520.2334,0.0371,0
804,1,1520.1050,1521.5552,1521.8813,0.1209,0
804,0,1520.1050,1521.5552,1522.0960,0.0442,0
805,1,1521.9447,1523.5175,1523.8414,0.1214,0
805,0,1521.9447,1523.5175,1524.0587,0.0471,0
806,1,1523.9115,1525.2230,1525.5560,0.1206,0
806,0,1523.9115,1525.2230,1525.7771,0.0412,0
807,1,1525.6205,1527.0603,1527.3475,0.1139,0
807,0,1525.6205,1527.0603,1527.5420,0.0364,0
808,1,1527.4028,1528.9614,1529.2632,0.1127,0
808,0,1527.4028,1528.9614,1529.4837,0.0417,0
809,1,1529.3278,1530.6227,1530.9419,0.1243,0
809,0,1529.3278,1530.6227,1531.1963,0.0403,0
810,1,1530.9999,1532.4760,1532.7811,0.1128,0
810,0,1530.9999,1532.4760,1532.9985,0.0415,0
811,1,1532.8468,1534.4594,1534.7545,0.1144,0
811,0,1532.8468,1534.4594,1534.9354,0.0377,0
812,1,1534.8109,1536.2817,1536.7158,0.1156,0
812,0,1534.8109,1536.2817,1536.9247,0.0406,0
813,1,1536.7771,1538.2907,1538.6039,0.1159,0
813,0,1536.7771,1538.2907,1538.9109,0.0437,0
814,1,1538.6640,1540.2962,1540.6121,0.1193,0
814,0,1538.6640,1540.2962,1540.8288,0.0434,0
815,1,1540.7115,1542.0169,1542.3142,0.1080,0
815,0,1540.7115,1542.0169,1542.5370,0.0457,0
816,1,1542.3783,1543.7611,1544.0435,0.1052,0
816,0,1542.3783,1543.7611,1544.2245,0.0363,0
817,1,1544.0997,1545.6438,1545.9266,0.1140,0
817,0,1544.0997,1545.6438,1546.1043,0.0358,0
818,1,1545.9866,1547.2739,1547.5689,0.1169,0
818,0,1545.9866,1547.2739,1547.8368,0.0443,0
819,1,1547.6352,1549.2560,1549.5499,0.1109,0
819,0,1547.6352,1549.2560,1549.7434,0.0372,0
820,1,1549.6110,1551.1870,1551.4882,0.1122,0
820,0,1549.6110,1551.1870,1551.6705,0.0361,0
821,1,1551.5475,1553.0309,1553.4261,0.1138,0
821,0,1551.5475,1553.0309,1553.6565,0.0454,0
822,1,1553.4924,1554.9869,1555.2866,0.1219,0
822,0,1553.4924,1554.9869,1555.4770,0.0354,0
823,1,1555.3435,1556.8938,1557.2025,0.1159,0
823,0,1555.3435,1556.8938,1557.4126,0.0398,0
824,1,1557.2677,1558.5799,1558.9308,0.1166,0
824,0,1557.2677,1558.5799,1559.1215,0.0362,0
825,1,1558.9912,1560.4054,1560.6962,0.1158,0
825,0,1558.9912,1560.4054,1560.8870,0.0379,0
826,1,1560.7561,1562.3279,1562.6414,0.1167,0
826,0,1560.7561,1562.3279,1562.8550,0.0446,0
827,1,1562.7103,1564.0277,1564.3125,0.1107,0
827,0,1562.7103,1564.0277,1564.5213,0.0381,0
828,1,1564.3689,1565.9414,1566.2277,0.1200,0
828,0,1564.3689,1565.9414,1566.4029,0.0361,0
829,1,1566.2796,1567.8068,1568.0851,0.1153,0
829,0,1566.2796,1567.8068,1568.2660,0.0357,0
830,1,1568.1389,1569.6052,1570.0455,0.1313,0
830,0,1568.1389,1569.6052,1570.2548,0.0395,0
831,1,1570.1031,1571.7105,1571.9981,0.1147,0
831,0,1570.1031,1571.7105,1572.1810,0.0363,0
832,1,1572.0506,1573.5839,1573.9191,0.1198,0
832,0,1572.0506,1573.5839,1574.1478,0.0482,0
833,1,1573.9907,1575.3255,1575.6674,0.1143,0
833,0,1573.9907,1575.3255,1575.8811,0.0451,0
834,1,1575.7313,1577.0236,1577.3308,0.1123,0
834,0,1575.7313,1577.0236,1577.5429,0.0389,0
835,1,1577.3889,1578.9542,1579.2363,0.1151,0
835,0,1577.3889,1578.9542,1579.4078,0.0355,0
836,1,1579.2876,1580.5402,1580.8490,0.1128,0
836,0,1579.2876,1580.5402,1581.0907,0.0386,0
837,1,1580.9038,1582.5247,1582.8275,0.1134,0
837,0,1580.9038,1582.5247,1583.0415,0.0388,0
838,1,1582.8899,1584.4451,1584.8045,0.1540,0
838,0,1582.8899,1584.4451,1585.0073,0.0448,0
839,1,1584.8666,1586.3794,1586.7922,0.1192,0
839,0,1584.8666,1586.3794,1587.0129,0.0444,0
840,1,1586.8578,1588.1787,1588.4822,0.1233,0
840,0,1586.8578,1588.1787,1588.6889,0.0452,0
841,1,1588.5441,1590.0928,1590.4222,0.1135,0
841,0,1588.5441,1590.0928,1590.6434,0.0485,0
842,1,1590.4904,1591.7795,1592.0865,0.1133,0
842,0,1590.4904,1591.7795,1592.3700,0.0480,0
843,1,1592.1530,1593.8314,1594.1336,0.1149,0
843,0,1592.1530,1593.8314,1594.3204,0.0383,0
844,1,1594.1897,1595.7389,1596.0230,0.1149,0
844,0,1594.1897,1595.7389,1596.2090,0.0365,0
845,1,1596.0832,1597.3776,1597.6602,0.1150,0
845,0,1596.0832,1597.3776,1597.8903,0.0919,0
846,1,1597.7878,1599.1460,1599.4538,0.1148,0
846,0,1597.7878,1599.1460,1599.6349,0.0362,0
847,1,1599.5089,1601.0261,1601.3622,0.1619,0
847,0,1599.5089,1601.0261,1601.5739,0.0378,0
848,1,1601.4211,1602.9366,1603.2317,0.1184,0
848,0,1601.4211,1602.9366,1603.5388,0.1523,0
849,1,1603.4044,1604.7766,1605.0908,0.1126,0
849,0,1603.4044,1604.7766,1605.3067,0.0429,0
850,1,1605.1531,1606.7305,1607.0457,0.1174,0
850,0,1605.1531,1606.7305,1607.2664,0.0442,0
851,1,1607.1142,1608.4363,1608.7545,0.1179,0
851,0,1607.1142,1608.4363,1608.9891,0.0410,0
852,1,1608.8199,1610.4226,1610.7387,0.1139,0
852,0,1608.8199,1610.4226,1610.9390,0.0436,0
853,1,1610.7988,1612.3491,1612.6572,0.1161,0
853,0,1610.7988,1612.3491,1612.8801,0.0446,0
854,1,1612.7255,1614.0456,1614.3291,0.1127,0
854,0,1612.7255,1614.0456,1614.5656,0.0358,0
855,1,1614.3852,1615.9536,1616.2627,0.1136,0
855,0,1614.3852,1615.9536,1616.4779,0.0432,0
856,1,1616.3280,1617.8898,1618.3304,0.2667,0
856,0,1616.3280,1617.8898,1618.6758,0.0375,0
857,1,1618.4466,1620.0152,1620.2952,0.1062,0
857,0,1618.4466,1620.0152,1620.8991,0.3217,0
858,1,1620.7019,1622.0786,1622.4007,0.1171,0
858,0,1620.7019,1622.0786,1622.6802,0.0462,0
859,1,1622.5064,1624.1170,1624.5214,0.1082,0
859,0,1622.5064,1624.1170,1624.8077,0.0506,0
860,1,1624.6138,1626.2249,1626.5377,0.1153,0
860,0,1624.6138,1626.2249,1626.7523,0.0400,0
861,1,1626.5977,1627.8973,1628.3399,0.1175,0
861,0,1626.5977,1627.8973,1628.6025,0.0439,0
862,1,1628.4031,1630.0106,1630.4710,0.1165,0
862,0,1628.4031,1630.0106,1630.6707,0.0462,0
863,1,1630.5373,1631.9879,1632.4290,0.2552,0
863,0,1630.5373,1631.9879,1632.6180,0.0418,0
864,1,1632.4898,1633.7640,1634.1312,0.1609,0
864,0,1632.4898,1633.7640,1634.3276,0.0473,0
865,1,1634.1978,1635.6245,1635.9125,0.1250,0
865,0,1634.1978,1635.6245,1636.1738,0.1184,0
866,1,1636.0499,1637.4901,1637.8170,0.1648,0
866,0,1636.0499,1637.4901,1637.9921,0.0362,0
867,1,1637.8709,1639.1478,1639.5155,0.1120,0
867,0,1637.8709,1639.1478,1639.7469,0.0401,0
868,1,1639.5882,1640.9997,1641.2857,0.1136,0
868,0,1639.5882,1640.9997,1641.4934,0.0440,0
869,1,1641.3483,1642.9543,1643.2920,0.1227,0
869,0,1641.3483,1642.9543,1643.5251,0.0483,0
870,1,1643.3637,1644.6699,1644.9892,0.1158,0
870,0,1643.3637,1644.6699,1645.1798,0.0365,0
871,1,1645.0468,1646.3963,1646.7009,0.1145,0
871,0,1645.0468,1646.3963,1646.9347,0.0443,0
872,1,1646.7615,1648.3461,1648.6758,0.1194,0
872,0,1646.7615,1648.3461,1648.8857,0.0428,0
873,1,1648.7364,1650.0330,1650.3488,0.1181,0
873,0,1648.7364,1650.0330,1650.5646,0.0404,0
874,1,1650.4062,1652.3331,1652.6569,0.1146,0
874,0,1650.4062,1652.3331,1652.8627,0.0436,0
875,1,1652.7176,1654.2829,1654.6069,0.1212,0
875,0,1652.7176,1654.2829,1654.8526,0.0461,0
876,1,1654.6960,1656.1493,1656.4483,0.1148,0
876,0,1654.6960,1656.1493,1656.7646,0.1673,0
877,1,1656.6406,1657.9207,1658.2004,0.1133,0
877,0,1656.6406,1657.9207,1658.3743,0.0364,0
878,1,1658.2533,1659.7950,1660.0866,0.1148,0
878,0,1658.2533,1659.7950,1660.2830,0.0371,0
879,1,1660.2136,1661.4967,1661.9308,0.1144,0
879,0,1660.2136,1661.4967,1662.3668,0.2859,0
880,1,1662.2429,1663.5572,1663.9015,0.1206,0
880,0,1662.2429,1663.5572,1664.1185,0.0423,0
881,1,1663.9637,1665.5346,1665.8505,0.1169,0
881,0,1663.9637,1665.5346,1666.0455,0.0373,0
882,1,1665.9706,1667.2398,1667.8536,0.3700,0
882,0,1665.9706,1667.2398,1668.0760,0.0501,0
883,1,1667.9293,1669.4421,1669.7677,0.1180,0
883,0,1667.9293,1669.4421,1670.1165,0.0440,0
884,1,1669.8321,1671.5032,1671.8253,0.1191,0
884,0,1669.8321,1671.5032,1672.0346,0.0463,0
885,1,1671.8892,1673.4646,1673.7946,0.1208,0
885,0,1671.8892,1673.4646,1674.0149,0.0436,0
886,1,1673.8616,1675.1845,1675.5393,0.1147,0
886,0,1673.8616,1675.1845,1675.7491,0.0459,0
887,1,1675.6071,1676.9700,1677.2798,0.1153,0
887,0,1675.6071,1676.9700,1677.4954,0.0440,0
888,1,1677.3428,1678.9208,1679.2076,0.1150,0
888,0,1677.3428,1678.9208,1679.3858,0.0350,0
889,1,1679.2610,1680.5359,1680.8340,0.1177,0
889,0,1679.2610,1680.5359,1681.0041,0.0364,0
890,1,1680.8871,1682.4487,1682.7614,0.1171,0
890,0,1680.8871,1682.4487,1682.9718,0.0441,0
891,1,1682.8290,1684.3974,1684.7655,0.1672,0
891,0,1682.8290,1684.3974,1684.9718,0.0467,0
892,1,1684.8296,1686.3021,1686.7210,0.1148,0
892,0,1684.8296,1686.3021,1686.9423,0.0410,0
893,1,1686.7848,1688.1758,1688.4940,0.1159,0
893,0,1686.7848,1688.1758,1688.7057,0.0434,0
894,1,1688.5541,1690.1172,1690.3903,0.1088,0
894,0,1688.5541,1690.1172,1690.5995,0.0380,0
895,1,1690.4448,1691.7369,1692.0651,0.1136,0
895,0,1690.4448,1691.7369,1692.3285,0.0540,0
896,1,1692.1369,1693.7276,1694.0794,0.1277,0
896,0,1692.1369,1693.7276,1694.2893,0.0470,0
897,1,1694.1443,1695.7096,1695.9972,0.1149,0
897,0,1694.1443,1695.7096,1696.1862,0.0365,0
898,1,1696.0577,1697.3525,1697.6653,0.1144,0
898,0,1696.0577,1697.3525,1697.9699,0.1005,0
899,1,1697.7882,1699.2168,1699.5198,0.1153,0
899,0,1697.7882,1699.2168,1699.7250,0.0440,0
900,1,1699.5800,1701.0923,1701.4524,0.1642,0
900,0,1699.5800,1701.0923,1701.6612,0.0406,0
901,1,1701.5168,1703.0311,1703.3949,0.1130,0
901,0,1701.5168,1703.0311,1703.6346,0.0465,0
902,1,1703.4666,1704.8544,1705.1765,0.1201,0
902,0,1703.4666,1704.8544,1705.3820,0.0437,0
903,1,1705.2369,1706.7806,1707.0873,0.1144,0
903,0,1705.2369,1706.7806,1707.3027,0.0386,0
904,1,1707.1512,1708.4689,1708.7491,0.1139,0
904,0,1707.1512,1708.4689,1708.9716,0.0354,0
905,1,1708.8050,1710.4071,1710.8942,0.1196,0
905,0,1708.8050,1710.4071,1711.1259,0.0446,0
906,1,1711.0129,1712.7030,1713.0267,0.1195,0
906,0,1711.0129,1712.7030,1713.2494,0.0417,0
907,1,1713.0914,1714.4301,1714.7580,0.1228,0
907,0,1713.0914,1714.4301,1715.1945,0.2507,0
908,1,1715.0340,1716.3636,1716.7200,0.1695,0
908,0,1715.0340,1716.3636,1716.9139,0.0455,0
909,1,1716.7841,1718.6544,1718.9696,0.1162,0
909,0,1716.7841,1718.6544,1719.1870,0.0450,0
910,1,1719.0359,1720.6237,1720.9411,0.1186,0
910,0,1719.0359,1720.6237,1721.1545,0.0409,0
911,1,1721.0065,1722.3306,1722.6456,0.1139,0
911,0,1721.0065,1722.3306,1722.9804,0.1076,0
912,1,1722.7806,1724.1877,1724.4772,0.1111,0
912,0,1722.7806,1724.1877,1724.6602,0.0364,0
913,1,1724.5357,1726.1244,1726.4155,0.1242,0
913,0,1724.5357,1726.1244,1726.6173,0.0394,0
914,1,1726.4725,1727.7530,1728.0877,0.1185,0
914,0,1726.4725,1727.7530,1728.3291,0.0454,0
915,1,1728.1498,1729.7616,1730.0413,0.1146,0
915,0,1728.1498,1729.7616,1730.2108,0.0346,0
916,1,1730.0923,1731.6287,1731.9064,0.1159,0
916,0,1730.0923,1731.6287,1732.0804,0.0360,0
917,1,1731.9583,1733.2136,1733.5524,0.1188,0
917,0,1731.9583,1733.2136,1733.8741,0.0461,0
918,1,1733.6151,1735.2223,1735.8149,0.3843,0
918,0,1733.6151,1735.2223,1736.0387,0.0446,0
919,1,1735.8826,1737.4750,1737.8251,0.1299,0
919,0,1735.8826,1737.4750,1738.0465,0.0436,0
920,1,1737.8852,1739.1855,1739.5422,0.1159,0
920,0,1737.8852,1739.1855,1739.7772,0.0462,0
921,1,1739.6067,1741.0011,1741.2821,0.1171,0
921,0,1739.6067,1741.0011,1741.4617,0.0358,0
922,1,1741.3342,1742.8803,1743.1783,0.1161,0
922,0,1741.3342,1742.8803,1743.3612,0.0365,0
923,1,1743.2388,1744.5417,1744.8735,0.1199,0
923,0,1743.2388,1744.5417,1745.1230,0.0398,0
924,1,1744.9322,1746.5206,1746.8376,0.1141,0
924,0,1744.9322,1746.5206,1747.0452,0.0476,0
925,1,1746.9041,1748.4732,1748.7799,0.1149,0
925,0,1746.9041,1748.4732,1748.9905,0.0447,0
926,1,1748.8477,1750.1706,1750.4632,0.1192,0
926,0,1748.8477,1750.1706,1750.7741,0.0882,0
927,1,1750.5834,1752.2680,1752.5601,0.1123,0
927,0,1750.5834,1752.2680,1752.7678,0.0561,0
928,1,1752.6413,1754.2465,1754.5439,0.1167,0
928,0,1752.6413,1754.2465,1754.7188,0.0360,0
929,1,1754.6003,1755.8845,1756.2118,0.1164,0
929,0,1754.6003,1755.8845,1756.3874,0.0353,0
930,1,1756.2683,1757.6506,1757.9324,0.1183,0
930,0,1756.2683,1757.6506,1758.1051,0.0360,0
931,1,1757.9849,1759.5120,1759.8188,0.1147,0
931,0,1757.9849,1759.5120,1760.0079,0.0360,0
932,1,1759.8776,1761.1773,1761.4820,0.1127,0
932,0,1759.8776,1761.1773,1761.8369,0.1654,0
933,1,1761.6793,1763.1299,1763.4675,0.1183,0
933,0,1761.6793,1763.1299,1763.6870,0.0482,0
934,1,1763.5379,1765.0857,1765.4175,0.1615,0
934,0,1763.5379,1765.0857,1765.6342,0.0419,0
935,1,1765.4829,1766.8028,1767.0787,0.1143,0
935,0,1765.4829,1766.8028,1767.3001,0.0362,0
936,1,1767.1324,1768.7671,1769.0637,0.1250,0
936,0,1767.1324,1768.7671,1769.2395,0.0363,0
937,1,1769.1196,1770.6577,1770.9938,0.1263,0
937,0,1769.1196,1770.6577,1771.2104,0.0445,0
938,1,1771.0616,1772.3567,1772.6648,0.1130,0
938,0,1771.0616,1772.3567,1773.0021,0.1011,0
939,1,1772.7830,1774.1917,1774.4784,0.1179,0
939,0,1772.7830,1774.1917,1774.6502,0.0344,0
940,1,1774.5287,1776.0513,1776.3343,0.1150,0
940,0,1774.5287,1776.0513,1776.5370,0.0360,0
941,1,1776.3875,1777.6700,1777.9768,0.1121,0
941,0,1776.3875,1777.6700,1778.1743,0.0434,0
942,1,1778.0362,1779.6204,1779.9261,0.1141,0
942,0,1778.0362,1779.6204,1780.1241,0.0449,0
943,1,1779.9868,1781.2613,1781.8758,0.4128,0
943,0,1779.9868,1781.2613,1782.0821,0.0414,0
944,1,1781.9375,1783.2269,1783.5184,0.1126,0
944,0,1781.9375,1783.2269,1783.6895,0.0357,0
945,1,1783.5704,1785.0998,1785.5495,0.2683,0
945,0,1783.5704,1785.0998,1785.7336,0.0463,0
946,1,1785.6125,1787.1468,1787.4538,0.1156,0
946,0,1785.6125,1787.1468,1787.6479,0.0385,0
947,1,1787.5087,1788.7859,1789.0872,0.1133,0
947,0,1787.5087,1788.7859,1789.2928,0.0441,0
948,1,1789.1490,1790.7418,1791.0663,0.1308,0
948,0,1789.1490,1790.7418,1791.2429,0.0370,0
949,1,1791.1217,1792.3957,1792.8723,0.2844,0
949,0,1791.1217,1792.3957,1793.0990,0.0471,0
950,1,1792.9454,1794.2824,1794.5968,0.1183,0
950,0,1792.9454,1794.2824,1794.7976,0.0467,0
951,1,1794.6817,1796.2469,1796.6073,0.1638,0
951,0,1794.6817,1796.2469,1796.8258,0.0443,0
952,1,1796.6765,1798.3028,1798.6261,0.1160,0
952,0,1796.6765,1798.3028,1798.8294,0.0440,0
953,1,1798.6875,1799.9756,1800.2583,0.1166,0
953,0,1798.6875,1799.9756,1800.4434,0.0366,0
954,1,1800.3163,1802.0595,1802.3424,0.1119,0
954,0,1800.3163,1802.0595,1802.5347,0.0364,0
955,1,1802.3989,1803.9874,1804.3128,0.1174,0
955,0,1802.3989,1803.9874,1804.5060,0.0434,0
956,1,1804.3741,1805.6430,1805.9238,0.1130,0
956,0,1804.3741,1805.6430,1806.1320,0.0364,0
957,1,1805.9821,1807.5754,1807.9006,0.1209,0
957,0,1805.9821,1807.5754,1808.1112,0.0436,0
958,1,1807.9622,1809.5298,1809.8342,0.1125,0
958,0,1807.9622,1809.5298,1810.0480,0.0432,0
959,1,1809.9010,1811.2231,1811.5386,0.1121,0
959,0,1809.9010,1811.2231,1811.8217,0.1035,0
960,1,1811.6775,1813.0521,1813.3694,0.1165,0
960,0,1811.6775,1813.0521,1813.5712,0.0438,0
961,1,1813.4323,1815.0318,1815.3180,0.1159,0
961,0,1813.4323,1815.0318,1815.4869,0.0351,0
962,1,1815.3819,1816.6894,1816.9695,0.1175,0
962,0,1815.3819,1816.6894,1817.2084,0.0345,0
963,1,1817.0246,1818.7806,1819.0907,0.1141,0
963,0,1817.0246,1818.7806,1819.3042,0.0445,0
964,1,1819.1554,1820.7310,1821.0359,0.1153,0
964,0,1819.1554,1820.7310,1821.2555,0.0457,0
965,1,1821.1050,1822.4318,1822.7802,0.1242,0
965,0,1821.1050,1822.4318,1822.9954,0.0400,0
966,1,1822.8401,1824.3067,1824.6160,0.1100,0
966,0,1822.8401,1824.3067,1824.8213,0.0464,0
967,1,1824.6790,1826.2064,1826.5454,0.1622,0
967,0,1824.6790,1826.2064,1826.7257,0.0357,0
968,1,1826.6046,1827.9006,1828.1757,0.1150,0
968,0,1826.6046,1827.9006,1828.4113,0.0352,0
969,1,1828.2288,1829.8372,1830.1484,0.1166,0
969,0,1828.2288,1829.8372,1830.3562,0.0428,0
970,1,1830.2086,1831.7710,1832.0884,0.1124,0
970,0,1830.2086,1831.7710,1832.3018,0.0478,0
971,1,1832.1591,1833.4787,1833.8754,0.1198,0
971,0,1832.1591,1833.4787,1834.1848,0.0407,0
972,1,1833.9462,1835.5486,1835.8736,0.1190,0
972,0,1833.9462,1835.5486,1836.0943,0.0430,0
973,1,1835.9393,1837.5470,1837.8870,0.1342,0
973,0,1835.9393,1837.5470,1838.1033,0.0443,0
974,1,1837.9555,1839.2805,1839.5727,0.1092,0
974,0,1837.9555,1839.2805,1839.7541,0.0395,0
975,1,1839.6345,1840.9585,1841.2648,0.1137,0
975,0,1839.6345,1840.9585,1841.4715,0.0439,0
976,1,1841.3249,1842.8487,1843.1882,0.1563,0
976,0,1841.3249,1842.8487,1843.3731,0.0379,0
977,1,1843.2497,1844.5574,1844.8854,0.1226,0
977,0,1843.2497,1844.5574,1845.1605,0.1033,0
978,1,1845.0088,1846.4076,1846.7211,0.1158,0
978,0,1845.0088,1846.4076,1846.9286,0.0470,0
979,1,1846.7845,1848.3547,1848.7175,0.1681,0
979,0,1846.7845,1848.3547,1848.9339,0.0486,0
980,1,1848.7855,1850.0808,1850.3927,0.1168,0
980,0,1848.7855,1850.0808,1850.6582,0.0395,0
981,1,1850.4483,1852.1547,1852.4371,0.1169,0
981,0,1850.4483,1852.1547,1852.6291,0.0379,0
982,1,1852.4912,1854.0633,1854.3620,0.1186,0
982,0,1852.4912,1854.0633,1854.5503,0.0370,0
983,1,1854.4211,1855.7334,1856.1185,0.1256,0
983,0,1854.4211,1855.7334,1856.3317,0.0400,0
984,1,1856.1800,1857.6333,1857.9450,0.1201,0
984,0,1856.1800,1857.6333,1858.1567,0.0447,0
985,1,1858.0087,1859.5381,1859.8983,0.1645,0
985,0,1858.0087,1859.5381,1860.1111,0.0453,0
986,1,1859.9674,1861.2897,1861.6605,0.1144,0
986,0,1859.9674,1861.2897,1861.9039,0.0525,0
987,1,1861.7343,1863.2242,1863.5355,0.1204,0
987,0,1861.7343,1863.2242,1863.7115,0.0351,0
988,1,1863.5869,1865.1182,1865.4358,0.1187,0
988,0,1863.5869,1865.1182,1865.6489,0.0462,0
989,1,1865.5059,1866.8268,1867.1298,0.1135,0
989,0,1865.5059,1866.8268,1867.4405,0.1065,0
990,1,1867.2675,1868.8584,1869.1446,0.1131,0
990,0,1867.2675,1868.8584,1869.3356,0.0379,0
991,1,1869.2020,1870.7518,1871.0337,0.1172,0
991,0,1869.2020,1870.7518,1871.2112,0.0342,0
992,1,1871.0926,1872.3866,1872.6589,0.1136,0
992,0,1871.0926,1872.3866,1872.8701,0.0367,0
993,1,1872.7174,1874.2946,1874.6240,0.1206,0
993,0,1872.7174,1874.2946,1874.8469,0.0439,0
994,1,1874.6843,1876.2361,1876.5959,0.1651,0
994,0,1874.6843,1876.2361,1876.8073,0.0394,0
995,1,1876.6600,1877.9831,1878.3296,0.1153,0
995,0,1876.6600,1877.9831,1878.5364,0.0400,0
996,1,1878.3874,1879.7397,1880.0243,0.1159,0
996,0,1878.3874,1879.7397,1880.1847,0.0352,0
997,1,1880.1009,1881.6536,1881.9551,0.1124,0
997,0,1880.1009,1881.6536,1882.1732,0.0388,0
998,1,1882.0260,1883.3231,1883.6475,0.1196,0
998,0,1882.0260,1883.3231,1883.8994,0.0467,0
999,1,1883.7174,1885.4316,1885.7205,0.1114,0
999,0,1883.7174,1885.4316,1885.8978,0.0366,0
1000,1,1885.7771,1887.3339,1887.6303,0.1155,0
1000,0,1885.7771,1887.3339,1887.8132,0.0453,0
1001,1,1887.6927,1888.9564,1889.2329,0.1148,0
1001,0,1887.6927,1888.9564,1889.4187,0.0353,0
1002,1,1889.2851,1890.8732,1891.1897,0.1201,0
1002,0,1889.2851,1890.8732,1891.3945,0.0414,0
1003,1,1891.2484,1892.7727,1893.1539,0.1543,0
1003,0,1891.2484,1892.7727,1893.3776,0.0475,0
1004,1,1893.2215,1894.5531,1894.8373,0.1137,0
1004,0,1893.2215,1894.5531,1895.0888,0.0358,0
1005,1,1894.8890,1896.4956,1896.7809,0.1231,0
1005,0,1894.8890,1896.4956,1896.9479,0.0343,0
1006,1,1896.8309,1898.3798,1898.6908,0.1143,0
1006,0,1896.8309,1898.3798,1898.9086,0.0439,0
1007,1,1898.7582,1900.0850,1900.4056,0.1196,0
1007,0,1898.7582,1900.0850,1900.7275,0.0392,0
1008,1,1900.4670,1902.0545,1902.3384,0.1133,0
1008,0,1900.4670,1902.0545,1902.5301,0.0362,0
1009,1,1902.3915,1903.9479,1904.2360,0.1146,0
1009,0,1902.3915,1903.9479,1904.4169,0.0362,0
1010,1,1904.2951,1905.6130,1905.9042,0.1256,0
1010,0,1904.2951,1905.6130,1906.1262,0.0347,0
1011,1,1905.9569,1907.5444,1907.8516,0.1145,0
1011,0,1905.9569,1907.5444,1908.0529,0.0443,0
1012,1,1907.9120,1909.4345,1909.7874,0.1640,0
1012,0,1907.9120,1909.4345,1909.9993,0.0447,0
1013,1,1909.8566,1911.1812,1911.4884,0.1136,0
1013,0,1909.8566,1911.1812,1911.7394,0.0414,0
1014,1,1911.5463,1913.1246,1913.4109,0.1158,0
1014,0,1911.5463,1913.1246,1913.6124,0.0353,0
1015,1,1913.4674,1915.0597,1915.3807,0.1206,0
1015,0,1913.4674,1915.0597,1915.6177,0.0445,0
1016,1,1915.4457,1916.7941,1917.1135,0.1186,0
1016,0,1915.4457,1916.7941,1917.4055,0.1100,0
1017,1,1917.2532,1918.7676,1919.0456,0.1141,0
1017,0,1917.2532,1918.7676,1919.2338,0.0412,0
1018,1,1919.1068,1920.6658,1920.9566,0.1155,0
1018,0,1919.1068,1920.6658,1921.1288,0.0356,0
1019,1,1921.0115,1922.2791,1922.5620,0.1102,0
1019,0,1921.0115,1922.2791,1922.8455,0.0357,0
1020,1,1922.6198,1924.2980,1924.6082,0.1156,0
1020,0,1922.6198,1924.2980,1924.8074,0.0439,0
1021,1,1924.6741,1926.2246,1926.6009,0.1561,0
1021,0,1924.6741,1926.2246,1926.8065,0.0437,0
1022,1,1926.6621,1927.9483,1928.3225,0.1156,0
1022,0,1926.6621,1927.9483,1928.5508,0.0430,0
1023,1,1928.3874,1929.8191,1930.0991,0.1107,0
1023,0,1928.3874,1929.8191,1930.2749,0.0347,0
1024,1,1930.1534,1931.7176,1932.0246,0.1148,0
1024,0,1930.1534,1931.7176,1932.3991,0.0449,0
1025,1,1932.0934,1933.5537,1933.8867,0.1141,0
1025,0,1932.0934,1933.5537,1934.1072,0.0375,0
1026,1,1933.9512,1935.4665,1935.7983,0.1198,0
1026,0,1933.9512,1935.4665,1936.0158,0.0440,0
1027,1,1935.8621,1937.4327,1937.7593,0.1241,0
1027,0,1935.8621,1937.4327,1937.9782,0.0443,0
1028,1,1937.8270,1939.1477,1939.4673,0.1135,0
1028,0,1937.8270,1939.1477,1939.6846,0.0384,0
1029,1,1939.5287,1940.9961,1941.3095,0.1195,0
1029,0,1939.5287,1940.9961,1941.5237,0.0451,0
1030,1,1941.3739,1942.9024,1943.2410,0.1561,0
1030,0,1941.3739,1942.9024,1943.4270,0.0370,0
1031,1,1943.3008,1944.6099,1944.9989,0.1239,0
1031,0,1943.3008,1944.6099,1945.2186,0.0414,0
1032,1,1945.0605,1946.4881,1946.8627,0.1734,0
1032,0,1945.0605,1946.4881,1947.0701,0.0449,0
1033,1,1946.9243,1948.4900,1948.8285,0.1271,0
1033,0,1946.9243,1948.4900,1949.0473,0.0483,0
1034,1,1948.8978,1950.2021,1950.5684,0.1167,0
1034,0,1948.8978,1950.2021,1950.8117,0.0366,0
1035,1,1950.6458,1952.2305,1952.5276,0.1124,0
1035,0,1950.6458,1952.2305,1952.7219,0.0399,0
1036,1,1952.5943,1954.1971,1954.5033,0.1153,0
1036,0,1952.5943,1954.1971,1954.7358,0.0441,0
1037,1,1954.5652,1955.8524,1956.1998,0.1163,0
1037,0,1954.5652,1955.8524,1956.3836,0.0368,0
1038,1,1956.2588,1957.7153,1958.0135,0.1173,0
1038,0,1956.2588,1957.7153,1958.1907,0.0358,0
1039,1,1958.0688,1959.6275,1959.9149,0.1177,0
1039,0,1958.0688,1959.6275,1960.0953,0.0354,0
1040,1,1959.9742,1961.2718,1961.5758,0.1124,0
1040,0,1959.9742,1961.2718,1961.8674,0.1073,0
1041,1,1961.7477,1963.1005,1963.5788,0.1307,0
1041,0,1961.7477,1963.1005,1963.8076,0.0459,0
1042,1,1963.6480,1965.2442,1965.5522,0.1183,0
1042,0,1963.6480,1965.2442,1965.7379,0.0370,0
1043,1,1965.6105,1966.8915,1967.2044,0.1153,0
1043,0,1965.6105,1966.8915,1967.4235,0.0348,0
1044,1,1967.2747,1968.7868,1969.1099,0.1187,0
1044,0,1967.2747,1968.7868,1969.3435,0.0416,0
1045,1,1969.1741,1970.7929,1971.1025,0.1155,0
1045,0,1969.1741,1970.7929,1971.3158,0.0441,0
1046,1,1971.1709,1972.4904,1972.8470,0.1171,0
1046,0,1971.1709,1972.4904,1973.0533,0.0448,0
1047,1,1972.9352,1974.4235,1974.7458,0.1208,0
1047,0,1972.9352,1974.4235,1974.9716,0.0515,0
1048,1,1974.8194,1976.4188,1976.7377,0.1196,0
1048,0,1974.8194,1976.4188,1976.9407,0.0416,0
1049,1,1976.8001,1978.0978,1978.4589,0.1114,0
1049,0,1976.8001,1978.0978,1978.6733,0.0434,0
1050,1,1978.5252,1979.8471,1980.1716,0.1213,0
1050,0,1978.5252,1979.8471,1980.3968,0.0480,0
1051,1,1980.2368,1981.8116,1982.0950,0.1211,0
1051,0,1980.2368,1981.8116,1982.2845,0.0346,0
1052,1,1982.1455,1983.4186,1983.7254,0.1191,0
1052,0,1982.1455,1983.4186,1984.0222,0.0364,0
1053,1,1983.7845,1985.4217,1985.7397,0.1192,0
1053,0,1983.7845,1985.4217,1985.9578,0.0483,0
1054,1,1985.8066,1987.3745,1987.6861,0.1015,0
1054,0,1985.8066,1987.3745,1987.8932,0.0440,0
1055,1,1987.7476,1989.0339,1989.3133,0.1163,0
1055,0,1987.7476,1989.0339,1989.5344,0.0355,0
1056,1,1989.3672,1990.9338,1991.2169,0.1166,0
1056,0,1989.3672,1990.9338,1991.4021,0.0368,0
1057,1,1991.2757,1992.8628,1993.1849,0.1130,0
1057,0,1991.2757,1992.8628,1993.4076,0.0433,0
1058,1,1993.2514,1994.5608,1995.2557,0.1893,0
1058,0,1993.2514,1994.5608,1995.6760,0.2583,0
1059,1,1995.5422,1996.8605,1997.1566,0.1214,0
1059,0,1995.5422,1996.8605,1997.3356,0.0365,0
1060,1,1997.2120,1998.6791,1999.0375,0.1664,0
1060,0,1997.2120,1998.6791,1999.2574,0.0470,0
1061,1,1999.1079,2000.4507,2000.8640,0.1536,0
1061,0,1999.1079,2000.4507,2001.1479,0.1130,0
1062,1,2001.0013,2002.3330,2002.6364,0.1132,0
1062,0,2001.0013,2002.3330,2002.8383,0.0391,0
1063,1,2002.6929,2004.2296,2004.5666,0.1614,0
1063,0,2002.6929,2004.2296,2004.7500,0.0357,0
1064,1,2004.6187,2005.8883,2006.2226,0.1108,0
1064,0,2004.6187,2005.8883,2006.4208,0.0449,0
1065,1,2006.2840,2007.6849,2008.0081,0.1162,0
1065,0,2006.2840,2007.6849,2008.1998,0.0435,0
1066,1,2008.0714,2009.6280,2009.9372,0.1134,0
1066,0,2008.0714,2009.6280,2010.1607,0.0454,0
1067,1,2010.0062,2011.3488,2011.6773,0.1153,0
1067,0,2010.0062,2011.3488,2011.8483,0.0365,0
1068,1,2012.8560,2014.0526,2014.4470,0.1268,0
1068,0,2012.8560,2014.0526,2014.7286,0.0435,0
1069,1,2014.5511,2016.0665,2016.3548,0.1155,0
1069,0,2014.5511,2016.0665,2016.5466,0.0360,0
1070,1,2016.4099,2018.2088,2018.4946,0.1106,0
1070,0,2016.4099,2018.2088,2018.6749,0.0366,0
1071,1,2018.5501,2019.8256,2020.1005,0.1080,0
1071,0,2018.5501,2019.8256,2020.2727,0.0355,0
1072,1,2020.1526,2021.6362,2021.9147,0.1156,0
1072,0,2020.1526,2021.6362,2022.0884,0.0354,0
1073,1,2021.9663,2023.5056,2023.8261,0.1198,0
1073,0,2021.9663,2023.5056,2024.0396,0.0419,0
1074,1,2023.8898,2025.1832,2025.5693,0.1194,0
1074,0,2023.8898,2025.1832,2025.7862,0.0393,0
1075,1,2025.6331,2027.0187,2027.3061,0.1149,0
1075,0,2025.6331,2027.0187,2027.4958,0.0362,0
1076,1,2027.3608,2028.9575,2029.2710,0.1193,0
1076,0,2027.3608,2028.9575,2029.4886,0.0426,0
1077,1,2029.3367,2030.6725,2030.9827,0.1149,0
1077,0,2029.3367,2030.6725,2031.2341,0.0497,0
1078,1,2031.0509,2032.6307,2032.9544,0.1205,0
1078,0,2031.0509,2032.6307,2033.1741,0.0470,0
1079,1,2033.0188,2034.5150,2034.9271,0.2510,0
1079,0,2033.0188,2034.5150,2035.1202,0.0433,0
1080,1,2034.9908,2036.2740,2036.5732,0.1154,0
1080,0,2034.9908,2036.2740,2036.8485,0.1054,0
1081,1,2036.7048,2038.0896,2038.3920,0.1130,0
1081,0,2036.7048,2038.0896,2038.6147,0.0445,0
1082,1,2038.4589,2040.0230,2040.3251,0.1124,0
1082,0,2038.4589,2040.0230,2040.5341,0.0444,0
1083,1,2040.3933,2041.7144,2042.0403,0.1157,0
1083,0,2040.3933,2041.7144,2042.3162,0.0462,0
1084,1,2042.1108,2043.7526,2044.0722,0.1145,0
1084,0,2042.1108,2043.7526,2044.2928,0.0459,0
1085,1,2044.1384,2045.7142,2045.9915,0.1148,0
1085,0,2044.1384,2045.7142,2046.1539,0.0343,0
1086,1,2046.0731,2047.3488,2047.6653,0.1177,0
1086,0,2046.0731,2047.3488,2047.9421,0.1043,0
1087,1,2047.7933,2049.1506,2049.4725,0.1142,0
1087,0,2047.7933,2049.1506,2049.6582,0.0368,0
1088,1,2049.5317,2051.0383,2051.4292,0.2197,0
1088,0,2049.5317,2051.0383,2051.6327,0.0587,0
1089,1,2051.5056,2052.7768,2053.0592,0.1178,0
1089,0,2051.5056,2052.7768,2053.2292,0.0352,0
1090,1,2053.1127,2054.6831,2054.9847,0.1203,0
1090,0,2053.1127,2054.6831,2055.2099,0.0374,0
1091,1,2055.1107,2056.6766,2056.9586,0.1175,0
1091,0,2055.1107,2056.6766,2057.1496,0.0353,0
1092,1,2057.0812,2058.3431,2058.6316,0.1153,0
1092,0,2057.0812,2058.3431,2058.8624,0.0398,0
1093,1,2058.6905,2060.3284,2060.6687,0.1192,0
1093,0,2058.6905,2060.3284,2060.9282,0.0442,0
1094,1,2060.7358,2062.3721,2062.6895,0.1200,0
1094,0,2060.7358,2062.3721,2062.9052,0.0446,0
1095,1,2062.7583,2064.0872,2064.4536,0.1116,0
1095,0,2062.7583,2064.0872,2064.6833,0.0417,0
1096,1,2064.5170,2065.9977,2066.2900,0.1186,0
1096,0,2064.5170,2065.9977,2066.4623,0.0358,0
1097,1,2066.3421,2067.8088,2068.2002,0.2242,0
1097,0,2066.3421,2067.8088,2068.4034,0.0565,0
1098,1,2068.2743,2069.5533,2069.8344,0.1173,0
1098,0,2068.2743,2069.5533,2070.0495,0.0360,0
1099,1,2069.8860,2071.4812,2071.7902,0.1162,0
1099,0,2069.8860,2071.4812,2072.0014,0.0436,0
1100,1,2071.8499,2073.4065,2073.7279,0.1190,0
1100,0,2071.8499,2073.4065,2073.9834,0.0434,0
1101,1,2073.7931,2075.1399,2075.4216,0.1141,0
1101,0,2073.7931,2075.1399,2075.6747,0.0384,0
1102,1,2075.4804,2077.0829,2077.4224,0.1668,0
1102,0,2075.4804,2077.0829,2077.6272,0.0360,0
1103,1,2077.4784,2079.0386,2079.3427,0.1144,0
1103,0,2077.4784,2079.0386,2079.5694,0.0388,0
1104,1,2079.4075,2080.7141,2081.0156,0.1125,0
1104,0,2079.4075,2080.7141,2081.3010,0.1029,0
1105,1,2081.1528,2082.5327,2082.8136,0.1152,0
1105,0,2081.1528,2082.5327,2083.0005,0.0365,0
1106,1,2082.8718,2084.4026,2084.7938,0.2217,0
1106,0,2082.8718,2084.4026,2085.0165,0.0555,0
1107,1,2084.8699,2086.1708,2086.4557,0.1139,0
1107,0,2084.8699,2086.1708,2086.6962,0.0456,0
1108,1,2086.5203,2088.1297,2088.4437,0.1178,0
1108,0,2086.5203,2088.1297,2088.6471,0.0427,0
1109,1,2088.5024,2090.0629,2090.3810,0.1220,0
1109,0,2088.5024,2090.0629,2090.6077,0.0453,0
1110,1,2090.4504,2091.7917,2092.0789,0.1137,0
1110,0,2090.4504,2091.7917,2092.3112,0.0378,0
1111,1,2092.1348,2093.7144,2094.0131,0.1183,0
1111,0,2092.1348,2093.7144,2094.2574,0.0361,0
1112,1,2094.0691,2095.6679,2095.9518,0.1139,0
1112,0,2094.0691,2095.6679,2096.1308,0.0367,0
1113,1,2096.0104,2097.2840,2097.5795,0.1180,0
1113,0,2096.0104,2097.2840,2097.8063,0.0374,0
1114,1,2097.6385,2099.2450,2099.5725,0.1210,0
1114,0,2097.6385,2099.2450,2099.7754,0.0428,0
1115,1,2099.6313,2101.1156,2101.5107,0.2244,0
1115,0,2099.6313,2101.1156,2101.7158,0.0528,0
1116,1,2101.5809,2102.8479,2103.1397,0.1139,0
1116,0,2101.5809,2102.8479,2103.3479,0.0370,0
1117,1,2103.1962,2104.8048,2105.0875,0.1145,0
1117,0,2103.1962,2104.8048,2105.2630,0.0362,0
1118,1,2105.1423,2106.6967,2106.9788,0.1119,0
1118,0,2105.1423,2106.6967,2107.1792,0.0365,0
1119,1,2107.0409,2108.3589,2108.6809,0.1154,0
1119,0,2107.0409,2108.3589,2108.9211,0.0444,0
1120,1,2108.7471,2110.3448,2110.6379,0.1156,0
1120,0,2108.7471,2110.3448,2110.8283,0.0372,0
1121,1,2110.6976,2112.2777,2112.5716,0.1166,0
1121,0,2110.6976,2112.2777,2112.7333,0.0396,0
1122,1,2112.6442,2114.0704,2114.3571,0.1150,0
1122,0,2112.6442,2114.0704,2114.5919,0.0943,0
1123,1,2114.4831,2115.9076,2116.1921,0.1176,0
1123,0,2114.4831,2115.9076,2116.3762,0.0366,0
1124,1,2116.2504,2117.7524,2118.1592,0.2340,0
1124,0,2116.2504,2117.7524,2118.3575,0.0575,0
1125,1,2118.2341,2119.5019,2119.7807,0.1172,0
1125,0,2118.2341,2119.5019,2120.0079,0.0359,0
1126,1,2119.8324,2121.4465,2121.7542,0.1180,0
1126,0,2119.8324,2121.4465,2121.9518,0.0434,0
1127,1,2121.8135,2123.3671,2123.6626,0.1221,0
1127,0,2121.8135,2123.3671,2123.8362,0.0352,0
1128,1,2123.8675,2125.1053,2125.4283,0.1280,0
1128,0,2123.8675,2125.1053,2125.8735,0.0433,0
1129,1,2125.5419,2127.1636,2127.4511,0.1123,0
1129,0,2125.5419,2127.1636,2127.6798,0.0392,0
1130,1,2127.5887,2129.1325,2129.5192,0.1161,0
1130,0,2127.5887,2129.1325,2129.7312,0.0475,0
1131,1,2129.5850,2130.8750,2131.2123,0.1147,0
1131,0,2129.5850,2130.8750,2131.3927,0.0350,0
1132,1,2131.2671,2132.6287,2133.0765,0.1607,0
1132,0,2131.2671,2132.6287,2133.4994,0.0447,0
1133,1,2133.1406,2134.5237,2134.8697,0.1055,0
1133,0,2133.1406,2134.5237,2135.1254,0.0452,0
1134,1,2134.9333,2136.2510,2136.5644,0.1224,0
1134,0,2134.9333,2136.2510,2136.8377,0.0939,0
1135,1,2136.6796,2138.1004,2138.4273,0.1474,0
1135,0,2136.6796,2138.1004,2138.6157,0.0438,0
1136,1,2138.4902,2139.7736,2140.2287,0.2834,0
1136,0,2138.4902,2139.7736,2140.4121,0.0362,0
1137,1,2140.2891,2141.5819,2141.9124,0.1196,0
1137,0,2140.2891,2141.5819,2142.1303,0.0425,0
1138,1,2141.9776,2143.6265,2143.9285,0.1141,0
1138,0,2141.9776,2143.6265,2144.1109,0.0402,0
1139,1,2143.9892,2145.5522,2145.8360,0.1134,0
1139,0,2143.9892,2145.5522,2146.0101,0.0369,0
1140,1,2145.9024,2147.2401,2147.5211,0.1154,0
1140,0,2145.9024,2147.2401,2147.6971,0.0366,0
1141,1,2147.5751,2149.1487,2149.4445,0.1140,0
1141,0,2147.5751,2149.1487,2149.6381,0.0430,0
1142,1,2149.5102,2151.0150,2151.4330,0.2122,0
1142,0,2149.5102,2151.0150,2151.6475,0.0425,0
1143,1,2151.4956,2152.7975,2153.0798,0.1165,0
1143,0,2151.4956,2152.7975,2153.2415,0.0360,0
1144,1,2153.1426,2154.7622,2155.0866,0.1205,0
1144,0,2153.1426,2154.7622,2155.3029,0.0457,0
1145,1,2155.1615,2156.7407,2157.0710,0.1206,0
1145,0,2155.1615,2156.7407,2157.2752,0.0439,0
1146,1,2157.1326,2158.4207,2158.7353,0.1141,0
1146,0,2157.1326,2158.4207,2158.9663,0.0404,0
1147,1,2158.7925,2160.3791,2160.6854,0.1155,0
1147,0,2158.7925,2160.3791,2160.9152,0.0487,0
1148,1,2160.7596,2162.3899,2162.7000,0.1164,0
1148,0,2160.7596,2162.3899,2162.9084,0.0395,0
1149,1,2162.7613,2164.0598,2164.3473,0.1153,0
1149,0,2162.7613,2164.0598,2164.5811,0.0369,0
1150,1,2164.4036,2166.0089,2166.3007,0.1162,0
1150,0,2164.4036,2166.0089,2166.4783,0.0352,0
1151,1,2166.3518,2167.8153,2168.2422,0.2347,0
1151,0,2166.3518,2167.8153,2168.4437,0.0389,0
1152,1,2168.2992,2169.5872,2169.9734,0.1350,0
1152,0,2168.2992,2169.5872,2170.3176,0.1369,0
1153,1,2170.1345,2171.5537,2171.8902,0.1217,0
1153,0,2170.1345,2171.5537,2172.1015,0.0417,0
1154,1,2171.9547,2173.5448,2173.8801,0.1198,0
1154,0,2171.9547,2173.5448,2174.0816,0.0454,0
1155,1,2173.9706,2175.5829,2175.9095,0.1201,0
1155,0,2173.9706,2175.5829,2176.3609,0.2737,0
1156,1,2176.2128,2177.5483,2177.8365,0.1142,0
1156,0,2176.2128,2177.5483,2178.0136,0.0381,0
1157,1,2177.8937,2179.4533,2179.7734,0.1197,0
1157,0,2177.8937,2179.4533,2179.9971,0.0421,0
1158,1,2179.8444,2181.1777,2181.7849,0.3991,0
1158,0,2179.8444,2181.1777,2182.0036,0.0452,0
1159,1,2181.8508,2183.1950,2183.4907,0.1185,0
1159,0,2181.8508,2183.1950,2183.6692,0.0359,0
1160,1,2183.5486,2185.4356,2185.8798,0.1194,0
1160,0,2183.5486,2185.4356,2186.0976,0.0501,0
1161,1,2185.9526,2187.5489,2187.8429,0.1161,0
1161,0,2185.9526,2187.5489,2188.0186,0.0369,0
1162,1,2187.8974,2189.1625,2189.4583,0.1059,0
1162,0,2187.8974,2189.1625,2189.7299,0.0512,0
1163,1,2189.5279,2190.9263,2191.2367,0.1150,0
1163,0,2189.5279,2190.9263,2191.4591,0.0417,0
1164,1,2191.3011,2192.9094,2193.2103,0.1157,0
1164,0,2191.3011,2192.9094,2193.4229,0.0355,0
1165,1,2193.3351,2194.6278,2195.0007,0.1212,0
1165,0,2193.3351,2194.6278,2195.2202,0.0413,0
1166,1,2195.0690,2196.4628,2196.7871,0.1199,0
1166,0,2195.0690,2196.4628,2196.9857,0.0413,0
1167,1,2196.8454,2198.4025,2198.7205,0.1231,0
1167,0,2196.8454,2198.4025,2198.9341,0.0482,0
1168,1,2198.7924,2200.1074,2200.4091,0.1120,0
1168,0,2198.7924,2200.1074,2200.7426,0.0394,0
1169,1,2200.4696,2202.2085,2202.5374,0.1194,0
1169,0,2200.4696,2202.2085,2202.7554,0.0442,0
1170,1,2202.6002,2204.1669,2204.4912,0.1161,0
1170,0,2202.6002,2204.1669,2204.7284,0.0419,0
1171,1,2204.5564,2205.8967,2206.2393,0.1111,0
1171,0,2204.5564,2205.8967,2206.4170,0.0361,0
1172,1,2206.2939,2207.7037,2207.9841,0.1145,0
1172,0,2206.2939,2207.7037,2208.1647,0.0343,0
1173,1,2208.0373,2209.6032,2209.9065,0.1140,0
1173,0,2208.0373,2209.6032,2210.1222,0.0443,0
1174,1,2209.9744,2211.2971,2211.6712,0.1138,0
1174,0,2209.9744,2211.2971,2211.9023,0.0394,0
1175,1,2211.7488,2213.1955,2213.4993,0.1139,0
1175,0,2211.7488,2213.1955,2213.7155,0.0437,0
1176,1,2213.5596,2215.1107,2215.3977,0.1216,0
1176,0,2213.5596,2215.1107,2215.6018,0.0353,0
1177,1,2215.4490,2216.7340,2217.0352,0.1138,0
1177,0,2215.4490,2216.7340,2217.2437,0.0442,0
1178,1,2217.0952,2218.5751,2219.0457,0.2986,0
1178,0,2217.0952,2218.5751,2219.2443,0.0564,0
1179,1,2219.1207,2220.6753,2220.9816,0.1143,0
1179,0,2219.1207,2220.6753,2221.2038,0.0449,0
1180,1,2221.0504,2222.3658,2222.6757,0.1205,0
1180,0,2221.0504,2222.3658,2222.9591,0.1023,0
1181,1,2222.8070,2224.2065,2224.4920,0.1092,0
1181,0,2222.8070,2224.2065,2224.6902,0.0370,0
1182,1,2224.5474,2226.1211,2226.4442,0.1157,0
1182,0,2224.5474,2226.1211,2226.6707,0.0490,0
1183,1,2226.5185,2227.8457,2228.1250,0.1145,0
1183,0,2226.5185,2227.8457,2228.3424,0.0437,0
1184,1,2228.1868,2229.7480,2230.0286,0.1168,0
1184,0,2228.1868,2229.7480,2230.2194,0.0368,0
1185,1,2230.0810,2231.6125,2231.9672,0.1648,0
1185,0,2230.0810,2231.6125,2232.1785,0.0395,0
1186,1,2232.0316,2233.3587,2233.7629,0.1226,0
1186,0,2232.0316,2233.3587,2234.1156,0.0473,0
1187,1,2233.8567,2235.5258,2235.8471,0.1163,0
1187,0,2233.8567,2235.5258,2236.0651,0.0448,0
1188,1,2235.9115,2237.4854,2237.8084,0.1214,0
1188,0,2235.9115,2237.4854,2238.0217,0.0448,0
1189,1,2237.8761,2239.1986,2239.5661,0.1130,0
1189,0,2237.8761,2239.1986,2239.7850,0.0452,0
1190,1,2239.6341,2240.9633,2241.2489,0.1167,0
1190,0,2239.6341,2240.9633,2241.4205,0.0349,0
1191,1,2241.3026,2242.8509,2243.1901,0.1250,0
1191,0,2241.3026,2242.8509,2243.4079,0.0432,0
1192,1,2243.2572,2244.5876,2244.8746,0.1150,0
1192,0,2243.2572,2244.5876,2245.1017,0.0364,0
1193,1,2244.9291,2246.6419,2246.9300,0.1185,0
1193,0,2244.9291,2246.6419,2247.1025,0.0354,0
1194,1,2246.9817,2248.5148,2248.8190,0.1142,0
1194,0,2246.9817,2248.5148,2249.0136,0.0385,0
1195,1,2248.8739,2250.1475,2250.4271,0.1142,0
1195,0,2248.8739,2250.1475,2250.7432,0.0372,0
1196,1,2250.4809,2252.0998,2252.3843,0.1109,0
1196,0,2250.4809,2252.0998,2252.5849,0.0374,0
1197,1,2252.4438,2254.0294,2254.3189,0.1151,0
1197,0,2252.4438,2254.0294,2254.5015,0.0368,0
1198,1,2254.3780,2255.6827,2255.9738,0.1223,0
1198,0,2254.3780,2255.6827,2256.2033,0.0374,0
1199,1,2256.0318,2257.6416,2257.9205,0.1158,0
1199,0,2256.0318,2257.6416,2258.0932,0.0370,0
1200,1,2257.9738,2259.5056,2259.7988,0.1171,0
1200,0,2257.9738,2259.5056,2259.9827,0.0366,0
1201,1,2259.8575,2261.1579,2261.4828,0.1208,0
1201,0,2259.8575,2261.1579,2261.7823,0.0422,0
1202,1,2261.5447,2263.3351,2263.6617,0.1195,0
1202,0,2261.5447,2263.3351,2263.9889,0.0423,0
1203,1,2263.7247,2265.4184,2265.7167,0.1208,0
1203,0,2263.7247,2265.4184,2265.9415,0.0430,0
1204,1,2265.8506,2267.2616,2267.8076,0.3067,0
1204,0,2265.8506,2267.2616,2268.1100,0.0982,0
1205,1,2267.9343,2269.2932,2269.5920,0.1153,0
1205,0,2267.9343,2269.2932,2269.7902,0.0390,0
1206,1,2269.6540,2271.2847,2271.5896,0.1154,0
1206,0,2269.6540,2271.2847,2271.8230,0.0450,0
1207,1,2271.6614,2273.4081,2273.7010,0.1162,0
1207,0,2271.6614,2273.4081,2273.8884,0.0354,0
1208,1,2273.7537,2275.0290,2275.3152,0.1154,0
1208,0,2273.7537,2275.0290,2275.5732,0.0373,0
1209,1,2275.3746,2277.0264,2277.3369,0.1155,0
1209,0,2275.3746,2277.0264,2277.5391,0.0443,0
1210,1,2277.3976,2278.9223,2279.2802,0.1655,0
1210,0,2277.3976,2278.9223,2279.4946,0.0452,0
1211,1,2279.3493,2280.6785,2281.1295,0.1238,0
1211,0,2279.3493,2280.6785,2281.3438,0.0446,0
1212,1,2281.1940,2282.5774,2282.8987,0.1175,0
1212,0,2281.1940,2282.5774,2283.1153,0.0404,0
1213,1,2282.9633,2284.4832,2284.9510,0.2550,0
1213,0,2282.9633,2284.4832,2285.1647,0.0472,0
1214,1,2285.0167,2286.3197,2286.6711,0.1191,0
1214,0,2285.0167,2286.3197,2286.8898,0.0394,0
1215,1,2286.7328,2288.2095,2288.5188,0.1142,0
1215,0,2286.7328,2288.2095,2288.7250,0.0439,0
1216,1,2288.5794,2290.0975,2290.4565,0.1632,0
1216,0,2288.5794,2290.0975,2290.6811,0.0472,0
1217,1,2290.5311,2291.8458,2292.1208,0.1154,0
1217,0,2290.5311,2291.8458,2292.3224,0.0351,0
1218,1,2292.1748,2293.8867,2294.2127,0.1195,0
1218,0,2292.1748,2293.8867,2294.4205,0.0454,0
1219,1,2294.2759,2295.8300,2296.1528,0.1260,0
1219,0,2294.2759,2295.8300,2296.3712,0.0446,0
1220,1,2296.2448,2297.5586,2297.8918,0.1175,0
1220,0,2296.2448,2297.5586,2298.0720,0.0356,0
1221,1,2297.9494,2299.3381,2299.6293,0.1142,0
1221,0,2297.9494,2299.3381,2299.8115,0.0354,0
1222,1,2299.6863,2301.1738,2301.6131,0.2619,0
1222,0,2299.6863,2301.1738,2301.7983,0.0368,0
1223,1,2301.6752,2302.9770,2303.3484,0.1252,0
1223,0,2301.6752,2302.9770,2303.5587,0.0527,0
1224,1,2303.4193,2304.8149,2305.1013,0.1156,0
1224,0,2303.4193,2304.8149,2305.2776,0.0361,0
1225,1,2305.1539,2306.6831,2306.9971,0.1127,0
1225,0,2305.1539,2306.6831,2307.2173,0.0447,0
1226,1,2307.0648,2308.3826,2308.6592,0.1123,0
1226,0,2307.0648,2308.3826,2308.9107,0.0371,0
1227,1,2308.7175,2310.4903,2310.8010,0.1219,0
1227,0,2308.7175,2310.4903,2311.0179,0.0443,0
1228,1,2310.8624,2312.4096,2312.7171,0.1135,0
1228,0,2310.8624,2312.4096,2312.9342,0.0474,0
1229,1,2312.7879,2314.1120,2314.4619,0.1222,0
1229,0,2312.7879,2314.1120,2314.6972,0.0405,0
1230,1,2314.5303,2315.9970,2316.2860,0.1161,0
1230,0,2314.5303,2315.9970,2316.4732,0.0432,0
1231,1,2316.3484,2317.8197,2318.2416,0.2506,0
1231,0,2316.3484,2317.8197,2318.4260,0.0364,0
1232,1,2318.3030,2319.6099,2319.8957,0.1262,0
1232,0,2318.3030,2319.6099,2320.1121,0.0352,0
1233,1,2319.9521,2321.5346,2321.8384,0.1143,0
1233,0,2319.9521,2321.5346,2322.0488,0.0434,0
1234,1,2321.9033,2323.4945,2323.8150,0.1195,0
1234,0,2321.9033,2323.4945,2324.0047,0.0414,0
1235,1,2323.8992,2325.2573,2325.5760,0.1146,0
1235,0,2323.8992,2325.2573,2325.7949,0.0392,0
1236,1,2325.6375,2327.1427,2327.4359,0.1153,0
1236,0,2325.6375,2327.1427,2327.6404,0.0380,0
1237,1,2327.4904,2329.0551,2329.3759,0.1205,0
1237,0,2327.4904,2329.0551,2329.6042,0.0427,0
1238,1,2329.4420,2330.7480,2331.1299,0.1165,0
1238,0,2329.4420,2330.7480,2331.3545,0.0413,0
1239,1,2331.1931,2332.6645,2332.9700,0.1136,0
1239,0,2331.1931,2332.6645,2333.1883,0.0386,0
1240,1,2333.0297,2334.5287,2334.9718,0.2708,0
1240,0,2333.0297,2334.5287,2335.1595,0.0389,0
1241,1,2335.0341,2336.3408,2336.6756,0.1165,0
1241,0,2335.0341,2336.3408,2336.8703,0.0346,0
1242,1,2336.7325,2338.1726,2338.4884,0.1172,0
1242,0,2336.7325,2338.1726,2338.6882,0.0413,0
1243,1,2338.5463,2340.1059,2340.4184,0.1166,0
1243,0,2338.5463,2340.1059,2340.6461,0.0477,0
1244,1,2340.4898,2341.8232,2342.1112,0.1151,0
1244,0,2340.4898,2341.8232,2342.3322,0.0367,0
1245,1,2342.1670,2343.8753,2344.1642,0.1098,0
1245,0,2342.1670,2343.8753,2344.7634,0.0839,0
1246,1,2344.2718,2345.5512,2346.0874,0.3571,0
1246,0,2344.2718,2345.5512,2346.2670,0.0363,0
1247,1,2346.1488,2347.4458,2347.7805,0.1184,0
1247,0,2346.1488,2347.4458,2347.9590,0.0368,0
1248,1,2347.8470,2349.1922,2349.4899,0.1133,0
1248,0,2347.8470,2349.1922,2349.6777,0.0425,0
1249,1,2349.5522,2351.0157,2351.4521,0.2589,0
1249,0,2349.5522,2351.0157,2351.6283,0.0377,0
1250,1,2351.5066,2352.7673,2353.0443,0.1109,0
1250,0,2351.5066,2352.7673,2353.2200,0.0361,0
1251,1,2353.0985,2354.6650,2354.9761,0.1155,0
1251,0,2353.0985,2354.6650,2355.1617,0.0441,0
1252,1,2355.0400,2356.5907,2356.9221,0.1200,0
1252,0,2355.0400,2356.5907,2357.1466,0.0474,0
1253,1,2356.9911,2358.2890,2358.5917,0.1137,0
1253,0,2356.9911,2358.2890,2358.7976,0.0393,0
1254,1,2358.6503,2360.3590,2360.6588,0.1232,0
1254,0,2358.6503,2360.3590,2360.8425,0.0374,0
1255,1,2360.7143,2362.2387,2362.5505,0.1235,0
1255,0,2360.7143,2362.2387,2362.7598,0.0426,0
1256,1,2362.6138,2363.9028,2364.2284,0.1157,0
1256,0,2362.6138,2363.9028,2364.4609,0.0434,0
1257,1,2364.2905,2365.8760,2366.1670,0.1186,0
1257,0,2364.2905,2365.8760,2366.3452,0.0365,0
1258,1,2366.2197,2367.8608,2368.1477,0.1197,0
1258,0,2366.2197,2367.8608,2368.3172,0.0354,0
1259,1,2368.1989,2369.4578,2369.7863,0.1175,0
1259,0,2368.1989,2369.4578,2370.0247,0.0469,0
1260,1,2369.8533,2371.4251,2371.7236,0.1181,0
1260,0,2369.8533,2371.4251,2371.9030,0.0368,0
1261,1,2371.7768,2373.3187,2373.6114,0.1158,0
1261,0,2371.7768,2373.3187,2373.8317,0.0643,0
1262,1,2373.7020,2375.0135,2375.3519,0.1266,0
1262,0,2373.7020,2375.0135,2375.5879,0.0443,0
1263,1,2375.4160,2377.1394,2377.4455,0.1144,0
1263,0,2375.4160,2377.1394,2377.6291,0.0432,0
1264,1,2377.5382,2379.0920,2379.3790,0.1171,0
1264,0,2377.5382,2379.0920,2379.5680,0.0360,0
1265,1,2379.4357,2380.7092,2381.0136,0.1131,0
1265,0,2379.4357,2380.7092,2381.2972,0.1133,0
1266,1,2381.1494,2382.5846,2382.8960,0.1140,0
1266,0,2381.1494,2382.5846,2383.1264,0.0450,0
1267,1,2382.9627,2384.4756,2384.9248,0.2530,0
1267,0,2382.9627,2384.4756,2385.1098,0.0389,0
1268,1,2384.9872,2386.2903,2386.5924,0.1164,0
1268,0,2384.9872,2386.2903,2386.8490,0.0890,0
1269,1,2386.6993,2388.0867,2388.3943,0.1144,0
1269,0,2386.6993,2388.0867,2388.6001,0.0435,0
1270,1,2388.4541,2390.0099,2390.3159,0.1132,0
1270,0,2388.4541,2390.0099,2390.5382,0.0449,0
1271,1,2390.3849,2391.7043,2391.9893,0.1186,0
1271,0,2390.3849,2391.7043,2392.2375,0.0362,0
1272,1,2392.0434,2393.8304,2394.1222,0.1140,0
1272,0,2392.0434,2393.8304,2394.3199,0.0464,0
1273,1,2394.1911,2395.7584,2396.0388,0.1162,0
1273,0,2394.1911,2395.7584,2396.2200,0.0363,0
1274,1,2396.0983,2397.3890,2397.7889,0.1174,0
1274,0,2396.0983,2397.3890,2398.0143,0.0433,0
1275,1,2397.8541,2399.3300,2399.6489,0.1184,0
1275,0,2397.8541,2399.3300,2399.8750,0.0439,0
1276,1,2399.7094,2401.1945,2401.6494,0.2520,0
1276,0,2399.7094,2401.1945,2401.8711,0.0463,0
1277,1,2401.7192,2403.0396,2403.4310,0.1704,0
1277,0,2401.7192,2403.0396,2404.0600,0.4577,0
1278,1,2403.9089,2405.1990,2405.4829,0.1158,0
1278,0,2403.9089,2405.1990,2405.6960,0.0455,0
1279,1,2405.5504,2407.1380,2407.4747,0.1224,0
1279,0,2405.5504,2407.1380,2407.6618,0.0440,0
1280,1,2407.5389,2408.8178,2409.1549,0.1352,0
1280,0,2407.5389,2408.8178,2409.7006,0.3709,0
1281,1,2409.5521,2410.8720,2411.1602,0.1103,0
1281,0,2409.5521,2410.8720,2411.3471,0.0383,0
1282,1,2411.2178,2412.6757,2413.0180,0.1663,0
1282,0,2411.2178,2412.6757,2413.2024,0.0450,0
1283,1,2413.0819,2414.3503,2414.6962,0.1455,0
1283,0,2413.0819,2414.3503,2415.1471,0.2398,0
1284,1,2414.9584,2416.3179,2416.6308,0.1164,0
1284,0,2414.9584,2416.3179,2416.8287,0.0425,0
1285,1,2416.6898,2418.1578,2418.6187,0.2577,0
1285,0,2416.6898,2418.1578,2418.8419,0.0446,0
1286,1,2418.6877,2419.9996,2420.2887,0.1122,0
1286,0,2418.6877,2419.9996,2420.7550,0.2883,0
1287,1,2420.6064,2421.9331,2422.2204,0.1132,0
1287,0,2420.6064,2421.9331,2422.4071,0.0377,0
1288,1,2422.2799,2423.8489,2424.1251,0.1050,0
1288,0,2422.2799,2423.8489,2424.3128,0.0350,0
1289,1,2424.1824,2425.4814,2425.8270,0.1386,0
1289,0,2424.1824,2425.4814,2426.3474,0.3511,0
1290,1,2426.1982,2427.4890,2427.7849,0.1216,0
1290,0,2426.1982,2427.4890,2427.9585,0.0405,0
1291,1,2427.8475,2429.4016,2429.7034,0.1156,0
1291,0,2427.8475,2429.4016,2429.8783,0.0374,0
1292,1,2429.7567,2431.0060,2431.3642,0.1519,0
1292,0,2429.7567,2431.0060,2431.8398,0.3114,0
1293,1,2431.6935,2432.9757,2433.2700,0.1148,0
1293,0,2431.6935,2432.9757,2433.4522,0.0355,0
1294,1,2433.3256,2434.8222,2435.2571,0.2663,0
1294,0,2433.3256,2434.8222,2435.4324,0.0363,0
1295,1,2435.3119,2436.5857,2436.8988,0.1407,0
1295,0,2435.3119,2436.5857,2437.3593,0.3209,0
1296,1,2437.2374,2438.4990,2438.9598,0.1328,0
1296,0,2437.2374,2438.4990,2439.1577,0.0467,0
1297,1,2439.0307,2440.5961,2440.8861,0.1167,0
1297,0,2439.0307,2440.5961,2441.0688,0.0367,0
1298,1,2440.9458,2442.2393,2442.5383,0.1207,0
1298,0,2440.9458,2442.2393,2443.0185,0.3122,0
1299,1,2442.8682,2444.1667,2444.4488,0.1093,0
1299,0,2442.8682,2444.1667,2444.6239,0.0359,0
1300,1,2444.5049,2446.0245,2446.3484,0.1207,0
1300,0,2444.5049,2446.0245,2446.5679,0.0442,0
1301,1,2446.4169,2447.7344,2448.0071,0.1094,0
1301,0,2446.4169,2447.7344,2448.4811,0.3207,0
1302,1,2448.3490,2449.6449,2449.9281,0.1170,0
1302,0,2448.3490,2449.6449,2450.1013,0.0358,0
1303,1,2449.9799,2451.4434,2451.9222,0.2538,0
1303,0,2449.9799,2451.4434,2452.1285,0.0449,0
1304,1,2451.9901,2453.3099,2453.5973,0.1096,0
1304,0,2451.9901,2453.3099,2454.0571,0.3090,0
1305,1,2453.9302,2455.2333,2455.5276,0.1140,0
1305,0,2453.9302,2455.2333,2455.7490,0.0447,0
1306,1,2455.5912,2457.2960,2457.6014,0.1167,0
1306,0,2455.5912,2457.2960,2457.8160,0.0447,0
1307,1,2457.6668,2458.9537,2459.2933,0.1149,0
1307,0,2457.6668,2458.9537,2459.6106,0.1529,0
1308,1,2459.4690,2460.7897,2461.0741,0.1146,0
1308,0,2459.4690,2460.7897,2461.2543,0.0358,0
1309,1,2461.1475,2462.6620,2462.9749,0.1164,0
1309,0,2461.1475,2462.6620,2463.1665,0.0432,0
1310,1,2463.0618,2464.4939,2464.8257,0.1208,0
1310,0,2463.0618,2464.4939,2465.1574,0.1470,0
1311,1,2464.9979,2466.3322,2466.6256,0.1150,0
1311,0,2464.9979,2466.3322,2466.8055,0.0350,0
1312,1,2466.6820,2468.1697,2468.6227,0.2614,0
1312,0,2466.6820,2468.1697,2468.8511,0.0467,0
1313,1,2468.6851,2469.9781,2470.3547,0.1209,0
1313,0,2468.6851,2469.9781,2470.7886,0.2611,0
1314,1,2470.6373,2471.9277,2472.2269,0.1193,0
1314,0,2470.6373,2471.9277,2472.4028,0.0361,0
1315,1,2472.2797,2473.9315,2474.2325,0.1154,0
1315,0,2472.2797,2473.9315,2474.4141,0.0351,0
1316,1,2474.2910,2475.5670,2475.8866,0.1189,0
1316,0,2474.2910,2475.5670,2476.2814,0.2115,0
1317,1,2476.1200,2477.4186,2477.7227,0.1142,0
1317,0,2476.1200,2477.4186,2477.9245,0.0434,0
1318,1,2477.7827,2479.3173,2479.6404,0.1185,0
1318,0,2477.7827,2479.3173,2479.8428,0.0439,0
1319,1,2479.7015,2480.9686,2481.2707,0.1109,0
1319,0,2479.7015,2480.9686,2481.5283,0.0447,0
1320,1,2481.3331,2482.6414,2482.9297,0.1186,0
1320,0,2481.3331,2482.6414,2483.1240,0.0360,0
1321,1,2482.9889,2484.6869,2485.1226,0.1152,0
1321,0,2482.9889,2484.6869,2485.3975,0.0510,0
1322,1,2485.1944,2486.5155,2486.7956,0.1060,0
1322,0,2485.1944,2486.5155,2486.9912,0.0361,0
1323,1,2486.8539,2488.1934,2488.5159,0.1188,0
1323,0,2486.8539,2488.1934,2488.7207,0.0421,0
1324,1,2488.5749,2490.0688,2490.4264,0.1631,0
1324,0,2488.5749,2490.0688,2490.6421,0.0449,0
1325,1,2490.4991,2491.7964,2492.0963,0.1156,0
1325,0,2490.4991,2491.7964,2492.3408,0.0376,0
1326,1,2492.1525,2493.7170,2494.0086,0.1151,0
1326,0,2492.1525,2493.7170,2494.1894,0.0355,0
1327,1,2494.0682,2495.6184,2495.9329,0.1155,0
1327,0,2494.0682,2495.6184,2496.1466,0.0458,0
1328,1,2495.9959,2497.2546,2497.5510,0.1151,0
1328,0,2495.9959,2497.2546,2497.8006,0.0435,0
1329,1,2497.6171,2499.2180,2499.5377,0.1173,0
1329,0,2497.6171,2499.2180,2499.7367,0.0428,0
1330,1,2499.5970,2501.0526,2501.5134,0.2596,0
1330,0,2499.5970,2501.0526,2501.7997,0.1295,0
1331,1,2501.6702,2502.9553,2503.2570,0.1173,0
1331,0,2501.6702,2502.9553,2503.5014,0.0989,0
1332,1,2503.3738,2504.8176,2505.1111,0.1140,0
1332,0,2503.3738,2504.8176,2505.2914,0.0376,0
1333,1,2505.1682,2506.6463,2506.9837,0.1614,0
1333,0,2505.1682,2506.6463,2507.1751,0.0383,0
1334,1,2507.0439,2508.3249,2508.6014,0.1089,0
1334,0,2507.0439,2508.3249,2508.7919,0.0358,0
1335,1,2508.6560,2510.2186,2510.5088,0.1154,0
1335,0,2508.6560,2510.2186,2510.7084,0.0437,0
1336,1,2510.5691,2511.8275,2512.3733,0.3741,0
1336,0,2510.5691,2511.8275,2512.5506,0.0376,0
1337,1,2513.5537,2515.0022,2515.3250,0.1187,0
1337,0,2513.5537,2515.0022,2515.6398,0.0443,0
1338,1,2515.4319,2516.9232,2517.3102,0.1144,0
1338,0,2515.4319,2516.9232,2517.5454,0.0370,0
1339,1,2517.3886,2518.8790,2519.2069,0.1202,0
1339,0,2517.3886,2518.8790,2519.4230,0.0456,0
1340,1,2519.2721,2520.8174,2521.1412,0.1266,0
1340,0,2519.2721,2520.8174,2521.3438,0.0445,0
1341,1,2521.2025,2522.4567,2522.7894,0.1131,0
1341,0,2521.2025,2522.4567,2523.0011,0.0380,0
1342,1,2522.8481,2524.2176,2524.5093,0.1129,0
1342,0,2522.8481,2524.2176,2524.7084,0.0442,0
1343,1,2524.5695,2526.1043,2526.3878,0.1187,0
1343,0,2524.5695,2526.1043,2526.5786,0.0356,0
1344,1,2526.4394,2527.6931,2528.0039,0.1140,0
1344,0,2526.4394,2527.6931,2528.2107,0.0447,0
1345,1,2528.0663,2529.6178,2529.9403,0.1160,0
1345,0,2528.0663,2529.6178,2530.1701,0.0469,0
1346,1,2530.0089,2531.2855,2531.8674,0.3761,0
1346,0,2530.0089,2531.2855,2532.2967,0.0624,0
1347,1,2531.9571,2533.3737,2533.6862,0.1295,0
1347,0,2531.9571,2533.3737,2533.9065,0.0431,0
1348,1,2533.7506,2535.1753,2535.6404,0.2658,0
1348,0,2533.7506,2535.1753,2535.8434,0.0447,0
1349,1,2535.7019,2537.2006,2537.5398,0.1608,0
1349,0,2535.7019,2537.2006,2537.7574,0.0467,0
1350,1,2537.6104,2538.9111,2539.1904,0.1189,0
1350,0,2537.6104,2538.9111,2539.3602,0.0357,0
1351,1,2539.2447,2540.7840,2541.0832,0.1192,0
1351,0,2539.2447,2540.7840,2541.2574,0.0365,0
1352,1,2541.1382,2542.3941,2542.9781,0.3820,0
1352,0,2541.1382,2542.3941,2543.2088,0.0440,0
1353,1,2543.1381,2544.3945,2544.7066,0.1143,0
1353,0,2543.1381,2544.3945,2545.0089,0.0457,0
1354,1,2544.7743,2546.4263,2546.7361,0.1137,0
1354,0,2544.7743,2546.4263,2546.9347,0.0428,0
1355,1,2546.7955,2548.3376,2548.6535,0.1134,0
1355,0,2546.7955,2548.3376,2548.8721,0.0412,0
1356,1,2548.7184,2550.0117,2550.3196,0.1149,0
1356,0,2548.7184,2550.0117,2550.5536,0.0404,0
1357,1,2550.3788,2552.2060,2552.5224,0.1166,0
1357,0,2550.3788,2552.2060,2552.7240,0.0422,0
1358,1,2552.5814,2554.1143,2554.4048,0.1192,0
1358,0,2552.5814,2554.1143,2554.5928,0.0365,0
1359,1,2554.4654,2555.7439,2556.0330,0.1193,0
1359,0,2554.4654,2555.7439,2556.2708,0.0905,0
1360,1,2556.1414,2557.4750,2557.7608,0.1183,0
1360,0,2556.1414,2557.4750,2557.9394,0.0356,0
1361,1,2557.8136,2559.0563,2559.5953,0.3512,0
1361,0,2557.8136,2559.0563,2559.7808,0.0378,0
1362,1,2559.6575,2560.9297,2561.2445,0.1185,0
1362,0,2559.6575,2560.9297,2561.4525,0.0425,0
1363,1,2561.3053,2562.9183,2563.2360,0.1118,0
1363,0,2561.3053,2562.9183,2563.4470,0.0453,0
1364,1,2563.3069,2564.6590,2565.1250,0.2758,0
1364,0,2563.3069,2564.6590,2565.3093,0.0367,0
1365,1,2565.1878,2566.4688,2566.8079,0.1252,0
1365,0,2565.1878,2566.4688,2567.0218,0.0447,0
1366,1,2566.8722,2568.4301,2568.8215,0.2231,0
1366,0,2566.8722,2568.4301,2569.0320,0.0552,0
1367,1,2568.8966,2570.1505,2570.7347,0.3779,0
1367,0,2568.8966,2570.1505,2570.9563,0.0475,0
1368,1,2570.8063,2572.0983,2572.3745,0.1147,0
1368,0,2570.8063,2572.0983,2572.5608,0.0349,0
1369,1,2572.4273,2574.0387,2574.3283,0.1157,0
1369,0,2572.4273,2574.0387,2574.5132,0.0355,0
1370,1,2574.3834,2575.6334,2575.9329,0.1131,0
1370,0,2574.3834,2575.6334,2576.2545,0.1589,0
1371,1,2576.1087,2577.3685,2577.6790,0.1212,0
1371,0,2576.1087,2577.3685,2577.8803,0.0437,0
1372,1,2577.7385,2579.2489,2579.6966,0.1155,0
1372,0,2577.7385,2579.2489,2579.9776,0.0659,0
1373,1,2579.7945,2581.1179,2581.4047,0.1097,0
1373,0,2579.7945,2581.1179,2581.8710,0.2860,0
1374,1,2581.7130,2583.0357,2583.3260,0.1142,0
1374,0,2581.7130,2583.0357,2583.5110,0.0398,0
1375,1,2583.3840,2584.8208,2585.2137,0.2267,0
1375,0,2583.3840,2584.8208,2585.4248,0.0563,0
1376,1,2585.2874,2586.5382,2586.8133,0.1065,0
1376,0,2585.2874,2586.5382,2586.9876,0.0366,0
1377,1,2586.8661,2588.2206,2588.5409,0.1139,0
1377,0,2586.8661,2588.2206,2588.7399,0.0416,0
1378,1,2588.5989,2590.0239,2590.3821,0.1660,0
1378,0,2588.5989,2590.0239,2590.6157,0.0462,0
1379,1,2590.4522,2591.7635,2592.0505,0.1147,0
1379,0,2590.4522,2591.7635,2592.2594,0.0361,0
1380,1,2592.1042,2593.6478,2593.9744,0.1154,0
1380,0,2592.1042,2593.6478,2594.2124,0.0442,0
1381,1,2594.0385,2595.6013,2595.9139,0.1287,0
1381,0,2594.0385,2595.6013,2596.0982,0.0376,0
1382,1,2595.9705,2597.2159,2597.5095,0.1145,0
1382,0,2595.9705,2597.2159,2597.8180,0.0538,0
1383,1,2597.5851,2599.2593,2599.5668,0.1184,0
1383,0,2597.5851,2599.2593,2599.7837,0.0437,0
1384,1,2599.6338,2601.1240,2601.5366,0.2350,0
1384,0,2599.6338,2601.1240,2601.7470,0.0552,0
1385,1,2601.6146,2602.8991,2603.1860,0.1167,0
1385,0,2601.6146,2602.8991,2603.4359,0.0355,0
1386,1,2603.2405,2604.8272,2605.1466,0.1189,0
1386,0,2603.2405,2604.8272,2605.3538,0.0452,0
1387,1,2605.2088,2606.7411,2607.0536,0.1180,0
1387,0,2605.2088,2606.7411,2607.2666,0.0440,0
1388,1,2607.1215,2608.4169,2608.7233,0.1174,0
1388,0,2607.1215,2608.4169,2609.0267,0.0442,0
1389,1,2608.7890,2610.4154,2610.7322,0.1163,0
1389,0,2608.7890,2610.4154,2610.9328,0.0434,0
1390,1,2610.7922,2612.3395,2612.6376,0.1223,0
1390,0,2610.7922,2612.3395,2612.9731,0.0451,0
1391,1,2612.7556,2614.0904,2614.4647,0.1193,0
1391,0,2612.7556,2614.0904,2614.8632,0.0434,0
1392,1,2614.5852,2616.0133,2616.3007,0.1137,0
1392,0,2614.5852,2616.0133,2616.5416,0.0363,0
1393,1,2616.4005,2617.8600,2618.2893,0.2255,0
1393,0,2616.4005,2617.8600,2618.5023,0.0478,0
1394,1,2618.3823,2619.7354,2620.1596,0.1161,0
1394,0,2618.3823,2619.7354,2620.3915,0.0522,0
1395,1,2620.2314,2621.6742,2622.0899,0.1174,0
1395,0,2620.2314,2621.6742,2622.3350,0.0471,0
1396,1,2622.1551,2623.7237,2624.0161,0.1115,0
1396,0,2622.1551,2623.7237,2624.1937,0.0375,0
1397,1,2624.0705,2625.3051,2625.6970,0.1239,0
1397,0,2624.0705,2625.3051,2625.9060,0.0482,0
1398,1,2625.7811,2627.1718,2627.5042,0.1458,0
1398,0,2625.7811,2627.1718,2627.6904,0.0375,0
1399,1,2627.5603,2629.0844,2629.3718,0.1119,0
1399,0,2627.5603,2629.0844,2629.5328,0.0372,0
1400,1,2629.4458,2630.7213,2631.0054,0.1129,0
1400,0,2629.4458,2630.7213,2631.2738,0.0365,0
1401,1,2631.0590,2632.5463,2632.9757,0.2156,0
1401,0,2631.0590,2632.5463,2633.1959,0.0420,0
1402,1,2633.0445,2634.5619,2634.9824,0.2175,0
1402,0,2633.0445,2634.5619,2635.2017,0.0419,0
1403,1,2635.0458,2636.3243,2636.6960,0.1179,0
1403,0,2635.0458,2636.3243,2636.9096,0.0394,0
1404,1,2636.7523,2638.1285,2638.4087,0.1160,0
1404,0,2636.7523,2638.1285,2638.6063,0.0367,0
1405,1,2638.4616,2639.9853,2640.2972,0.1224,0
1405,0,2638.4616,2639.9853,2640.5082,0.0442,0
1406,1,2640.3644,2641.6667,2641.9759,0.1142,0
1406,0,2640.3644,2641.6667,2642.3192,0.0423,0
1407,1,2642.0358,2643.6986,2643.9913,0.1111,0
1407,0,2642.0358,2643.6986,2644.1733,0.0360,0
1408,1,2644.0453,2645.5742,2645.8631,0.1171,0
1408,0,2644.0453,2645.5742,2646.0388,0.0358,0
1409,1,2645.9159,2647.1670,2647.4689,0.1126,0
1409,0,2645.9159,2647.1670,2647.6711,0.0479,0
1410,1,2647.5330,2649.0496,2649.3484,0.1100,0
1410,0,2647.5330,2649.0496,2649.5644,0.0405,0
1411,1,2649.4114,2650.7112,2651.1323,0.2071,0
1411,0,2649.4114,2650.7112,2651.3939,0.0921,0
1412,1,2651.2494,2652.5249,2652.8475,0.1194,0
1412,0,2651.2494,2652.5249,2653.0566,0.0405,0
1413,1,2652.9080,2654.4606,2654.7795,0.1338,0
1413,0,2652.9080,2654.4606,2654.9741,0.0373,0
1414,1,2654.8385,2656.1190,2656.4118,0.1192,0
1414,0,2654.8385,2656.1190,2656.8167,0.2348,0
1415,1,2656.6639,2657.9338,2658.2592,0.1220,0
1415,0,2656.6639,2657.9338,2658.4721,0.0450,0
1416,1,2658.3234,2659.8627,2660.1540,0.1192,0
1416,0,2658.3234,2659.8627,2660.3346,0.0364,0
1417,1,2660.2071,2661.4498,2661.7950,0.1170,0
1417,0,2660.2071,2661.4498,2662.0101,0.0447,0
1418,1,2661.8566,2663.2303,2663.5352,0.1161,0
1418,0,2661.8566,2663.2303,2663.7357,0.0439,0
1419,1,2663.5961,2665.1292,2665.4109,0.1181,0
1419,0,2663.5961,2665.1292,2665.6077,0.0351,0
1420,1,2665.4625,2666.7193,2667.0260,0.1145,0
1420,0,2665.4625,2666.7193,2667.2603,0.0432,0
1421,1,2667.0854,2668.5742,2669.1558,0.3840,0
1421,0,2667.0854,2668.5742,2669.3636,0.0462,0
1422,1,2669.2191,2670.7576,2671.0624,0.1144,0
1422,0,2669.2191,2670.7576,2671.2648,0.0442,0
1423,1,2671.1230,2672.3827,2672.6861,0.1149,0
1423,0,2671.1230,2672.3827,2672.9403,0.0970,0
1424,1,2672.8234,2674.1832,2674.4759,0.1177,0
1424,0,2672.8234,2674.1832,2674.6714,0.0458,0
1425,1,2674.5404,2676.0717,2676.3599,0.1139,0
1425,0,2674.5404,2676.0717,2676.5531,0.0422,0
1426,1,2676.4225,2677.7029,2677.9851,0.1167,0
1426,0,2676.4225,2677.7029,2678.1665,0.0348,0
1427,1,2678.0422,2679.6170,2679.9048,0.1214,0
1427,0,2678.0422,2679.6170,2680.0786,0.0357,0
1428,1,2679.9570,2681.2049,2681.7750,0.3776,0
1428,0,2679.9570,2681.2049,2681.9870,0.0442,0
1429,1,2681.8431,2683.1444,2683.4322,0.1180,0
1429,0,2681.8431,2683.1444,2683.6351,0.0344,0
1430,1,2683.4847,2684.9817,2685.3757,0.2243,0
1430,0,2683.4847,2684.9817,2685.6075,0.0542,0
1431,1,2685.4472,2686.7354,2687.0345,0.1260,0
1431,0,2685.4472,2686.7354,2687.3540,0.1762,0
1432,1,2687.2285,2688.4770,2688.7815,0.1114,0
1432,0,2687.2285,2688.4770,2689.0460,0.0446,0
1433,1,2688.8507,2690.3320,2690.6990,0.1669,0
1433,0,2688.8507,2690.3320,2690.9163,0.0457,0
1434,1,2690.7694,2692.0830,2692.3648,0.1127,0
1434,0,2690.7694,2692.0830,2692.5517,0.0368,0
1435,1,2692.4197,2693.7156,2694.0092,0.1148,0
1435,0,2692.4197,2693.7156,2694.2129,0.0412,0
1436,1,2694.0698,2695.6281,2695.9171,0.1144,0
1436,0,2694.0698,2695.6281,2696.1163,0.0499,0
1437,1,2695.9917,2697.2402,2697.5354,0.1216,0
1437,0,2695.9917,2697.2402,2697.7102,0.0362,0
1438,1,2697.5903,2699.1365,2699.4283,0.1172,0
1438,0,2697.5903,2699.1365,2699.6279,0.0360,0
1439,1,2699.5045,2701.1395,2701.5019,0.1553,0
1439,0,2699.5045,2701.1395,2701.7103,0.0457,0
1440,1,2701.5661,2702.8387,2703.1754,0.1199,0
1440,0,2701.5661,2702.8387,2703.4493,0.0413,0
1441,1,2703.2401,2704.8539,2705.1923,0.1208,0
1441,0,2703.2401,2704.8539,2705.4121,0.0447,0
1442,1,2705.2921,2706.8523,2707.1395,0.1112,0
1442,0,2705.2921,2706.8523,2707.3250,0.0363,0
1443,1,2707.2002,2708.4774,2708.8066,0.1239,0
1443,0,2707.2002,2708.4774,2709.0875,0.0943,0
1444,1,2708.9198,2710.3156,2710.6349,0.1146,0
1444,0,2708.9198,2710.3156,2710.8413,0.0442,0
1445,1,2710.6960,2712.2323,2712.5177,0.1126,0
1445,0,2710.6960,2712.2323,2712.6978,0.0363,0
1446,1,2712.5787,2713.8564,2714.1858,0.1221,0
1446,0,2712.5787,2713.8564,2714.4678,0.0437,0
1447,1,2714.2494,2715.9233,2716.2064,0.1124,0
1447,0,2714.2494,2715.9233,2716.3882,0.0373,0
1448,1,2716.2651,2717.7494,2718.1535,0.2246,0
1448,0,2716.2651,2717.7494,2718.3608,0.0536,0
1449,1,2718.2311,2719.5264,2719.8675,0.1228,0
1449,0,2718.2311,2719.5264,2720.1330,0.0397,0
1450,1,2719.9262,2721.5216,2721.8218,0.1162,0
1450,0,2719.9262,2721.5216,2722.0124,0.0377,0
1451,1,2721.8851,2723.4680,2723.7709,0.1147,0
1451,0,2721.8851,2723.4680,2723.9475,0.0383,0
1452,1,2723.8953,2725.1723,2725.4787,0.1150,0
1452,0,2723.8953,2725.1723,2725.7588,0.0998,0
1453,1,2725.6097,2726.9954,2727.2782,0.1149,0
1453,0,2725.6097,2726.9954,2727.4573,0.0368,0
1454,1,2727.3340,2728.8741,2729.1573,0.1118,0
1454,0,2727.3340,2728.8741,2729.4226,0.0396,0
1455,1,2729.2294,2730.5961,2730.9020,0.1142,0
1455,0,2729.2294,2730.5961,2731.1327,0.0425,0
1456,1,2730.9627,2732.5494,2732.8525,0.1132,0
1456,0,2730.9627,2732.5494,2733.0808,0.0459,0
1457,1,2732.9219,2734.4276,2734.8444,0.2212,0
1457,0,2732.9219,2734.4276,2735.3816,0.0408,0
1458,1,2734.9084,2736.5481,2736.8244,0.1020,0
1458,0,2734.9084,2736.5481,2737.0032,0.0366,0
1459,1,2736.8830,2738.2509,2738.5614,0.1150,0
1459,0,2736.8830,2738.2509,2738.7696,0.0429,0
1460,1,2738.6217,2740.1620,2740.4393,0.1116,0
1460,0,2738.6217,2740.1620,2740.6364,0.0355,0
1461,1,2740.4950,2741.7580,2742.0335,0.1138,0
1461,0,2740.4950,2741.7580,2742.2533,0.0341,0
1462,1,2742.0836,2743.6723,2743.9984,0.1209,0
1462,0,2742.0836,2743.6723,2744.2065,0.0420,0
1463,1,2744.0587,2745.6129,2745.9382,0.1247,0
1463,0,2744.0587,2745.6129,2746.1580,0.0435,0
1464,1,2746.0057,2747.3064,2747.6242,0.1161,0
1464,0,2746.0057,2747.3064,2747.9688,0.1568,0
1465,1,2747.8231,2749.1869,2749.4793,0.1147,0
1465,0,2747.8231,2749.1869,2749.6744,0.0398,0
1466,1,2749.5394,2750.9976,2751.3974,0.2139,0
1466,0,2749.5394,2750.9976,2751.6231,0.0561,0
1467,1,2751.4723,2752.7534,2753.0788,0.1212,0
1467,0,2751.4723,2752.7534,2753.3546,0.0406,0
1468,1,2753.1387,2754.7978,2755.0950,0.1210,0
1468,0,2753.1387,2754.7978,2755.2720,0.0357,0
1469,1,2755.1478,2756.6763,2756.9581,0.1208,0
1469,0,2755.1478,2756.6763,2757.1255,0.0349,0
1470,1,2757.0086,2758.2472,2758.5417,0.1135,0
1470,0,2757.0086,2758.2472,2758.7097,0.0352,0
1471,1,2758.5928,2760.1648,2760.4786,0.1177,0
1471,0,2758.5928,2760.1648,2760.6879,0.0469,0
1472,1,2760.5463,2761.8346,2762.3472,0.3452,0
1472,0,2760.5463,2761.8346,2762.5246,0.0363,0
1473,1,2762.4046,2763.6721,2764.0128,0.1240,0
1473,0,2762.4046,2763.6721,2764.2255,0.0414,0
1474,1,2764.0726,2765.6162,2766.1217,0.1207,0
1474,0,2764.0726,2765.6162,2766.3322,0.0441,0
1475,1,2766.1923,2767.7009,2768.0930,0.2241,0
1475,0,2766.1923,2767.7009,2768.3301,0.0558,0
1476,1,2768.1715,2769.4869,2769.8160,0.1151,0
1476,0,2768.1715,2769.4869,2770.0988,0.0472,0
1477,1,2769.8809,2771.4669,2771.8079,0.1312,0
1477,0,2769.8809,2771.4669,2772.0109,0.0432,0
1478,1,2771.8679,2773.4228,2773.7389,0.1155,0
1478,0,2771.8679,2773.4228,2773.9326,0.0442,0
1479,1,2773.8260,2775.1730,2775.4601,0.1153,0
1479,0,2773.8260,2775.1730,2775.6801,0.0359,0
1480,1,2775.5182,2777.1061,2777.3934,0.1134,0
1480,0,2775.5182,2777.1061,2777.5887,0.0434,0
1481,1,2777.4586,2779.0311,2779.3154,0.1135,0
1481,0,2777.4586,2779.0311,2779.5082,0.0442,0
1482,1,2779.3803,2780.6746,2780.9632,0.1148,0
1482,0,2779.3803,2780.6746,2781.1772,0.0365,0
1483,1,2781.0213,2782.6363,2782.9601,0.1201,0
1483,0,2781.0213,2782.6363,2783.1907,0.0442,0
1484,1,2783.0265,2784.5500,2784.9703,0.2144,0
1484,0,2783.0265,2784.5500,2785.1874,0.0409,0
1485,1,2785.0333,2786.3280,2786.7040,0.1179,0
1485,0,2785.0333,2786.3280,2786.9128,0.0401,0
1486,1,2786.7612,2788.1355,2788.4149,0.1159,0
1486,0,2786.7612,2788.1355,2788.6082,0.0362,0
1487,1,2788.5107,2790.0191,2790.3060,0.1130,0
1487,0,2788.5107,2790.0191,2790.4993,0.0381,0
1488,1,2790.3686,2791.6529,2791.9750,0.1197,0
1488,0,2790.3686,2791.6529,2792.2444,0.0433,0
1489,1,2792.0366,2793.6720,2793.9842,0.1179,0
1489,0,2792.0366,2793.6720,2794.1893,0.0410,0
1490,1,2794.0467,2795.6253,2795.9197,0.1189,0
1490,0,2794.0467,2795.6253,2796.0944,0.0364,0
1491,1,2795.9731,2797.2195,2797.5454,0.1207,0
1491,0,2795.9731,2797.2195,2797.8997,0.0445,0
1492,1,2797.6115,2799.3433,2799.6344,0.1134,0
1492,0,2797.6115,2799.3433,2799.8355,0.0363,0
1493,1,2799.6909,2801.1684,2801.6483,0.2173,0
1493,0,2799.6909,2801.1684,2801.8879,0.0608,0
1494,1,2801.7319,2803.0248,2803.3691,0.1157,0
1494,0,2801.7319,2803.0248,2803.5546,0.0365,0
1495,1,2803.4292,2804.7749,2805.0633,0.1154,0
1495,0,2803.4292,2804.7749,2805.2422,0.0367,0
1496,1,2805.1190,2806.6699,2806.9484,0.1136,0
1496,0,2805.1190,2806.6699,2807.1298,0.0352,0
1497,1,2807.0085,2808.2979,2808.6057,0.1150,0
1497,0,2807.0085,2808.2979,2808.9073,0.0441,0
1498,1,2808.6846,2810.3574,2810.6661,0.1189,0
1498,0,2808.6846,2810.3574,2810.9213,0.0487,0
1499,1,2810.7398,2812.3907,2812.7187,0.1198,0
1499,0,2810.7398,2812.3907,2812.9259,0.0460,0
1500,1,2812.7823,2814.0512,2814.3472,0.1168,0
1500,0,2812.7823,2814.0512,2814.5855,0.0373,0
1501,1,2814.4044,2815.9811,2816.2691,0.1145,0
1501,0,2814.4044,2815.9811,2816.4554,0.0362,0
1502,1,2816.3268,2817.8200,2818.2164,0.2283,0
1502,0,2816.3268,2817.8200,2818.4175,0.0572,0
1503,1,2818.2939,2819.5723,2819.8610,0.1105,0
1503,0,2818.2939,2819.5723,2820.0675,0.0362,0
1504,1,2819.9129,2821.4848,2821.7975,0.1141,0
1504,0,2819.9129,2821.4848,2821.9994,0.0442,0
1505,1,2821.8585,2823.4057,2823.6902,0.1153,0
1505,0,2821.8585,2823.4057,2823.9013,0.0357,0
1506,1,2823.8154,2825.0938,2825.3835,0.1171,0
1506,0,2823.8154,2825.0938,2825.5929,0.0364,0
1507,1,2825.4410,2827.0189,2827.3256,0.1149,0
1507,0,2825.4410,2827.0189,2827.5284,0.0396,0
1508,1,2827.3818,2828.9293,2829.2323,0.1146,0
1508,0,2827.3818,2828.9293,2829.5995,0.0392,0
1509,1,2829.2948,2830.7046,2831.1460,0.1713,0
1509,0,2829.2948,2830.7046,2831.5037,0.1857,0
1510,1,2831.3535,2832.6621,2832.9461,0.1163,0
1510,0,2831.3535,2832.6621,2833.1348,0.0365,0
1511,1,2833.0050,2834.5074,2834.9510,0.2251,0
1511,0,2833.0050,2834.5074,2835.1612,0.0433,0
1512,1,2835.0133,2836.3060,2836.6877,0.1188,0
1512,0,2835.0133,2836.3060,2836.9134,0.0420,0
1513,1,2836.7523,2838.2238,2838.5276,0.1132,0
1513,0,2836.7523,2838.2238,2838.7320,0.0441,0
1514,1,2838.5882,2840.1259,2840.4404,0.1200,0
1514,0,2838.5882,2840.1259,2840.6599,0.0450,0
1515,1,2840.5098,2841.8224,2842.0999,0.1138,0
1515,0,2840.5098,2841.8224,2842.3202,0.0357,0
1516,1,2842.1535,2843.7107,2844.0371,0.1203,0
1516,0,2842.1535,2843.7107,2844.2415,0.0431,0
1517,1,2844.0970,2845.6446,2845.9625,0.1179,0
1517,0,2844.0970,2845.6446,2846.1784,0.0444,0
1518,1,2846.0304,2847.3417,2847.6475,0.1149,0
1518,0,2846.0304,2847.3417,2847.9029,0.0390,0
1519,1,2847.7081,2849.3292,2849.7036,0.1186,0
1519,0,2847.7081,2849.3292,2849.9547,0.0453,0
1520,1,2849.7731,2851.3006,2851.6924,0.2228,0
1520,0,2849.7731,2851.3006,2851.9127,0.0641,0
1521,1,2851.7759,2853.0547,2853.3907,0.1159,0
1521,0,2851.7759,2853.0547,2853.5692,0.0363,0
1522,1,2853.4461,2854.7879,2855.0746,0.1145,0
1522,0,2853.4461,2854.7879,2855.2522,0.0364,0
1523,1,2855.1275,2856.6660,2856.9754,0.1136,0
1523,0,2855.1275,2856.6660,2857.1876,0.0450,0
1524,1,2857.0445,2858.3508,2858.6293,0.1137,0
1524,0,2857.0445,2858.3508,2858.9179,0.0355,0
1525,1,2858.6861,2860.3289,2860.6415,0.1158,0
1525,0,2858.6861,2860.3289,2860.8551,0.0434,0
1526,1,2860.7084,2862.2998,2862.6367,0.1214,0
1526,0,2860.7084,2862.2998,2862.8484,0.0426,0
1527,1,2862.6997,2863.9827,2864.2753,0.1148,0
1527,0,2862.6997,2863.9827,2864.4827,0.0421,0
1528,1,2864.3396,2865.9397,2866.2274,0.1149,0
1528,0,2864.3396,2865.9397,2866.4040,0.0365,0
1529,1,2866.2835,2867.7452,2868.1454,0.2345,0
1529,0,2866.2835,2867.7452,2868.3501,0.0582,0
1530,1,2868.2216,2869.4793,2869.7728,0.1147,0
1530,0,2868.2216,2869.4793,2870.0212,0.0382,0
1531,1,2869.8307,2871.4529,2871.7426,0.1181,0
1531,0,2869.8307,2871.4529,2871.9210,0.0363,0
1532,1,2871.8154,2873.3336,2873.6528,0.1159,0
1532,0,2871.8154,2873.3336,2873.8816,0.0419,0
1533,1,2873.7964,2875.0933,2875.3762,0.1182,0
1533,0,2873.7964,2875.0933,2875.6168,0.0363,0
1534,1,2875.4308,2877.0486,2877.3498,0.1215,0
1534,0,2875.4308,2877.0486,2877.5509,0.0442,0
1535,1,2877.4121,2878.9540,2879.2590,0.1145,0
1535,0,2877.4121,2878.9540,2879.4682,0.0428,0
1536,1,2879.3244,2880.6350,2880.9411,0.1132,0
1536,0,2879.3244,2880.6350,2881.2275,0.0486,0
1537,1,2881.0080,2882.6152,2882.9182,0.1131,0
1537,0,2881.0080,2882.6152,2883.1312,0.0432,0
1538,1,2882.9830,2884.4777,2884.8698,0.2117,0
1538,0,2882.9830,2884.4777,2885.0822,0.0549,0
1539,1,2884.9445,2886.2183,2886.5043,0.1176,0
1539,0,2884.9445,2886.2183,2886.7801,0.1044,0
1540,1,2886.6250,2888.1646,2888.4669,0.1132,0
1540,0,2886.6250,2888.1646,2888.6718,0.0489,0
1541,1,2888.5324,2890.0756,2890.3849,0.1137,0
1541,0,2888.5324,2890.0756,2890.5931,0.0458,0
1542,1,2890.4468,2891.7249,2892.0088,0.1146,0
1542,0,2890.4468,2891.7249,2892.2434,0.0360,0
1543,1,2892.0608,2893.6733,2893.9878,0.1191,0
1543,0,2892.0608,2893.6733,2894.1849,0.0419,0
1544,1,2894.0647,2895.6256,2895.9418,0.1183,0
1544,0,2894.0647,2895.6256,2896.1625,0.0437,0
1545,1,2896.0090,2897.3229,2897.6400,0.1155,0
1545,0,2896.0090,2897.3229,2897.9349,0.0402,0
1546,1,2897.7028,2899.1952,2899.4812,0.1137,0
1546,0,2897.7028,2899.1952,2899.6852,0.0410,0
1547,1,2899.5413,2900.9946,2901.3870,0.2195,0
1547,0,2899.5413,2900.9946,2901.6136,0.0558,0
1548,1,2901.4597,2902.7386,2903.0276,0.1238,0
1548,0,2901.4597,2902.7386,2903.2118,0.0459,0
1549,1,2903.0947,2904.6428,2904.9274,0.1086,0
1549,0,2903.0947,2904.6428,2905.1120,0.0380,0
1550,1,2904.9850,2906.2549,2906.7952,0.3672,0
1550,0,2904.9850,2906.2549,2906.9691,0.0369,0
1551,1,2906.8490,2908.0938,2908.4285,0.1270,0
1551,0,2906.8490,2908.0938,2908.8025,0.0421,0
1552,1,2908.4896,2910.2521,2910.5694,0.1122,0
1552,0,2908.4896,2910.2521,2910.7520,0.0366,0
1553,1,2910.6307,2911.9210,2912.3876,0.2724,0
1553,0,2910.6307,2911.9210,2912.5736,0.0375,0
1554,1,2912.4498,2913.7409,2914.0379,0.1162,0
1554,0,2912.4498,2913.7409,2914.2176,0.0363,0
1555,1,2914.0951,2915.6473,2915.9559,0.1020,0
1555,0,2914.0951,2915.6473,2916.1764,0.0468,0
1556,1,2916.0261,2917.3348,2917.9363,0.4016,0
1556,0,2916.0261,2917.3348,2918.1275,0.0368,0
1557,1,2917.9968,2919.2851,2919.6068,0.1151,0
1557,0,2917.9968,2919.2851,2919.8098,0.0425,0
1558,1,2919.6662,2921.2002,2921.4881,0.1159,0
1558,0,2919.6662,2921.2002,2921.6713,0.0371,0
1559,1,2921.5478,2922.8301,2923.4012,0.3948,0
1559,0,2921.5478,2922.8301,2923.6037,0.0376,0
1560,1,2923.4606,2924.7487,2925.0634,0.1156,0
1560,0,2923.4606,2924.7487,2925.2467,0.0383,0
1561,1,2925.1197,2926.6600,2926.9896,0.1207,0
1561,0,2925.1197,2926.6600,2927.1960,0.0441,0
1562,1,2927.0521,2928.3200,2928.6214,0.1088,0
1562,0,2927.0521,2928.3200,2929.0956,0.2856,0
1563,1,2928.9293,2930.2596,2930.5571,0.1135,0
1563,0,2928.9293,2930.2596,2930.7712,0.0436,0
1564,1,2930.6175,2932.2858,2932.5863,0.1181,0
1564,0,2930.6175,2932.2858,2932.8017,0.0445,0
1565,1,2932.6553,2933.9609,2934.4197,0.2554,0
1565,0,2932.6553,2933.9609,2934.7238,0.1394,0
1566,1,2934.5824,2935.8691,2936.1561,0.1108,0
1566,0,2934.5824,2935.8691,2936.3376,0.0374,0
1567,1,2936.2104,2937.7349,2938.0454,0.1146,0
1567,0,2936.2104,2937.7349,2938.2615,0.0439,0
1568,1,2938.1097,2939.3926,2939.7443,0.1245,0
1568,0,2938.1097,2939.3926,2940.1418,0.2121,0
1569,1,2939.9804,2941.3051,2941.6154,0.1245,0
1569,0,2939.9804,2941.3051,2941.7901,0.0361,0
1570,1,2941.6682,2943.1972,2943.5221,0.1208,0
1570,0,2941.6682,2943.1972,2943.7417,0.0445,0
1571,1,2943.5907,2944.8983,2945.2599,0.1706,0
1571,0,2943.5907,2944.8983,2945.7623,0.3175,0
1572,1,2945.5998,2946.9212,2947.1977,0.1150,0
1572,0,2945.5998,2946.9212,2947.3685,0.0358,0
1573,1,2947.2494,2948.8825,2949.1613,0.1163,0
1573,0,2947.2494,2948.8825,2949.3407,0.0357,0
1574,1,2949.2205,2950.5076,2950.8496,0.1272,0
1574,0,2949.2205,2950.5076,2951.1123,0.0982,0
1575,1,2950.9680,2952.2520,2952.5648,0.1128,0
1575,0,2950.9680,2952.2520,2952.7739,0.0458,0
1576,1,2952.6410,2954.1678,2954.4523,0.1139,0
1576,0,2952.6410,2954.1678,2954.6643,0.0362,0
1577,1,2954.5146,2955.7995,2956.1312,0.1208,0
1577,0,2954.5146,2955.7995,2956.3123,0.0357,0
1578,1,2956.1858,2957.5148,2957.8529,0.1203,0
1578,0,2956.1858,2957.5148,2958.0579,0.0431,0
1579,1,2957.9132,2959.4523,2959.7446,0.1136,0
1579,0,2957.9132,2959.4523,2959.9361,0.0478,0
1580,1,2959.8148,2961.0991,2961.4306,0.1221,0
1580,0,2959.8148,2961.0991,2961.7120,0.0415,0
1581,1,2961.4910,2963.1116,2963.4384,0.1227,0
1581,0,2961.4910,2963.1116,2963.6302,0.0480,0
1582,1,2963.5070,2965.0019,2965.3683,0.1675,0
1582,0,2963.5070,2965.0019,2965.5870,0.0449,0
1583,1,2965.4412,2966.7208,2967.0293,0.1134,0
1583,0,2965.4412,2966.7208,2967.2581,0.0436,0
1584,1,2967.0917,2968.7661,2969.0469,0.1149,0
1584,0,2967.0917,2968.7661,2969.2309,0.0358,0
1585,1,2969.1001,2970.6377,2970.9182,0.1163,0
1585,0,2969.1001,2970.6377,2971.0989,0.0361,0
1586,1,2970.9777,2972.2587,2972.7142,0.1223,0
1586,0,2970.9777,2972.2587,2973.0070,0.0966,0
1587,1,2972.8353,2974.2620,2974.5708,0.1167,0
1587,0,2972.8353,2974.2620,2974.7532,0.0372,0
1588,1,2974.6271,2976.1599,2976.4470,0.1180,0
1588,0,2974.6271,2976.1599,2976.6287,0.0360,0
1589,1,2976.5293,2977.8667,2978.1474,0.1222,0
1589,0,2976.5293,2977.8667,2978.3763,0.0358,0
1590,1,2978.1995,2979.8003,2980.0984,0.1159,0
1590,0,2978.1995,2979.8003,2980.2894,0.0439,0
1591,1,2980.1629,2981.6594,2982.0005,0.1649,0
1591,0,2980.1629,2981.6594,2982.1770,0.0385,0
1592,1,2982.0559,2983.3007,2983.6147,0.1153,0
1592,0,2982.0559,2983.3007,2983.8114,0.0435,0
1593,1,2983.6746,2985.3505,2985.6580,0.1134,0
1593,0,2983.6746,2985.3505,2985.8704,0.0437,0
1594,1,2985.7253,2987.3127,2987.6276,0.1152,0
1594,0,2985.7253,2987.3127,2987.8492,0.0438,0
1595,1,2987.6953,2989.0259,2989.3143,0.1150,0
1595,0,2987.6953,2989.0259,2989.6062,0.0375,0
1596,1,2989.3734,2990.9375,2991.2610,0.1191,0
1596,0,2989.3734,2990.9375,2991.4771,0.0428,0
1597,1,2991.3260,2992.9312,2993.2642,0.1208,0
1597,0,2991.3260,2992.9312,2993.4842,0.0443,0
1598,1,2993.3327,2994.6296,2994.9177,0.1150,0
1598,0,2993.3327,2994.6296,2995.1564,0.0382,0
1599,1,2994.9761,2996.6890,2996.9878,0.1174,0
1599,0,2994.9761,2996.6890,2997.1831,0.0386,0
1600,1,2997.0481,2998.5990,2998.8797,0.1160,0
1600,0,2997.0481,2998.5990,2999.0522,0.0358,0
1601,1,2998.9316,3000.1745,3000.4722,0.1192,0
1601,0,2998.9316,3000.1745,3000.6829,0.0358,0
1602,1,3000.5312,3001.9117,3002.3448,0.2638,0
1602,0,3000.5312,3001.9117,3002.5153,0.0355,0
1603,1,3002.4024,3003.9411,3004.3076,0.1252,0
1603,0,3002.4024,3003.9411,3004.6172,0.0487,0
1604,1,3004.3792,3005.7531,3006.0389,0.1142,0
1604,0,3004.3792,3005.7531,3006.2510,0.0449,0
1605,1,3006.1014,3007.6301,3007.9142,0.1171,0
1605,0,3006.1014,3007.6301,3008.0858,0.0365,0
1606,1,3007.9666,3009.4793,3009.7835,0.1143,0
1606,0,3007.9666,3009.4793,3010.0017,0.0444,0
1607,1,3009.8515,3011.1616,3011.4748,0.1105,0
1607,0,3009.8515,3011.1616,3011.7205,0.0434,0
1608,1,3011.5421,3013.1707,3013.5078,0.1187,0
1608,0,3011.5421,3013.1707,3013.6972,0.0438,0
1609,1,3014.4805,3015.9137,3016.2346,0.1196,0
1609,0,3014.4805,3015.9137,3016.5290,0.0418,0
1610,1,3016.3408,3018.3042,3018.5973,0.1128,0
1610,0,3016.3408,3018.3042,3018.7836,0.0385,0
1611,1,3018.6580,3019.9536,3020.2834,0.1230,0
1611,0,3018.6580,3019.9536,3020.7428,0.3036,0
1612,1,3020.6092,3021.9097,3022.2013,0.1176,0
1612,0,3020.6092,3021.9097,3022.3786,0.0369,0
1613,1,3022.2549,3023.7731,3024.0610,0.1131,0
1613,0,3022.2549,3023.7731,3024.2415,0.0353,0
1614,1,3024.1172,3025.3780,3025.7003,0.1135,0
1614,0,3024.1172,3025.3780,3025.8907,0.0360,0
1615,1,3025.7597,3027.1212,3027.4143,0.1151,0
1615,0,3025.7597,3027.1212,3027.5980,0.0366,0
1616,1,3027.4727,3028.9891,3029.3239,0.1631,0
1616,0,3027.4727,3028.9891,3029.5181,0.0388,0
1617,1,3029.3834,3030.6523,3030.9384,0.1140,0
1617,0,3029.3834,3030.6523,3031.1559,0.0452,0
1618,1,3031.0004,3032.5805,3032.8554,0.1135,0
1618,0,3031.0004,3032.5805,3033.0420,0.0351,0
1619,1,3032.9177,3034.4327,3034.9088,0.2626,0
1619,0,3032.9177,3034.4327,3035.1594,0.0475,0
1620,1,3034.9790,3036.2985,3036.6030,0.1190,0
1620,0,3034.9790,3036.2985,3036.8782,0.1076,0
1621,1,3036.7490,3038.1220,3038.4070,0.1151,0
1621,0,3036.7490,3038.1220,3038.5977,0.0351,0
1622,1,3038.4644,3040.0238,3040.3414,0.1106,0
1622,0,3038.4644,3040.0238,3040.5512,0.0431,0
1623,1,3040.4051,3041.6878,3042.0210,0.1189,0
1623,0,3040.4051,3041.6878,3042.2548,0.0433,0
1624,1,3042.0827,3043.6392,3043.9891,0.1206,0
1624,0,3042.0827,3043.6392,3044.2065,0.0461,0
1625,1,3044.0542,3045.5810,3045.9482,0.1648,0
1625,0,3044.0542,3045.5810,3046.1685,0.0508,0
1626,1,3046.0228,3047.3296,3047.6280,0.1153,0
1626,0,3046.0228,3047.3296,3048.0089,0.1592,0
1627,1,3047.8189,3049.2104,3049.5288,0.1156,0
1627,0,3047.8189,3049.2104,3049.7382,0.0416,0
1628,1,3049.5930,3051.0948,3051.5612,0.2611,0
1628,0,3049.5930,3051.0948,3051.7819,0.0442,0
1629,1,3051.6265,3052.9222,3053.2589,0.1223,0
1629,0,3051.6265,3052.9222,3053.5466,0.1028,0
1630,1,3053.3859,3054.7350,3055.0690,0.1195,0
1630,0,3053.3859,3054.7350,3055.2902,0.0484,0
1631,1,3055.1378,3056.6989,3056.9846,0.1176,0
1631,0,3055.1378,3056.6989,3057.1642,0.0346,0
1632,1,3057.0447,3058.3314,3058.6985,0.1728,0
1632,0,3057.0447,3058.3314,3058.9341,0.0436,0
1633,1,3058.7614,3060.3539,3060.6702,0.1168,0
1633,0,3058.7614,3060.3539,3060.8722,0.0425,0
1634,1,3060.7296,3062.2295,3062.5889,0.1656,0
1634,0,3060.7296,3062.2295,3062.7968,0.0403,0
1635,1,3062.6539,3063.9571,3064.2417,0.1108,0
1635,0,3062.6539,3063.9571,3064.4760,0.0352,0
1636,1,3064.2952,3065.9281,3066.2894,0.1253,0
1636,0,3064.2952,3065.9281,3066.5785,0.0466,0
1637,1,3066.3559,3067.8914,3068.3247,0.2587,0
1637,0,3066.3559,3067.8914,3068.5270,0.0364,0
1638,1,3068.4497,3069.7295,3070.0608,0.1205,0
1638,0,3068.4497,3069.7295,3070.2741,0.0417,0
1639,1,3070.1250,3071.5778,3071.8892,0.1159,0
1639,0,3070.1250,3071.5778,3072.1084,0.0463,0
1640,1,3071.9587,3073.5325,3073.8273,0.1159,0
1640,0,3071.9587,3073.5325,3074.0282,0.0376,0
1641,1,3073.9497,3075.2302,3075.5890,0.1217,0
1641,0,3073.9497,3075.2302,3075.8129,0.0437,0
1642,1,3075.6549,3077.0323,3077.3415,0.1146,0
1642,0,3075.6549,3077.0323,3077.5478,0.0410,0
1643,1,3077.3992,3078.9017,3079.2591,0.1639,0
1643,0,3077.3992,3078.9017,3079.4779,0.0454,0
1644,1,3079.3281,3080.6391,3080.9230,0.1167,0
1644,0,3079.3281,3080.6391,3081.1496,0.0400,0
1645,1,3080.9840,3082.5829,3082.9192,0.1265,0
1645,0,3080.9840,3082.5829,3083.1408,0.0438,0
1646,1,3082.9838,3084.4636,3084.9285,0.2499,0
1646,0,3082.9838,3084.4636,3085.1456,0.0509,0
1647,1,3085.0015,3086.2875,3086.5848,0.1160,0
1647,0,3085.0015,3086.2875,3086.8655,0.1038,0
1648,1,3086.7289,3088.1043,3088.3882,0.1225,0
1648,0,3086.7289,3088.1043,3088.5631,0.0359,0
1649,1,3088.4407,3089.9661,3090.2410,0.1113,0
1649,0,3088.4407,3089.9661,3090.4322,0.0370,0
1650,1,3090.3021,3091.5882,3091.9050,0.1147,0
1650,0,3090.3021,3091.5882,3092.1256,0.0396,0
1651,1,3091.9633,3093.5392,3093.8668,0.1239,0
1651,0,3091.9633,3093.5392,3094.0985,0.0433,0
1652,1,3093.9317,3095.2318,3095.8435,0.4077,0
1652,0,3093.9317,3095.2318,3096.0616,0.0434,0
1653,1,3095.9107,3097.2156,3097.4896,0.1149,0
1653,0,3095.9107,3097.2156,3097.7023,0.0384,0
1654,1,3097.5494,3099.1736,3099.4622,0.1153,0
1654,0,3097.5494,3099.1736,3099.6579,0.0366,0
1655,1,3099.5184,3100.9904,3101.4461,0.2574,0
1655,0,3099.5184,3100.9904,3101.6691,0.0494,0
1656,1,3101.5218,3102.8323,3103.1444,0.1178,0
1656,0,3101.5218,3102.8323,3103.3938,0.0408,0
1657,1,3103.2100,3104.8083,3105.1397,0.1216,0
1657,0,3103.2100,3104.8083,3105.3540,0.0424,0
1658,1,3105.2058,3106.7891,3107.0750,0.1123,0
1658,0,3105.2058,3106.7891,3107.2566,0.0362,0
1659,1,3107.1285,3108.3853,3108.6727,0.1169,0
1659,0,3107.1285,3108.3853,3108.9161,0.0357,0
1660,1,3108.7245,3110.3404,3110.6480,0.1144,0
1660,0,3108.7245,3110.3404,3110.8592,0.0444,0
1661,1,3110.7082,3112.2098,3112.5471,0.1640,0
1661,0,3110.7082,3112.2098,3112.7289,0.0376,0
1662,1,3112.6094,3113.8921,3114.1921,0.1148,0
1662,0,3112.6094,3113.8921,3114.5110,0.0387,0
1663,1,3114.3052,3115.9394,3116.2273,0.1158,0
1663,0,3114.3052,3115.9394,3116.5377,0.0453,0
1664,1,3116.3403,3117.8753,3118.3063,0.2602,0
1664,0,3116.3403,3117.8753,3118.6031,0.0371,0
1665,1,3118.4340,3119.7508,3120.1548,0.1126,0
1665,0,3118.4340,3119.7508,3120.4645,0.0418,0
1666,1,3120.2432,3121.7212,3122.0490,0.1205,0
1666,0,3120.2432,3121.7212,3122.2810,0.0411,0
1667,1,3122.1097,3123.7271,3124.2599,0.1155,0
1667,0,3122.1097,3123.7271,3124.5760,0.0484,0
1668,1,3124.3278,3125.7064,3125.9883,0.1131,0
1668,0,3124.3278,3125.7064,3126.2410,0.0604,0
1669,1,3126.0713,3127.3818,3127.7269,0.1568,0
1669,0,3126.0713,3127.3818,3127.9217,0.0428,0
1670,1,3127.7887,3129.2916,3129.6327,0.1575,0
1670,0,3127.7887,3129.2916,3129.8336,0.0450,0
1671,1,3129.7009,3130.9883,3131.2750,0.1111,0
1671,0,3129.7009,3130.9883,3131.4662,0.0363,0
1672,1,3131.3282,3132.7219,3133.0532,0.1232,0
1672,0,3131.3282,3132.7219,3133.2638,0.0434,0
1673,1,3133.1153,3134.5892,3135.0186,0.2569,0
1673,0,3133.1153,3134.5892,3135.1989,0.0371,0
1674,1,3135.0732,3136.3280,3136.7010,0.1164,0
1674,0,3135.0732,3136.3280,3136.9073,0.0419,0
1675,1,3136.7596,3138.1102,3138.4113,0.1106,0
1675,0,3136.7596,3138.1102,3138.6226,0.0433,0
1676,1,3138.4708,3140.0208,3140.3216,0.1118,0
1676,0,3138.4708,3140.0208,3140.5182,0.0383,0
1677,1,3140.3761,3141.6349,3141.9339,0.1120,0
1677,0,3140.3761,3141.6349,3142.1309,0.0435,0
1678,1,3141.9937,3143.5502,3143.8717,0.1221,0
1678,0,3141.9937,3143.5502,3144.0856,0.0443,0
1679,1,3143.9352,3145.2101,3145.8110,0.3982,0
1679,0,3143.9352,3145.2101,3146.0232,0.0420,0
1680,1,3145.8770,3147.1909,3147.4872,0.1153,0
1680,0,3145.8770,3147.1909,3147.7093,0.0410,0
1681,1,3147.5507,3149.1684,3149.5022,0.1135,0
1681,0,3147.5507,3149.1684,3149.6951,0.0449,0
1682,1,3149.5699,3151.0546,3151.4809,0.2543,0
1682,0,3149.5699,3151.0546,3151.6881,0.0396,0
1683,1,3151.5455,3152.8445,3153.1330,0.1163,0
1683,0,3151.5455,3152.8445,3153.3655,0.0360,0
1684,1,3153.1884,3154.7634,3155.0903,0.1222,0
1684,0,3153.1884,3154.7634,3155.2960,0.0430,0
1685,1,3155.1536,3156.6984,3157.0058,0.1153,0
1685,0,3155.1536,3156.6984,3157.2193,0.0446,0
1686,1,3157.0736,3158.3764,3158.7080,0.1166,0
1686,0,3157.0736,3158.3764,3158.9481,0.0424,0
1687,1,3158.7732,3160.3659,3160.6862,0.1146,0
1687,0,3158.7732,3160.3659,3160.9031,0.0443,0
1688,1,3160.7499,3162.2724,3162.6084,0.1634,0
1688,0,3160.7499,3162.2724,3162.7937,0.0414,0
1689,1,3162.6679,3163.9323,3164.2287,0.1114,0
1689,0,3162.6679,3163.9323,3164.4559,0.0398,0
1690,1,3164.2896,3165.8893,3166.1759,0.1142,0
1690,0,3164.2896,3165.8893,3166.3631,0.0422,0
1691,1,3166.2346,3167.6771,3168.1353,0.2547,0
1691,0,3166.2346,3167.6771,3168.3584,0.0418,0
1692,1,3168.2014,3169.5129,3169.8064,0.1147,0
1692,0,3168.2014,3169.5129,3170.0401,0.0378,0
1693,1,3169.8653,3171.4768,3171.8063,0.1245,0
1693,0,3169.8653,3171.4768,3172.0139,0.0454,0
1694,1,3171.8684,3173.4121,3173.6973,0.1129,0
1694,0,3171.8684,3173.4121,3173.8726,0.0366,0
1695,1,3173.7627,3175.0608,3175.3822,0.1192,0
1695,0,3173.7627,3175.0608,3175.7246,0.0441,0
1696,1,3175.4447,3177.1313,3177.4298,0.1183,0
1696,0,3175.4447,3177.1313,3177.6334,0.0450,0
1697,1,3177.4951,3179.0186,3179.3855,0.1751,0
1697,0,3177.4951,3179.0186,3179.6110,0.0460,0
1698,1,3179.4548,3180.7504,3181.0524,0.1126,0
1698,0,3179.4548,3180.7504,3181.3437,0.1072,0
1699,1,3181.1941,3182.5398,3182.8273,0.1168,0
1699,0,3181.1941,3182.5398,3183.0078,0.0367,0
1700,1,3182.8829,3184.3441,3184.7851,0.2622,0
1700,0,3182.8829,3184.3441,3184.9770,0.0371,0
1701,1,3184.8683,3186.1464,3186.4303,0.1186,0
1701,0,3184.8683,3186.1464,3186.6088,0.0359,0
1702,1,3186.4847,3188.0656,3188.3749,0.1152,0
1702,0,3186.4847,3188.0656,3188.5768,0.0438,0
1703,1,3188.4354,3189.7062,3190.2650,0.3488,0
1703,0,3188.4354,3189.7062,3190.5367,0.1077,0
1704,1,3190.3952,3191.6704,3191.9509,0.1150,0
1704,0,3190.3952,3191.6704,3192.2038,0.0361,0
1705,1,3192.0030,3193.7490,3194.0932,0.1166,0
1705,0,3192.0030,3193.7490,3194.2842,0.0435,0
1706,1,3194.1553,3195.6959,3195.9748,0.1157,0
1706,0,3194.1553,3195.6959,3196.1569,0.0351,0
1707,1,3196.0352,3197.3195,3197.6319,0.1143,0
1707,0,3196.0352,3197.3195,3197.8952,0.0428,0
1708,1,3197.6935,3199.2860,3199.5721,0.1137,0
1708,0,3197.6935,3199.2860,3199.7749,0.0478,0
1709,1,3199.6357,3201.0976,3201.5259,0.2597,0
1709,0,3199.6357,3201.0976,3201.7456,0.0510,0
1710,1,3201.6220,3202.9156,3203.2089,0.1148,0
1710,0,3201.6220,3202.9156,3203.4523,0.0354,0
1711,1,3203.2640,3204.8527,3205.1442,0.1209,0
1711,0,3203.2640,3204.8527,3205.3255,0.0366,0
1712,1,3205.1990,3206.7300,3207.0164,0.1202,0
1712,0,3205.1990,3206.7300,3207.1808,0.0350,0
1713,1,3207.0677,3208.3193,3208.6244,0.1136,0
1713,0,3207.0677,3208.3193,3208.8318,0.0419,0
1714,1,3208.6838,3210.3839,3210.6957,0.1151,0
1714,0,3208.6838,3210.3839,3210.8952,0.0408,0
1715,1,3210.7536,3212.2925,3212.6005,0.1151,0
1715,0,3210.7536,3212.2925,3212.8127,0.0447,0
1716,1,3212.6684,3213.9676,3214.2577,0.1152,0
1716,0,3212.6684,3213.9676,3214.4813,0.0370,0
1717,1,3214.3136,3215.8839,3216.2022,0.1181,0
1717,0,3214.3136,3215.8839,3216.4003,0.0396,0
1718,1,3216.2584,3217.7092,3218.1470,0.2682,0
1718,0,3216.2584,3217.7092,3218.3187,0.0363,0
1719,1,3218.1993,3219.4508,3219.7311,0.1133,0
1719,0,3218.1993,3219.4508,3219.9016,0.0352,0
1720,1,3219.7821,3221.3261,3221.6338,0.1165,0
1720,0,3219.7821,3221.3261,3221.8282,0.0426,0
1721,1,3221.6923,3222.9563,3223.4210,0.2681,0
1721,0,3221.6923,3222.9563,3223.6085,0.0379,0
1722,1,3223.4831,3224.8279,3225.1494,0.1126,0
1722,0,3223.4831,3224.8279,3225.3635,0.0450,0
1723,1,3225.2136,3226.7390,3227.0694,0.1635,0
1723,0,3225.2136,3226.7390,3227.2500,0.0356,0
1724,1,3227.1294,3228.4168,3228.7079,0.1143,0
1724,0,3227.1294,3228.4168,3229.0916,0.2426,0
1725,1,3228.9794,3230.2854,3230.5841,0.1160,0
1725,0,3228.9794,3230.2854,3230.7627,0.0364,0
1726,1,3230.6393,3232.1662,3232.4611,0.1144,0
1726,0,3230.6393,3232.1662,3232.6622,0.0350,0
1727,1,3232.5246,3233.8240,3234.1921,0.1380,0
1727,0,3232.5246,3233.8240,3234.7297,0.3720,0
1728,1,3234.6101,3235.9440,3236.2319,0.1134,0
1728,0,3234.6101,3235.9440,3236.4286,0.0446,0
1729,1,3236.3005,3237.8901,3238.2037,0.1166,0
1729,0,3236.3005,3237.8901,3238.4127,0.0398,0
1730,1,3238.2688,3239.5810,3240.1651,0.3796,0
1730,0,3238.2688,3239.5810,3240.3894,0.0465,0
1731,1,3240.2328,3241.5208,3241.8386,0.1144,0
1731,0,3240.2328,3241.5208,3242.0614,0.0437,0
1732,1,3241.9049,3243.5237,3243.8498,0.1211,0
1732,0,3241.9049,3243.5237,3244.0717,0.0436,0
1733,1,3243.9148,3245.2187,3245.7940,0.3637,0
1733,0,3243.9148,3245.2187,3246.0160,0.0446,0
1734,1,3245.8682,3247.1868,3247.4691,0.1143,0
1734,0,3245.8682,3247.1868,3247.6645,0.0347,0
1735,1,3247.5231,3249.0701,3249.3918,0.1169,0
1735,0,3247.5231,3249.0701,3249.6081,0.0419,0
1736,1,3249.4566,3251.1428,3251.4360,0.1151,0
1736,0,3249.4566,3251.1428,3251.6688,0.0359,0
1737,1,3251.5641,3252.8824,3253.1746,0.1180,0
1737,0,3251.5641,3252.8824,3253.3935,0.0353,0
1738,1,3253.2326,3254.8208,3255.2278,0.1234,0
1738,0,3253.2326,3254.8208,3255.4490,0.0436,0
1739,1,3255.2914,3257.0053,3257.2936,0.1159,0
1739,0,3255.2914,3257.0053,3257.4875,0.0450,0
1740,1,3257.3623,3258.6339,3259.0259,0.1214,0
1740,0,3257.3623,3258.6339,3259.2412,0.0434,0
1741,1,3259.0892,3260.3799,3260.6955,0.1190,0
1741,0,3259.0892,3260.3799,3260.9145,0.0479,0
1742,1,3260.7608,3262.3086,3262.6028,0.1170,0
1742,0,3260.7608,3262.3086,3262.7892,0.0417,0
1743,1,3262.6801,3264.0153,3264.3110,0.1161,0
1743,0,3262.6801,3264.0153,3264.5862,0.0364,0
1744,1,3264.3697,3266.0083,3266.2992,0.1154,0
1744,0,3264.3697,3266.0083,3266.4746,0.0368,0
1745,1,3266.3529,3267.7965,3268.2595,0.2580,0
1745,0,3266.3529,3267.7965,3268.4805,0.0525,0
1746,1,3268.3318,3269.6164,3269.9243,0.1152,0
1746,0,3268.3318,3269.6164,3270.1634,0.0951,0
1747,1,3270.0419,3271.3982,3271.6881,0.1139,0
1747,0,3270.0419,3271.3982,3271.8775,0.0370,0
1748,1,3271.7447,3273.0150,3273.6027,0.3872,0
1748,0,3271.7447,3273.0150,3273.7999,0.0383,0
1749,1,3273.6640,3274.9528,3275.2505,0.1162,0
1749,0,3273.6640,3274.9528,3275.4293,0.0357,0
1750,1,3275.3057,3276.8775,3277.1729,0.1160,0
1750,0,3275.3057,3276.8775,3277.3561,0.0363,0
1751,1,3277.2259,3278.4706,3279.0100,0.3752,0
1751,0,3277.2259,3278.4706,3279.1857,0.0377,0
1752,1,3279.0640,3280.3023,3280.6111,0.1186,0
1752,0,3279.0640,3280.3023,3280.7825,0.0361,0
1753,1,3280.6643,3282.1950,3282.5072,0.1172,0
1753,0,3280.6643,3282.1950,3282.7225,0.0482,0
1754,1,3282.5943,3283.8582,3284.3018,0.1046,0
1754,0,3282.5943,3283.8582,3284.7691,0.2489,0
1755,1,3284.5812,3285.9540,3286.2772,0.1177,0
1755,0,3284.5812,3285.9540,3286.4796,0.0414,0
1756,1,3286.3361,3287.8711,3288.1549,0.1136,0
1756,0,3286.3361,3287.8711,3288.3304,0.0364,0
1757,1,3288.2088,3289.4743,3289.8449,0.1657,0
1757,0,3288.2088,3289.4743,3290.3119,0.3018,0
1758,1,3290.1650,3291.4366,3291.7623,0.1203,0
1758,0,3290.1650,3291.4366,3291.9670,0.0420,0
1759,1,3291.8208,3293.3626,3293.6913,0.1205,0
1759,0,3291.8208,3293.3626,3293.9087,0.0424,0
1760,1,3293.7551,3295.0405,3295.3667,0.1226,0
1760,0,3293.7551,3295.0405,3295.6850,0.1445,0
1761,1,3295.5347,3296.8001,3297.1241,0.1199,0
1761,0,3295.5347,3296.8001,3297.3237,0.0426,0
1762,1,3297.1832,3298.7037,3299.0094,0.1141,0
1762,0,3297.1832,3298.7037,3299.2291,0.0455,0
1763,1,3299.0777,3300.3771,3300.7511,0.1136,0
1763,0,3299.0777,3300.3771,3301.3797,0.4656,0
1764,1,3301.2390,3302.5427,3302.8544,0.1173,0
1764,0,3301.2390,3302.5427,3303.0407,0.0373,0
1765,1,3302.9157,3304.4487,3304.7902,0.1561,0
1765,0,3302.9157,3304.4487,3304.9813,0.0448,0
1766,1,3304.8544,3306.1089,3306.4698,0.1172,0
1766,0,3304.8544,3306.1089,3306.8703,0.2371,0
1767,1,3306.7254,3307.9851,3308.2782,0.1146,0
1767,0,3306.7254,3307.9851,3308.4649,0.0359,0
1768,1,3308.3362,3309.8824,3310.1643,0.1144,0
1768,0,3308.3362,3309.8824,3310.3390,0.0349,0
1769,1,3310.2203,3311.4710,3311.8106,0.1095,0
1769,0,3310.2203,3311.4710,3312.0349,0.0393,0
1770,1,3311.8828,3313.3686,3313.7044,0.1209,0
1770,0,3311.8828,3313.3686,3313.9272,0.0430,0
1771,1,3313.7738,3315.3523,3315.6661,0.1183,0
1771,0,3313.7738,3315.3523,3315.8879,0.0443,0
1772,1,3315.7308,3317.0071,3317.3911,0.1135,0
1772,0,3315.7308,3317.0071,3317.7970,0.2274,0
1773,1,3317.6409,3318.9717,3319.3006,0.1142,0
1773,0,3317.6409,3318.9717,3319.5126,0.0415,0
1774,1,3319.3618,3320.8918,3321.2603,0.1543,0
1774,0,3319.3618,3320.8918,3321.4642,0.0434,0
1775,1,3321.3213,3322.5896,3322.9325,0.1145,0
1775,0,3321.3213,3322.5896,3323.1522,0.0446,0
1776,1,3323.0169,3324.4655,3324.7820,0.1141,0
1776,0,3323.0169,3324.4655,3324.9946,0.0414,0
1777,1,3324.8459,3326.4474,3326.7587,0.1159,0
1777,0,3324.8459,3326.4474,3326.9670,0.0445,0
1778,1,3326.8237,3328.1002,3328.4492,0.1135,0
1778,0,3326.8237,3328.1002,3328.6699,0.0447,0
1779,1,3328.5125,3329.8220,3330.1334,0.1163,0
1779,0,3328.5125,3329.8220,3330.3379,0.0429,0
1780,1,3330.1935,3331.7368,3332.0272,0.1204,0
1780,0,3330.1935,3331.7368,3332.2172,0.0496,0
1781,1,3332.0935,3333.3407,3333.6331,0.1148,0
1781,0,3332.0935,3333.3407,3333.8246,0.0357,0
1782,1,3333.6902,3335.4944,3335.8135,0.1196,0
1782,0,3333.6902,3335.4944,3336.0174,0.0408,0
1783,1,3335.8725,3337.4135,3337.7488,0.1230,0
1783,0,3335.8725,3337.4135,3337.9562,0.0444,0
1784,1,3337.8107,3339.0692,3339.3470,0.1145,0
1784,0,3337.8107,3339.0692,3339.6009,0.0358,0
1785,1,3339.4048,3340.9953,3341.2753,0.1149,0
1785,0,3339.4048,3340.9953,3341.4526,0.0355,0
1786,1,3341.3295,3342.8543,3343.1681,0.1150,0
1786,0,3341.3295,3342.8543,3343.3894,0.0446,0
1787,1,3343.2353,3344.5415,3344.8647,0.1189,0
1787,0,3343.2353,3344.5415,3345.1984,0.1647,0
1788,1,3345.0521,3346.4066,3346.7230,0.1163,0
1788,0,3345.0521,3346.4066,3346.9389,0.0441,0
1789,1,3346.7898,3348.3659,3348.8128,0.1160,0
1789,0,3346.7898,3348.3659,3349.0425,0.0496,0
1790,1,3348.8866,3350.1987,3350.5177,0.1124,0
1790,0,3348.8866,3350.1987,3350.8409,0.0990,0
1791,1,3350.6552,3352.3690,3352.6648,0.1145,0
1791,0,3350.6552,3352.3690,3352.8492,0.0369,0
1792,1,3352.7235,3354.2856,3354.5856,0.1152,0
1792,0,3352.7235,3354.2856,3354.7757,0.0384,0
1793,1,3354.6528,3355.9471,3356.2352,0.1125,0
1793,0,3354.6528,3355.9471,3356.4182,0.0374,0
1794,1,3356.2915,3357.6719,3357.9586,0.1205,0
1794,0,3356.2915,3357.6719,3358.1325,0.0365,0
1795,1,3358.0114,3359.5345,3359.8263,0.1095,0
1795,0,3358.0114,3359.5345,3360.0111,0.0365,0
1796,1,3359.8865,3361.1705,3361.4475,0.1099,0
1796,0,3359.8865,3361.1705,3361.6291,0.0349,0
1797,1,3361.5027,3363.1276,3363.4185,0.1147,0
1797,0,3361.5027,3363.1276,3363.6064,0.0361,0
1798,1,3363.4753,3364.7351,3365.2277,0.2886,0
1798,0,3363.4753,3364.7351,3365.4435,0.0432,0
1799,1,3365.3108,3366.5829,3366.8710,0.1133,0
1799,0,3365.3108,3366.5829,3367.0439,0.0359,0
1800,1,3366.9255,3368.4603,3368.9084,0.2638,0
1800,0,3366.9255,3368.4603,3369.0897,0.0380,0
1801,1,3368.9632,3370.2237,3370.8016,0.3560,0
1801,0,3368.9632,3370.2237,3371.0213,0.0488,0
1802,1,3370.8723,3372.2030,3372.5193,0.1524,0
1802,0,3370.8723,3372.2030,3372.7248,0.0394,0
1803,1,3372.5800,3374.1231,3374.4121,0.1149,0
1803,0,3372.5800,3374.1231,3374.5915,0.0362,0
1804,1,3374.4649,3375.7179,3376.2707,0.3769,0
1804,0,3374.4649,3375.7179,3376.4613,0.0388,0
1805,1,3376.3331,3377.6068,3377.8980,0.1143,0
1805,0,3376.3331,3377.6068,3378.0787,0.0373,0
1806,1,3377.9569,3379.6678,3380.0015,0.1233,0
1806,0,3377.9569,3379.6678,3380.1958,0.0455,0
1807,1,3380.0906,3381.7106,3382.0034,0.1158,0
1807,0,3380.0906,3381.7106,3382.1951,0.0363,0
1808,1,3382.0627,3383.3508,3383.6426,0.1144,0
1808,0,3382.0627,3383.3508,3383.9590,0.0355,0
1809,1,3383.6961,3385.2876,3385.7196,0.2601,0
1809,0,3383.6961,3385.2876,3385.9007,0.0369,0
1810,1,3385.7782,3387.3346,3387.6512,0.1177,0
1810,0,3385.7782,3387.3346,3387.9169,0.0634,0
1811,1,3387.7411,3389.0927,3389.4665,0.1100,0
1811,0,3387.7411,3389.0927,3389.6970,0.0392,0
1812,1,3389.5321,3390.9087,3391.2186,0.1162,0
1812,0,3389.5321,3390.9087,3391.4321,0.0412,0
1813,1,3391.2818,3392.8684,3393.1674,0.1169,0
1813,0,3391.2818,3392.8684,3393.3585,0.0432,0
1814,1,3393.2302,3394.4919,3394.8282,0.1215,0
1814,0,3393.2302,3394.4919,3395.0645,0.0459,0
1815,1,3394.8937,3396.5778,3396.9587,0.1181,0
1815,0,3394.8937,3396.5778,3397.1769,0.0498,0
1816,1,3397.0278,3398.5781,3398.8976,0.1166,0
1816,0,3397.0278,3398.5781,3399.1055,0.0446,0
1817,1,3398.9662,3400.2608,3400.6074,0.1093,0
1817,0,3398.9662,3400.2608,3400.8394,0.0396,0
1818,1,3400.6758,3402.2039,3402.5317,0.1130,0
1818,0,3400.6758,3402.2039,3402.7097,0.0377,0
1819,1,3402.5876,3404.1323,3404.4155,0.1095,0
1819,0,3402.5876,3404.1323,3404.6171,0.0366,0
1820,1,3404.4757,3405.7672,3406.1512,0.1162,0
1820,0,3404.4757,3405.7672,3406.3816,0.0400,0
1821,1,3406.2142,3407.5727,3407.8912,0.1154,0
1821,0,3406.2142,3407.5727,3408.0956,0.0435,0
1822,1,3407.9521,3409.4874,3409.8061,0.1211,0
1822,0,3407.9521,3409.4874,3410.0695,0.0498,0
1823,1,3409.8991,3411.2580,3411.5678,0.1113,0
1823,0,3409.8991,3411.2580,3411.8196,0.0390,0
1824,1,3411.6308,3413.2920,3413.6271,0.1216,0
1824,0,3411.6308,3413.2920,3413.8408,0.0428,0
1825,1,3413.6886,3415.2459,3415.5819,0.1211,0
1825,0,3413.6886,3415.2459,3415.7975,0.0433,0
1826,1,3415.6490,3416.9553,3417.2714,0.1138,0
1826,0,3415.6490,3416.9553,3417.5483,0.0376,0
1827,1,3417.3409,3418.8151,3419.0943,0.1096,0
1827,0,3417.3409,3418.8151,3419.2702,0.0374,0
1828,1,3419.1514,3420.6911,3420.9901,0.1215,0
1828,0,3419.1514,3420.6911,3421.2805,0.1439,0
1829,1,3421.1601,3422.4469,3422.8152,0.1144,0
1829,0,3421.1601,3422.4469,3423.0285,0.0430,0
1830,1,3422.8848,3424.2285,3424.5122,0.1129,0
1830,0,3422.8848,3424.2285,3424.6857,0.0359,0
1831,1,3424.5652,3426.0835,3426.3844,0.1341,0
1831,0,3424.5652,3426.0835,3426.5912,0.0354,0
1832,1,3426.4444,3427.7385,3428.0452,0.1169,0
1832,0,3426.4444,3427.7385,3428.2615,0.0481,0
1833,1,3428.1115,3429.6885,3430.0191,0.1200,0
1833,0,3428.1115,3429.6885,3430.2243,0.0425,0
1834,1,3430.0794,3431.6116,3431.9355,0.1208,0
1834,0,3430.0794,3431.6116,3432.1438,0.0422,0
1835,1,3432.0011,3433.3047,3433.6133,0.1141,0
1835,0,3432.0011,3433.3047,3433.8273,0.0432,0
1836,1,3433.6785,3435.4152,3435.7253,0.1132,0
1836,0,3433.6785,3435.4152,3435.9638,0.0440,0
1837,1,3435.7956,3437.4241,3437.7539,0.1204,0
1837,0,3435.7956,3437.4241,3437.9737,0.0443,0
1838,1,3437.8158,3439.0858,3439.3934,0.1155,0
1838,0,3437.8158,3439.0858,3439.6664,0.1006,0
1839,1,3439.5177,3440.8882,3441.1862,0.1172,0
1839,0,3439.5177,3440.8882,3441.3646,0.0355,0
1840,1,3441.2393,3442.7247,3443.0591,0.1567,0
1840,0,3441.2393,3442.7247,3443.2457,0.0366,0
1841,1,3443.1131,3444.3619,3444.6992,0.1190,0
1841,0,3443.1131,3444.3619,3444.9139,0.0470,0
1842,1,3444.7687,3446.3753,3446.6635,0.1173,0
1842,0,3444.7687,3446.3753,3446.8395,0.0353,0
1843,1,3446.7154,3447.9602,3448.5053,0.3809,0
1843,0,3446.7154,3447.9602,3448.7122,0.0374,0
1844,1,3448.5898,3449.8725,3450.1433,0.1091,0
1844,0,3448.5898,3449.8725,3450.3174,0.0358,0
1845,1,3450.1972,3451.8367,3452.1198,0.1143,0
1845,0,3450.1972,3451.8367,3452.3028,0.0375,0
1846,1,3452.1772,3453.4343,3453.7410,0.1149,0
1846,0,3452.1772,3453.4343,3454.1490,0.2337,0
1847,1,3453.9967,3455.2912,3455.5940,0.1149,0
1847,0,3453.9967,3455.2912,3455.8127,0.0464,0
1848,1,3455.6635,3457.2429,3457.5705,0.1142,0
1848,0,3455.6635,3457.2429,3457.7685,0.0429,0
1849,1,3457.6360,3458.9086,3459.1864,0.1056,0
1849,0,3457.6360,3458.9086,3459.7403,0.3896,0
1850,1,3459.6105,3460.9950,3461.2896,0.1169,0
1850,0,3459.6105,3460.9950,3461.4796,0.0448,0
1851,1,3461.3536,3462.9833,3463.2804,0.1176,0
1851,0,3461.3536,3462.9833,3463.4813,0.0452,0
1852,1,3463.3479,3464.6358,3465.1992,0.3917,0
1852,0,3463.3479,3464.6358,3465.3826,0.0376,0
1853,1,3465.2595,3466.5504,3466.8643,0.1147,0
1853,0,3465.2595,3466.5504,3467.0751,0.0419,0
1854,1,3466.9260,3468.6488,3468.9545,0.1155,0
1854,0,3466.9260,3468.6488,3469.1448,0.0386,0
1855,1,3469.0148,3470.5703,3470.8643,0.1159,0
1855,0,3469.0148,3470.5703,3471.0494,0.0387,0
1856,1,3470.9200,3472.1665,3472.4530,0.1176,0
1856,0,3470.9200,3472.1665,3472.6465,0.0370,0
1857,1,3472.5124,3474.2427,3474.5325,0.1158,0
1857,0,3472.5124,3474.2427,3474.7426,0.0373,0
1858,1,3474.5866,3476.1446,3476.4391,0.1156,0
1858,0,3474.5866,3476.1446,3476.6336,0.0352,0
1859,1,3476.5657,3477.8372,3478.1207,0.1140,0
1859,0,3476.5657,3477.8372,3478.3691,0.0362,0
1860,1,3478.1753,3479.8110,3480.1167,0.1161,0
1860,0,3478.1753,3479.8110,3480.3258,0.0446,0
1861,1,3480.1854,3481.7639,3482.0991,0.1219,0
1861,0,3480.1854,3481.7639,3482.3071,0.0442,0
1862,1,3482.1613,3483.4228,3483.7175,0.1174,0
1862,0,3482.1613,3483.4228,3484.0205,0.0356,0
1863,1,3483.7696,3485.2378,3485.6785,0.2706,0
1863,0,3483.7696,3485.2378,3485.8605,0.0375,0
1864,1,3485.7373,3487.2908,3487.5815,0.1159,0
1864,0,3485.7373,3487.2908,3487.7842,0.0405,0
1865,1,3487.6438,3488.9206,3489.2230,0.1128,0
1865,0,3487.6438,3488.9206,3489.4761,0.0388,0
1866,1,3489.2803,3491.0328,3491.3416,0.1154,0
1866,0,3489.2803,3491.0328,3491.5578,0.0440,0
1867,1,3491.4074,3492.8875,3493.2284,0.1637,0
1867,0,3491.4074,3492.8875,3493.4138,0.0376,0
1868,1,3493.2846,3494.5440,3494.8918,0.1232,0
1868,0,3493.2846,3494.5440,3495.1512,0.0422,0
1869,1,3494.9530,3496.5322,3496.8452,0.1137,0
1869,0,3494.9530,3496.5322,3497.0514,0.0455,0
1870,1,3496.9072,3498.4428,3498.7483,0.1156,0
1870,0,3496.9072,3498.4428,3498.9626,0.0441,0
1871,1,3498.8160,3500.1166,3500.4219,0.1125,0
1871,0,3498.8160,3500.1166,3500.8158,0.1690,0
1872,1,3500.6315,3502.1599,3502.4458,0.1144,0
1872,0,3500.6315,3502.1599,3502.6480,0.0420,0
1873,1,3502.5066,3504.1202,3504.4096,0.1115,0
1873,0,3502.5066,3504.1202,3504.5983,0.0458,0
1874,1,3504.4725,3505.7156,3506.0047,0.1199,0
1874,0,3504.4725,3505.7156,3506.2434,0.0361,0
1875,1,3506.0631,3507.7246,3508.0499,0.1240,0
1875,0,3506.0631,3507.7246,3508.2681,0.0446,0
1876,1,3508.1148,3509.6686,3509.9853,0.1157,0
1876,0,3508.1148,3509.6686,3510.2021,0.0445,0
1877,1,3510.0535,3511.3504,3511.7389,0.1130,0
1877,0,3510.0535,3511.3504,3511.9568,0.0443,0
1878,1,3511.8116,3513.2270,3513.5218,0.1227,0
1878,0,3511.8116,3513.2270,3513.6808,0.0398,0
1879,1,3514.5026,3515.9176,3516.2390,0.1196,0
1879,0,3514.5026,3515.9176,3516.5059,0.0440,0
1880,1,3516.3585,3518.0577,3518.5149,0.2303,0
1880,0,3516.3585,3518.0577,3518.7446,0.0483,0
1881,1,3518.5867,3519.8975,3520.1845,0.1110,0
1881,0,3518.5867,3519.8975,3520.3591,0.0368,0
1882,1,3520.2378,3521.7642,3522.1209,0.1741,0
1882,0,3520.2378,3521.7642,3522.3197,0.0535,0
1883,1,3522.1936,3523.7231,3524.0361,0.1093,0
1883,0,3522.1936,3523.7231,3524.2295,0.0457,0
1884,1,3524.1049,3525.3834,3525.7132,0.1138,0
1884,0,3524.1049,3525.3834,3525.9325,0.0449,0
1885,1,3525.7774,3527.0680,3527.3734,0.1113,0
1885,0,3525.7774,3527.0680,3527.5731,0.0434,0
1886,1,3527.4331,3528.9578,3529.2382,0.1144,0
1886,0,3527.4331,3528.9578,3529.4306,0.0401,0
1887,1,3529.3015,3530.5881,3530.8960,0.1127,0
1887,0,3529.3015,3530.5881,3531.0966,0.0434,0
1888,1,3530.9752,3532.5442,3532.8552,0.1197,0
1888,0,3530.9752,3532.5442,3533.0404,0.0390,0
1889,1,3532.9336,3534.6239,3535.0044,0.1507,0
1889,0,3532.9336,3534.6239,3535.2214,0.0430,0
1890,1,3535.0721,3536.3807,3536.7255,0.1197,0
1890,0,3535.0721,3536.3807,3536.9579,0.0391,0
1891,1,3536.7915,3538.1635,3538.5026,0.1258,0
1891,0,3536.7915,3538.1635,3538.6915,0.0452,0
1892,1,3538.5708,3540.1305,3540.4124,0.1140,0
1892,0,3538.5708,3540.1305,3540.5960,0.0359,0
1893,1,3540.4728,3541.7295,3542.0515,0.1204,0
1893,0,3540.4728,3541.7295,3542.2865,0.0436,0
1894,1,3542.1178,3543.7010,3543.9928,0.1125,0
1894,0,3542.1178,3543.7010,3544.1667,0.0353,0
1895,1,3544.0450,3545.5695,3545.8996,0.1181,0
1895,0,3544.0450,3545.5695,3546.1238,0.0439,0
1896,1,3545.9670,3547.2773,3547.5918,0.1158,0
1896,0,3545.9670,3547.2773,3547.8307,0.0441,0
1897,1,3547.6575,3549.2426,3549.5324,0.1127,0
1897,0,3547.6575,3549.2426,3549.7268,0.0372,0
1898,1,3549.5928,3551.3089,3551.6132,0.1108,0
1898,0,3549.5928,3551.3089,3551.7915,0.0389,0
1899,1,3551.6707,3552.9339,3553.2694,0.1208,0
1899,0,3551.6707,3552.9339,3553.6304,0.1230,0
1900,1,3553.4217,3554.9241,3555.2150,0.1161,0
1900,0,3553.4217,3554.9241,3555.3964,0.0378,0
1901,1,3555.2723,3556.8173,3557.1030,0.1138,0
1901,0,3555.2723,3556.8173,3557.2874,0.0357,0
1902,1,3557.1568,3558.4135,3558.7362,0.1207,0
1902,0,3557.1568,3558.4135,3559.0092,0.0420,0
1903,1,3558.7949,3560.3873,3560.6994,0.1156,0
1903,0,3558.7949,3560.3873,3560.9055,0.0429,0
1904,1,3560.7584,3562.2925,3562.5737,0.1112,0
1904,0,3560.7584,3562.2925,3562.7548,0.0345,0
1905,1,3562.6303,3563.9139,3564.1947,0.1102,0
1905,0,3562.6303,3563.9139,3564.4721,0.0366,0
1906,1,3564.2479,3566.0451,3566.3334,0.1154,0
1906,0,3564.2479,3566.0451,3566.5110,0.0357,0
1907,1,3566.3876,3567.8557,3568.2863,0.2575,0
1907,0,3566.3876,3567.8557,3568.4585,0.0356,0
1908,1,3568.3386,3569.5864,3569.9190,0.1181,0
1908,0,3568.3386,3569.5864,3570.2143,0.0399,0
1909,1,3569.9800,3571.5896,3571.8812,0.1115,0
1909,0,3569.9800,3571.5896,3572.0677,0.0378,0
1910,1,3571.9398,3573.5000,3573.7917,0.1179,0
1910,0,3571.9398,3573.5000,3573.9653,0.0350,0
1911,1,3573.9185,3575.1894,3575.4752,0.1181,0
1911,0,3573.9185,3575.1894,3575.7175,0.0357,0
1912,1,3575.5315,3577.1011,3577.3842,0.1194,0
1912,0,3575.5315,3577.1011,3577.5655,0.0360,0
1913,1,3577.4366,3578.9487,3579.2262,0.1156,0
1913,0,3577.4366,3578.9487,3579.3959,0.0361,0
1914,1,3579.2782,3580.5141,3580.7979,0.1168,0
1914,0,3579.2782,3580.5141,3580.9795,0.0360,0
1915,1,3580.8500,3582.5488,3582.8389,0.1196,0
1915,0,3580.8500,3582.5488,3583.0109,0.0350,0
1916,1,3582.9036,3584.4222,3584.8832,0.2474,0
1916,0,3582.9036,3584.4222,3585.1026,0.0445,0
1917,1,3584.9444,3586.2294,3586.5217,0.1148,0
1917,0,3584.9444,3586.2294,3586.7420,0.0378,0
1918,1,3586.5793,3588.1731,3588.4594,0.1184,0
1918,0,3586.5793,3588.1731,3588.6537,0.0372,0
1919,1,3588.5121,3590.0483,3590.3221,0.1090,0
1919,0,3588.5121,3590.0483,3590.5563,0.0371,0
1920,1,3590.4481,3591.7160,3592.0304,0.1110,0
1920,0,3590.4481,3591.7160,3592.2594,0.0419,0
1921,1,3592.0911,3593.6988,3594.0115,0.1156,0
1921,0,3592.0911,3593.6988,3594.2316,0.0420,0
1922,1,3594.0760,3595.6598,3596.0033,0.1248,0
1922,0,3594.0760,3595.6598,3596.2102,0.0438,0
1923,1,3596.0650,3597.3276,3597.6210,0.1142,0
1923,0,3596.0650,3597.3276,3597.9041,0.0437,0
1924,1,3597.6873,3599.4527,3599.7597,0.1143,0
1924,0,3597.6873,3599.4527,3599.9821,0.0440,0
1925,1,3599.8200,3601.2959,3601.7552,0.2526,0
1925,0,3599.8200,3601.2959,3601.9779,0.0468,0
1926,1,3601.8231,3603.1077,3603.4516,0.1182,0
1926,0,3601.8231,3603.1077,3603.6743,0.0470,0
1927,1,3603.5169,3604.8554,3605.1406,0.1186,0
1927,0,3603.5169,3604.8554,3605.3105,0.0364,0
1928,1,3605.1937,3606.7130,3606.9932,0.1132,0
1928,0,3605.1937,3606.7130,3607.1761,0.0363,0
1929,1,3607.0555,3608.3375,3608.6419,0.1120,0
1929,0,3607.0555,3608.3375,3608.9302,0.0442,0
1930,1,3608.7045,3610.3253,3610.6435,0.1177,0
1930,0,3608.7045,3610.3253,3610.8446,0.0430,0
1931,1,3610.7028,3612.2362,3612.5526,0.1193,0
1931,0,3610.7028,3612.2362,3612.7673,0.0447,0
1932,1,3612.6217,3613.9245,3614.2203,0.1201,0
1932,0,3612.6217,3613.9245,3614.3821,0.0361,0
1933,1,3614.2934,3615.9644,3616.2805,0.1184,0
1933,0,3614.2934,3615.9644,3616.4931,0.0442,0
1934,1,3616.3451,3617.8473,3618.3236,0.2514,0
1934,0,3616.3451,3617.8473,3618.6405,0.0457,0
1935,1,3618.4368,3619.7703,3620.1488,0.1860,0
1935,0,3618.4368,3619.7703,3620.4917,0.0380,0
1936,1,3620.2571,3621.6440,3621.9652,0.1234,0
1936,0,3620.2571,3621.6440,3622.2719,0.0432,0
1937,1,3622.0753,3623.6535,3624.0428,0.1131,0
1937,0,3622.0753,3623.6535,3624.2801,0.0437,0
1938,1,3624.1095,3625.4226,3625.7327,0.1127,0
1938,0,3624.1095,3625.4226,3625.9451,0.0509,0
1939,1,3625.8863,3627.3005,3627.8325,0.1205,0
1939,0,3625.8863,3627.3005,3628.2119,0.0452,0
1940,1,3627.8979,3629.6177,3629.9862,0.1128,0
1940,0,3627.8979,3629.6177,3630.1964,0.0449,0
1941,1,3630.0511,3631.3342,3631.9072,0.4002,0
1941,0,3630.0511,3631.3342,3632.1013,0.0488,0
1942,1,3631.9756,3633.2347,3633.5385,0.1188,0
1942,0,3631.9756,3633.2347,3633.7212,0.0409,0
1943,1,3633.5983,3635.1353,3635.5664,0.2509,0
1943,0,3633.5983,3635.1353,3635.7453,0.0387,0
1944,1,3635.6219,3636.8756,3637.4459,0.4027,0
1944,0,3635.6219,3636.8756,3637.6397,0.0375,0
1945,1,3637.4993,3638.7578,3639.0413,0.1162,0
1945,0,3637.4993,3638.7578,3639.2166,0.0363,0
1946,1,3639.0932,3640.6054,3640.9090,0.1138,0
1946,0,3639.0932,3640.6054,3641.1354,0.0476,0
1947,1,3640.9807,3642.2898,3642.5879,0.1154,0
1947,0,3640.9807,3642.2898,3643.0193,0.2598,0
1948,1,3642.8768,3644.1831,3644.4708,0.1104,0
1948,0,3642.8768,3644.1831,3644.6705,0.0381,0
1949,1,3644.5290,3646.1578,3646.4349,0.1153,0
1949,0,3644.5290,3646.1578,3646.6364,0.0355,0
1950,1,3646.5650,3647.8449,3648.4116,0.3989,0
1950,0,3646.5650,3647.8449,3648.6084,0.0383,0
1951,1,3648.4694,3649.7871,3650.0671,0.1132,0
1951,0,3648.4694,3649.7871,3650.2550,0.0408,0
1952,1,3650.1263,3651.5753,3652.0036,0.2399,0
1952,0,3650.1263,3651.5753,3652.1968,0.0385,0
1953,1,3652.0613,3653.3296,3653.6209,0.1103,0
1953,0,3652.0613,3653.3296,3654.1088,0.3091,0
1954,1,3653.9544,3655.2738,3655.5660,0.1150,0
1954,0,3653.9544,3655.2738,3655.7848,0.0473,0
1955,1,3655.6360,3657.2192,3657.5072,0.1169,0
1955,0,3655.6360,3657.2192,3657.7104,0.0369,0
1956,1,3657.5609,3658.8280,3659.1631,0.1436,0
1956,0,3657.5609,3658.8280,3659.5537,0.2281,0
1957,1,3659.4087,3660.6927,3660.9969,0.1145,0
1957,0,3659.4087,3660.6927,3661.1975,0.0428,0
1958,1,3661.0562,3662.5485,3662.9000,0.1627,0
1958,0,3661.0562,3662.5485,3663.1269,0.0457,0
1959,1,3662.9745,3664.2888,3664.5959,0.1135,0
1959,0,3662.9745,3664.2888,3664.9654,0.0846,0
1960,1,3664.7079,3666.1245,3666.4090,0.1129,0
1960,0,3664.7079,3666.1245,3666.5972,0.0364,0
1961,1,3666.4673,3667.9492,3668.4068,0.2536,0
1961,0,3666.4673,3667.9492,3668.6143,0.0481,0
1962,1,3668.4767,3669.7570,3670.1019,0.1196,0
1962,0,3668.4767,3669.7570,3670.2831,0.0420,0
1963,1,3670.1630,3671.5692,3671.8738,0.1141,0
1963,0,3670.1630,3671.5692,3672.0750,0.0440,0
1964,1,3671.9344,3673.4873,3673.8101,0.1221,0
1964,0,3671.9344,3673.4873,3674.0573,0.0465,0
1965,1,3673.9013,3675.2553,3675.6091,0.1144,0
1965,0,3673.9013,3675.2553,3675.7996,0.0438,0
1966,1,3675.6792,3677.0452,3677.3668,0.1213,0
1966,0,3675.6792,3677.0452,3677.5835,0.0408,0
1967,1,3677.4272,3678.9761,3679.3368,0.1623,0
1967,0,3677.4272,3678.9761,3679.5645,0.0442,0
1968,1,3679.4051,3680.7121,3681.0548,0.1303,0
1968,0,3679.4051,3680.7121,3681.3306,0.1143,0
1969,1,3681.2107,3682.5623,3682.8561,0.1150,0
1969,0,3681.2107,3682.5623,3683.0381,0.0373,0
1970,1,3682.9140,3684.3658,3684.8039,0.2608,0
1970,0,3682.9140,3684.3658,3684.9899,0.0370,0
1971,1,3684.8631,3686.1439,3686.4261,0.1128,0
1971,0,3684.8631,3686.1439,3686.7163,0.0358,0
1972,1,3686.4787,3688.1529,3688.4660,0.1192,0
1972,0,3686.4787,3688.1529,3688.6772,0.0458,0
1973,1,3688.5285,3690.0680,3690.3715,0.1096,0
1973,0,3688.5285,3690.0680,3690.5937,0.0447,0
1974,1,3690.4391,3691.7412,3692.0300,0.1145,0
1974,0,3690.4391,3691.7412,3692.2845,0.0367,0
1975,1,3692.0884,3693.6986,3694.0521,0.1169,0
1975,0,3692.0884,3693.6986,3694.2435,0.0447,0
1976,1,3694.1188,3695.6456,3696.0058,0.1635,0
1976,0,3694.1188,3695.6456,3696.2260,0.0445,0
1977,1,3696.0961,3697.3855,3697.7205,0.1183,0
1977,0,3696.0961,3697.3855,3698.0104,0.1076,0
1978,1,3697.8508,3699.2268,3699.5071,0.1153,0
1978,0,3697.8508,3699.2268,3699.6860,0.0367,0
1979,1,3699.5623,3701.0127,3701.4394,0.2549,0
1979,0,3699.5623,3701.0127,3701.6175,0.0356,0
1980,1,3701.4999,3702.7838,3703.0951,0.1160,0
1980,0,3701.4999,3702.7838,3703.3939,0.0449,0
1981,1,3703.1596,3704.8185,3705.1000,0.1131,0
1981,0,3703.1596,3704.8185,3705.2819,0.0365,0
1982,1,3705.1561,3706.6818,3707.0119,0.1188,0
1982,0,3705.1561,3706.6818,3707.2245,0.0444,0
1983,1,3707.0843,3708.3818,3708.6775,0.1154,0
1983,0,3707.0843,3708.3818,3708.9401,0.0486,0
1984,1,3708.7504,3710.3745,3710.6880,0.1149,0
1984,0,3708.7504,3710.3745,3710.9080,0.0485,0
1985,1,3710.7616,3712.3068,3712.6677,0.1620,0
1985,0,3710.7616,3712.3068,3712.9675,0.0460,0
1986,1,3712.7340,3714.0864,3714.4065,0.1248,0
1986,0,3712.7340,3714.0864,3714.6562,0.0954,0
1987,1,3714.5292,3715.9123,3716.2292,0.1121,0
1987,0,3714.5292,3715.9123,3716.4406,0.0411,0
1988,1,3716.2896,3717.7819,3718.2184,0.2605,0
1988,0,3716.2896,3717.7819,3718.4354,0.0363,0
1989,1,3718.3454,3719.6133,3719.8952,0.1174,0
1989,0,3718.3454,3719.6133,3720.1348,0.0363,0
1990,1,3719.9494,3721.5230,3721.8465,0.1166,0
1990,0,3719.9494,3721.5230,3722.0887,0.0581,0
1991,1,3721.9303,3723.5188,3723.8544,0.1233,0
1991,0,3721.9303,3723.5188,3724.0786,0.0409,0
1992,1,3723.9191,3725.2242,3725.5092,0.1139,0
1992,0,3723.9191,3725.2242,3725.7797,0.0920,0
1993,1,3725.6249,3726.9727,3727.2603,0.1232,0
1993,0,3725.6249,3726.9727,3727.4378,0.0354,0
1994,1,3727.3145,3728.5735,3729.1556,0.4050,0
1994,0,3727.3145,3728.5735,3729.3166,0.0384,0
1995,1,3729.2293,3730.6089,3730.9482,0.1209,0
1995,0,3729.2293,3730.6089,3731.1659,0.0430,0
1996,1,3731.0100,3732.5939,3732.8989,0.1149,0
1996,0,3731.0100,3732.5939,3733.1176,0.0429,0
1997,1,3732.9691,3734.4747,3734.9048,0.2580,0
1997,0,3732.9691,3734.4747,3735.0980,0.0508,0
1998,1,3734.9738,3736.2314,3736.5225,0.1166,0
1998,0,3734.9738,3736.2314,3736.7316,0.0368,0
1999,1,3736.5754,3738.1310,3738.4329,0.1139,0
1999,0,3736.5754,3738.1310,3738.6444,0.0413,0
2000,1,3738.5005,3740.0361,3740.3384,0.1129,0
2000,0,3738.5005,3740.0361,3740.5711,0.0447,0
2001,1,3740.4068,3741.7245,3742.0287,0.1169,0
2001,0,3740.4068,3741.7245,3742.2633,0.0442,0
2002,1,3742.0911,3743.7001,3744.0471,0.1165,0
2002,0,3742.0911,3743.7001,3744.2657,0.0497,0
2003,1,3744.1138,3745.6164,3745.9892,0.1717,0
2003,0,3744.1138,3745.6164,3746.2025,0.0449,0
2004,1,3746.0582,3747.3579,3747.6601,0.1132,0
2004,0,3746.0582,3747.3579,3747.9367,0.0386,0
2005,1,3747.7174,3749.2140,3749.5177,0.1125,0
2005,0,3747.7174,3749.2140,3749.7381,0.0376,0
2006,1,3749.5796,3751.0889,3751.5279,0.2583,0
2006,0,3749.5796,3751.0889,3751.7292,0.0397,0
2007,1,3751.5855,3752.8488,3753.1352,0.1111,0
2007,0,3751.5855,3752.8488,3753.3849,0.0377,0
2008,1,3753.1920,3754.8255,3755.1129,0.1155,0
2008,0,3753.1920,3754.8255,3755.2903,0.0358,0
2009,1,3755.1649,3756.6935,3756.9980,0.1135,0
2009,0,3755.1649,3756.6935,3757.2190,0.0446,0
2010,1,3757.0663,3758.3671,3758.6729,0.1142,0
2010,0,3757.0663,3758.3671,3758.8849,0.0433,0
2011,1,3758.7377,3760.4725,3760.9314,0.1216,0
2011,0,3758.7377,3760.4725,3761.1517,0.0454,0
2012,1,3761.0073,3762.5697,3762.8608,0.1153,0
2012,0,3761.0073,3762.5697,3763.0773,0.0369,0
2013,1,3762.9855,3764.2659,3764.6181,0.1096,0
2013,0,3762.9855,3764.2659,3764.8280,0.0427,0
2014,1,3764.6951,3766.0986,3766.4074,0.1172,0
2014,0,3764.6951,3766.0986,3766.6343,0.0426,0
2015,1,3766.4725,3767.9848,3768.4425,0.2555,0
2015,0,3766.4725,3767.9848,3768.6562,0.0463,0
2016,1,3768.5060,3769.7828,3770.1800,0.1238,0
2016,0,3768.5060,3769.7828,3770.3867,0.0430,0
2017,1,3770.2414,3771.6638,3771.9514,0.1146,0
2017,0,3770.2414,3771.6638,3772.1397,0.0359,0
2018,1,3772.0036,3773.5307,3773.8504,0.1193,0
2018,0,3772.0036,3773.5307,3774.0622,0.0427,0
2019,1,3773.9134,3775.2255,3775.6264,0.1193,0
2019,0,3773.9134,3775.2255,3775.8417,0.0404,0
2020,1,3775.6861,3777.1631,3777.4856,0.1210,0
2020,0,3775.6861,3777.1631,3777.7227,0.0460,0
2021,1,3777.5576,3779.1537,3779.4342,0.1152,0
2021,0,3777.5576,3779.1537,3779.6432,0.0360,0
2022,1,3779.5148,3780.7881,3781.1665,0.1118,0
2022,0,3779.5148,3780.7881,3781.3870,0.0407,0
2023,1,3781.2265,3782.6632,3782.9670,0.1127,0
2023,0,3781.2265,3782.6632,3783.1832,0.0435,0
2024,1,3783.0299,3784.5040,3784.9661,0.2484,0
2024,0,3783.0299,3784.5040,3785.1899,0.0440,0
2025,1,3785.0332,3786.3484,3786.7203,0.1194,0
2025,0,3785.0332,3786.3484,3786.9317,0.0402,0
2026,1,3786.7788,3788.1635,3788.4418,0.1147,0
2026,0,3786.7788,3788.1635,3788.6352,0.0356,0
2027,1,3788.4933,3790.0067,3790.3612,0.1613,0
2027,0,3788.4933,3790.0067,3790.5752,0.0453,0
2028,1,3790.4302,3791.7369,3792.0436,0.1169,0
2028,0,3790.4302,3791.7369,3792.4345,0.1239,0
2029,1,3792.1965,3793.6932,3793.9920,0.1157,0
2029,0,3792.1965,3793.6932,3794.1817,0.0420,0
2030,1,3794.0539,3795.5941,3795.9205,0.1214,0
2030,0,3794.0539,3795.5941,3796.1287,0.0435,0
2031,1,3795.9817,3797.2499,3797.5536,0.1116,0
2031,0,3795.9817,3797.2499,3797.8461,0.0521,0
2032,1,3797.6284,3799.3076,3799.6197,0.1133,0
2032,0,3797.6284,3799.3076,3799.8375,0.0445,0
2033,1,3799.6882,3801.1986,3801.6536,0.2522,0
2033,0,3799.6882,3801.1986,3801.8596,0.0471,0
2034,1,3801.7181,3802.9820,3803.3823,0.1197,0
2034,0,3801.7181,3802.9820,3803.6054,0.0442,0
2035,1,3803.4470,3804.9157,3805.2036,0.1149,0
2035,0,3803.4470,3804.9157,3805.3778,0.0377,0
2036,1,3805.2605,3806.7764,3807.1106,0.1619,0
2036,0,3805.2605,3806.7764,3807.2915,0.0365,0
2037,1,3807.1726,3808.4459,3808.7451,0.1163,0
2037,0,3807.1726,3808.4459,3808.9690,0.0496,0
2038,1,3808.8160,3810.3783,3810.6891,0.1141,0
2038,0,3808.8160,3810.3783,3810.8936,0.0421,0
2039,1,3810.7481,3812.2667,3812.5550,0.1169,0
2039,0,3810.7481,3812.2667,3812.7676,0.0444,0
2040,1,3812.6234,3813.9195,3814.2146,0.1190,0
2040,0,3812.6234,3813.9195,3814.3924,0.0363,0
2041,1,3814.2694,3815.8095,3816.0952,0.1148,0
2041,0,3814.2694,3815.8095,3816.2737,0.0361,0
2042,1,3816.1526,3817.6018,3818.0561,0.2549,0
2042,0,3816.1526,3817.6018,3818.2841,0.0495,0
2043,1,3818.1284,3819.3943,3819.7086,0.1181,0
2043,0,3818.1284,3819.3943,3819.9161,0.0461,0
2044,1,3819.7712,3821.3161,3821.6014,0.1140,0
2044,0,3819.7712,3821.3161,3821.8041,0.0433,0
2045,1,3821.6611,3822.9074,3823.5626,0.3431,0
2045,0,3821.6611,3822.9074,3823.7632,0.0484,0
2046,1,3823.6312,3824.8747,3825.1636,0.1152,0
2046,0,3823.6312,3824.8747,3825.3377,0.0361,0
2047,1,3825.2164,3826.7157,3827.0397,0.1242,0
2047,0,3825.2164,3826.7157,3827.2583,0.0437,0
2048,1,3827.1068,3828.3858,3828.7044,0.1108,0
2048,0,3827.1068,3828.3858,3829.0929,0.2283,0
2049,1,3828.9509,3830.1969,3830.4891,0.1143,0
2049,0,3828.9509,3830.1969,3830.6955,0.0377,0
2050,1,3830.5481,3832.0680,3832.3538,0.1160,0
2050,0,3830.5481,3832.0680,3832.5280,0.0358,0
2051,1,3832.4108,3833.6389,3833.9792,0.1150,0
2051,0,3832.4108,3833.6389,3834.1967,0.0387,0
2052,1,3834.0572,3835.4859,3835.7772,0.1162,0
2052,0,3834.0572,3835.4859,3835.9542,0.0374,0
2053,1,3835.8323,3837.3270,3837.6584,0.1187,0
2053,0,3835.8323,3837.3270,3837.8706,0.0453,0
2054,1,3837.7270,3839.0021,3839.2890,0.1139,0
2054,0,3837.7270,3839.0021,3839.5255,0.0422,0
2055,1,3839.3531,3841.0668,3841.3715,0.1127,0
2055,0,3839.3531,3841.0668,3841.5793,0.0450,0
2056,1,3841.4330,3842.9378,3843.2315,0.1159,0
2056,0,3841.4330,3842.9378,3843.4186,0.0356,0
2057,1,3843.2966,3844.5446,3844.8960,0.1213,0
2057,0,3843.2966,3844.5446,3845.1898,0.0395,0
2058,1,3844.9557,3846.4359,3846.7421,0.1136,0
2058,0,3844.9557,3846.4359,3846.9458,0.0456,0
2059,1,3846.8046,3848.0307,3848.4949,0.2747,0
2059,0,3846.8046,3848.0307,3848.7201,0.0470,0
2060,1,3848.5692,3849.8330,3850.2082,0.1677,0
2060,0,3848.5692,3849.8330,3850.4241,0.0439,0
2061,1,3850.2712,3851.7809,3852.2078,0.2594,0
2061,0,3850.2712,3851.7809,3852.4341,0.0736,0
2062,1,3852.3033,3853.5313,3854.1057,0.3779,0
2062,0,3852.3033,3853.5313,3854.2969,0.0422,0
2063,1,3854.1698,3855.3906,3855.6855,0.1170,0
2063,0,3854.1698,3855.3906,3855.8728,0.0350,0
2064,1,3855.7434,3857.3882,3857.6940,0.1199,0
2064,0,3855.7434,3857.3882,3857.8608,0.0347,0
2065,1,3857.8309,3858.9567,3859.2825,0.1202,0
2065,0,3857.8309,3858.9567,3859.6040,0.1507,0
2066,1,3859.4770,3860.7182,3861.0274,0.1090,0
2066,0,3859.4770,3860.7182,3861.2318,0.0425,0
2067,1,3861.0876,3862.5767,3862.8837,0.1162,0
2067,0,3861.0876,3862.5767,3863.1072,0.0430,0
2068,1,3862.9502,3864.2065,3864.5474,0.1118,0
2068,0,3862.9502,3864.2065,3864.7279,0.0345,0
2069,1,3864.6049,3865.9508,3866.2366,0.1126,0
2069,0,3864.6049,3865.9508,3866.4108,0.0352,0
2070,1,3866.2906,3867.6934,3868.1578,0.2629,0
2070,0,3866.2906,3867.6934,3868.3791,0.0454,0
2071,1,3868.2269,3869.4836,3869.8046,0.1152,0
2071,0,3868.2269,3869.4836,3870.1841,0.0419,0
2072,1,3869.9107,3871.4416,3871.7278,0.1116,0
2072,0,3869.9107,3871.4416,3871.9226,0.0366,0
2073,1,3871.7866,3873.0294,3873.7591,0.4048,0
2073,0,3871.7866,3873.0294,3874.1315,0.0465,0
2074,1,3873.8718,3875.2348,3875.5997,0.1153,0
2074,0,3873.8718,3875.2348,3875.8283,0.0423,0
2075,1,3875.6636,3877.0670,3877.3817,0.1160,0
2075,0,3875.6636,3877.0670,3877.5857,0.0433,0
2076,1,3877.4416,3878.9372,3879.2436,0.1134,0
2076,0,3877.4416,3878.9372,3879.4771,0.0441,0
2077,1,3879.3118,3880.5907,3880.8662,0.1150,0
2077,0,3879.3118,3880.5907,3881.0603,0.0344,0
2078,1,3880.9211,3882.4656,3882.7749,0.1151,0
2078,0,3880.9211,3882.4656,3882.9857,0.0438,0
2079,1,3882.8388,3884.0677,3884.4859,0.1999,0
2079,0,3882.8388,3884.0677,3884.8335,0.1434,0
2080,1,3884.6501,3885.9084,3886.3746,0.1554,0
2080,0,3884.6501,3885.9084,3886.5726,0.0471,0
2081,1,3886.4447,3887.9544,3888.2444,0.1144,0
2081,0,3886.4447,3887.9544,3888.4244,0.0361,0
2082,1,3888.3018,3889.5078,3889.8253,0.1125,0
2082,0,3888.3018,3889.5078,3890.2745,0.2772,0
2083,1,3890.1228,3891.3538,3891.6595,0.1196,0
2083,0,3890.1228,3891.3538,3891.8610,0.0450,0
2084,1,3891.7209,3893.2065,3893.5033,0.1232,0
2084,0,3891.7209,3893.2065,3893.7106,0.0365,0
2085,1,3893.5635,3894.7920,3895.1271,0.1142,0
2085,0,3893.5635,3894.7920,3895.3151,0.0355,0
2086,1,3895.1867,3896.4600,3896.7506,0.1160,0
2086,0,3895.1867,3896.4600,3896.9460,0.0460,0
2087,1,3896.8189,3898.3250,3898.6222,0.1160,0
2087,0,3896.8189,3898.3250,3898.8546,0.0443,0
2088,1,3898.6904,3899.9510,3900.2557,0.1135,0
2088,0,3898.6904,3899.9510,3900.4668,0.0436,0
2089,1,3900.3176,3901.9662,3902.3083,0.1205,0
2089,0,3900.3176,3901.9662,3902.5723,0.0499,0
2090,1,3902.3820,3903.9080,3904.2334,0.1561,0
2090,0,3902.3820,3903.9080,3904.5137,0.1186,0
2091,1,3904.3723,3905.6032,3905.9021,0.1206,0
2091,0,3904.3723,3905.6032,3906.1705,0.0358,0
2092,1,3906.2210,3907.6668,3908.0074,0.1662,0
2092,0,3906.2210,3907.6668,3908.2021,0.0441,0
2093,1,3908.0721,3909.5400,3909.8795,0.1208,0
2093,0,3908.0721,3909.5400,3910.0848,0.0440,0
2094,1,3909.9414,3911.1532,3911.4284,0.1136,0
2094,0,3909.9414,3911.1532,3911.6048,0.0355,0
2095,1,3911.4798,3912.9416,3913.2561,0.1149,0
2095,0,3911.4798,3912.9416,3913.4360,0.0372,0
2096,1,3913.3135,3914.5269,3914.8193,0.1165,0
2096,0,3913.3135,3914.5269,3915.1780,0.1761,0
2097,1,3915.0341,3916.3050,3916.7148,0.2414,0
2097,0,3915.0341,3916.3050,3916.9024,0.0471,0
2098,1,3916.7801,3918.3731,3918.6588,0.1113,0
2098,0,3916.7801,3918.3731,3918.8386,0.0384,0
2099,1,3918.7145,3919.9085,3920.1799,0.1059,0
2099,0,3918.7145,3919.9085,3920.3627,0.0348,0
2100,1,3920.3140,3921.5892,3921.8893,0.1121,0
2100,0,3920.3140,3921.5892,3922.1134,0.0484,0
2101,1,3921.9547,3923.4620,3923.7683,0.1301,0
2101,0,3921.9547,3923.4620,3923.9446,0.0367,0
2102,1,3923.8953,3925.1093,3925.3910,0.1204,0
2102,0,3923.8953,3925.1093,3925.6219,0.0347,0
2103,1,3925.4438,3927.0025,3927.3087,0.1130,0
2103,0,3925.4438,3927.0025,3927.5212,0.0429,0
2104,1,3927.3681,3928.5789,3929.1317,0.3636,0
2104,0,3927.3681,3928.5789,3929.3476,0.0407,0
2105,1,3929.1959,3930.4556,3930.7643,0.1148,0
2105,0,3929.1959,3930.4556,3930.9860,0.0449,0
2106,1,3930.8356,3932.3633,3932.7469,0.1136,0
2106,0,3930.8356,3932.3633,3932.9903,0.0701,0
2107,1,3932.8370,3934.3043,3934.7315,0.2556,0
2107,0,3932.8370,3934.3043,3935.0443,0.1483,0
2108,1,3934.9000,3936.1249,3936.4049,0.1154,0
2108,0,3934.9000,3936.1249,3936.6041,0.0449,0
2109,1,3936.4659,3938.0739,3938.3583,0.1132,0
2109,0,3936.4659,3938.0739,3938.5346,0.0354,0
2110,1,3938.4096,3939.6027,3940.1381,0.3739,0
2110,0,3938.4096,3939.6027,3940.2934,0.0358,0
2111,1,3940.2080,3941.3813,3941.6826,0.1114,0
2111,0,3940.2080,3941.3813,3941.8881,0.0372,0
2112,1,3941.7362,3943.2252,3943.5177,0.1237,0
2112,0,3941.7362,3943.2252,3943.7091,0.0346,0
2113,1,3943.5680,3944.7766,3945.1265,0.1157,0
2113,0,3943.5680,3944.7766,3945.2989,0.0368,0
2114,1,3945.1797,3946.5112,3946.8196,0.1140,0
2114,0,3945.1797,3946.5112,3947.0255,0.0461,0
2115,1,3946.8822,3948.3759,3948.8340,0.2497,0
2115,0,3946.8822,3948.3759,3949.0586,0.0457,0
2116,1,3948.9037,3950.1573,3950.4772,0.1164,0
2116,0,3948.9037,3950.1573,3950.7047,0.0420,0
2117,1,3950.5400,3951.8870,3952.3333,0.2675,0
2117,0,3950.5400,3951.8870,3952.5186,0.0366,0
2118,1,3952.3866,3953.5818,3954.1583,0.4028,0
2118,0,3952.3866,3953.5818,3954.3380,0.0366,0
2119,1,3954.2138,3955.4161,3955.7326,0.1203,0
2119,0,3954.2138,3955.4161,3955.9294,0.0432,0
2120,1,3955.7924,3957.2721,3957.5596,0.1164,0
2120,0,3955.7924,3957.2721,3957.7789,0.0434,0
2121,1,3957.6267,3958.8792,3959.1811,0.1094,0
2121,0,3957.6267,3958.8792,3959.6399,0.2345,0
2122,1,3959.4349,3960.7469,3961.0326,0.1168,0
2122,0,3959.4349,3960.7469,3961.2028,0.0344,0
2123,1,3961.0831,3962.5365,3962.8311,0.1267,0
2123,0,3961.0831,3962.5365,3963.0365,0.0657,0
2124,1,3962.9133,3964.1091,3964.5019,0.1163,0
2124,0,3962.9133,3964.1091,3965.0641,0.0428,0
2125,1,3964.5616,3966.1310,3966.4802,0.1855,0
2125,0,3964.5616,3966.1310,3966.7422,0.1134,0
2126,1,3966.6122,3968.0132,3968.4414,0.2557,0
2126,0,3966.6122,3968.0132,3968.6398,0.0360,0
2127,1,3968.5042,3969.7604,3970.1534,0.1847,0
2127,0,3968.5042,3969.7604,3970.3297,0.0380,0
2128,1,3970.2107,3971.6082,3971.9193,0.1186,0
2128,0,3970.2107,3971.6082,3972.1361,0.0440,0
2129,1,3971.9795,3973.4863,3973.8051,0.1181,0
2129,0,3971.9795,3973.4863,3974.0113,0.0439,0
2130,1,3973.8903,3975.1784,3975.4645,0.1212,0
2130,0,3973.8903,3975.1784,3975.7101,0.0358,0
2131,1,3975.5182,3977.0566,3977.3343,0.1140,0
2131,0,3975.5182,3977.0566,3977.5025,0.0349,0
2132,1,3977.3876,3978.5900,3979.0711,0.2837,0
2132,0,3977.3876,3978.5900,3979.2971,0.0578,0
2133,1,3979.1459,3980.3652,3980.7405,0.1793,0
2133,0,3979.1459,3980.3652,3980.9451,0.0439,0
2134,1,3980.8015,3982.2852,3982.6768,0.1979,0
2134,0,3980.8015,3982.2852,3982.8940,0.0424,0
2135,1,3982.7431,3984.0026,3984.4416,0.2447,0
2135,0,3982.7431,3984.0026,3984.8926,0.2977,0
2136,1,3984.7643,3985.9943,3986.3509,0.1843,0
2136,0,3984.7643,3985.9943,3986.5255,0.0354,0
2137,1,3986.4072,3987.9173,3988.2077,0.1174,0
2137,0,3986.4072,3987.9173,3988.3817,0.0370,0
2138,1,3988.2612,3989.4538,3989.7752,0.1151,0
2138,0,3988.2612,3989.4538,3990.1785,0.2304,0
2139,1,3990.0262,3991.2586,3991.5730,0.1138,0
2139,0,3990.0262,3991.2586,3991.7643,0.0437,0
2140,1,3991.6379,3993.1422,3993.4367,0.1144,0
2140,0,3991.6379,3993.1422,3993.6228,0.0366,0
2141,1,3993.4896,3994.6977,3995.0515,0.1145,0
2141,0,3993.4896,3994.6977,3995.2351,0.0384,0
2142,1,3995.1075,3996.4116,3996.7349,0.1205,0
2142,0,3995.1075,3996.4116,3996.9466,0.0462,0
2143,1,3996.7983,3998.0219,3998.4619,0.2758,0
2143,0,3996.7983,3998.0219,3998.6505,0.0357,0
2144,1,3998.5135,3999.7241,4000.0985,0.2075,0
2144,0,3998.5135,3999.7241,4000.2691,0.0344,0
2145,1,4000.1492,4001.5409,4001.9535,0.2183,0
2145,0,4000.1492,4001.5409,4002.1740,0.0532,0
2146,1,4002.0317,4003.2858,4003.6252,0.1492,0
2146,0,4002.0317,4003.2858,4004.0895,0.3188,0
2147,1,4003.9650,4005.1880,4005.4737,0.1132,0
2147,0,4003.9650,4005.1880,4005.6572,0.0364,0
2148,1,4005.5302,4007.0424,4007.3282,0.1167,0
2148,0,4005.5302,4007.0424,4007.5005,0.0363,0
2149,1,4007.3806,4008.5807,4008.9507,0.1185,0
2149,0,4007.3806,4008.5807,4009.1813,0.0409,0
2150,1,4009.0180,4010.3581,4010.6463,0.1145,0
2150,0,4009.0180,4010.3581,4010.8286,0.0379,0
2151,1,4010.7045,4012.2372,4012.5311,0.1148,0
2151,0,4010.7045,4012.2372,4012.7064,0.0352,0
2152,1,4012.5857,4013.7951,4014.1467,0.1216,0
2152,0,4012.5857,4013.7951,4014.3431,0.0431,0
2153,1,4015.1513,4016.3279,4016.6861,0.1854,0
2153,0,4015.1513,4016.3279,4016.9867,0.0361,0
2154,1,4016.8751,4018.4408,4018.9880,0.3383,0
2154,0,4016.8751,4018.4408,4019.2055,0.0450,0
2155,1,4019.0528,4020.2868,4020.5993,0.1248,0
2155,0,4019.0528,4020.2868,4021.0724,0.2972,0
2156,1,4020.9654,4022.1568,4022.4667,0.1127,0
2156,0,4020.9654,4022.1568,4022.6603,0.0467,0
2157,1,4022.5302,4024.0658,4024.3993,0.1219,0
2157,0,4022.5302,4024.0658,4024.6220,0.0444,0
2158,1,4024.4670,4025.7272,4026.2870,0.3901,0
2158,0,4024.4670,4025.7272,4026.4666,0.0362,0
2159,1,4026.3425,4027.5658,4027.8614,0.1146,0
2159,0,4026.3425,4027.5658,4028.0421,0.0371,0
2160,1,4027.9159,4029.5167,4029.8255,0.1159,0
2160,0,4027.9159,4029.5167,4030.0458,0.0611,0
2161,1,4029.9037,4031.1192,4031.4222,0.1117,0
2161,0,4029.9037,4031.1192,4031.8112,0.2310,0
2162,1,4031.6703,4032.8974,4033.3107,0.2046,0
2162,0,4031.6703,4032.8974,4033.5189,0.0444,0
2163,1,4033.3726,4034.9770,4035.3371,0.1154,0
2163,0,4033.3726,4034.9770,4035.6702,0.1685,0
2164,1,4035.5292,4036.7760,4037.3785,0.3935,0
2164,0,4035.5292,4036.7760,4037.6005,0.0450,0
2165,1,4037.4441,4038.6912,4039.0147,0.1195,0
2165,0,4037.4441,4038.6912,4039.2159,0.0428,0
2166,1,4039.0746,4040.5598,4040.8799,0.1222,0
2166,0,4039.0746,4040.5598,4041.0914,0.0442,0
2167,1,4040.9483,4042.2074,4042.4939,0.1094,0
2167,0,4040.9483,4042.2074,4042.9704,0.3178,0
2168,1,4042.8348,4044.0849,4044.3740,0.1151,0
2168,0,4042.8348,4044.0849,4044.5533,0.0361,0
2169,1,4044.4288,4046.0399,4046.3313,0.1136,0
2169,0,4044.4288,4046.0399,4046.5199,0.0428,0
2170,1,4046.3944,4047.6109,4047.9488,0.1120,0
2170,0,4046.3944,4047.6109,4048.1579,0.0437,0
2171,1,4048.0111,4049.3328,4049.7053,0.1933,0
2171,0,4048.0111,4049.3328,4049.8839,0.0380,0
2172,1,4049.7605,4051.1563,4051.5993,0.2637,0
2172,0,4049.7605,4051.1563,4051.8202,0.0439,0
2173,1,4051.6671,4052.9625,4053.3946,0.1837,0
2173,0,4051.6671,4052.9625,4053.5877,0.0401,0
2174,1,4053.4557,4054.7429,4055.0329,0.1158,0
2174,0,4053.4557,4054.7429,4055.2068,0.0363,0
2175,1,4055.0859,4056.2817,4056.8563,0.3820,0
2175,0,4055.0859,4056.2817,4057.0741,0.0434,0
2176,1,4056.9232,4058.1922,4058.4790,0.1152,0
2176,0,4056.9232,4058.1922,4058.6820,0.0363,0
2177,1,4058.5331,4060.0378,4060.3740,0.1203,0
2177,0,4058.5331,4060.0378,4060.5898,0.0434,0
2178,1,4060.4349,4061.6609,4061.9824,0.1170,0
2178,0,4060.4349,4061.6609,4062.5034,0.3557,0
2179,1,4062.3560,4063.5797,4063.9373,0.1214,0
2179,0,4062.3560,4063.5797,4064.1438,0.0440,0
2180,1,4064.0041,4065.5180,4065.8141,0.1144,0
2180,0,4064.0041,4065.5180,4066.1502,0.1882,0
2181,1,4066.0203,4067.2335,4067.5106,0.1136,0
2181,0,4066.0203,4067.2335,4067.8185,0.1221,0
2182,1,4067.6513,4068.8999,4069.2201,0.1273,0
2182,0,4067.6513,4068.8999,4069.5617,0.1708,0
2183,1,4069.4156,4070.9296,4071.2234,0.1157,0
2183,0,4069.4156,4070.9296,4071.4063,0.0436,0
2184,1,4071.2845,4072.4838,4072.7599,0.1149,0
2184,0,4071.2845,4072.4838,4072.9979,0.0885,0
2185,1,4072.8708,4074.1554,4074.4782,0.1202,0
2185,0,4072.8708,4074.1554,4074.6736,0.0451,0
2186,1,4074.5413,4075.7529,4076.2829,0.3617,0
2186,0,4074.5413,4075.7529,4076.4711,0.0368,0
2187,1,4076.3356,4077.5467,4077.8326,0.1214,0
2187,0,4076.3356,4077.5467,4078.0016,0.0347,0
2188,1,4077.8828,4079.4736,4079.7899,0.1218,0
2188,0,4077.8828,4079.4736,4080.0046,0.0442,0
2189,1,4079.8581,4081.1156,4081.4127,0.1078,0
2189,0,4079.8581,4081.1156,4081.8302,0.2388,0
2190,1,4081.6742,4082.9389,4083.3143,0.1934,0
2190,0,4081.6742,4082.9389,4083.4971,0.0367,0
2191,1,4083.3739,4084.8084,4085.2335,0.2491,0
2191,0,4083.3739,4084.8084,4085.4160,0.0383,0
2192,1,4085.2905,4086.5363,4086.9398,0.1861,0
2192,0,4085.2905,4086.5363,4087.3440,0.2520,0
2193,1,4087.2115,4088.4390,4088.7244,0.1159,0
2193,0,4087.2115,4088.4390,4088.9261,0.0359,0
2194,1,4088.7764,4090.2919,4090.5850,0.1188,0
2194,0,4088.7764,4090.2919,4090.7994,0.0482,0
2195,1,4090.6542,4091.8920,4092.1991,0.1127,0
2195,0,4090.6542,4091.8920,4092.4613,0.0857,0
2196,1,4092.3043,4093.6461,4093.9586,0.1139,0
2196,0,4092.3043,4093.6461,4094.1679,0.0417,0
2197,1,4094.0192,4095.2491,4095.6672,0.2490,0
2197,0,4094.0192,4095.2491,4095.8807,0.0622,0
2198,1,4095.7527,4096.9966,4097.2837,0.1169,0
2198,0,4095.7527,4096.9966,4097.4596,0.0356,0
2199,1,4097.3383,4098.8331,4099.2406,0.2005,0
2199,0,4097.3383,4098.8331,4099.4543,0.0445,0
2200,1,4099.3261,4100.5397,4100.8850,0.1268,0
2200,0,4099.3261,4100.5397,4101.1461,0.0920,0
2201,1,4100.9977,4102.2614,4102.5435,0.1169,0
2201,0,4100.9977,4102.2614,4102.7936,0.0830,0
2202,1,4102.6467,4104.1500,4104.4333,0.1099,0
2202,0,4102.6467,4104.1500,4104.6136,0.0366,0
2203,1,4104.4866,4105.6904,4105.9769,0.1149,0
2203,0,4104.4866,4105.6904,4106.1916,0.0348,0
2204,1,4106.0296,4107.5448,4107.8311,0.1154,0
2204,0,4106.0296,4107.5448,4107.9966,0.0352,0
2205,1,4107.8846,4109.0756,4109.6016,0.3361,0
2205,0,4107.8846,4109.0756,4109.8086,0.0400,0
2206,1,4109.6604,4110.8804,4111.1570,0.1143,0
2206,0,4109.6604,4110.8804,4111.3294,0.0350,0
2207,1,4111.2081,4112.6646,4112.9649,0.1120,0
2207,0,4111.2081,4112.6646,4113.1903,0.0379,0
2208,1,4113.0432,4114.3267,4114.6384,0.1171,0
2208,0,4113.0432,4114.3267,4114.8304,0.0455,0
2209,1,4114.7035,4115.9390,4116.3133,0.1991,0
2209,0,4114.7035,4115.9390,4116.4884,0.0364,0
2210,1,4116.3685,4117.7718,4118.1990,0.2598,0
2210,0,4116.3685,4117.7718,4118.3955,0.0367,0
2211,1,4118.3273,4119.5790,4120.0848,0.1555,0
2211,0,4118.3273,4119.5790,4120.4469,0.0494,0
2212,1,4120.1660,4121.5542,4121.8716,0.1204,0
2212,0,4120.1660,4121.5542,4122.2057,0.0460,0
2213,1,4121.9871,4123.5743,4123.8639,0.1172,0
2213,0,4121.9871,4123.5743,4124.1737,0.0369,0
2214,1,4123.9729,4125.2528,4125.5328,0.1169,0
2214,0,4123.9729,4125.2528,4125.9233,0.0948,0
2215,1,4125.6974,4127.1181,4127.4032,0.1158,0
2215,0,4125.6974,4127.1181,4127.6360,0.0470,0
2216,1,4127.4731,4129.0151,4129.3023,0.1128,0
2216,0,4127.4731,4129.0151,4129.4885,0.0436,0
2217,1,4129.3857,4130.6656,4131.0612,0.1219,0
2217,0,4129.3857,4130.6656,4131.3013,0.0987,0
2218,1,4131.1880,4132.7728,4133.1501,0.1960,0
2218,0,4131.1880,4132.7728,4133.3455,0.0437,0
2219,1,4133.2141,4134.6336,4135.0989,0.2562,0
2219,0,4133.2141,4134.6336,4135.3186,0.0409,0
2220,1,4135.1600,4136.4079,4136.7294,0.1150,0
2220,0,4135.1600,4136.4079,4136.9484,0.0360,0
2221,1,4136.7855,4138.1517,4138.4478,0.1153,0
2221,0,4136.7855,4138.1517,4138.6300,0.0366,0
2222,1,4138.5018,4139.7097,4140.1601,0.2731,0
2222,0,4138.5018,4139.7097,4140.3455,0.0451,0
2223,1,4140.2219,4141.4217,4141.7147,0.1197,0
2223,0,4140.2219,4141.4217,4141.8907,0.0371,0
2224,1,4141.7683,4143.1969,4143.5358,0.1615,0
2224,0,4141.7683,4143.1969,4143.7233,0.0454,0
2225,1,4143.6008,4144.7935,4145.1191,0.1162,0
2225,0,4143.6008,4144.7935,4145.3126,0.0369,0
2226,1,4145.1725,4146.4704,4146.7949,0.1192,0
2226,0,4145.1725,4146.4704,4147.0001,0.0449,0
2227,1,4146.8565,4148.3119,4148.6554,0.1663,0
2227,0,4146.8565,4148.3119,4148.8747,0.0754,0
2228,1,4148.7513,4149.9665,4150.2528,0.1171,0
2228,0,4148.7513,4149.9665,4150.4312,0.0369,0
2229,1,4150.3063,4151.9801,4152.3352,0.1537,0
2229,0,4150.3063,4151.9801,4152.5113,0.0357,0
2230,1,4152.3904,4153.8763,4154.2182,0.1236,0
2230,0,4152.3904,4153.8763,4154.4342,0.0431,0
2231,1,4154.2818,4155.5269,4155.8564,0.1184,0
2231,0,4154.2818,4155.5269,4156.0696,0.0419,0
2232,1,4155.9187,4157.6057,4157.9322,0.1197,0
2232,0,4155.9187,4157.6057,4158.1317,0.0384,0
2233,1,4157.9879,4159.4736,4159.7581,0.1135,0
2233,0,4157.9879,4159.4736,4159.9573,0.0368,0
2234,1,4159.8217,4161.0711,4161.3645,0.1199,0
2234,0,4159.8217,4161.0711,4161.5503,0.0383,0
2235,1,4161.4251,4162.9695,4163.3031,0.1194,0
2235,0,4161.4251,4162.9695,4163.5245,0.0474,0
2236,1,4163.3710,4164.6206,4165.2723,0.3817,0
2236,0,4163.3710,4164.6206,4165.4968,0.0891,0
2237,1,4165.3839,4166.6007,4166.8857,0.1188,0
2237,0,4165.3839,4166.6007,4167.0610,0.0353,0
2238,1,4166.9398,4168.4706,4168.8933,0.2546,0
2238,0,4166.9398,4168.4706,4169.1174,0.0755,0
2239,1,4168.9889,4170.2127,4170.6944,0.2806,0
2239,0,4168.9889,4170.2127,4170.8780,0.0376,0
2240,1,4170.7510,4171.9661,4172.3006,0.1243,0
2240,0,4170.7510,4171.9661,4172.5117,0.0446,0
2241,1,4172.3663,4173.8505,4174.1897,0.1559,0
2241,0,4172.3663,4173.8505,4174.3647,0.0363,0
2242,1,4174.2441,4175.4520,4175.7741,0.1172,0
2242,0,4174.2441,4175.4520,4175.9820,0.0451,0
2243,1,4175.8365,4177.1143,4177.4198,0.1130,0
2243,0,4175.8365,4177.1143,4177.6223,0.0439,0
2244,1,4177.4796,4178.9600,4179.2722,0.1167,0
2244,0,4177.4796,4178.9600,4179.4893,0.0445,0
2245,1,4179.3635,4180.6043,4180.8939,0.1175,0
2245,0,4179.3635,4180.6043,4181.1639,0.0366,0
2246,1,4180.9475,4182.5476,4182.9423,0.1960,0
2246,0,4180.9475,4182.5476,4183.1635,0.0406,0
2247,1,4183.0563,4184.5197,4185.0158,0.2347,0
2247,0,4183.0563,4184.5197,4185.3085,0.0480,0
2248,1,4185.0853,4186.3841,4186.7265,0.1117,0
2248,0,4185.0853,4186.3841,4186.9242,0.0366,0
2249,1,4186.7798,4188.1817,4188.4623,0.1163,0
2249,0,4186.7798,4188.1817,4188.6470,0.0347,0
2250,1,4188.5129,4189.9632,4190.2901,0.1614,0
2250,0,4188.5129,4189.9632,4190.4652,0.0361,0
2251,1,4190.3427,4191.5405,4191.8416,0.1131,0
2251,0,4190.3427,4191.5405,4192.0454,0.0491,0
2252,1,4191.9069,4193.3945,4193.7132,0.1195,0
2252,0,4191.9069,4193.3945,4193.9024,0.0429,0
2253,1,4193.7989,4195.1039,4195.6857,0.3805,0
2253,0,4193.7989,4195.1039,4195.9076,0.0423,0
2254,1,4195.7530,4197.0276,4197.3407,0.1106,0
2254,0,4195.7530,4197.0276,4197.5665,0.0420,0
2255,1,4197.4022,4198.9356,4199.2586,0.1202,0
2255,0,4197.4022,4198.9356,4199.4820,0.0435,0
2256,1,4199.3488,4200.7444,4201.1319,0.1850,0
2256,0,4199.3488,4200.7444,4201.4541,0.1424,0
2257,1,4201.3041,4202.5986,4202.9746,0.1911,0
2257,0,4201.3041,4202.5986,4203.1630,0.0373,0
2258,1,4203.0354,4204.5944,4204.9327,0.1218,0
2258,0,4203.0354,4204.5944,4205.1434,0.0466,0
2259,1,4204.9968,4206.2181,4206.5378,0.1159,0
2259,0,4204.9968,4206.2181,4206.8065,0.0895,0
2260,1,4206.6568,4207.9139,4208.2050,0.1167,0
2260,0,4206.6568,4207.9139,4208.3915,0.0434,0
2261,1,4208.2652,4209.7345,4210.0388,0.1145,0
2261,0,4208.2652,4209.7345,4210.2660,0.0448,0
2262,1,4210.1064,4211.3755,4211.7304,0.1113,0
2262,0,4210.1064,4211.3755,4211.9473,0.0367,0
2263,1,4211.7894,4213.1328,4213.4618,0.1193,0
2263,0,4211.7894,4213.1328,4213.6694,0.0448,0
2264,1,4213.5237,4214.7433,4215.3254,0.2706,0
2264,0,4213.5237,4214.7433,4215.5232,0.0424,0
2265,1,4215.3914,4216.7660,4217.0885,0.1592,0
2265,0,4215.3914,4216.7660,4217.4290,0.0824,0
2266,1,4217.1907,4218.6977,4219.0143,0.1097,0
2266,0,4217.1907,4218.6977,4219.2301,0.0437,0
2267,1,4219.0776,4220.5849,4220.8726,0.1172,0
2267,0,4219.0776,4220.5849,4221.0460,0.0349,0
2268,1,4220.9240,4222.1209,4222.4237,0.1132,0
2268,0,4220.9240,4222.1209,4222.6457,0.0455,0
2269,1,4222.4857,4224.1715,4224.4684,0.1185,0
2269,0,4222.4857,4224.1715,4224.6647,0.0376,0
2270,1,4224.5288,4225.7775,4226.2897,0.3449,0
2270,0,4224.5288,4225.7775,4226.4665,0.0357,0
2271,1,4226.3422,4227.5397,4227.8738,0.1228,0
2271,0,4226.3422,4227.5397,4228.0957,0.0411,0
2272,1,4227.9376,4229.4745,4229.7608,0.1090,0
2272,0,4227.9376,4229.4745,4229.9472,0.0363,0
2273,1,4229.8196,4231.0674,4231.4327,0.1876,0
2273,0,4229.8196,4231.0674,4231.7305,0.1409,0
2274,1,4231.6009,4232.8481,4233.1792,0.1229,0
2274,0,4231.6009,4232.8481,4233.3994,0.0480,0
2275,1,4233.2465,4234.7016,4235.1269,0.2586,0
2275,0,4233.2465,4234.7016,4235.3546,0.0746,0
2276,1,4235.2229,4236.4447,4236.7918,0.1153,0
2276,0,4235.2229,4236.4447,4236.9684,0.0376,0
2277,1,4236.8469,4238.2215,4238.5326,0.1166,0
2277,0,4236.8469,4238.2215,4238.7591,0.0517,0
2278,1,4238.6117,4240.3134,4240.6084,0.1153,0
2278,0,4238.6117,4240.3134,4240.8019,0.0438,0
2279,1,4240.6730,4241.8926,4242.1730,0.1100,0
2279,0,4240.6730,4241.8926,4242.4121,0.1069,0
2280,1,4242.3149,4243.6589,4243.9665,0.1157,0
2280,0,4242.3149,4243.6589,4244.1617,0.0398,0
2281,1,4244.0253,4245.5172,4245.8595,0.1207,0
2281,0,4244.0253,4245.5172,4246.0744,0.0450,0
2282,1,4245.9288,4247.1928,4247.4923,0.1114,0
2282,0,4245.9288,4247.1928,4247.7051,0.0436,0
2283,1,4247.5567,4249.1187,4249.4961,0.2031,0
2283,0,4247.5567,4249.1187,4249.6921,0.0363,0
2284,1,4249.5525,4250.9750,4251.4334,0.2558,0
2284,0,4249.5525,4250.9750,4251.7212,0.0417,0
2285,1,4251.4983,4252.8448,4253.1442,0.1209,0
2285,0,4251.4983,4252.8448,4253.4014,0.0436,0
2286,1,4253.2112,4254.7777,4255.1171,0.1340,0
2286,0,4253.2112,4254.7777,4255.3223,0.0436,0
2287,1,4255.1779,4256.6369,4256.9915,0.1621,0
2287,0,4255.1779,4256.6369,4257.2096,0.0442,0
2288,1,4257.0592,4258.3234,4258.6355,0.1148,0
2288,0,4257.0592,4258.3234,4258.8520,0.0415,0
2289,1,4258.7209,4260.2875,4260.5894,0.1148,0
2289,0,4258.7209,4260.2875,4260.8220,0.0457,0
2290,1,4260.6584,4262.2333,4262.5898,0.1329,0
2290,0,4260.6584,4262.2333,4262.7811,0.0451,0
2291,1,4262.6552,4263.8755,4264.1971,0.1137,0
2291,0,4262.6552,4263.8755,4264.5117,0.0470,0
2292,1,4264.2649,4265.9323,4266.2603,0.1194,0
2292,0,4264.2649,4265.9323,4266.4777,0.0429,0
2293,1,4266.3255,4267.7652,4268.2279,0.2634,0
2293,0,4266.3255,4267.7652,4268.4430,0.0447,0
2294,1,4268.2963,4269.5675,4269.8609,0.1167,0
2294,0,4268.2963,4269.5675,4270.0868,0.0359,0
2295,1,4269.9150,4271.6044,4271.9197,0.1202,0
2295,0,4269.9150,4271.6044,4272.1360,0.0441,0
2296,1,4271.9804,4273.4990,4273.8202,0.1188,0
2296,0,4271.9804,4273.4990,4274.0399,0.0460,0
2297,1,4273.8903,4275.1678,4275.4626,0.1179,0
2297,0,4273.8903,4275.1678,4275.7413,0.0376,0
2298,1,4275.5200,4277.0991,4277.3843,0.1217,0
2298,0,4275.5200,4277.0991,4277.5595,0.0352,0
2299,1,4277.4364,4278.9285,4279.2135,0.1138,0
2299,0,4277.4364,4278.9285,4279.3960,0.0363,0
2300,1,4279.2674,4280.4949,4280.8173,0.1189,0
2300,0,4279.2674,4280.4949,4281.0270,0.0481,0
2301,1,4280.8823,4282.4048,4282.7229,0.1183,0
2301,0,4280.8823,4282.4048,4282.9258,0.0460,0
2302,1,4282.7857,4284.0153,4284.4339,0.2269,0
2302,0,4282.7857,4284.0153,4284.7561,0.1665,0
2303,1,4284.6210,4285.8633,4286.1567,0.1147,0
2303,0,4284.6210,4285.8633,4286.3311,0.0345,0
2304,1,4286.2082,4287.6596,4288.0184,0.1616,0
2304,0,4286.2082,4287.6596,4288.2256,0.0456,0
2305,1,4288.0873,4289.3384,4289.6519,0.1216,0
2305,0,4288.0873,4289.3384,4289.8391,0.0420,0
2306,1,4289.7141,4291.0726,4291.3635,0.1213,0
2306,0,4289.7141,4291.0726,4291.5368,0.0364,0
2307,1,4291.4188,4292.9278,4293.2214,0.1141,0
2307,0,4291.4188,4292.9278,4293.4043,0.0376,0
2308,1,4293.2820,4294.5323,4294.9808,0.1362,0
2308,0,4293.2820,4294.5323,4295.2420,0.1049,0
2309,1,4295.1048,4296.4598,4296.7494,0.1151,0
2309,0,4295.1048,4296.4598,4296.9238,0.0353,0
2310,1,4296.8010,4298.0229,4298.5912,0.3850,0
2310,0,4296.8010,4298.0229,4298.7865,0.0451,0
2311,1,4298.6587,4299.9160,4300.2427,0.1214,0
2311,0,4298.6587,4299.9160,4300.4527,0.0424,0
2312,1,4300.3038,4301.7945,4302.2395,0.2533,0
2312,0,4300.3038,4301.7945,4302.4166,0.0393,0
2313,1,4302.2953,4303.5076,4304.0652,0.3438,0
2313,0,4302.2953,4303.5076,4304.2781,0.0417,0
2314,1,4304.1276,4305.3807,4305.6731,0.1149,0
2314,0,4304.1276,4305.3807,4305.8729,0.0432,0
2315,1,4305.7329,4307.2354,4307.5156,0.1170,0
2315,0,4305.7329,4307.2354,4307.7173,0.0355,0
2316,1,4307.5669,4308.8061,4309.1047,0.1088,0
2316,0,4307.5669,4308.8061,4309.3091,0.0447,0
2317,1,4309.1652,4310.4463,4310.7515,0.1132,0
2317,0,4309.1652,4310.4463,4311.1591,0.0901,0
2318,1,4310.9145,4312.6307,4312.9275,0.1190,0
2318,0,4310.9145,4312.6307,4313.1486,0.0443,0
2319,1,4313.0107,4314.2909,4314.6032,0.1111,0
2319,0,4313.0107,4314.2909,4314.8458,0.0414,0
2320,1,4314.6665,4316.0475,4316.3679,0.1193,0
2320,0,4314.6665,4316.0475,4316.5726,0.0415,0
2321,1,4316.4262,4317.8605,4318.3222,0.2616,0
2321,0,4316.4262,4317.8605,4318.5393,0.0403,0
2322,1,4318.3918,4319.6912,4319.9682,0.1152,0
2322,0,4318.3918,4319.6912,4320.2179,0.1042,0
2323,1,4320.0943,4321.5739,4321.8573,0.1142,0
2323,0,4320.0943,4321.5739,4322.0499,0.0350,0
2324,1,4321.9170,4323.4894,4323.8079,0.1189,0
2324,0,4321.9170,4323.4894,4324.0011,0.0432,0
2325,1,4323.8936,4325.2163,4325.5163,0.1124,0
2325,0,4323.8936,4325.2163,4325.8208,0.1088,0
2326,1,4325.6480,4327.0260,4327.3535,0.1203,0
2326,0,4325.6480,4327.0260,4327.5704,0.0430,0
2327,1,4327.4206,4328.9841,4329.3010,0.1179,0
2327,0,4327.4206,4328.9841,4329.5039,0.0394,0
2328,1,4329.3626,4330.6285,4330.9363,0.1142,0
2328,0,4329.3626,4330.6285,4331.1979,0.0478,0
2329,1,4331.0084,4332.6057,4332.9122,0.1154,0
2329,0,4331.0084,4332.6057,4333.1216,0.0432,0
2330,1,4332.9755,4334.4190,4334.8972,0.2558,0
2330,0,4332.9755,4334.4190,4335.1127,0.0480,0
2331,1,4334.9739,4336.2608,4336.5449,0.1137,0
2331,0,4334.9739,4336.2608,4336.7587,0.0352,0
2332,1,4336.5991,4338.2873,4338.5961,0.1168,0
2332,0,4336.5991,4338.2873,4338.7918,0.0394,0
2333,1,4338.6514,4340.1703,4340.4925,0.1230,0
2333,0,4338.6514,4340.1703,4340.7053,0.0440,0
2334,1,4340.5836,4341.8516,4342.1580,0.1141,0
2334,0,4340.5836,4341.8516,4342.4146,0.0376,0
2335,1,4342.2179,4343.8170,4344.1012,0.1053,0
2335,0,4342.2179,4343.8170,4344.2819,0.0360,0
2336,1,4344.1556,4345.6648,4345.9436,0.1144,0
2336,0,4344.1556,4345.6648,4346.1254,0.0353,0
2337,1,4346.0022,4347.2685,4347.5705,0.1129,0
2337,0,4346.0022,4347.2685,4347.8459,0.0391,0
2338,1,4347.6314,4349.2402,4349.5540,0.1134,0
2338,0,4347.6314,4349.2402,4349.7630,0.0427,0
2339,1,4349.6149,4351.0582,4351.5151,0.2560,0
2339,0,4349.6149,4351.0582,4351.7275,0.0450,0
2340,1,4351.5842,4352.8666,4353.1457,0.1155,0
2340,0,4351.5842,4352.8666,4353.3191,0.0368,0
2341,1,4353.2014,4354.8445,4355.1646,0.1224,0
2341,0,4353.2014,4354.8445,4355.3683,0.0446,0
2342,1,4355.2299,4356.7456,4357.0739,0.1205,0
2342,0,4355.2299,4356.7456,4357.2844,0.0475,0
2343,1,4357.1446,4358.4027,4358.7279,0.1195,0
2343,0,4357.1446,4358.4027,4358.9836,0.0504,0
2344,1,4358.7965,4360.3627,4360.6585,0.1160,0
2344,0,4358.7965,4360.3627,4360.8685,0.0444,0
2345,1,4360.7188,4362.2375,4362.5124,0.1138,0
2345,0,4360.7188,4362.2375,4362.7068,0.0357,0
2346,1,4362.5640,4363.8066,4364.1312,0.1159,0
2346,0,4362.5640,4363.8066,4364.3430,0.0397,0
2347,1,4364.1917,4365.7493,4366.0380,0.1129,0
2347,0,4364.1917,4365.7493,4366.2225,0.0375,0
2348,1,4366.0940,4367.3258,4367.7795,0.2534,0
2348,0,4366.0940,4367.3258,4368.1426,0.1576,0
2349,1,4367.9604,4369.2818,4369.5597,0.1101,0
2349,0,4367.9604,4369.2818,4369.7784,0.0389,0
2350,1,4369.6218,4371.1454,4371.4866,0.1630,0
2350,0,4369.6218,4371.1454,4371.6719,0.0365,0
2351,1,4371.5415,4372.8096,4373.0916,0.1082,0
2351,0,4371.5415,4372.8096,4373.6637,0.3045,0
2352,1,4373.4126,4374.7579,4375.0503,0.1127,0
2352,0,4373.4126,4374.7579,4375.2302,0.0371,0
2353,1,4375.1068,4376.6056,4376.9463,0.1191,0
2353,0,4375.1068,4376.6056,4377.1613,0.0409,0
2354,1,4377.0080,4378.2773,4378.6419,0.1661,0
2354,0,4377.0080,4378.2773,4379.1338,0.3296,0
2355,1,4378.9898,4380.2329,4380.5194,0.1144,0
2355,0,4378.9898,4380.2329,4380.7174,0.0373,0
2356,1,4380.5836,4382.0861,4382.3644,0.1141,0
2356,0,4380.5836,4382.0861,4382.5562,0.0361,0
2357,1,4382.4257,4383.7028,4384.1096,0.1139,0
2357,0,4382.4257,4383.7028,4384.4871,0.2169,0
2358,1,4384.3461,4385.6170,4385.9008,0.1096,0
2358,0,4384.3461,4385.6170,4386.0854,0.0369,0
2359,1,4385.9609,4387.4460,4387.7894,0.1593,0
2359,0,4385.9609,4387.4460,4387.9784,0.0389,0
2360,1,4387.8496,4389.1092,4389.3936,0.1102,0
2360,0,4387.8496,4389.1092,4389.6503,0.1020,0
2361,1,4389.5231,4390.9571,4391.2396,0.1158,0
2361,0,4389.5231,4390.9571,4391.4230,0.0368,0
2362,1,4391.2980,4392.8297,4393.1368,0.1147,0
2362,0,4391.2980,4392.8297,4393.3404,0.0592,0
2363,1,4393.2302,4394.5513,4394.8956,0.1409,0
2363,0,4393.2302,4394.5513,4395.2043,0.1507,0
2364,1,4395.0877,4396.4109,4396.7127,0.1193,0
2364,0,4395.0877,4396.4109,4396.9032,0.0408,0
2365,1,4396.7727,4398.2865,4398.5670,0.1156,0
2365,0,4396.7727,4398.2865,4398.7963,0.0382,0
2366,1,4398.6315,4399.9369,4400.2568,0.1197,0
2366,0,4398.6315,4399.9369,4400.4692,0.0438,0
2367,1,4400.3193,4402.0732,4402.3496,0.1098,0
2367,0,4400.3193,4402.0732,4402.5177,0.0353,0
2368,1,4402.4012,4403.6354,4404.0980,0.2818,0
2368,0,4402.4012,4403.6354,4404.2884,0.0367,0
2369,1,4404.1578,4405.4187,4405.7280,0.1224,0
2369,0,4404.1578,4405.4187,4406.0680,0.1952,0
2370,1,4405.9445,4407.4622,4407.8059,0.1692,0
2370,0,4405.9445,4407.4622,4407.9838,0.0360,0
2371,1,4407.8609,4409.0946,4409.6834,0.3781,0
2371,0,4407.8609,4409.0946,4409.9054,0.0479,0
2372,1,4409.7543,4411.0318,4411.3238,0.1145,0
2372,0,4409.7543,4411.0318,4411.5054,0.0354,0
2373,1,4411.3790,4412.8938,4413.2199,0.1193,0
2373,0,4411.3790,4412.8938,4413.4472,0.0412,0
2374,1,4413.2790,4414.5518,4414.8727,0.1192,0
2374,0,4413.2790,4414.5518,4415.2005,0.1473,0
2375,1,4415.0390,4416.2867,4416.6023,0.1169,0
2375,0,4415.0390,4416.2867,4416.7982,0.0392,0
2376,1,4416.6579,4418.0822,4418.4779,0.2231,0
2376,0,4416.6579,4418.0822,4418.7235,0.0534,0
2377,1,4418.5482,4419.8216,4420.1792,0.1167,0
2377,0,4418.5482,4419.8216,4420.3607,0.0365,0
2378,1,4420.2529,4421.5244,4421.8100,0.1160,0
2378,0,4420.2529,4421.5244,4421.9827,0.0348,0
2379,1,4421.8612,4423.3462,4423.6353,0.1210,0
2379,0,4421.8612,4423.3462,4423.8048,0.0344,0
2380,1,4423.6860,4424.8998,4425.1903,0.1148,0
2380,0,4423.6860,4424.8998,4425.3752,0.0354,0
2381,1,4425.2478,4426.7754,4427.0609,0.1147,0
2381,0,4425.2478,4426.7754,4427.2392,0.0378,0
2382,1,4427.1154,4428.3366,4428.6036,0.1053,0
2382,0,4427.1154,4428.3366,4429.0985,0.3299,0
2383,1,4428.9528,4430.1928,4430.4787,0.1156,0
2383,0,4428.9528,4430.1928,4430.6679,0.0360,0
2384,1,4430.5310,4432.0391,4432.3552,0.1197,0
2384,0,4430.5310,4432.0391,4432.5669,0.0431,0
2385,1,4432.4220,4433.7019,4434.1230,0.1135,0
2385,0,4432.4220,4433.7019,4434.5103,0.2141,0
2386,1,4434.3568,4435.7368,4436.0430,0.1247,0
2386,0,4434.3568,4435.7368,4436.2237,0.0350,0
2387,1,4436.0959,4437.5951,4437.8760,0.1199,0
2387,0,4436.0959,4437.5951,4438.0484,0.0349,0
2388,1,4437.9276,4439.1482,4439.5176,0.1268,0
2388,0,4437.9276,4439.1482,4439.7204,0.0386,0
2389,1,4439.5735,4440.8884,4441.1650,0.1145,0
2389,0,4439.5735,4440.8884,4441.3354,0.0341,0
2390,1,4441.2154,4442.4379,4443.0218,0.3878,0
2390,0,4441.2154,4442.4379,4443.2435,0.0488,0
2391,1,4443.0963,4444.3748,4444.6824,0.1154,0
2391,0,4443.0963,4444.3748,4444.8714,0.0380,0
2392,1,4444.7382,4446.2937,4446.5855,0.1211,0
2392,0,4444.7382,4446.2937,4446.7999,0.0492,0
2393,1,4446.6523,4447.8955,4448.2163,0.1185,0
2393,0,4446.6523,4447.8955,4448.5305,0.1605,0
2394,1,4448.4043,4449.6573,4449.9813,0.1202,0
2394,0,4448.4043,4449.6573,4450.1929,0.0418,0
2395,1,4450.0411,4451.4785,4451.8686,0.2126,0
2395,0,4450.0411,4451.4785,4452.0875,0.0550,0
2396,1,4451.9424,4453.2069,4453.4980,0.1087,0
2396,0,4451.9424,4453.2069,4453.6822,0.0357,0
2397,1,4453.5514,4454.9402,4455.2329,0.1154,0
2397,0,4453.5514,4454.9402,4455.4200,0.0379,0
2398,1,4455.2929,4456.8299,4457.1223,0.1157,0
2398,0,4455.2929,4456.8299,4457.3424,0.0375,0
2399,1,4457.2560,4458.4846,4458.7672,0.1149,0
2399,0,4457.2560,4458.4846,4458.9855,0.0364,0
2400,1,4458.8280,4460.4020,4460.7095,0.1217,0
2400,0,4458.8280,4460.4020,4460.8897,0.0426,0
2401,1,4460.7686,4462.2525,4462.5499,0.1182,0
2401,0,4460.7686,4462.2525,4462.7611,0.0445,0
2402,1,4462.6144,4463.8549,4464.1603,0.1049,0
2402,0,4462.6144,4463.8549,4464.3553,0.0435,0
2403,1,4464.2241,4465.7560,4466.0488,0.1152,0
2403,0,4464.2241,4465.7560,4466.2422,0.0428,0
2404,1,4466.1109,4467.3515,4467.9989,0.4616,0
2404,0,4466.1109,4467.3515,4468.2072,0.0548,0
2405,1,4468.0742,4469.3202,4469.6566,0.1209,0
2405,0,4468.0742,4469.3202,4469.9057,0.0396,0
2406,1,4469.7202,4471.3258,4471.6170,0.1148,0
2406,0,4469.7202,4471.3258,4471.8516,0.0350,0
2407,1,4471.7522,4473.0166,4473.7195,0.4032,0
2407,0,4471.7522,4473.0166,4474.0118,0.0661,0
2408,1,4473.8131,4475.1557,4475.4451,0.1140,0
2408,0,4473.8131,4475.1557,4475.7325,0.0936,0
2409,1,4475.5585,4477.1028,4477.4167,0.1170,0
2409,0,4475.5585,4477.1028,4477.7543,0.1637,0
2410,1,4477.6031,4479.1584,4479.4990,0.1711,0
2410,0,4477.6031,4479.1584,4479.6754,0.0407,0
2411,1,4479.5680,4480.8679,4481.2559,0.1176,0
2411,0,4479.5680,4480.8679,4481.4783,0.0517,0
2412,1,4481.3275,4482.6656,4482.9580,0.1154,0
2412,0,4481.3275,4482.6656,4483.1797,0.0454,0
2413,1,4483.0390,4484.5122,4484.9123,0.2115,0
2413,0,4483.0390,4484.5122,4485.1178,0.0389,0
2414,1,4484.9730,4486.2396,4486.5374,0.1143,0
2414,0,4484.9730,4486.2396,4486.7474,0.0433,0
2415,1,4486.6607,4488.1505,4488.5218,0.1141,0
2415,0,4486.6607,4488.1505,4488.7150,0.0435,0
2416,1,4488.5860,4490.1013,4490.3982,0.1121,0
2416,0,4488.5860,4490.1013,4490.5922,0.0416,0
2417,1,4490.4606,4491.7122,4491.9968,0.1147,0
2417,0,4490.4606,4491.7122,4492.1731,0.0362,0
2418,1,4492.0498,4493.5628,4493.8506,0.1145,0
2418,0,4492.0498,4493.5628,4494.0785,0.0741,0
2419,1,4493.9465,4495.1908,4495.8120,0.4464,0
2419,0,4493.9465,4495.1908,4495.9984,0.0399,0
2420,1,4495.8719,4497.1176,4497.4129,0.1130,0
2420,0,4495.8719,4497.1176,4497.6167,0.0425,0
2421,1,4497.4925,4499.2517,4499.5530,0.1170,0
2421,0,4497.4925,4499.2517,4499.7666,0.0378,0
2422,1,4499.6327,4501.0916,4501.5926,0.2206,0
2422,0,4499.6327,4501.0916,4501.8781,0.0651,0
2423,1,4501.7000,4502.9898,4503.4038,0.1173,0
2423,0,4501.7000,4502.9898,4503.9855,0.0507,0
2424,1,4503.4775,4505.1459,4505.4422,0.1162,0
2424,0,4503.4775,4505.1459,4505.8594,0.0402,0
2425,1,4505.5023,4506.6548,4507.2003,0.3494,0
2425,0,4505.5023,4506.6548,4507.3962,0.0458,0
2426,1,4507.2664,4508.5208,4508.8166,0.1150,0
2426,0,4507.2664,4508.5208,4509.0463,0.0372,0
2427,1,4508.8733,4510.3200,4510.6759,0.1775,0
2427,0,4508.8733,4510.3200,4510.8666,0.0440,0
2428,1,4510.7401,4512.2479,4512.5535,0.1165,0
2428,0,4510.7401,4512.2479,4512.7407,0.0437,0
2429,1,4512.6174,4513.8560,4514.1534,0.1162,0
2429,0,4512.6174,4513.8560,4514.3262,0.0473,0
2430,1,4515.1963,4516.3454,4516.6549,0.1251,0
2430,0,4515.1963,4516.3454,4516.9444,0.0366,0
2431,1,4516.7578,4518.4764,4519.0011,0.3446,0
2431,0,4516.7578,4518.4764,4519.1932,0.0445,0
2432,1,4519.0656,4520.3136,4520.6133,0.1146,0
2432,0,4519.0656,4520.3136,4521.0377,0.2803,0
2433,1,4520.9147,4522.1501,4522.4458,0.1147,0
2433,0,4520.9147,4522.1501,4522.6391,0.0440,0
2434,1,4522.5066,4524.0784,4524.3774,0.1162,0
2434,0,4522.5066,4524.0784,4524.5639,0.0434,0
2435,1,4524.4378,4525.6687,4526.0280,0.1218,0
2435,0,4524.4378,4525.6687,4526.4309,0.2073,0
2436,1,4526.2578,4527.5699,4527.8668,0.1147,0
2436,0,4526.2578,4527.5699,4528.0671,0.0454,0
2437,1,4527.9332,4529.4553,4529.7621,0.1164,0
2437,0,4527.9332,4529.4553,4529.9446,0.0431,0
2438,1,4529.8260,4531.0722,4531.3998,0.1420,0
2438,0,4529.8260,4531.0722,4531.9449,0.3664,0
2439,1,4531.7955,4533.0951,4533.6183,0.1192,0
2439,0,4531.7955,4533.0951,4533.8203,0.0461,0
2440,1,4533.6827,4535.1576,4535.5924,0.2527,0
2440,0,4533.6827,4535.1576,4535.7867,0.0479,0
2441,1,4535.6608,4536.8992,4537.4341,0.3564,0
2441,0,4535.6608,4536.8992,4537.6279,0.0377,0
2442,1,4537.4912,4538.7338,4539.0639,0.1201,0
2442,0,4537.4912,4538.7338,4539.2735,0.0466,0
2443,1,4539.1277,4540.6449,4540.9363,0.1142,0
2443,0,4539.1277,4540.6449,4541.1425,0.0368,0
2444,1,4540.9967,4542.2775,4542.5980,0.1160,0
2444,0,4540.9967,4542.2775,4542.9120,0.1617,0
2445,1,4542.7836,4544.0326,4544.3239,0.1127,0
2445,0,4542.7836,4544.0326,4544.5195,0.0445,0
2446,1,4544.3876,4545.9036,4546.3084,0.1247,0
2446,0,4544.3876,4545.9036,4546.6155,0.0426,0
2447,1,4546.3762,4547.7335,4548.0657,0.1415,0
2447,0,4546.3762,4547.7335,4548.4647,0.2482,0
2448,1,4548.3335,4549.5804,4549.8760,0.1166,0
2448,0,4548.3335,4549.5804,4550.0567,0.0414,0
2449,1,4549.9338,4551.6075,4551.8939,0.1114,0
2449,0,4549.9338,4551.6075,4552.0942,0.0432,0
2450,1,4551.9573,4553.2131,4553.5511,0.1190,0
2450,0,4551.9573,4553.2131,4553.7873,0.0592,0
2451,1,4553.6330,4554.9330,4555.2303,0.1156,0
2451,0,4553.6330,4554.9330,4555.4362,0.0488,0
2452,1,4555.3004,4556.8212,4557.1162,0.1153,0
2452,0,4555.3004,4556.8212,4557.3066,0.0464,0
2453,1,4557.1830,4558.4294,4558.7388,0.1143,0
2453,0,4557.1830,4558.4294,4558.9692,0.0418,0
2454,1,4558.7977,4560.3638,4560.6696,0.1158,0
2454,0,4558.7977,4560.3638,4560.8652,0.0460,0
2455,1,4560.7361,4562.2297,4562.5493,0.1398,0
2455,0,4560.7361,4562.2297,4562.7677,0.0449,0
2456,1,4562.6173,4563.8879,4564.1786,0.1110,0
2456,0,4562.6173,4563.8879,4564.3663,0.0375,0
2457,1,4564.2361,4565.7582,4566.0558,0.1165,0
2457,0,4564.2361,4565.7582,4566.2516,0.0379,0
2458,1,4566.1176,4567.3881,4568.0677,0.4711,0
2458,0,4566.1176,4567.3881,4568.2836,0.0447,0
2459,1,4568.1312,4569.3846,4569.7069,0.1171,0
2459,0,4568.1312,4569.3846,4569.9255,0.0398,0
2460,1,4569.7711,4571.3321,4571.6363,0.1161,0
2460,0,4569.7711,4571.3321,4571.8259,0.0412,0
2461,1,4571.6978,4572.9447,4573.5274,0.3753,0
2461,0,4571.6978,4572.9447,4573.7474,0.0419,0
2462,1,4573.5913,4574.8559,4575.1750,0.1171,0
2462,0,4573.5913,4574.8559,4575.3988,0.0507,0
2463,1,4575.2466,4576.7743,4577.2264,0.1150,0
2463,0,4575.2466,4576.7743,4577.4565,0.0454,0
2464,1,4577.3085,4578.5948,4579.1805,0.4063,0
2464,0,4577.3085,4578.5948,4579.3680,0.0364,0
2465,1,4579.2373,4580.4830,4580.8458,0.1153,0
2465,0,4579.2373,4580.4830,4581.1007,0.0534,0
2466,1,4580.9175,4582.4808,4582.7805,0.1171,0
2466,0,4580.9175,4582.4808,4582.9865,0.0471,0
2467,1,4582.8519,4584.3218,4584.7598,0.2422,0
2467,0,4582.8519,4584.3218,4584.9842,0.0452,0
2468,1,4584.9132,4586.1427,4586.4356,0.1142,0
2468,0,4584.9132,4586.1427,4586.6273,0.0358,0
2469,1,4586.4909,4588.0241,4588.3210,0.1162,0
2469,0,4586.4909,4588.0241,4588.5188,0.0363,0
2470,1,4588.3842,4589.6891,4590.1531,0.2906,0
2470,0,4588.3842,4589.6891,4590.3479,0.0429,0
2471,1,4590.2320,4591.4654,4591.7595,0.1155,0
2471,0,4590.2320,4591.4654,4591.9598,0.0464,0
2472,1,4591.8265,4593.3473,4593.6487,0.1161,0
2472,0,4591.8265,4593.3473,4593.8446,0.0429,0
2473,1,4593.7106,4594.9568,4595.2938,0.1482,0
2473,0,4593.7106,4594.9568,4595.8011,0.3609,0
2474,1,4595.6794,4596.9249,4597.2253,0.1169,0
2474,0,4595.6794,4596.9249,4597.4175,0.0448,0
2475,1,4597.2874,4598.7874,4599.0872,0.1195,0
2475,0,4597.2874,4598.7874,4599.3116,0.0459,0
2476,1,4599.1535,4600.4248,4600.9363,0.1141,0
2476,0,4599.1535,4600.4248,4601.4480,0.3543,0
2477,1,4601.3124,4602.5642,4602.8523,0.1129,0
2477,0,4601.3124,4602.5642,4603.0381,0.0361,0
2478,1,4602.9070,4604.4107,4604.7150,0.1194,0
2478,0,4602.9070,4604.4107,4604.9226,0.0429,0
2479,1,4604.7783,4606.0402,4606.4929,0.1113,0
2479,0,4604.7783,4606.0402,4607.0947,0.2255,0
2480,1,4606.7423,4607.8985,4608.1783,0.0945,0
2480,0,4606.7423,4607.8985,4608.3609,0.0376,0
2481,1,4608.2353,4609.7068,4610.0381,0.1608,0
2481,0,4608.2353,4609.7068,4610.2150,0.0371,0
2482,1,4610.0917,4611.3143,4611.6151,0.1146,0
2482,0,4610.0917,4611.3143,4611.8170,0.0364,0
2483,1,4611.6715,4613.0869,4613.3949,0.1214,0
2483,0,4611.6715,4613.0869,4613.5840,0.0427,0
2484,1,4613.4545,4614.6909,4615.2147,0.3435,0
2484,0,4613.4545,4614.6909,4615.4036,0.0442,0
2485,1,4615.2806,4616.5234,4616.8095,0.1139,0
2485,0,4615.2806,4616.5234,4616.9852,0.0362,0
2486,1,4616.8623,4618.2789,4618.7609,0.2509,0
2486,0,4616.8623,4618.2789,4618.9738,0.0502,0
2487,1,4618.8282,4620.0702,4620.3788,0.1083,0
2487,0,4618.8282,4620.0702,4620.7802,0.2380,0
2488,1,4620.6343,4621.8896,4622.2013,0.1124,0
2488,0,4620.6343,4621.8896,4622.4143,0.0465,0
2489,1,4622.2721,4623.7908,4624.1491,0.1161,0
2489,0,4622.2721,4623.7908,4624.4057,0.0513,0
2490,1,4624.2251,4625.5340,4625.8518,0.1293,0
2490,0,4624.2251,4625.5340,4626.5689,0.3700,0
2491,1,4626.2467,4627.6484,4627.9421,0.1165,0
2491,0,4626.2467,4627.6484,4628.2731,0.0423,0
2492,1,4628.0544,4629.6788,4629.9651,0.1114,0
2492,0,4628.0544,4629.6788,4630.3334,0.0370,0
2493,1,4630.0751,4631.7058,4631.9970,0.1121,0
2493,0,4630.0751,4631.7058,4632.2649,0.0375,0
2494,1,4632.1073,4633.3737,4633.7027,0.1098,0
2494,0,4632.1073,4633.3737,4633.9704,0.0420,0
2495,1,4633.7817,4635.5186,4635.8160,0.1123,0
2495,0,4633.7817,4635.5186,4635.9831,0.0369,0
2496,1,4635.9400,4637.2366,4637.8605,0.3859,0
2496,0,4635.9400,4637.2366,4638.4790,0.0464,0
2497,1,4637.9274,4639.1380,4641.3997,1.9841,0
2497,0,4637.9274,4639.1380,4644.1572,2.5920,0
2498,1,4644.0127,4645.2889,4645.6221,0.1192,0
2498,0,4644.0127,4645.2889,4645.9218,0.1489,0
2499,1,4645.7879,4647.2294,4647.5469,0.1296,0
2499,0,4645.7879,4647.2294,4647.7441,0.0472,0
2500,1,4647.6130,4649.1595,4649.4539,0.1135,0
2500,0,4647.6130,4649.1595,4649.6416,0.0378,0
2501,1,4649.5093,4650.7494,4651.3988,0.4701,0
2501,0,4649.5093,4650.7494,4651.5920,0.0449,0
2502,1,4651.4638,4652.7131,4653.0112,0.1221,0
2502,0,4651.4638,4652.7131,4653.1929,0.0436,0
2503,1,4653.0866,4654.8372,4655.1480,0.1225,0
2503,0,4653.0866,4654.8372,4655.3416,0.0368,0
2504,1,4655.2061,4656.7566,4657.1095,0.1739,0
2504,0,4655.2061,4656.7566,4657.4107,0.0362,0
2505,1,4657.1632,4658.5535,4658.8500,0.1207,0
2505,0,4657.1632,4658.5535,4659.0917,0.0378,0
2506,1,4658.9071,4660.5022,4660.7965,0.1212,0
2506,0,4658.9071,4660.5022,4660.9920,0.0359,0
2507,1,4660.8591,4662.4462,4662.7405,0.1159,0
2507,0,4660.8591,4662.4462,4662.9256,0.0444,0
2508,1,4662.8021,4664.0281,4664.3192,0.1148,0
2508,0,4662.8021,4664.0281,4664.5333,0.0366,0
2509,1,4664.3743,4665.9400,4666.2315,0.1217,0
2509,0,4664.3743,4665.9400,4666.4150,0.0444,0
2510,1,4666.2927,4667.7096,4668.1675,0.2583,0
2510,0,4666.2927,4667.7096,4668.3941,0.0448,0
2511,1,4668.2361,4669.5236,4669.8092,0.1172,0
2511,0,4668.2361,4669.5236,4670.0047,0.0360,0
2512,1,4669.8802,4671.3975,4671.6842,0.1170,0
2512,0,4669.8802,4671.3975,4671.8590,0.0353,0
2513,1,4671.7359,4672.9707,4673.4388,0.2660,0
2513,0,4671.7359,4672.9707,4673.7069,0.0463,0
2514,1,4673.5085,4674.8392,4675.1335,0.1132,0
2514,0,4673.5085,4674.8392,4675.3296,0.0429,0
2515,1,4675.1959,4676.7032,4676.9963,0.1138,0
2515,0,4675.1959,4676.7032,4677.1939,0.0408,0
2516,1,4677.0606,4678.3257,4678.6482,0.1258,0
2516,0,4677.0606,4678.3257,4679.1495,0.3190,0
2517,1,4678.9901,4680.2808,4680.5958,0.1163,0
2517,0,4678.9901,4680.2808,4680.7979,0.0423,0
2518,1,4680.6549,4682.1741,4682.4877,0.1188,0
2518,0,4680.6549,4682.1741,4682.7053,0.0441,0
2519,1,4682.5557,4683.8464,4684.2015,0.1441,0
2519,0,4682.5557,4683.8464,4684.4731,0.1235,0
2520,1,4684.3441,4685.7169,4686.0554,0.1165,0
2520,0,4684.3441,4685.7169,4686.2691,0.0477,0
2521,1,4686.1214,4687.6475,4687.9528,0.1136,0
2521,0,4686.1214,4687.6475,4688.1654,0.0443,0
2522,1,4688.0201,4689.3002,4689.6503,0.1167,0
2522,0,4688.0201,4689.3002,4689.8799,0.0428,0
2523,1,4689.7282,4691.3301,4691.6179,0.1185,0
2523,0,4689.7282,4691.3301,4691.8466,0.0462,0
2524,1,4691.6869,4693.2394,4693.5674,0.1197,0
2524,0,4691.6869,4693.2394,4693.7742,0.0440,0
2525,1,4693.6321,4694.8872,4695.1752,0.1086,0
2525,0,4693.6321,4694.8872,4695.3397,0.0348,0
2526,1,4695.2967,4696.6096,4696.8903,0.1148,0
2526,0,4695.2967,4696.6096,4697.0863,0.0495,0
2527,1,4696.9583,4698.4665,4698.7821,0.1224,0
2527,0,4696.9583,4698.4665,4699.0025,0.0453,0
2528,1,4698.8515,4700.1325,4700.4338,0.1121,0
2528,0,4698.8515,4700.1325,4700.7760,0.0440,0
2529,1,4700.4964,4702.2196,4702.5356,0.1206,0
2529,0,4700.4964,4702.2196,4702.7584,0.0416,0
2530,1,4702.6040,4704.1652,4704.4993,0.1197,0
2530,0,4702.6040,4704.1652,4705.0615,0.0438,0
2531,1,4704.5606,4706.0325,4706.3172,0.1109,0
2531,0,4704.5606,4706.0325,4706.4975,0.0364,0
2532,1,4706.3726,4707.7013,4708.0229,0.1147,0
2532,0,4706.3726,4707.7013,4708.2320,0.0405,0
2533,1,4708.0853,4709.6605,4709.9421,0.1154,0
2533,0,4708.0853,4709.6605,4710.1516,0.0358,0
2534,1,4710.0676,4711.3129,4711.6214,0.1130,0
2534,0,4710.0676,4711.3129,4711.8464,0.0410,0
2535,1,4711.6845,4713.3816,4713.6953,0.1147,0
2535,0,4711.6845,4713.3816,4713.9190,0.0491,0
2536,1,4713.7678,4715.3104,4715.6079,0.1144,0
2536,0,4713.7678,4715.3104,4715.7965,0.0468,0
2537,1,4715.6725,4716.8996,4717.1773,0.1139,0
2537,0,4715.6725,4716.8996,4717.4680,0.0350,0
2538,1,4717.2337,4718.8917,4719.1774,0.1124,0
2538,0,4717.2337,4718.8917,4719.3622,0.0374,0
2539,1,4719.2372,4720.7940,4721.0843,0.1142,0
2539,0,4719.2372,4720.7940,4721.2667,0.0368,0
2540,1,4721.1439,4722.4071,4722.7179,0.1277,0
2540,0,4721.1439,4722.4071,4722.9688,0.0379,0
2541,1,4722.7782,4724.3002,4724.5910,0.1112,0
2541,0,4722.7782,4724.3002,4724.8013,0.0435,0
2542,1,4724.6784,4726.2325,4726.5295,0.1137,0
2542,0,4724.6784,4726.2325,4726.7240,0.0421,0
2543,1,4726.5911,4727.8351,4728.1505,0.1145,0
2543,0,4726.5911,4727.8351,4728.4169,0.0435,0
2544,1,4728.2110,4729.8053,4730.1141,0.1135,0
2544,0,4728.2110,4729.8053,4730.3319,0.0454,0
2545,1,4730.1791,4731.7075,4732.0275,0.1133,0
2545,0,4730.1791,4731.7075,4732.2469,0.0428,0
2546,1,4732.0994,4733.3985,4733.7007,0.1147,0
2546,0,4732.0994,4733.3985,4733.8896,0.0441,0
2547,1,4733.7664,4735.5997,4735.9787,0.1196,0
2547,0,4733.7664,4735.5997,4736.1900,0.0468,0
2548,1,4736.0449,4737.5711,4737.8865,0.1153,0
2548,0,4736.0449,4737.5711,4738.1062,0.0398,0
2549,1,4737.9515,4739.2399,4739.5799,0.1151,0
2549,0,4737.9515,4739.2399,4739.8130,0.0568,0
2550,1,4739.6591,4740.9851,4741.2700,0.1150,0
2550,0,4739.6591,4740.9851,4741.4445,0.0363,0
2551,1,4741.3253,4742.8376,4743.1597,0.1159,0
2551,0,4741.3253,4742.8376,4743.3767,0.0431,0
2552,1,4743.2221,4744.4757,4744.8022,0.1181,0
2552,0,4743.2221,4744.4757,4745.0778,0.0485,0
2553,1,4744.8690,4746.4642,4746.7837,0.1227,0
2553,0,4744.8690,4746.4642,4746.9876,0.0437,0
2554,1,4746.8453,4748.3605,4748.6687,0.1149,0
2554,0,4746.8453,4748.3605,4748.8736,0.0401,0
2555,1,4748.7326,4750.0095,4750.3008,0.1120,0
2555,0,4748.7326,4750.0095,4750.4912,0.0382,0
2556,1,4750.3604,4752.1954,4752.6075,0.1194,0
2556,0,4750.3604,4752.1954,4752.7818,0.0389,0
2557,1,4752.7036,4754.2477,4754.5906,0.1646,0
2557,0,4752.7036,4754.2477,4754.8025,0.0444,0
2558,1,4754.6551,4755.9232,4756.2687,0.1134,0
2558,0,4754.6551,4755.9232,4756.5949,0.1591,0
2559,1,4756.4487,4757.7112,4757.9868,0.1141,0
2559,0,4756.4487,4757.7112,4758.1553,0.0344,0
2560,1,4758.0371,4759.5271,4759.8067,0.1161,0
2560,0,4758.0371,4759.5271,4759.9856,0.0355,0
2561,1,4759.8660,4761.1265,4761.4307,0.1145,0
2561,0,4759.8660,4761.1265,4761.6344,0.0385,0
2562,1,4761.4876,4763.0262,4763.3237,0.1145,0
2562,0,4761.4876,4763.0262,4763.4981,0.0360,0
2563,1,4763.3782,4764.6103,4764.8927,0.1123,0
2563,0,4763.3782,4764.6103,4765.1908,0.1573,0
2564,1,4765.0692,4766.3108,4766.6146,0.1135,0
2564,0,4765.0692,4766.3108,4766.8220,0.0448,0
2565,1,4766.6758,4768.1074,4768.5085,0.2352,0
2565,0,4766.6758,4768.1074,4768.7275,0.0584,0
2566,1,4768.5863,4769.8481,4770.1693,0.1229,0
2566,0,4768.5863,4769.8481,4770.3444,0.0352,0
2567,1,4770.2218,4771.6028,4771.9119,0.1181,0
2567,0,4770.2218,4771.6028,4772.1099,0.0439,0
2568,1,4771.9721,4773.4832,4773.7974,0.1186,0
2568,0,4771.9721,4773.4832,4774.0403,0.0445,0
2569,1,4773.8692,4775.1683,4775.4492,0.1192,0
2569,0,4773.8692,4775.1683,4775.7211,0.0360,0
2570,1,4775.5031,4776.9842,4777.2865,0.1117,0
2570,0,4775.5031,4776.9842,4777.4867,0.0441,0
2571,1,4777.3472,4778.5901,4779.0615,0.2799,0
2571,0,4777.3472,4778.5901,4779.2560,0.0393,0
2572,1,4779.1174,4780.3557,4780.6366,0.1122,0
2572,0,4779.1174,4780.3557,4780.8484,0.0432,0
2573,1,4780.6958,4782.2076,4782.5177,0.1161,0
2573,0,4780.6958,4782.2076,4782.7380,0.0437,0
2574,1,4782.5857,4783.8753,4784.2330,0.1462,0
2574,0,4782.5857,4783.8753,4784.5210,0.1180,0
2575,1,4784.3720,4785.7499,4786.0314,0.1107,0
2575,0,4784.3720,4785.7499,4786.2079,0.0359,0
2576,1,4786.0853,4787.5801,4787.8797,0.1091,0
2576,0,4786.0853,4787.5801,4788.0950,0.0445,0
2577,1,4787.9432,4789.1974,4789.5106,0.1136,0
2577,0,4787.9432,4789.1974,4789.7170,0.0355,0
2578,1,4789.5637,4790.9105,4791.2143,0.1141,0
2578,0,4789.5637,4790.9105,4791.4134,0.0435,0
2579,1,4791.2741,4792.7804,4793.0541,0.1096,0
2579,0,4791.2741,4792.7804,4793.2346,0.0360,0
2580,1,4793.1093,4794.3746,4794.6704,0.1148,0
2580,0,4793.1093,4794.3746,4794.8569,0.0372,0
2581,1,4794.7259,4796.2416,4796.5312,0.1150,0
2581,0,4794.7259,4796.2416,4796.7192,0.0363,0
2582,1,4796.5845,4797.8703,4798.1587,0.1167,0
2582,0,4796.5845,4797.8703,4798.4870,0.1681,0
2583,1,4798.3512,4799.6146,4799.9253,0.1180,0
2583,0,4798.3512,4799.6146,4800.1023,0.0372,0
2584,1,4799.9813,4801.4044,4801.8103,0.2219,0
2584,0,4799.9813,4801.4044,4802.0147,0.0450,0
2585,1,4801.8718,4803.1166,4803.4376,0.1141,0
2585,0,4801.8718,4803.1166,4803.6250,0.0368,0
2586,1,4803.4923,4804.8119,4805.1627,0.1249,0
2586,0,4803.4923,4804.8119,4805.4188,0.0526,0
2587,1,4805.2367,4806.7849,4807.1003,0.1141,0
2587,0,4805.2367,4806.7849,4807.3200,0.0439,0
2588,1,4807.1686,4808.4513,4808.7728,0.1151,0
2588,0,4807.1686,4808.4513,4809.0042,0.0468,0
2589,1,4808.8416,4810.4041,4810.7135,0.1195,0
2589,0,4808.8416,4810.4041,4810.9263,0.0448,0
2590,1,4810.7752,4812.2988,4812.6187,0.1173,0
2590,0,4810.7752,4812.2988,4812.8404,0.0418,0
2591,1,4812.6818,4813.9508,4814.2873,0.1221,0
2591,0,4812.6818,4813.9508,4814.5316,0.0440,0
2592,1,4814.3550,4815.9397,4816.2301,0.1148,0
2592,0,4814.3550,4815.9397,4816.4212,0.0379,0
2593,1,4816.2890,4817.7431,4818.1574,0.2214,0
2593,0,4816.2890,4817.7431,4818.3608,0.0413,0
2594,1,4818.2171,4819.4623,4819.7781,0.1232,0
2594,0,4818.2171,4819.4623,4820.0748,0.0425,0
2595,1,4819.8368,4821.4668,4821.7671,0.1201,0
2595,0,4819.8368,4821.4668,4821.9468,0.0360,0
2596,1,4821.8185,4823.0487,4823.5156,0.3010,0
2596,0,4821.8185,4823.0487,4823.7102,0.0434,0
2597,1,4823.5813,4824.8398,4825.1304,0.1199,0
2597,0,4823.5813,4824.8398,4825.3084,0.0388,0
2598,1,4825.1898,4826.7109,4827.0183,0.1145,0
2598,0,4825.1898,4826.7109,4827.2329,0.0441,0
2599,1,4827.0867,4828.3781,4828.6777,0.1101,0
2599,0,4827.0867,4828.3781,4829.0927,0.2307,0
2600,1,4828.9322,4830.2281,4830.5948,0.1128,0
2600,0,4828.9322,4830.2281,4830.8076,0.0554,0
2601,1,4830.6882,4832.1860,4832.4691,0.1112,0
2601,0,4830.6882,4832.1860,4832.6565,0.0366,0
2602,1,4832.5291,4833.7989,4834.1515,0.1116,0
2602,0,4832.5291,4833.7989,4834.7181,0.4072,0
2603,1,4834.5903,4835.8369,4836.1156,0.1160,0
2603,0,4834.5903,4835.8369,4836.2904,0.0353,0
2604,1,4836.1687,4837.5628,4837.9252,0.1652,0
2604,0,4836.1687,4837.5628,4838.1419,0.0441,0
2605,1,4837.9899,4839.2635,4839.6183,0.1145,0
2605,0,4837.9899,4839.2635,4839.8299,0.0436,0
2606,1,4839.6843,4841.0420,4841.3543,0.1158,0
2606,0,4839.6843,4841.0420,4841.5560,0.0430,0
2607,1,4841.4145,4842.9304,4843.2169,0.1136,0
2607,0,4841.4145,4842.9304,4843.4003,0.0350,0
2608,1,4843.2739,4844.5488,4844.8740,0.1219,0
2608,0,4843.2739,4844.5488,4845.1794,0.0610,0
2609,1,4844.9533,4846.5525,4846.8735,0.1193,0
2609,0,4844.9533,4846.5525,4847.0856,0.0451,0
2610,1,4846.9364,4848.4563,4848.7736,0.1168,0
2610,0,4846.9364,4848.4563,4848.9767,0.0461,0
2611,1,4848.8365,4850.0797,4850.3878,0.1144,0
2611,0,4848.8365,4850.0797,4850.6741,0.0421,0
2612,1,4850.4464,4851.9779,4852.5677,0.3918,0
2612,0,4850.4464,4851.9779,4852.7814,0.0482,0
2613,1,4852.6364,4854.1539,4854.4388,0.1144,0
2613,0,4852.6364,4854.1539,4854.6108,0.0361,0
2614,1,4854.4911,4855.7106,4855.9996,0.1167,0
2614,0,4854.4911,4855.7106,4856.2043,0.0403,0
2615,1,4856.0557,4857.5958,4857.9048,0.1204,0
2615,0,4856.0557,4857.5958,4858.1119,0.0451,0
2616,1,4857.9659,4859.4726,4859.7754,0.1141,0
2616,0,4857.9659,4859.4726,4860.0095,0.0436,0
2617,1,4859.8434,4861.1440,4861.4202,0.1148,0
2617,0,4859.8434,4861.1440,4861.5953,0.0347,0
2618,1,4861.4724,4863.0252,4863.3269,0.1147,0
2618,0,4861.4724,4863.0252,4863.5090,0.0385,0
2619,1,4863.3836,4864.6323,4865.2263,0.3929,0
2619,0,4863.3836,4864.6323,4865.4490,0.0443,0
2620,1,4865.2953,4866.5814,4866.8860,0.1153,0
2620,0,4865.2953,4866.5814,4867.1003,0.0428,0
2621,1,4866.9501,4868.4732,4868.8844,0.2412,0
2621,0,4866.9501,4868.4732,4869.0889,0.0562,0
2622,1,4868.9599,4870.1933,4870.7506,0.3768,0
2622,0,4868.9599,4870.1933,4870.9262,0.0379,0
2623,1,4870.8046,4872.0276,4872.3142,0.1139,0
2623,0,4870.8046,4872.0276,4872.4866,0.0356,0
2624,1,4872.3663,4873.8525,4874.1861,0.1203,0
2624,0,4872.3663,4873.8525,4874.4006,0.0436,0
2625,1,4874.2497,4875.5165,4875.8518,0.1594,0
2625,0,4874.2497,4875.5165,4876.3327,0.3381,0
2626,1,4876.2078,4877.4409,4877.7289,0.1127,0
2626,0,4876.2078,4877.4409,4877.9755,0.0767,0
2627,1,4877.8396,4879.3954,4879.6931,0.1140,0
2627,0,4877.8396,4879.3954,4879.8800,0.0403,0
2628,1,4879.7521,4880.9946,4881.2819,0.1062,0
2628,0,4879.7521,4880.9946,4881.4523,0.0359,0
2629,1,4881.3373,4882.6938,4882.9780,0.1182,0
2629,0,4881.3373,4882.6938,4883.1615,0.0357,0
2630,1,4883.0371,4884.5029,4884.9308,0.2147,0
2630,0,4883.0371,4884.5029,4885.1550,0.0412,0
2631,1,4884.9954,4886.2987,4886.5838,0.1169,0
2631,0,4884.9954,4886.2987,4886.7995,0.0370,0
2632,1,4886.6376,4888.1909,4888.4925,0.1141,0
2632,0,4886.6376,4888.1909,4888.6972,0.0441,0
2633,1,4888.5530,4889.9522,4890.3113,0.1667,0
2633,0,4888.5530,4889.9522,4890.5338,0.0459,0
2634,1,4890.3808,4891.6801,4891.9921,0.1151,0
2634,0,4890.3808,4891.6801,4892.3132,0.0436,0
2635,1,4892.0545,4893.6927,4894.0370,0.1199,0
2635,0,4892.0545,4893.6927,4894.2639,0.0454,0
2636,1,4894.1047,4895.6583,4895.9555,0.1188,0
2636,0,4894.1047,4895.6583,4896.1308,0.0368,0
2637,1,4896.0087,4897.2303,4897.5058,0.1145,0
2637,0,4896.0087,4897.2303,4897.6954,0.0349,0
2638,1,4897.5624,4899.1155,4899.4045,0.1157,0
2638,0,4897.5624,4899.1155,4899.5816,0.0363,0
2639,1,4899.4578,4900.7084,4901.3621,0.4830,0
2639,0,4899.4578,4900.7084,4901.5708,0.0414,0
2640,1,4901.4266,4902.7188,4902.9976,0.1083,0
2640,0,4901.4266,4902.7188,4903.1851,0.0352,0
2641,1,4903.0513,4904.5814,4904.9011,0.1198,0
2641,0,4903.0513,4904.5814,4905.0907,0.0476,0
2642,1,4904.9691,4906.2114,4906.5203,0.1195,0
2642,0,4904.9691,4906.2114,4906.8404,0.1462,0
2643,1,4906.6858,4907.9416,4908.2169,0.1134,0
2643,0,4906.6858,4907.9416,4908.3906,0.0350,0
2644,1,4908.2678,4909.7723,4910.1108,0.1238,0
2644,0,4908.2678,4909.7723,4910.3384,0.0416,0
2645,1,4910.1763,4911.4819,4911.8275,0.1120,0
2645,0,4910.1763,4911.4819,4912.0423,0.0429,0
2646,1,4911.9285,4913.2873,4913.5796,0.1170,0
2646,0,4911.9285,4913.2873,4913.7838,0.0353,0
2647,1,4913.6380,4915.1821,4915.4693,0.1137,0
2647,0,4913.6380,4915.1821,4915.6598,0.0438,0
2648,1,4915.5315,4916.7756,4917.2336,0.2062,0
2648,0,4915.5315,4916.7756,4917.5238,0.1035,0
2649,1,4917.3588,4919.0513,4919.3925,0.1159,0
2649,0,4917.3588,4919.0513,4919.6032,0.0407,0
2650,1,4919.4515,4920.9736,4921.2920,0.1214,0
2650,0,4919.4515,4920.9736,4921.5050,0.0443,0
2651,1,4921.3611,4922.6472,4922.9539,0.1152,0
2651,0,4921.3611,4922.6472,4923.1418,0.0351,0
2652,1,4923.0174,4924.3958,4924.7192,0.1191,0
2652,0,4923.0174,4924.3958,4924.9879,0.0431,0
2653,1,4924.7850,4926.4011,4926.7115,0.1138,0
2653,0,4924.7850,4926.4011,4926.9269,0.0450,0
2654,1,4926.7810,4928.0666,4928.4197,0.1113,0
2654,0,4926.7810,4928.0666,4928.6343,0.0384,0
2655,1,4928.4881,4929.8442,4930.1293,0.1146,0
2655,0,4928.4881,4929.8442,4930.3000,0.0363,0
2656,1,4930.1831,4931.6474,4932.0002,0.1628,0
2656,0,4930.1831,4931.6474,4932.2116,0.0456,0
2657,1,4932.0700,4933.3537,4933.6833,0.1197,0
2657,0,4932.0700,4933.3537,4933.9998,0.0419,0
2658,1,4933.7535,4935.4709,4935.8145,0.1158,0
2658,0,4933.7535,4935.4709,4936.0469,0.0456,0
2659,1,4935.8836,4937.4595,4937.7707,0.1136,0
2659,0,4935.8836,4937.4595,4937.9892,0.0454,0
2660,1,4937.8403,4939.1373,4939.4258,0.1154,0
2660,0,4937.8403,4939.1373,4939.6852,0.0976,0
2661,1,4939.5567,4940.9419,4941.2305,0.1142,0
2661,0,4939.5567,4940.9419,4941.4174,0.0376,0
2662,1,4941.2893,4942.7989,4943.1050,0.1139,0
2662,0,4941.2893,4942.7989,4943.3321,0.0455,0
2663,1,4943.1731,4944.4739,4944.8026,0.1158,0
2663,0,4943.1731,4944.4739,4945.0926,0.0438,0
2664,1,4944.8653,4946.4931,4946.8132,0.1186,0
2664,0,4944.8653,4946.4931,4947.0226,0.0412,0
2665,1,4946.8739,4948.3950,4948.7551,0.1637,0
2665,0,4946.8739,4948.3950,4948.9757,0.0423,0
2666,1,4948.8175,4950.0750,4950.3635,0.1175,0
2666,0,4948.8175,4950.0750,4950.5540,0.0431,0
2667,1,4950.4314,4952.1357,4952.4264,0.1137,0
2667,0,4950.4314,4952.1357,4952.6054,0.0375,0
2668,1,4952.4833,4953.9907,4954.3108,0.1225,0
2668,0,4952.4833,4953.9907,4954.5198,0.0403,0
2669,1,4954.3711,4955.6464,4955.9450,0.1148,0
2669,0,4954.3711,4955.6464,4956.1853,0.0370,0
2670,1,4955.9992,4957.5890,4957.9145,0.1267,0
2670,0,4955.9992,4957.5890,4958.1288,0.0455,0
2671,1,4957.9835,4959.5351,4959.8684,0.1232,0
2671,0,4957.9835,4959.5351,4960.0817,0.0448,0
2672,1,4959.9319,4961.1899,4961.4769,0.1152,0
2672,0,4959.9319,4961.1899,4961.6561,0.0379,0
2673,1,4961.5337,4963.1415,4963.4354,0.1214,0
2673,0,4961.5337,4963.1415,4963.6092,0.0358,0
2674,1,4963.4888,4964.7273,4965.1700,0.2751,0
2674,0,4963.4888,4964.7273,4965.3433,0.0364,0
2675,1,4965.2227,4966.4422,4966.7521,0.1158,0
2675,0,4965.2227,4966.4422,4966.9514,0.0432,0
2676,1,4966.8114,4968.2491,4968.6998,0.2598,0
2676,0,4966.8114,4968.2491,4968.9176,0.0423,0
2677,1,4968.7617,4970.0197,4970.2943,0.1121,0
2677,0,4968.7617,4970.0197,4970.7878,0.3204,0
2678,1,4970.6324,4971.8950,4972.1740,0.1161,0
2678,0,4970.6324,4971.8950,4972.5182,0.0778,0
2679,1,4972.2750,4973.8588,4974.1715,0.1122,0
2679,0,4972.2750,4973.8588,4974.3717,0.0442,0
2680,1,4974.2362,4975.4803,4975.7952,0.1093,0
2680,0,4974.2362,4975.4803,4976.0114,0.0474,0
2681,1,4975.8610,4977.1332,4977.4374,0.1131,0
2681,0,4975.8610,4977.1332,4977.6431,0.0465,0
2682,1,4977.4998,4978.9668,4979.3245,0.1645,0
2682,0,4977.4998,4978.9668,4979.5377,0.0467,0
2683,1,4979.3957,4980.6846,4980.9632,0.1156,0
2683,0,4979.3957,4980.6846,4981.2018,0.0357,0
2684,1,4981.0171,4982.6153,4982.9269,0.1181,0
2684,0,4981.0171,4982.6153,4983.1445,0.0395,0
2685,1,4982.9942,4984.4927,4984.9465,0.2454,0
2685,0,4982.9942,4984.4927,4985.1630,0.0401,0
2686,1,4985.0074,4986.2750,4986.5600,0.1165,0
2686,0,4985.0074,4986.2750,4986.8624,0.0363,0
2687,1,4986.6129,4988.2814,4988.5652,0.1150,0
2687,0,4986.6129,4988.2814,4988.7708,0.0395,0
2688,1,4988.6210,4990.1482,4990.4247,0.1124,0
2688,0,4988.6210,4990.1482,4990.5986,0.0384,0
2689,1,4990.4794,4991.7109,4991.9956,0.1200,0
2689,0,4990.4794,4991.7109,4992.1531,0.0350,0
2690,1,4992.0644,4993.5548,4993.8735,0.1156,0
2690,0,4992.0644,4993.5548,4994.0859,0.0426,0
2691,1,4993.9352,4995.1926,4995.7169,0.3447,0
2691,0,4993.9352,4995.1926,4995.9304,0.0424,0
2692,1,4995.7786,4997.0378,4997.3120,0.1140,0
2692,0,4995.7786,4997.0378,4997.4914,0.0362,0
2693,1,4997.3640,4998.8649,4999.1695,0.1143,0
2693,0,4997.3640,4998.8649,4999.3814,0.0447,0
2694,1,4999.2387,5000.5225,5000.9931,0.1530,0
2694,0,4999.2387,5000.5225,5001.5302,0.3365,0
2695,1,5001.3523,5002.6754,5002.9855,0.1143,0
2695,0,5001.3523,5002.6754,5003.2041,0.0421,0
2696,1,5003.0509,5004.7006,5005.0452,0.1332,0
2696,0,5003.0509,5004.7006,5005.2601,0.0429,0
2697,1,5005.1079,5006.3775,5006.9058,0.3624,0
2697,0,5005.1079,5006.3775,5007.0800,0.0383,0
2698,1,5006.9606,5008.1879,5008.4885,0.1123,0
2698,0,5006.9606,5008.1879,5008.6916,0.0442,0
2699,1,5008.5489,5010.0612,5010.3371,0.1143,0
2699,0,5008.5489,5010.0612,5010.5067,0.0339,0
2700,1,5010.3869,5011.6089,5011.8978,0.1083,0
2700,0,5010.3869,5011.6089,5012.0691,0.0359,0
2701,1,5011.9500,5013.3340,5013.6578,0.1222,0
2701,0,5011.9500,5013.3340,5013.8703,0.0429,0
2702,1,5013.7249,5015.2851,5015.5796,0.1162,0
2702,0,5013.7249,5015.2851,5015.7401,0.0379,0
2703,1,5016.5646,5017.9173,5018.3851,0.2655,0
2703,0,5016.5646,5017.9173,5018.6730,0.0441,0
2704,1,5018.5906,5019.9866,5020.3250,0.1574,0
2704,0,5018.5906,5019.9866,5020.5067,0.0372,0
2705,1,5020.3824,5021.8943,5022.1851,0.1161,0
2705,0,5020.3824,5021.8943,5022.3618,0.0362,0
2706,1,5022.2377,5023.7343,5024.0247,0.1164,0
2706,0,5022.2377,5023.7343,5024.2056,0.0362,0
2707,1,5024.0836,5025.3498,5025.7355,0.1174,0
2707,0,5024.0836,5025.3498,5025.9535,0.0474,0
2708,1,5025.8014,5027.1938,5027.4797,0.1156,0
2708,0,5025.8014,5027.1938,5027.6734,0.0397,0
2709,1,5027.5382,5029.0543,5029.3566,0.1107,0
2709,0,5027.5382,5029.0543,5029.5830,0.0407,0
2710,1,5029.4200,5030.7163,5031.0264,0.1179,0
2710,0,5029.4200,5030.7163,5031.3113,0.0398,0
2711,1,5031.0839,5032.5675,5032.8488,0.1143,0
2711,0,5031.0839,5032.5675,5033.0619,0.0672,0
2712,1,5032.9321,5034.3563,5034.8576,0.2616,0
2712,0,5032.9321,5034.3563,5035.0793,0.0484,0
2713,1,5034.9281,5036.1891,5036.4972,0.1139,0
2713,0,5034.9281,5036.1891,5036.7616,0.0439,0
2714,1,5036.5578,5038.1496,5038.4291,0.1162,0
2714,0,5036.5578,5038.1496,5038.6000,0.0349,0
2715,1,5038.4799,5039.7010,5040.1403,0.2760,0
2715,0,5038.4799,5039.7010,5040.3137,0.0365,0
2716,1,5040.1931,5041.4220,5041.7281,0.1145,0
2716,0,5040.1931,5041.4220,5041.9237,0.0427,0
2717,1,5041.7869,5043.2697,5043.6339,0.1596,0
2717,0,5041.7869,5043.2697,5043.8547,0.0441,0
2718,1,5043.7018,5044.9835,5045.2976,0.1417,0
2718,0,5043.7018,5044.9835,5045.7897,0.3138,0
2719,1,5045.6360,5046.9319,5047.2193,0.1122,0
2719,0,5045.6360,5046.9319,5047.3926,0.0355,0
2720,1,5047.2739,5048.7979,5049.1102,0.1179,0
2720,0,5047.2739,5048.7979,5049.3309,0.0452,0
2721,1,5049.1801,5050.4728,5050.9644,0.1365,0
2721,0,5049.1801,5050.4728,5051.2970,0.1290,0
2722,1,5051.1172,5052.4412,5052.7596,0.1133,0
2722,0,5051.1172,5052.4412,5052.9709,0.0432,0
2723,1,5052.8208,5054.3470,5054.6562,0.1191,0
2723,0,5052.8208,5054.3470,5054.8453,0.0387,0
2724,1,5054.7178,5055.9508,5056.2883,0.1127,0
2724,0,5054.7178,5055.9508,5056.4645,0.0360,0
2725,1,5056.3409,5057.6502,5057.9612,0.1164,0
2725,0,5056.3409,5057.6502,5058.1587,0.0429,0
2726,1,5058.0204,5059.4936,5059.8502,0.1668,0
2726,0,5058.0204,5059.4936,5060.0682,0.0445,0
2727,1,5059.9183,5061.2010,5061.4943,0.1157,0
2727,0,5059.9183,5061.2010,5061.7629,0.0465,0
2728,1,5061.5592,5063.1944,5063.4826,0.1154,0
2728,0,5061.5592,5063.1944,5063.6712,0.0358,0
2729,1,5063.5383,5065.0823,5065.3727,0.1136,0
2729,0,5063.5383,5065.0823,5065.5455,0.0361,0
2730,1,5065.4275,5066.7172,5067.0122,0.1217,0
2730,0,5065.4275,5066.7172,5067.2001,0.0354,0
2731,1,5067.0703,5068.7428,5069.0286,0.1134,0
2731,0,5067.0703,5068.7428,5069.2034,0.0361,0
2732,1,5069.0840,5070.6024,5070.9490,0.1218,0
2732,0,5069.0840,5070.6024,5071.1553,0.0434,0
2733,1,5071.0134,5072.2697,5072.5517,0.1149,0
2733,0,5071.0134,5072.2697,5072.7452,0.0358,0
2734,1,5072.6064,5074.2608,5074.5465,0.1148,0
2734,0,5072.6064,5074.2608,5074.7362,0.0379,0
2735,1,5074.6229,5075.8486,5076.3615,0.3445,0
2735,0,5074.6229,5075.8486,5076.5415,0.0364,0
2736,1,5076.4210,5077.6867,5077.9891,0.1127,0
2736,0,5076.4210,5077.6867,5078.1925,0.0425,0
2737,1,5078.0485,5079.5649,5079.8760,0.1123,0
2737,0,5078.0485,5079.5649,5080.0877,0.0440,0
2738,1,5079.9411,5081.1961,5081.4651,0.1073,0
2738,0,5079.9411,5081.1961,5081.9452,0.3167,0
2739,1,5081.8078,5083.0941,5083.3907,0.1212,0
2739,0,5081.8078,5083.0941,5083.5743,0.0370,0
2740,1,5083.4460,5084.8893,5085.3271,0.2667,0
2740,0,5083.4460,5084.8893,5085.5085,0.0368,0
2741,1,5085.3839,5086.6347,5086.9986,0.1657,0
2741,0,5085.3839,5086.6347,5087.4161,0.2385,0
2742,1,5087.2594,5088.5547,5088.8344,0.1130,0
2742,0,5087.2594,5088.5547,5089.0094,0.0378,0
2743,1,5088.8882,5090.3390,5090.7138,0.1651,0
2743,0,5088.8882,5090.3390,5090.9230,0.0442,0
2744,1,5090.7766,5092.0297,5092.3924,0.1104,0
2744,0,5090.7766,5092.0297,5092.5959,0.0443,0
2745,1,5092.4544,5093.8490,5094.1750,0.1224,0
2745,0,5092.4544,5093.8490,5094.3853,0.0473,0
2746,1,5094.2429,5095.7970,5096.0880,0.1185,0
2746,0,5094.2429,5095.7970,5096.2709,0.0364,0
2747,1,5096.1478,5097.4214,5097.8905,0.1143,0
2747,0,5096.1478,5097.4214,5098.1990,0.0531,0
2748,1,5097.9710,5099.4634,5099.7998,0.1204,0
2748,0,5097.9710,5099.4634,5100.0178,0.0486,0
2749,1,5099.8679,5101.3287,5101.7645,0.2601,0
2749,0,5099.8679,5101.3287,5101.9434,0.0382,0
2750,1,5101.8193,5103.0550,5103.3307,0.1126,0
2750,0,5101.8193,5103.0550,5103.5995,0.1064,0
2751,1,5103.4701,5104.8173,5105.1070,0.1151,0
2751,0,5103.4701,5104.8173,5105.2899,0.0367,0
2752,1,5105.1637,5106.6337,5106.9866,0.1571,0
2752,0,5105.1637,5106.6337,5107.2009,0.0468,0
2753,1,5107.0572,5108.3435,5108.6476,0.1192,0
2753,0,5107.0572,5108.3435,5108.8701,0.0421,0
2754,1,5108.7114,5110.3070,5110.5879,0.1142,0
2754,0,5108.7114,5110.3070,5110.7912,0.0351,0
2755,1,5110.6398,5111.8940,5112.4696,0.3820,0
2755,0,5110.6398,5111.8940,5112.6793,0.0461,0
2756,1,5112.5399,5113.8262,5114.1811,0.1269,0
2756,0,5112.5399,5113.8262,5114.4118,0.0419,0
2757,1,5114.2436,5115.8007,5116.0825,0.1157,0
2757,0,5114.2436,5115.8007,5116.2683,0.0456,0
2758,1,5116.1452,5117.3829,5117.8007,0.2436,0
2758,0,5116.1452,5117.3829,5118.1197,0.1606,0
2759,1,5117.9846,5119.2623,5119.5419,0.1142,0
2759,0,5117.9846,5119.2623,5119.7172,0.0356,0
2760,1,5119.5938,5121.0879,5121.3745,0.1231,0
2760,0,5119.5938,5121.0879,5121.5433,0.0343,0
2761,1,5121.4254,5122.6525,5122.9479,0.1120,0
2761,0,5121.4254,5122.6525,5123.1131,0.0339,0
2762,1,5123.0111,5124.4050,5124.7330,0.1225,0
2762,0,5123.0111,5124.4050,5124.9523,0.0425,0
2763,1,5124.7945,5126.3495,5126.6479,0.1181,0
2763,0,5124.7945,5126.3495,5126.8662,0.0403,0
2764,1,5126.7127,5128.0201,5128.3539,0.1122,0
2764,0,5126.7127,5128.0201,5128.6589,0.1001,0
2765,1,5128.4785,5129.8228,5130.1108,0.1115,0
2765,0,5128.4785,5129.8228,5130.4242,0.0462,0
2766,1,5130.2192,5131.8042,5132.1023,0.1138,0
2766,0,5130.2192,5131.8042,5132.3855,0.0369,0
2767,1,5132.2042,5133.5270,5133.8191,0.1152,0
2767,0,5132.2042,5133.5270,5134.1381,0.0384,0
2768,1,5133.9293,5135.4398,5135.8262,0.1086,0
2768,0,5133.9293,5135.4398,5136.1017,0.0468,0
2769,1,5135.8974,5137.4497,5137.8686,0.1649,0
2769,0,5135.8974,5137.4497,5138.0962,0.0490,0
2770,1,5137.9367,5139.2024,5139.5321,0.1169,0
2770,0,5137.9367,5139.2024,5139.8149,0.0382,0
2771,1,5139.5876,5141.1612,5141.4496,0.1127,0
2771,0,5139.5876,5141.1612,5141.6516,0.0471,0
2772,1,5141.5191,5143.0641,5143.4329,0.1569,0
2772,0,5141.5191,5143.0641,5143.6453,0.0424,0
2773,1,5143.4957,5144.7637,5145.0830,0.1149,0
2773,0,5143.4957,5144.7637,5145.3399,0.0366,0
2774,1,5145.1429,5146.7117,5147.0345,0.1243,0
2774,0,5145.1429,5146.7117,5147.2472,0.0440,0
2775,1,5147.0975,5148.6520,5148.9606,0.1150,0
2775,0,5147.0975,5148.6520,5149.1778,0.0460,0
2776,1,5149.0269,5150.3055,5150.6338,0.1147,0
2776,0,5149.0269,5150.3055,5150.8800,0.0407,0
2777,1,5150.6977,5152.1990,5152.4962,0.1143,0
2777,0,5150.6977,5152.1990,5152.6882,0.0382,0
2778,1,5152.5550,5154.0296,5154.3978,0.1532,0
2778,0,5152.5550,5154.0296,5154.6124,0.0426,0
2779,1,5154.4606,5155.7622,5156.0493,0.1134,0
2779,0,5154.4606,5155.7622,5156.3056,0.0366,0
2780,1,5156.1211,5157.6738,5157.9852,0.1160,0
2780,0,5156.1211,5157.6738,5158.1878,0.0435,0
2781,1,5158.0452,5159.5517,5160.0182,0.1123,0
2781,0,5158.0452,5159.5517,5160.2515,0.0463,0
2782,1,5160.0882,5161.3929,5161.7706,0.1155,0
2782,0,5160.0882,5161.3929,5161.9624,0.0404,0
2783,1,5161.8275,5163.1487,5163.4362,0.1144,0
2783,0,5161.8275,5163.1487,5163.6099,0.0361,0
2784,1,5163.4898,5164.7217,5165.1842,0.2934,0
2784,0,5163.4898,5164.7217,5165.3611,0.0366,0
2785,1,5165.2371,5166.4609,5166.7705,0.1154,0
2785,0,5165.2371,5166.4609,5166.9797,0.0512,0
2786,1,5166.8381,5168.2733,5168.7333,0.2623,0
2786,0,5166.8381,5168.2733,5168.9430,0.0434,0
2787,1,5168.8019,5170.0432,5170.3465,0.1124,0
2787,0,5168.8019,5170.0432,5170.8991,0.3627,0
2788,1,5170.7273,5171.9952,5172.2686,0.1136,0
2788,0,5170.7273,5171.9952,5172.4416,0.0360,0
2789,1,5172.3200,5173.8052,5174.1543,0.1194,0
2789,0,5172.3200,5173.8052,5174.3561,0.0437,0
2790,1,5174.2167,5175.4664,5175.7718,0.1214,0
2790,0,5174.2167,5175.4664,5175.9537,0.0375,0
2791,1,5175.8278,5177.2152,5177.5017,0.1232,0
2791,0,5175.8278,5177.2152,5177.7210,0.0362,0
2792,1,5177.5545,5179.1010,5179.3910,0.1158,0
2792,0,5177.5545,5179.1010,5179.5598,0.0370,0
2793,1,5179.4455,5180.6811,5180.9534,0.1134,0
2793,0,5179.4455,5180.6811,5181.1872,0.0335,0
2794,1,5181.0030,5182.5657,5182.8614,0.1195,0
2794,0,5181.0030,5182.5657,5183.0564,0.0362,0
2795,1,5182.9208,5184.3868,5184.8238,0.2534,0
2795,0,5182.9208,5184.3868,5185.0124,0.0380,0
2796,1,5184.8836,5186.1534,5186.4411,0.1179,0
2796,0,5184.8836,5186.1534,5186.6135,0.0366,0
2797,1,5186.4967,5188.1396,5188.4191,0.1152,0
2797,0,5186.4967,5188.1396,5188.5882,0.0367,0
2798,1,5188.4838,5189.7555,5190.3069,0.3788,0
2798,0,5188.4838,5189.7555,5190.5011,0.0451,0
2799,1,5190.3759,5191.6505,5191.9814,0.1253,0
2799,0,5190.3759,5191.6505,5192.2224,0.0453,0
2800,1,5192.0459,5193.6177,5193.9112,0.1149,0
2800,0,5192.0459,5193.6177,5194.0853,0.0358,0
2801,1,5193.9667,5195.2070,5195.7999,0.3857,0
2801,0,5193.9667,5195.2070,5196.0044,0.0403,0
2802,1,5195.8579,5197.1066,5197.4075,0.1125,0
2802,0,5195.8579,5197.1066,5197.6053,0.0430,0
2803,1,5197.4667,5198.9797,5199.2845,0.1161,0
2803,0,5197.4667,5198.9797,5199.4954,0.0460,0
2804,1,5199.3545,5200.6422,5200.9526,0.1147,0
2804,0,5199.3545,5200.6422,5201.2270,0.0682,0
2805,1,5201.0458,5202.3299,5202.6149,0.1125,0
2805,0,5201.0458,5202.3299,5202.8210,0.0389,0
2806,1,5202.6723,5204.1608,5204.4906,0.1573,0
2806,0,5202.6723,5204.1608,5204.6820,0.0363,0
2807,1,5204.5434,5205.7752,5206.0529,0.1144,0
2807,0,5204.5434,5205.7752,5206.2835,0.0370,0
2808,1,5206.1067,5207.6430,5207.9633,0.1207,0
2808,0,5206.1067,5207.6430,5208.1799,0.0436,0
2809,1,5208.0262,5209.5573,5209.8504,0.1157,0
2809,0,5208.0262,5209.5573,5210.0296,0.0364,0
2810,1,5209.9083,5211.1693,5211.4790,0.1142,0
2810,0,5209.9083,5211.1693,5211.7631,0.0395,0
2811,1,5211.5397,5213.1601,5213.5526,0.1744,0
2811,0,5211.5397,5213.1601,5213.7735,0.0469,0
2812,1,5213.6194,5215.1479,5215.4356,0.1153,0
2812,0,5213.6194,5215.1479,5215.6295,0.0455,0
2813,1,5215.4991,5216.7493,5217.0258,0.1134,0
2813,0,5215.4991,5216.7493,5217.1962,0.0350,0
2814,1,5217.0770,5218.7158,5219.0285,0.1146,0
2814,0,5217.0770,5218.7158,5219.2332,0.0445,0
2815,1,5219.0896,5220.5559,5220.9134,0.1640,0
2815,0,5219.0896,5220.5559,5221.1337,0.0449,0
2816,1,5220.9825,5222.2695,5222.6185,0.1141,0
2816,0,5220.9825,5222.2695,5222.8825,0.0478,0
2817,1,5222.6893,5224.2770,5224.5671,0.1109,0
2817,0,5222.6893,5224.2770,5224.7690,0.0386,0
2818,1,5224.6224,5226.1408,5226.4465,0.1151,0
2818,0,5224.6224,5226.1408,5226.6687,0.0472,0
2819,1,5226.5176,5227.8043,5228.1129,0.1138,0
2819,0,5226.5176,5227.8043,5228.3303,0.0436,0
2820,1,5228.1747,5229.7139,5230.0250,0.1166,0
2820,0,5228.1747,5229.7139,5230.2287,0.0445,0
2821,1,5230.0868,5231.3362,5231.9067,0.3831,0
2821,0,5230.0868,5231.3362,5232.1188,0.0469,0
2822,1,5231.9777,5233.2666,5233.5748,0.1138,0
2822,0,5231.9777,5233.2666,5233.7917,0.0435,0
2823,1,5233.6368,5235.1468,5235.5877,0.2631,0
2823,0,5233.6368,5235.1468,5235.7818,0.0384,0
2824,1,5235.6655,5236.9042,5237.5107,0.4011,0
2824,0,5235.6655,5236.9042,5237.7269,0.0430,0
2825,1,5237.5750,5238.8724,5239.1647,0.1148,0
2825,0,5237.5750,5238.8724,5239.3416,0.0365,0
2826,1,5239.2199,5240.7709,5241.0908,0.1134,0
2826,0,5239.2199,5240.7709,5241.3056,0.0425,0
2827,1,5241.1555,5242.4395,5243.0252,0.3788,0
2827,0,5241.1555,5242.4395,5243.2453,0.0455,0
2828,1,5243.0952,5244.3555,5244.6413,0.1092,0
2828,0,5243.0952,5244.3555,5244.8636,0.0425,0
2829,1,5244.7067,5246.3395,5246.6248,0.1166,0
2829,0,5244.7067,5246.3395,5246.8512,0.0485,0
2830,1,5246.6976,5247.9898,5248.5343,0.3767,0
2830,0,5246.6976,5247.9898,5248.7339,0.0379,0
2831,1,5248.5952,5249.8519,5250.1593,0.1106,0
2831,0,5248.5952,5249.8519,5250.3678,0.0434,0
2832,1,5250.2204,5251.6609,5252.0888,0.2572,0
2832,0,5250.2204,5251.6609,5252.2673,0.0394,0
2833,1,5252.1447,5253.3689,5253.6574,0.1127,0
2833,0,5252.1447,5253.3689,5254.2130,0.3764,0
2834,1,5254.0553,5255.3220,5255.6190,0.1138,0
2834,0,5254.0553,5255.3220,5255.8145,0.0458,0
2835,1,5255.6862,5257.2260,5257.5068,0.1155,0
2835,0,5255.6862,5257.2260,5257.7086,0.0410,0
2836,1,5257.5642,5258.8092,5259.0911,0.1080,0
2836,0,5257.5642,5258.8092,5259.2718,0.0438,0
2837,1,5259.1538,5260.4807,5260.8188,0.1195,0
2837,0,5259.1538,5260.4807,5261.0349,0.0441,0
2838,1,5260.8805,5262.4378,5262.7562,0.1196,0
2838,0,5260.8805,5262.4378,5262.9730,0.0414,0
2839,1,5262.8220,5264.1038,5264.3973,0.1150,0
2839,0,5262.8220,5264.1038,5264.6649,0.0363,0
2840,1,5264.4544,5266.0615,5266.3433,0.1184,0
2840,0,5264.4544,5266.0615,5266.5182,0.0349,0
2841,1,5266.3982,5267.8487,5268.2999,0.2607,0
2841,0,5266.3982,5267.8487,5268.5212,0.0443,0
2842,1,5268.3694,5269.6576,5270.0218,0.1424,0
2842,0,5268.3694,5269.6576,5270.3003,0.1017,0
2843,1,5270.1437,5271.4760,5271.7875,0.1141,0
2843,0,5270.1437,5271.4760,5272.0047,0.0457,0
2844,1,5271.8557,5273.4006,5273.6871,0.1138,0
2844,0,5271.8557,5273.4006,5273.8695,0.0363,0
2845,1,5273.7455,5274.9866,5275.2677,0.1132,0
2845,0,5273.7455,5274.9866,5275.4436,0.0355,0
2846,1,5275.3211,5276.8851,5277.2043,0.1170,0
2846,0,5275.3211,5276.8851,5277.4165,0.0435,0
2847,1,5277.2700,5278.5586,5279.1307,0.3598,0
2847,0,5277.2700,5278.5586,5279.3563,0.0438,0
2848,1,5279.1990,5280.4981,5280.7797,0.1138,0
2848,0,5279.1990,5280.4981,5280.9598,0.0374,0
2849,1,5280.8339,5282.3399,5282.6419,0.1219,0
2849,0,5280.8339,5282.3399,5282.8738,0.0478,0
2850,1,5282.7161,5284.0298,5284.6849,0.4588,0
2850,0,5282.7161,5284.0298,5284.8968,0.0454,0
2851,1,5284.7493,5286.0125,5286.2960,0.1106,0
2851,0,5284.7493,5286.0125,5286.4815,0.0360,0
2852,1,5286.3544,5287.8911,5288.1733,0.1155,0
2852,0,5286.3544,5287.8911,5288.3539,0.0388,0
2853,1,5288.2323,5289.4657,5289.7474,0.1084,0
2853,0,5288.2323,5289.4657,5290.2761,0.3816,0
2854,1,5290.1519,5291.4316,5291.7375,0.1177,0
2854,0,5290.1519,5291.4316,5291.9152,0.0354,0
2855,1,5291.7894,5293.1802,5293.5464,0.1588,0
2855,0,5291.7894,5293.1802,5293.7579,0.0442,0
2856,1,5293.6137,5294.8984,5295.1831,0.1105,0
2856,0,5293.6137,5294.8984,5295.3660,0.0365,0
2857,1,5295.2376,5296.5712,5296.8863,0.1158,0
2857,0,5295.2376,5296.5712,5297.0883,0.0441,0
2858,1,5296.9472,5298.4612,5298.7813,0.1202,0
2858,0,5296.9472,5298.4612,5298.9940,0.0437,0
2859,1,5298.8452,5300.1060,5300.3796,0.1135,0
2859,0,5298.8452,5300.1060,5300.5474,0.0350,0
2860,1,5300.4316,5302.1966,5302.5185,0.1196,0
2860,0,5300.4316,5302.1966,5302.7157,0.0452,0
2861,1,5302.5829,5304.1392,5304.4258,0.1114,0
2861,0,5302.5829,5304.1392,5304.6186,0.0362,0
2862,1,5304.4856,5305.7514,5306.0785,0.1212,0
2862,0,5304.4856,5305.7514,5306.3293,0.0425,0
2863,1,5306.1394,5307.6840,5307.9926,0.1143,0
2863,0,5306.1394,5307.6840,5308.1914,0.0430,0
2864,1,5308.0523,5309.5618,5309.9608,0.2062,0
2864,0,5308.0523,5309.5618,5310.1742,0.0465,0
2865,1,5310.0255,5311.2803,5311.5876,0.1144,0
2865,0,5310.0255,5311.2803,5311.9429,0.1641,0
2866,1,5311.7894,5313.1563,5313.4824,0.1215,0
2866,0,5311.7894,5313.1563,5313.6989,0.0437,0
2867,1,5313.5459,5315.0922,5315.3735,0.1122,0
2867,0,5313.5459,5315.0922,5315.5538,0.0385,0
2868,1,5315.4329,5316.6777,5316.9532,0.1145,0
2868,0,5315.4329,5316.6777,5317.1284,0.0347,0
2869,1,5317.0659,5318.4852,5318.8927,0.2224,0
2869,0,5317.0659,5318.4852,5319.0876,0.0431,0
2870,1,5318.9544,5320.1915,5320.7536,0.3788,0
2870,0,5318.9544,5320.1915,5320.9804,0.0474,0
2871,1,5320.8244,5322.1196,5322.3939,0.1145,0
2871,0,5320.8244,5322.1196,5322.5715,0.0356,0
2872,1,5322.4469,5323.9584,5324.2813,0.1204,0
2872,0,5322.4469,5323.9584,5324.4991,0.0432,0
2873,1,5324.3486,5325.6591,5325.9581,0.1156,0
2873,0,5324.3486,5325.6591,5326.3326,0.2233,0
2874,1,5326.2066,5327.4570,5327.7663,0.1123,0
2874,0,5326.2066,5327.4570,5327.9674,0.0429,0
2875,1,5327.8260,5329.3357,5329.6729,0.1199,0
2875,0,5327.8260,5329.3357,5329.8570,0.0408,0
2876,1,5329.7372,5330.9638,5331.3118,0.1139,0
2876,0,5329.7372,5330.9638,5331.5217,0.0436,0
2877,1,5331.3738,5332.7139,5333.0319,0.1213,0
2877,0,5331.3738,5332.7139,5333.3723,0.0434,0
2878,1,5333.0942,5335.0201,5335.3429,0.1175,0
2878,0,5333.0942,5335.0201,5335.5599,0.0453,0
2879,1,5335.4092,5336.6763,5336.9878,0.1349,0
2879,0,5335.4092,5336.6763,5337.4801,0.3171,0
2880,1,5337.3269,5338.6172,5338.9013,0.1135,0
2880,0,5337.3269,5338.6172,5339.0764,0.0358,0
2881,1,5338.9542,5340.4565,5340.7657,0.1134,0
2881,0,5338.9542,5340.4565,5340.9787,0.0454,0
2882,1,5340.8355,5342.1209,5342.4300,0.1096,0
2882,0,5340.8355,5342.1209,5342.6403,0.0447,0
2883,1,5342.4934,5343.8478,5344.1383,0.1099,0
2883,0,5342.4934,5343.8478,5344.3161,0.0359,0
2884,1,5344.1969,5345.7006,5345.9892,0.1174,0
2884,0,5344.1969,5345.7006,5346.1645,0.0356,0
2885,1,5346.0412,5347.2820,5347.6076,0.1214,0
2885,0,5346.0412,5347.2820,5347.8746,0.0441,0
2886,1,5347.6684,5349.2610,5349.5999,0.1311,0
2886,0,5347.6684,5349.2610,5349.8126,0.0440,0
2887,1,5349.6630,5351.1059,5351.5051,0.2242,0
2887,0,5349.6630,5351.1059,5351.7431,0.0499,0
2888,1,5351.5724,5352.8421,5353.1297,0.1217,0
2888,0,5351.5724,5352.8421,5353.3054,0.0395,0
2889,1,5353.1871,5354.7032,5355.0310,0.1268,0
2889,0,5353.1871,5354.7032,5355.2361,0.0441,0
2890,1,5355.0921,5356.3373,5356.9102,0.3831,0
2890,0,5355.0921,5356.3373,5357.1231,0.0391,0
2891,1,5356.9762,5358.2966,5358.5900,0.1155,0
2891,0,5356.9762,5358.2966,5358.8094,0.0431,0
2892,1,5358.6524,5360.2244,5360.5377,0.1136,0
2892,0,5358.6524,5360.2244,5360.7734,0.0426,0
2893,1,5360.6039,5361.9191,5362.4693,0.3759,0
2893,0,5360.6039,5361.9191,5362.6587,0.0369,0
2894,1,5362.5298,5363.8019,5364.1142,0.1075,0
2894,0,5362.5298,5363.8019,5364.3269,0.0410,0
2895,1,5364.1765,5365.8946,5366.1796,0.1145,0
2895,0,5364.1765,5365.8946,5366.3661,0.0373,0
2896,1,5366.2359,5367.6850,5368.1204,0.2619,0
2896,0,5366.2359,5367.6850,5368.3088,0.0448,0
2897,1,5368.1861,5369.4331,5369.7356,0.1108,0
2897,0,5368.1861,5369.4331,5369.9507,0.0401,0
2898,1,5369.8033,5371.3586,5371.6549,0.1150,0
2898,0,5369.8033,5371.3586,5371.8679,0.0420,0
2899,1,5371.7141,5372.9661,5373.5346,0.3886,0
2899,0,5371.7141,5372.9661,5373.7231,0.0373,0
2900,1,5373.5951,5374.8718,5375.1585,0.1149,0
2900,0,5373.5951,5374.8718,5375.3428,0.0358,0
2901,1,5375.2168,5376.7420,5377.0246,0.1127,0
2901,0,5375.2168,5376.7420,5377.2097,0.0411,0
2902,1,5377.0871,5378.3172,5378.6287,0.1468,0
2902,0,5377.0871,5378.3172,5379.1299,0.3278,0
2903,1,5378.9779,5380.2442,5380.5248,0.1139,0
2903,0,5378.9779,5380.2442,5380.7185,0.0356,0
2904,1,5380.5768,5382.2118,5382.5107,0.1216,0
2904,0,5380.5768,5382.2118,5382.6976,0.0353,0
2905,1,5382.5647,5383.8354,5384.1561,0.1166,0
2905,0,5382.5647,5383.8354,5384.4623,0.1600,0
2906,1,5384.3360,5385.5842,5385.8881,0.1196,0
2906,0,5384.3360,5385.5842,5386.0708,0.0369,0
2907,1,5385.9426,5387.4612,5387.7568,0.1156,0
2907,0,5385.9426,5387.4612,5387.9346,0.0390,0
2908,1,5387.8123,5389.0439,5389.3669,0.1192,0
2908,0,5387.8123,5389.0439,5389.6930,0.1581,0
2909,1,5389.5444,5390.8960,5391.1793,0.1152,0
2909,0,5389.5444,5390.8960,5391.3560,0.0359,0
2910,1,5391.2346,5392.4699,5392.9106,0.2719,0
2910,0,5391.2346,5392.4699,5393.1006,0.0366,0
2911,1,5392.9709,5394.2548,5394.5703,0.1182,0
2911,0,5392.9709,5394.2548,5394.8030,0.0475,0
2912,1,5394.6402,5396.1831,5396.4991,0.1175,0
2912,0,5394.6402,5396.1831,5396.7153,0.0422,0
2913,1,5396.5886,5397.9129,5398.4811,0.3637,0
2913,0,5396.5886,5397.9129,5398.7020,0.0424,0
2914,1,5398.5426,5399.8452,5400.1321,0.1139,0
2914,0,5398.5426,5399.8452,5400.3055,0.0363,0
2915,1,5400.1878,5401.6327,5402.0649,0.2590,0
2915,0,5400.1878,5401.6327,5402.2403,0.0365,0
2916,1,5402.1185,5403.3410,5403.6710,0.1243,0
2916,0,5402.1185,5403.3410,5404.0706,0.2397,0
2917,1,5403.9325,5405.1794,5405.4565,0.1099,0
2917,0,5403.9325,5405.1794,5405.6357,0.0381,0
2918,1,5405.5107,5407.0069,5407.3913,0.1715,0
2918,0,5405.5107,5407.0069,5407.6069,0.0437,0
2919,1,5407.4534,5408.7144,5409.0798,0.1206,0
2919,0,5407.4534,5408.7144,5409.4065,0.1463,0
2920,1,5409.2455,5410.6106,5410.9261,0.1201,0
2920,0,5409.2455,5410.6106,5411.1305,0.0476,0
2921,1,5410.9901,5412.5008,5412.8175,0.1174,0
2921,0,5410.9901,5412.5008,5413.2280,0.0579,0
2922,1,5412.9052,5414.3277,5414.6445,0.1106,0
2922,0,5412.9052,5414.3277,5414.8452,0.0472,0
2923,1,5414.7106,5416.1458,5416.4372,0.1185,0
2923,0,5414.7106,5416.1458,5416.6121,0.0361,0
2924,1,5416.4898,5417.9222,5418.3827,0.2587,0
2924,0,5416.4898,5417.9222,5418.5966,0.0450,0
2925,1,5418.4524,5419.7487,5420.0983,0.1232,0
2925,0,5418.4524,5419.7487,5420.2927,0.0373,0
2926,1,5420.1584,5421.5039,5421.7993,0.1160,0
2926,0,5420.1584,5421.5039,5421.9915,0.0428,0
2927,1,5421.8583,5423.3558,5423.6460,0.1124,0
2927,0,5421.8583,5423.3558,5423.8537,0.0464,0
2928,1,5423.7162,5424.9879,5425.3167,0.1189,0
2928,0,5423.7162,5424.9879,5425.5289,0.0465,0
2929,1,5425.3817,5426.9262,5427.2086,0.1146,0
2929,0,5425.3817,5426.9262,5427.3834,0.0346,0
2930,1,5427.2615,5428.5141,5429.0982,0.3433,0
2930,0,5427.2615,5428.5141,5429.3788,0.0431,0
2931,1,5429.1610,5430.4839,5430.7884,0.1164,0
2931,0,5429.1610,5430.4839,5431.0054,0.0453,0
2932,1,5430.8555,5432.4264,5432.7366,0.1188,0
2932,0,5430.8555,5432.4264,5432.9541,0.0447,0
2933,1,5432.8040,5434.0931,5434.7538,0.4702,0
2933,0,5432.8040,5434.0931,5434.9393,0.0372,0
2934,1,5434.8132,5436.0782,5436.3672,0.1185,0
2934,0,5434.8132,5436.0782,5436.5381,0.0343,0
2935,1,5436.4205,5438.1213,5438.4494,0.1165,0
2935,0,5436.4205,5438.1213,5438.6661,0.0434,0
2936,1,5438.5141,5440.0475,5440.3487,0.1131,0
2936,0,5438.5141,5440.0475,5440.5608,0.0459,0
2937,1,5440.4113,5441.6709,5442.0033,0.1154,0
2937,0,5440.4113,5441.6709,5442.2116,0.0449,0
2938,1,5442.0665,5443.5629,5443.9297,0.1657,0
2938,0,5442.0665,5443.5629,5444.1449,0.0429,0
2939,1,5443.9917,5445.2578,5445.8140,0.3791,0
2939,0,5443.9917,5445.2578,5446.0045,0.0364,0
2940,1,5445.8767,5447.1516,5447.4399,0.1147,0
2940,0,5445.8767,5447.1516,5447.6171,0.0358,0
2941,1,5447.4944,5449.0013,5449.2730,0.1065,0
2941,0,5447.4944,5449.0013,5449.4508,0.0369,0
2942,1,5449.3399,5450.6071,5450.9034,0.1121,0
2942,0,5449.3399,5450.6071,5451.2000,0.1538,0
2943,1,5451.0797,5452.3413,5452.6581,0.1195,0
2943,0,5451.0797,5452.3413,5452.8591,0.0402,0
2944,1,5452.7153,5454.2267,5454.5110,0.1135,0
2944,0,5452.7153,5454.2267,5454.7141,0.0365,0
2945,1,5454.5702,5455.8439,5456.1966,0.1202,0
2945,0,5454.5702,5455.8439,5456.3902,0.0382,0
2946,1,5456.2529,5457.5697,5457.8820,0.1117,0
2946,0,5456.2529,5457.5697,5458.0843,0.0403,0
2947,1,5457.9387,5459.4187,5459.7716,0.1628,0
2947,0,5457.9387,5459.4187,5460.0029,0.0468,0
2948,1,5459.8426,5461.1454,5461.4472,0.1289,0
2948,0,5459.8426,5461.1454,5461.6291,0.0374,0
2949,1,5461.5026,5463.0473,5463.3457,0.1175,0
2949,0,5461.5026,5463.0473,5463.5314,0.0362,0
2950,1,5463.4070,5464.6789,5465.2428,0.3869,0
2950,0,5463.4070,5464.6789,5465.4230,0.0380,0
2951,1,5465.2993,5466.5354,5466.8483,0.1165,0
2951,0,5465.2993,5466.5354,5467.0509,0.0442,0
2952,1,5466.9092,5468.3374,5468.7864,0.2570,0
2952,0,5466.9092,5468.3374,5469.0068,0.0487,0
2953,1,5468.8595,5470.1383,5470.4217,0.1079,0
2953,0,5468.8595,5470.1383,5470.7555,0.1464,0
2954,1,5470.5941,5471.8768,5472.1826,0.1138,0
2954,0,5470.5941,5471.8768,5472.3825,0.0385,0
2955,1,5472.2411,5473.8297,5474.1557,0.1252,0
2955,0,5472.2411,5473.8297,5474.3564,0.0451,0
2956,1,5474.2185,5475.4557,5475.7623,0.1067,0
2956,0,5474.2185,5475.4557,5475.9750,0.0440,0
2957,1,5475.8248,5477.1784,5477.5045,0.1193,0
2957,0,5475.8248,5477.1784,5477.7173,0.0465,0
2958,1,5477.5855,5479.1088,5479.4137,0.1169,0
2958,0,5477.5855,5479.1088,5479.6312,0.0447,0
2959,1,5479.4823,5480.7635,5481.0553,0.1150,0
2959,0,5479.4823,5480.7635,5481.3017,0.0350,0
2960,1,5481.1112,5482.6927,5483.0031,0.1154,0
2960,0,5481.1112,5482.6927,5483.2149,0.0418,0
2961,1,5483.0653,5484.5269,5484.9894,0.2477,0
2961,0,5483.0653,5484.5269,5485.2055,0.0447,0
2962,1,5485.0563,5486.3435,5486.6353,0.1183,0
2962,0,5485.0563,5486.3435,5486.8993,0.0454,0
2963,1,5486.6977,5488.2528,5488.5349,0.1110,0
2963,0,5486.6977,5488.2528,5488.7186,0.0354,0
2964,1,5488.5890,5490.1025,5490.4453,0.1723,0
2964,0,5488.5890,5490.1025,5490.6321,0.0386,0
2965,1,5490.5074,5491.7671,5492.1707,0.1206,0
2965,0,5490.5074,5491.7671,5492.4387,0.0411,0
2966,1,5492.2344,5493.8372,5494.1887,0.1207,0
2966,0,5492.2344,5493.8372,5494.4000,0.0462,0
2967,1,5494.2575,5495.8028,5496.0843,0.1122,0
2967,0,5494.2575,5495.8028,5496.2709,0.0387,0
2968,1,5496.1462,5497.4036,5497.7388,0.1193,0
2968,0,5496.1462,5497.4036,5497.9845,0.0416,0
2969,1,5497.8027,5499.3788,5499.6612,0.1146,0
2969,0,5497.8027,5499.3788,5499.8672,0.0486,0
2970,1,5499.7263,5501.1554,5501.6279,0.2549,0
2970,0,5499.7263,5501.1554,5501.8440,0.0478,0
2971,1,5501.6962,5502.9563,5503.2837,0.1269,0
2971,0,5501.6962,5502.9563,5503.5401,0.0403,0
2972,1,5503.3448,5504.9260,5505.2538,0.1188,0
2972,0,5503.3448,5504.9260,5505.4646,0.0427,0
2973,1,5505.3167,5506.8856,5507.2418,0.1147,0
2973,0,5505.3167,5506.8856,5507.4235,0.0371,0
2974,1,5507.3010,5508.5581,5508.8351,0.1147,0
2974,0,5507.3010,5508.5581,5509.1311,0.0349,0
2975,1,5508.8923,5510.5071,5510.8118,0.1102,0
2975,0,5508.8923,5510.5071,5511.0130,0.0431,0
2976,1,5510.8718,5512.3750,5512.6890,0.1153,0
2976,0,5510.8718,5512.3750,5512.8829,0.0402,0
2977,1,5512.7457,5513.9861,5514.2753,0.1153,0
2977,0,5512.7457,5513.9861,5514.5313,0.0455,0
2978,1,5514.3377,5515.9260,5516.2155,0.1157,0
2978,0,5514.3377,5515.9260,5516.3706,0.0356,0
2979,1,5517.3080,5518.5520,5518.9916,0.2580,0
2979,0,5517.3080,5518.5520,5519.2813,0.0373,0
2980,1,5519.1711,5520.5922,5521.0022,0.2270,0
2980,0,5519.1711,5520.5922,5521.1845,0.0391,0
2981,1,5521.0607,5522.3073,5522.7343,0.2262,0
2981,0,5521.0607,5522.3073,5523.0056,0.0400,0
2982,1,5522.7948,5524.3477,5524.6768,0.1204,0
2982,0,5522.7948,5524.3477,5524.8644,0.0395,0
2983,1,5524.7352,5526.2344,5526.5091,0.1129,0
2983,0,5524.7352,5526.2344,5526.6930,0.0384,0
2984,1,5526.5636,5527.7929,5528.0941,0.1134,0
2984,0,5526.5636,5527.7929,5528.2939,0.0443,0
2985,1,5528.1545,5529.6752,5529.9855,0.1172,0
2985,0,5528.1545,5529.6752,5530.2075,0.0446,0
2986,1,5530.0475,5531.3028,5531.8665,0.3777,0
2986,0,5530.0475,5531.3028,5532.0829,0.0473,0
2987,1,5531.9378,5533.2120,5533.5089,0.1190,0
2987,0,5531.9378,5533.2120,5533.6977,0.0386,0
2988,1,5533.5683,5535.0249,5535.4560,0.2601,0
2988,0,5533.5683,5535.0249,5535.6341,0.0381,0
2989,1,5535.5110,5536.7300,5537.0687,0.1736,0
2989,0,5535.5110,5536.7300,5537.5642,0.3572,0
2990,1,5537.4431,5538.6706,5538.9672,0.1153,0
2990,0,5537.4431,5538.6706,5539.1469,0.0361,0
2991,1,5539.0251,5540.5508,5540.8411,0.1101,0
2991,0,5539.0251,5540.5508,5541.0242,0.0363,0
2992,1,5540.8994,5542.1594,5542.4295,0.1038,0
2992,0,5540.8994,5542.1594,5542.6126,0.0374,0
2993,1,5542.4949,5543.8280,5544.1590,0.1219,0
2993,0,5542.4949,5543.8280,5544.3702,0.0391,0
2994,1,5544.2179,5545.7504,5546.0566,0.1140,0
2994,0,5544.2179,5545.7504,5546.2555,0.0392,0
2995,1,5546.1123,5547.3476,5547.6267,0.1131,0
2995,0,5546.1123,5547.3476,5547.8836,0.0352,0
2996,1,5547.6804,5549.2787,5549.6178,0.1191,0
2996,0,5547.6804,5549.2787,5549.8331,0.0417,0
2997,1,5549.6843,5551.3494,5551.6925,0.1656,0
2997,0,5549.6843,5551.3494,5551.8742,0.0401,0
2998,1,5551.7497,5552.9893,5553.2869,0.1162,0
2998,0,5551.7497,5552.9893,5553.5273,0.0364,0
2999,1,5553.3432,5554.8960,5555.1900,0.1207,0
2999,0,5553.3432,5554.8960,5555.3700,0.0354,0
3000,1,5555.2433,5556.7413,5557.0359,0.1156,0
3000,0,5555.2433,5556.7413,5557.2084,0.0361,0
3001,1,5557.0886,5558.3078,5558.6119,0.1133,0
3001,0,5557.0886,5558.3078,5558.7784,0.0435,0
3002,1,5558.6882,5560.2035,5560.5111,0.1155,0
3002,0,5558.6882,5560.2035,5560.7360,0.0432,0
3003,1,5560.5780,5561.8731,5562.4563,0.3739,0
3003,0,5560.5780,5561.8731,5562.6712,0.0433,0
3004,1,5562.5199,5563.8067,5564.1216,0.1099,0
3004,0,5562.5199,5563.8067,5564.3434,0.0441,0
3005,1,5564.1856,5565.7740,5566.0986,0.1210,0
3005,0,5564.1856,5565.7740,5566.3065,0.0463,0
3006,1,5566.1626,5567.4037,5568.0570,0.4837,0
3006,0,5566.1626,5567.4037,5568.2604,0.0496,0
3007,1,5568.1300,5569.4221,5569.7468,0.1159,0
3007,0,5568.1300,5569.4221,5569.9618,0.0442,0
3008,1,5569.8114,5571.3348,5571.6264,0.1212,0
3008,0,5569.8114,5571.3348,5571.8240,0.0360,0
3009,1,5571.6789,5572.9290,5573.2234,0.1141,0
3009,0,5571.6789,5572.9290,5573.5368,0.1629,0
3010,1,5573.4085,5574.6535,5574.9503,0.1147,0
3010,0,5573.4085,5574.6535,5575.1347,0.0361,0
3011,1,5575.0100,5576.5346,5576.9332,0.1160,0
3011,0,5575.0100,5576.5346,5577.1288,0.0428,0
3012,1,5577.0013,5578.2674,5578.6294,0.1072,0
3012,0,5577.0013,5578.2674,5579.1319,0.2592,0
3013,1,5578.9097,5580.3154,5580.6477,0.1163,0
3013,0,5578.9097,5580.3154,5580.8361,0.0443,0
3014,1,5580.7089,5582.2101,5582.5199,0.1250,0
3014,0,5580.7089,5582.2101,5582.7117,0.0429,0
3015,1,5582.5838,5583.8274,5584.1694,0.1099,0
3015,0,5582.5838,5583.8274,5584.4811,0.1549,0
3016,1,5584.3452,5585.7112,5586.0100,0.1200,0
3016,0,5584.3452,5585.7112,5586.1933,0.0365,0
3017,1,5586.0674,5587.5677,5587.8671,0.1160,0
3017,0,5586.0674,5587.5677,5588.0610,0.0443,0
3018,1,5587.9290,5589.1537,5589.4329,0.1142,0
3018,0,5587.9290,5589.1537,5589.6614,0.0831,0
3019,1,5589.5334,5590.8973,5591.1817,0.1164,0
3019,0,5589.5334,5590.8973,5591.3621,0.0356,0
3020,1,5591.2365,5592.4710,5592.9563,0.2781,0
3020,0,5591.2365,5592.4710,5593.1708,0.0434,0
3021,1,5593.0204,5594.2805,5594.5712,0.1152,0
3021,0,5593.0204,5594.2805,5594.7801,0.0400,0
3022,1,5594.6295,5596.2007,5596.4856,0.1169,0
3022,0,5594.6295,5596.2007,5596.6654,0.0352,0
3023,1,5596.5415,5597.7678,5598.0939,0.1544,0
3023,0,5596.5415,5597.7678,5598.5518,0.3173,0
3024,1,5598.4283,5599.6541,5599.9375,0.1223,0
3024,0,5598.4283,5599.6541,5600.1130,0.0358,0
3025,1,5599.9894,5601.3961,5601.7915,0.2229,0
3025,0,5599.9894,5601.3961,5602.0057,0.0538,0
3026,1,5601.8645,5603.1356,5603.4693,0.1142,0
3026,0,5601.8645,5603.1356,5603.6508,0.0364,0
3027,1,5603.5248,5604.8300,5605.1144,0.1139,0
3027,0,5603.5248,5604.8300,5605.2877,0.0363,0
3028,1,5605.1669,5606.3857,5606.8560,0.2767,0
3028,0,5605.1669,5606.3857,5607.0710,0.0429,0
3029,1,5606.9231,5608.2047,5608.4914,0.1120,0
3029,0,5606.9231,5608.2047,5608.6821,0.0376,0
3030,1,5608.5503,5610.0521,5610.3677,0.1178,0
3030,0,5608.5503,5610.0521,5610.5878,0.0414,0
3031,1,5610.4336,5611.7126,5612.0144,0.1149,0
3031,0,5610.4336,5611.7126,5612.4025,0.2293,0
3032,1,5612.2655,5613.5311,5613.8284,0.1197,0
3032,0,5612.2655,5613.5311,5614.0655,0.0466,0
3033,1,5613.9033,5615.4758,5615.7671,0.1144,0
3033,0,5613.9033,5615.4758,5615.9615,0.0483,0
3034,1,5615.8370,5617.1586,5617.5109,0.1141,0
3034,0,5615.8370,5617.1586,5617.8606,0.1917,0
3035,1,5617.7291,5619.0970,5619.3771,0.1137,0
3035,0,5617.7291,5619.0970,5619.5555,0.0358,0
3036,1,5619.4302,5620.9164,5621.1869,0.1093,0
3036,0,5619.4302,5620.9164,5621.3581,0.0359,0
3037,1,5621.2395,5622.4538,5622.7588,0.1124,0
3037,0,5621.2395,5622.4538,5623.0016,0.0385,0
3038,1,5622.8136,5624.3456,5624.6300,0.1109,0
3038,0,5622.8136,5624.3456,5624.8012,0.0346,0
3039,1,5624.6808,5626.1569,5626.4367,0.1140,0
3039,0,5624.6808,5626.1569,5626.6077,0.0364,0
3040,1,5626.4891,5627.6993,5628.0057,0.1135,0
3040,0,5626.4891,5627.6993,5628.2009,0.0391,0
3041,1,5628.0616,5629.5635,5629.8727,0.1159,0
3041,0,5628.0616,5629.5635,5630.0811,0.0393,0
3042,1,5629.9281,5631.1755,5631.4409,0.1062,0
3042,0,5629.9281,5631.1755,5631.9914,0.3232,0
3043,1,5631.7874,5633.1272,5633.4146,0.1141,0
3043,0,5631.7874,5633.1272,5633.7614,0.0397,0
3044,1,5633.5256,5635.1704,5635.5569,0.2155,0
3044,0,5633.5256,5635.1704,5635.9026,0.0563,0
3045,1,5635.6999,5637.3024,5637.5899,0.1180,0
3045,0,5635.6999,5637.3024,5637.8812,0.0373,0
3046,1,5637.6997,5638.9657,5639.3308,0.1127,0
3046,0,5637.6997,5638.9657,5639.5806,0.0430,0
3047,1,5639.4114,5640.9859,5641.3048,0.1146,0
3047,0,5639.4114,5640.9859,5641.5799,0.1244,0
3048,1,5641.4476,5642.6817,5643.2720,0.3911,0
3048,0,5641.4476,5642.6817,5643.4840,0.0387,0
3049,1,5643.3306,5644.5758,5644.9355,0.1235,0
3049,0,5643.3306,5644.5758,5645.2000,0.0441,0
3050,1,5645.0056,5646.5941,5646.9224,0.1560,0
3050,0,5645.0056,5646.5941,5647.0995,0.0355,0
3051,1,5646.9771,5648.5007,5648.8009,0.1192,0
3051,0,5646.9771,5648.5007,5648.9792,0.0357,0
3052,1,5648.8541,5650.0722,5650.3618,0.1125,0
3052,0,5648.8541,5650.0722,5650.5455,0.0381,0
3053,1,5650.4200,5652.1802,5652.4651,0.1099,0
3053,0,5650.4200,5652.1802,5652.6423,0.0366,0
3054,1,5652.5186,5654.0179,5654.3066,0.1145,0
3054,0,5652.5186,5654.0179,5654.4876,0.0392,0
3055,1,5654.3642,5655.5873,5655.8706,0.1176,0
3055,0,5654.3642,5655.5873,5656.0413,0.0345,0
3056,1,5655.9216,5657.4583,5657.7697,0.1263,0
3056,0,5655.9216,5657.4583,5657.9435,0.0357,0
3057,1,5657.8227,5659.0490,5659.3298,0.1138,0
3057,0,5657.8227,5659.0490,5659.6418,0.1741,0
3058,1,5659.5208,5660.7425,5661.0710,0.1187,0
3058,0,5659.5208,5660.7425,5661.2740,0.0425,0
3059,1,5661.1308,5662.6421,5662.9576,0.1166,0
3059,0,5661.1308,5662.6421,5663.1665,0.0434,0
3060,1,5663.0213,5664.3018,5664.6536,0.1117,0
3060,0,5663.0213,5664.3018,5664.8856,0.0446,0
3061,1,5664.7383,5666.0827,5666.4039,0.1187,0
3061,0,5664.7383,5666.0827,5666.6100,0.0431,0
3062,1,5666.4657,5667.9074,5668.3221,0.2227,0
3062,0,5666.4657,5667.9074,5668.5392,0.0393,0
3063,1,5668.3803,5669.6368,5669.9727,0.1259,0
3063,0,5668.3803,5669.6368,5670.2201,0.0417,0
3064,1,5670.0319,5671.5546,5671.8997,0.1185,0
3064,0,5670.0319,5671.5546,5672.1213,0.0440,0
3065,1,5671.9608,5673.4897,5673.8143,0.1206,0
3065,0,5671.9608,5673.4897,5674.0597,0.0400,0
3066,1,5673.8814,5675.1817,5675.4675,0.1142,0
3066,0,5673.8814,5675.1817,5675.7835,0.0364,0
3067,1,5675.5244,5677.0221,5677.3465,0.1192,0
3067,0,5675.5244,5677.0221,5677.5594,0.0406,0
3068,1,5677.4072,5678.9387,5679.2981,0.1278,0
3068,0,5677.4072,5678.9387,5679.5411,0.0485,0
3069,1,5679.3656,5680.6430,5680.9378,0.1151,0
3069,0,5679.3656,5680.6430,5681.1165,0.0369,0
3070,1,5680.9912,5682.4910,5682.8027,0.1143,0
3070,0,5680.9912,5682.4910,5683.0242,0.0441,0
3071,1,5682.8711,5684.3379,5684.7310,0.2158,0
3071,0,5682.8711,5684.3379,5684.9605,0.0532,0
3072,1,5684.8029,5686.0578,5686.3712,0.1175,0
3072,0,5684.8029,5686.0578,5686.5838,0.0432,0
3073,1,5686.4338,5688.0081,5688.3169,0.1142,0
3073,0,5686.4338,5688.0081,5688.5318,0.0466,0
3074,1,5688.3859,5689.6664,5689.9891,0.1141,0
3074,0,5688.3859,5689.6664,5690.1951,0.0387,0
3075,1,5690.0516,5691.3282,5691.6415,0.1148,0
3075,0,5690.0516,5691.3282,5691.8810,0.0482,0
3076,1,5691.7067,5693.2589,5693.5549,0.1175,0
3076,0,5691.7067,5693.2589,5693.7369,0.0352,0
3077,1,5693.6122,5694.8736,5695.2147,0.1111,0
3077,0,5693.6122,5694.8736,5695.3983,0.0372,0
3078,1,5695.2753,5696.6317,5696.9131,0.1105,0
3078,0,5695.2753,5696.6317,5697.0862,0.0351,0
3079,1,5696.9645,5698.4384,5698.7445,0.1117,0
3079,0,5696.9645,5698.4384,5698.9893,0.0631,0
3080,1,5698.8310,5700.0921,5700.5036,0.2232,0
3080,0,5698.8310,5700.0921,5700.8395,0.0392,0
3081,1,5700.5729,5702.2329,5702.5151,0.1149,0
3081,0,5700.5729,5702.2329,5702.6975,0.0359,0
3082,1,5702.5677,5704.0642,5704.3439,0.1093,0
3082,0,5702.5677,5704.0642,5704.5282,0.0363,0
3083,1,5704.4044,5705.6606,5705.9504,0.1195,0
3083,0,5704.4044,5705.6606,5706.1276,0.0360,0
3084,1,5706.0137,5707.5259,5707.8497,0.1170,0
3084,0,5706.0137,5707.5259,5708.0711,0.0433,0
3085,1,5707.9176,5709.4843,5709.8093,0.1139,0
3085,0,5707.9176,5709.4843,5710.0170,0.0470,0
3086,1,5709.8742,5711.1232,5711.4677,0.1281,0
3086,0,5709.8742,5711.1232,5711.8158,0.0524,0
3087,1,5711.5438,5713.1961,5713.5384,0.1294,0
3087,0,5711.5438,5713.1961,5713.7552,0.0437,0
3088,1,5713.6034,5715.1319,5715.5544,0.1132,0
3088,0,5713.6034,5715.1319,5715.7561,0.0451,0
3089,1,5715.6215,5717.0233,5717.4687,0.1833,0
3089,0,5715.6215,5717.0233,5717.8341,0.2193,0
3090,1,5717.7101,5719.0836,5719.3641,0.1101,0
3090,0,5717.7101,5719.0836,5719.5363,0.0367,0
3091,1,5719.4184,5720.9046,5721.2151,0.1161,0
3091,0,5719.4184,5720.9046,5721.4282,0.0441,0
3092,1,5721.3051,5722.5631,5722.8937,0.1154,0
3092,0,5721.3051,5722.5631,5723.1080,0.0364,0
3093,1,5722.9627,5724.3066,5724.6272,0.1159,0
3093,0,5722.9627,5724.3066,5724.8242,0.0453,0
3094,1,5724.6897,5726.1895,5726.4828,0.1155,0
3094,0,5724.6897,5726.1895,5726.6879,0.0433,0
3095,1,5726.5496,5727.8146,5728.0934,0.1145,0
3095,0,5726.5496,5727.8146,5728.2717,0.0346,0
3096,1,5728.1498,5729.6940,5730.0036,0.1160,0
3096,0,5728.1498,5729.6940,5730.2210,0.0526,0
3097,1,5730.0740,5731.3143,5731.9112,0.3743,0
3097,0,5730.0740,5731.3143,5732.1338,0.0433,0
3098,1,5731.9784,5733.2573,5733.6362,0.2059,0
3098,0,5731.9784,5733.2573,5733.8591,0.0417,0
3099,1,5733.6969,5735.1950,5735.6200,0.2669,0
3099,0,5733.6969,5735.1950,5735.9701,0.1655,0
3100,1,5735.8042,5737.3237,5737.5992,0.1139,0
3100,0,5735.8042,5737.3237,5737.7947,0.0348,0
3101,1,5737.6501,5738.8797,5739.2002,0.1197,0
3101,0,5737.6501,5738.8797,5739.4010,0.0437,0
3102,1,5739.2601,5740.7847,5741.0901,0.1131,0
3102,0,5739.2601,5740.7847,5741.2905,0.0434,0
3103,1,5741.1496,5742.3830,5742.6656,0.1121,0
3103,0,5741.1496,5742.3830,5743.0905,0.2370,0
3104,1,5742.9204,5744.1909,5744.4720,0.1084,0
3104,0,5742.9204,5744.1909,5744.6472,0.0356,0
3105,1,5744.5239,5746.0060,5746.2899,0.1183,0
3105,0,5744.5239,5746.0060,5746.4735,0.0348,0
3106,1,5746.3411,5747.5651,5747.8918,0.1133,0
3106,0,5746.3411,5747.5651,5748.0935,0.0391,0
3107,1,5747.9480,5749.2801,5749.7094,0.1891,0
3107,0,5747.9480,5749.2801,5749.9675,0.0508,0
3108,1,5749.7853,5751.2817,5751.6840,0.2209,0
3108,0,5749.7853,5751.2817,5751.9065,0.0444,0
3109,1,5751.7469,5753.0756,5753.4573,0.1860,0
3109,0,5751.7469,5753.0756,5753.6360,0.0358,0
3110,1,5753.5111,5754.8065,5755.0928,0.1157,0
3110,0,5753.5111,5754.8065,5755.2737,0.0362,0
3111,1,5755.1458,5756.3749,5756.9316,0.3914,0
3111,0,5755.1458,5756.3749,5757.1049,0.0355,0
3112,1,5756.9836,5758.2014,5758.5003,0.1245,0
3112,0,5756.9836,5758.2014,5758.6858,0.0361,0
3113,1,5758.5582,5760.0837,5760.3705,0.1191,0
3113,0,5758.5582,5760.0837,5760.5423,0.0355,0
3114,1,5760.4251,5761.6659,5762.0142,0.1707,0
3114,0,5760.4251,5761.6659,5762.5031,0.3252,0
3115,1,5762.3561,5763.5986,5763.9157,0.1146,0
3115,0,5762.3561,5763.5986,5764.1248,0.0388,0
3116,1,5763.9737,5765.4915,5765.8822,0.1274,0
3116,0,5763.9737,5765.4915,5766.1227,0.0539,0
3117,1,5765.9594,5767.3166,5767.8466,0.3084,0
3117,0,5765.9594,5767.3166,5768.1154,0.0754,0
3118,1,5767.9424,5769.2157,5769.5437,0.1158,0
3118,0,5767.9424,5769.2157,5769.7727,0.0443,0
3119,1,5769.6110,5771.1773,5771.4687,0.1145,0
3119,0,5769.6110,5771.1773,5771.6511,0.0373,0
3120,1,5771.5246,5772.7797,5773.1152,0.1432,0
3120,0,5771.5246,5772.7797,5773.6044,0.3166,0
3121,1,5773.4526,5774.7933,5775.1506,0.1866,0
3121,0,5773.4526,5774.7933,5775.3342,0.0357,0
3122,1,5775.2040,5776.6993,5776.9817,0.1166,0
3122,0,5775.2040,5776.6993,5777.1559,0.0353,0
3123,1,5777.0332,5778.2515,5778.5518,0.1097,0
3123,0,5777.0332,5778.2515,5778.7588,0.0446,0
3124,1,5778.6129,5779.9521,5780.2629,0.1155,0
3124,0,5778.6129,5779.9521,5780.4653,0.0438,0
3125,1,5780.3229,5781.8185,5782.0938,0.1137,0
3125,0,5780.3229,5781.8185,5782.2798,0.0420,0
3126,1,5782.1519,5783.3727,5783.7678,0.1937,0
3126,0,5782.1519,5783.3727,5784.0381,0.0444,0
3127,1,5783.8352,5785.2194,5785.8605,0.4055,0
3127,0,5783.8352,5785.2194,5786.1085,0.0458,0
3128,1,5785.9278,5787.5027,5787.8219,0.1170,0
3128,0,5785.9278,5787.5027,5788.0311,0.0438,0
3129,1,5787.8899,5789.1651,5789.5216,0.1116,0
3129,0,5787.8899,5789.1651,5789.8231,0.0368,0
3130,1,5789.5784,5790.9638,5791.2572,0.1237,0
3130,0,5789.5784,5790.9638,5791.4407,0.0366,0
3131,1,5791.3158,5792.8354,5793.1578,0.1202,0
3131,0,5791.3158,5792.8354,5793.3751,0.0414,0
3132,1,5793.2227,5794.5001,5794.8340,0.1186,0
3132,0,5793.2227,5794.5001,5795.0503,0.0429,0
3133,1,5794.8993,5796.4620,5796.7731,0.1191,0
3133,0,5794.8993,5796.4620,5796.9913,0.0436,0
3134,1,5796.8406,5798.3871,5798.7214,0.1253,0
3134,0,5796.8406,5798.3871,5798.9113,0.0390,0
3135,1,5798.7840,5800.0779,5800.3981,0.1207,0
3135,0,5798.7840,5800.0779,5800.6756,0.0426,0
3136,1,5800.4756,5801.9798,5802.5875,0.3844,0
3136,0,5800.4756,5801.9798,5802.9207,0.1431,0
3137,1,5802.7503,5804.2907,5804.5787,0.1171,0
3137,0,5802.7503,5804.2907,5804.7957,0.0360,0
3138,1,5804.6313,5805.8862,5806.2124,0.1139,0
3138,0,5804.6313,5805.8862,5806.4002,0.0374,0
3139,1,5806.2692,5807.5654,5807.8472,0.1116,0
3139,0,5806.2692,5807.5654,5808.0177,0.0350,0
3140,1,5807.8982,5809.1187,5809.6961,0.3838,0
3140,0,5807.8982,5809.1187,5809.9183,0.0453,0
3141,1,5809.7654,5811.0469,5811.3760,0.1169,0
3141,0,5809.7654,5811.0469,5811.5950,0.0402,0
3142,1,5811.4371,5812.9823,5813.2750,0.1154,0
3142,0,5811.4371,5812.9823,5813.4541,0.0353,0
3143,1,5813.3283,5814.5492,5814.8800,0.1200,0
3143,0,5813.3283,5814.5492,5815.3153,0.2587,0
3144,1,5815.1594,5816.4218,5816.8022,0.1935,0
3144,0,5815.1594,5816.4218,5816.9819,0.0362,0
3145,1,5816.8551,5818.2692,5818.6632,0.2248,0
3145,0,5816.8551,5818.2692,5818.9277,0.0541,0
3146,1,5818.7375,5820.0247,5820.3906,0.1890,0
3146,0,5818.7375,5820.0247,5820.8388,0.2788,0
3147,1,5820.6906,5821.9301,5822.2179,0.1134,0
3147,0,5820.6906,5821.9301,5822.3908,0.0358,0
3148,1,5822.2710,5823.7573,5824.1268,0.1182,0
3148,0,5822.2710,5823.7573,5824.3351,0.0432,0
3149,1,5824.1885,5825.4300,5825.7771,0.1180,0
3149,0,5824.1885,5825.4300,5825.9893,0.0446,0
3150,1,5825.8390,5827.1751,5827.4523,0.1135,0
3150,0,5825.8390,5827.1751,5827.6254,0.0347,0
3151,1,5827.5036,5828.9988,5829.3106,0.1133,0
3151,0,5827.5036,5828.9988,5829.5219,0.0420,0
3152,1,5829.3761,5830.6477,5830.9905,0.1215,0
3152,0,5829.3761,5830.6477,5831.2313,0.0434,0
3153,1,5831.0513,5832.6500,5833.0462,0.2219,0
3153,0,5831.0513,5832.6500,5833.2266,0.0350,0
3154,1,5833.1035,5834.5432,5834.9814,0.2271,0
3154,0,5833.1035,5834.5432,5835.2570,0.0402,0
3155,1,5835.0425,5836.3586,5836.6439,0.1127,0
3155,0,5835.0425,5836.3586,5836.8855,0.0379,0
3156,1,5836.6995,5838.2400,5838.5269,0.1141,0
3156,0,5836.6995,5838.2400,5838.7303,0.0471,0
3157,1,5838.5956,5840.1314,5840.4432,0.1099,0
3157,0,5838.5956,5840.1314,5840.6594,0.0445,0
3158,1,5840.5120,5841.7894,5842.1227,0.1283,0
3158,0,5840.5120,5841.7894,5842.3298,0.0406,0
3159,1,5842.1819,5843.7093,5844.0591,0.1173,0
3159,0,5842.1819,5843.7093,5844.2627,0.0453,0
3160,1,5844.1261,5845.6552,5845.9274,0.1084,0
3160,0,5844.1261,5845.6552,5846.1019,0.0347,0
3161,1,5845.9772,5847.1902,5847.4924,0.1128,0
3161,0,5845.9772,5847.1902,5847.7004,0.0440,0
3162,1,5847.5543,5849.0976,5849.4872,0.2079,0
3162,0,5847.5543,5849.0976,5849.6665,0.0383,0
3163,1,5849.5427,5850.7617,5851.2051,0.2050,0
3163,0,5849.5427,5850.7617,5851.6488,0.2381,0
3164,1,5851.4659,5852.7676,5853.1632,0.1891,0
3164,0,5851.4659,5852.7676,5853.4438,0.0401,0
3165,1,5853.2222,5854.8300,5855.1611,0.1246,0
3165,0,5853.2222,5854.8300,5855.3731,0.0405,0
3166,1,5855.2220,5856.7419,5857.0447,0.1160,0
3166,0,5855.2220,5856.7419,5857.2233,0.0360,0
3167,1,5857.0995,5858.3111,5858.5897,0.1136,0
3167,0,5857.0995,5858.3111,5858.7745,0.0354,0
3168,1,5858.6458,5860.2245,5860.5328,0.1152,0
3168,0,5858.6458,5860.2245,5860.7552,0.0386,0
3169,1,5860.5915,5861.8997,5862.4719,0.3671,0
3169,0,5860.5915,5861.8997,5862.7090,0.0544,0
3170,1,5862.5473,5863.8308,5864.2073,0.1618,0
3170,0,5862.5473,5863.8308,5864.4205,0.0401,0
3171,1,5864.2676,5865.8068,5866.0901,0.1110,0
3171,0,5864.2676,5865.8068,5866.2761,0.0381,0
3172,1,5866.1507,5867.4634,5868.0126,0.3728,0
3172,0,5866.1507,5867.4634,5868.3255,0.1630,0
3173,1,5868.1985,5869.4291,5869.7284,0.1113,0
3173,0,5868.1985,5869.4291,5869.9476,0.0426,0
3174,1,5869.7905,5871.3339,5871.6292,0.1185,0
3174,0,5869.7905,5871.3339,5871.8308,0.0362,0
3175,1,5871.6915,5872.9398,5873.5211,0.3756,0
3175,0,5871.6915,5872.9398,5873.7322,0.0422,0
3176,1,5873.5842,5874.8569,5875.1880,0.1202,0
3176,0,5873.5842,5874.8569,5875.4055,0.0416,0
3177,1,5875.2490,5876.7608,5877.0751,0.1166,0
3177,0,5875.2490,5876.7608,5877.2908,0.0443,0
3178,1,5877.1401,5878.3864,5878.6827,0.1068,0
3178,0,5877.1401,5878.3864,5879.1752,0.3152,0
3179,1,5879.0221,5880.3027,5880.5851,0.1154,0
3179,0,5879.0221,5880.3027,5880.7846,0.0349,0
3180,1,5880.6392,5882.2747,5882.6798,0.2084,0
3180,0,5880.6392,5882.2747,5882.8835,0.0504,0
3181,1,5882.7686,5884.0065,5884.5599,0.3086,0
3181,0,5882.7686,5884.0065,5884.9268,0.0953,0
3182,1,5884.6814,5886.0642,5886.4236,0.1818,0
3182,0,5884.6814,5886.0642,5886.6130,0.0442,0
3183,1,5886.4857,5888.0096,5888.3118,0.1108,0
3183,0,5886.4857,5888.0096,5888.5088,0.0397,0
3184,1,5888.3681,5889.5937,5889.9257,0.1158,0
3184,0,5888.3681,5889.5937,5890.2892,0.2005,0
3185,1,5890.1447,5891.3822,5891.7076,0.1192,0
3185,0,5890.1447,5891.3822,5891.9158,0.0436,0
3186,1,5891.7677,5893.1661,5893.5456,0.1585,0
3186,0,5891.7677,5893.1661,5893.7456,0.0398,0
3187,1,5893.6025,5894.8352,5895.2220,0.1199,0
3187,0,5893.6025,5894.8352,5895.4313,0.0434,0
3188,1,5895.2852,5896.5436,5896.8495,0.1149,0
3188,0,5895.2852,5896.5436,5897.0372,0.0382,0
3189,1,5896.9051,5898.3524,5898.6972,0.1581,0
3189,0,5896.9051,5898.3524,5898.8674,0.0363,0
3190,1,5898.7610,5900.0701,5900.4289,0.1863,0
3190,0,5898.7610,5900.0701,5900.6623,0.0358,0
3191,1,5900.4811,5901.9503,5902.3825,0.2602,0
3191,0,5900.4811,5901.9503,5902.5601,0.0369,0
3192,1,5902.4367,5903.6548,5904.1823,0.3563,0
3192,0,5902.4367,5903.6548,5904.3595,0.0366,0
3193,1,5904.2383,5905.4570,5905.7600,0.1236,0
3193,0,5904.2383,5905.4570,5905.9620,0.0464,0
3194,1,5905.8230,5907.3203,5907.5985,0.1168,0
3194,0,5905.8230,5907.3203,5907.7930,0.0348,0
3195,1,5907.6490,5908.8880,5909.2000,0.1501,0
3195,0,5907.6490,5908.8880,5909.6510,0.3132,0
3196,1,5909.5302,5910.7438,5911.0490,0.1129,0
3196,0,5909.5302,5910.7438,5911.2493,0.0434,0
3197,1,5911.1093,5912.6030,5912.9083,0.1165,0
3197,0,5911.1093,5912.6030,5913.1198,0.0424,0
3198,1,5912.9725,5914.2519,5914.5661,0.1141,0
3198,0,5912.9725,5914.2519,5914.7585,0.0377,0
3199,1,5914.6222,5916.0714,5916.4554,0.2106,0
3199,0,5914.6222,5916.0714,5916.6372,0.0368,0
3200,1,5916.5108,5917.9369,5918.3958,0.2564,0
3200,0,5916.5108,5917.9369,5918.6125,0.0445,0
3201,1,5918.4613,5919.7343,5920.1332,0.1143,0
3201,0,5918.4613,5919.7343,5920.4413,0.0553,0
3202,1,5920.2135,5921.6853,5921.9859,0.1114,0
3202,0,5920.2135,5921.6853,5922.1785,0.0429,0
3203,1,5922.0476,5923.5461,5923.8673,0.1154,0
3203,0,5922.0476,5923.5461,5924.0816,0.0412,0
3204,1,5923.9358,5925.2157,5925.4857,0.1087,0
3204,0,5923.9358,5925.2157,5925.7820,0.0982,0
3205,1,5925.6016,5927.1752,5927.4609,0.1155,0
3205,0,5925.6016,5927.1752,5927.6345,0.0361,0
3206,1,5927.5161,5929.0049,5929.3271,0.1324,0
3206,0,5927.5161,5929.0049,5929.5463,0.0407,0
3207,1,5929.3907,5930.6745,5930.9907,0.1161,0
3207,0,5929.3907,5930.6745,5931.3408,0.0459,0
3208,1,5931.0553,5932.7033,5933.1740,0.1236,0
3208,0,5931.0553,5932.7033,5933.4334,0.0638,0
3209,1,5933.2631,5934.7783,5935.2054,0.2627,0
3209,0,5933.2631,5934.7783,5935.4241,0.0702,0
3210,1,5935.2940,5936.5142,5936.8780,0.1140,0
3210,0,5935.2940,5936.5142,5937.0822,0.0430,0
3211,1,5936.9382,5938.3182,5938.6019,0.1173,0
3211,0,5936.9382,5938.3182,5938.7982,0.0350,0
3212,1,5938.6529,5940.1461,5940.4506,0.1130,0
3212,0,5938.6529,5940.1461,5940.6631,0.0448,0
3213,1,5940.5195,5941.7959,5942.0898,0.1154,0
3213,0,5940.5195,5941.7959,5942.3479,0.0363,0
3214,1,5942.1478,5943.7441,5944.1152,0.1176,0
3214,0,5942.1478,5943.7441,5944.3318,0.0449,0
3215,1,5944.1807,5945.6549,5946.0192,0.1624,0
3215,0,5944.1807,5945.6549,5946.2534,0.0441,0
3216,1,5946.0878,5947.3740,5947.6665,0.1155,0
3216,0,5946.0878,5947.3740,5947.9058,0.0351,0
3217,1,5947.7217,5949.2877,5949.6892,0.1874,0
3217,0,5947.7217,5949.2877,5949.8719,0.0376,0
3218,1,5949.7493,5951.4180,5951.7401,0.1161,0
3218,0,5949.7493,5951.4180,5951.9756,0.0459,0
3219,1,5951.8099,5953.1018,5953.5209,0.1800,0
3219,0,5951.8099,5953.1018,5953.7151,0.0361,0
3220,1,5953.5796,5954.9503,5955.2342,0.1123,0
3220,0,5953.5796,5954.9503,5955.4061,0.0347,0
3221,1,5955.2882,5956.8004,5957.1061,0.1133,0
3221,0,5955.2882,5956.8004,5957.3247,0.0448,0
3222,1,5957.1750,5958.4438,5958.7318,0.1129,0
3222,0,5957.1750,5958.4438,5958.9979,0.0518,0
3223,1,5958.8027,5960.3767,5960.6540,0.1138,0
3223,0,5958.8027,5960.3767,5960.9131,0.0446,0
3224,1,5960.7200,5962.2575,5962.5905,0.1654,0
3224,0,5960.7200,5962.2575,5962.8000,0.0367,0
3225,1,5962.6628,5963.9247,5964.2543,0.1157,0
3225,0,5962.6628,5963.9247,5964.5731,0.0438,0
3226,1,5964.3184,5965.9742,5966.3557,0.2031,0
3226,0,5964.3184,5965.9742,5966.5374,0.0375,0
3227,1,5966.4103,5967.8191,5968.2829,0.2642,0
3227,0,5966.4103,5967.8191,5968.5102,0.0443,0
3228,1,5968.3518,5969.6729,5970.1203,0.1771,0
3228,0,5968.3518,5969.6729,5970.3458,0.0404,0
3229,1,5970.1814,5971.6223,5971.9274,0.1142,0
3229,0,5970.1814,5971.6223,5972.1283,0.0390,0
3230,1,5971.9834,5973.4836,5973.8152,0.1181,0
3230,0,5971.9834,5973.4836,5974.0535,0.0433,0
3231,1,5973.8822,5975.1783,5975.4640,0.1137,0
3231,0,5973.8822,5975.1783,5975.6999,0.0360,0
3232,1,5975.5216,5977.0781,5977.3698,0.1244,0
3232,0,5975.5216,5977.0781,5977.5410,0.0350,0
3233,1,5977.4238,5978.6651,5979.4655,0.4035,0
3233,0,5977.4238,5978.6651,5979.6713,0.0471,0
3234,1,5979.5348,5980.7989,5981.0828,0.1173,0
3234,0,5979.5348,5980.7989,5981.3204,0.0366,0
3235,1,5981.1360,5982.6731,5983.0484,0.1962,0
3235,0,5981.1360,5982.6731,5983.2333,0.0372,0
3236,1,5983.1088,5984.5681,5985.0281,0.2564,0
3236,0,5983.1088,5984.5681,5985.2899,0.0429,0
3237,1,5985.0992,5986.4728,5986.8073,0.1178,0
3237,0,5985.0992,5986.4728,5987.0301,0.0400,0
3238,1,5986.8716,5988.1985,5988.4742,0.1132,0
3238,0,5986.8716,5988.1985,5988.6451,0.0355,0
3239,1,5988.5260,5989.7388,5990.2939,0.3551,0
3239,0,5988.5260,5989.7388,5990.5086,0.0459,0
3240,1,5990.3636,5991.6419,5991.9709,0.1200,0
3240,0,5990.3636,5991.6419,5992.2008,0.0478,0
3241,1,5992.0419,5993.6015,5993.9213,0.1148,0
3241,0,5992.0419,5993.6015,5994.1735,0.0484,0
3242,1,5993.9889,5995.2760,5995.8678,0.3932,0
3242,0,5993.9889,5995.2760,5996.0869,0.0393,0
3243,1,5995.9325,5997.2118,5997.5242,0.1205,0
3243,0,5995.9325,5997.2118,5997.7406,0.0432,0
3244,1,5997.5863,5999.1426,5999.4532,0.1166,0
3244,0,5997.5863,5999.1426,5999.8336,0.0457,0
3245,1,5999.5199,6001.1915,6001.6247,0.2627,0
3245,0,5999.5199,6001.1915,6001.8227,0.0373,0
3246,1,6001.6799,6002.9407,6003.3277,0.1804,0
3246,0,6001.6799,6002.9407,6003.5677,0.0397,0
3247,1,6003.3881,6004.9011,6005.1824,0.1163,0
3247,0,6003.3881,6004.9011,6005.3544,0.0366,0
3248,1,6005.2354,6006.7098,6007.0358,0.1186,0
3248,0,6005.2354,6006.7098,6007.2520,0.0425,0
3249,1,6007.1027,6008.3778,6008.6742,0.1150,0
3249,0,6007.1027,6008.3778,6008.9929,0.0470,0
3250,1,6008.7430,6010.3741,6010.6558,0.1142,0
3250,0,6008.7430,6010.3741,6010.9729,0.0402,0
3251,1,6010.7127,6012.3080,6012.6446,0.1635,0
3251,0,6010.7127,6012.3080,6012.8190,0.0372,0
3252,1,6012.7102,6013.9861,6014.2830,0.1153,0
3252,0,6012.7102,6013.9861,6014.5658,0.0378,0
3253,1,6014.3403,6015.9388,6016.3342,0.1948,0
3253,0,6014.3403,6015.9388,6016.5241,0.0429,0
3254,1,6017.5404,6018.7749,6019.1572,0.1747,0
3254,0,6017.5404,6018.7749,6019.4449,0.0500,0
3255,1,6019.2849,6020.7060,6021.1769,0.2549,0
3255,0,6019.2849,6020.7060,6021.3955,0.0446,0
3256,1,6021.2419,6022.4983,6022.7938,0.1134,0
3256,0,6021.2419,6022.4983,6023.0545,0.1022,0
3257,1,6022.9136,6024.2968,6024.5864,0.1122,0
3257,0,6022.9136,6024.2968,6024.7815,0.0356,0
3258,1,6024.6379,6025.8751,6026.3029,0.2660,0
3258,0,6024.6379,6025.8751,6026.6100,0.0597,0
3259,1,6026.3800,6027.7124,6028.0035,0.1171,0
3259,0,6026.3800,6027.7124,6028.1877,0.0359,0
3260,1,6028.0579,6029.5480,6029.8638,0.1193,0
3260,0,6028.0579,6029.5480,6030.0786,0.0373,0
3261,1,6029.9180,6031.1570,6031.4629,0.1172,0
3261,0,6029.9180,6031.1570,6031.9502,0.3156,0
3262,1,6031.7970,6033.0449,6033.4407,0.1948,0
3262,0,6031.7970,6033.0449,6033.6486,0.0457,0
3263,1,6033.5035,6034.9329,6035.3595,0.2524,0
3263,0,6033.5035,6034.9329,6035.5348,0.0371,0
3264,1,6035.4128,6036.6562,6037.0175,0.1882,0
3264,0,6035.4128,6036.6562,6037.4726,0.3123,0
3265,1,6037.3474,6038.5667,6038.8403,0.1118,0
3265,0,6037.3474,6038.5667,6039.0077,0.0345,0
3266,1,6038.8906,6040.4976,6040.8049,0.1128,0
3266,0,6038.8906,6040.4976,6041.0206,0.0398,0
3267,1,6040.8656,6042.1238,6042.4289,0.1111,0
3267,0,6040.8656,6042.1238,6042.6118,0.0368,0
3268,1,6042.4846,6043.7959,6044.1214,0.1154,0
3268,0,6042.4846,6043.7959,6044.3367,0.0426,0
3269,1,6044.1848,6045.7012,6045.9889,0.1150,0
3269,0,6044.1848,6045.7012,6046.1660,0.0358,0
3270,1,6046.0584,6047.2632,6047.5371,0.1131,0
3270,0,6046.0584,6047.2632,6047.7152,0.0340,0
3271,1,6047.5879,6049.1047,6049.4735,0.1920,0
3271,0,6047.5879,6049.1047,6049.6834,0.0356,0
3272,1,6049.5274,6050.7812,6051.1960,0.2449,0
3272,0,6049.5274,6050.7812,6051.5153,0.1600,0
3273,1,6051.3789,6052.6685,6053.0217,0.1777,0
3273,0,6051.3789,6052.6685,6053.2128,0.0373,0
3274,1,6053.0801,6054.5722,6054.8586,0.1121,0
3274,0,6053.0801,6054.5722,6055.0407,0.0345,0
3275,1,6054.9115,6056.1379,6056.4354,0.1258,0
3275,0,6054.9115,6056.1379,6056.8522,0.2793,0
3276,1,6056.7321,6057.9434,6058.2825,0.1131,0
3276,0,6056.7321,6057.9434,6058.5643,0.0518,0
3277,1,6058.3543,6059.9211,6060.2044,0.1133,0
3277,0,6058.3543,6059.9211,6060.3794,0.0369,0
3278,1,6060.2577,6061.4671,6061.8942,0.1165,0
3278,0,6060.2577,6061.4671,6062.1458,0.0535,0
3279,1,6061.9676,6063.2454,6063.5621,0.1144,0
3279,0,6061.9676,6063.2454,6063.7601,0.0462,0
3280,1,6063.6282,6065.1282,6065.4142,0.1145,0
3280,0,6063.6282,6065.1282,6065.5909,0.0356,0
3281,1,6065.4660,6066.6767,6066.9524,0.1128,0
3281,0,6065.4660,6066.6767,6067.1244,0.0356,0
3282,1,6067.0042,6068.6956,6068.9798,0.1150,0
3282,0,6067.0042,6068.6956,6069.1528,0.0369,0
3283,1,6069.0344,6070.2510,6070.8374,0.3926,0
3283,0,6069.0344,6070.2510,6071.0590,0.0441,0
3284,1,6070.9056,6072.1858,6072.4791,0.1153,0
3284,0,6070.9056,6072.1858,6072.6567,0.0359,0
3285,1,6072.5329,6074.1020,6074.4005,0.1176,0
3285,0,6072.5329,6074.1020,6074.5941,0.0448,0
3286,1,6074.4676,6075.7305,6076.0252,0.1144,0
3286,0,6074.4676,6075.7305,6076.4103,0.2304,0
3287,1,6076.2847,6077.5459,6077.8531,0.1171,0
3287,0,6076.2847,6077.5459,6078.0525,0.0433,0
3288,1,6077.9132,6079.3066,6079.6362,0.1679,0
3288,0,6077.9132,6079.3066,6079.8378,0.0358,0
3289,1,6079.6918,6080.9320,6081.2918,0.1179,0
3289,0,6079.6918,6080.9320,6081.4950,0.0400,0
3290,1,6081.3497,6082.7469,6083.0584,0.1182,0
3290,0,6081.3497,6082.7469,6083.2951,0.0667,0
3291,1,6083.1464,6084.5790,6085.0061,0.2559,0
3291,0,6083.1464,6084.5790,6085.1964,0.0369,0
3292,1,6085.0662,6086.3184,6086.6061,0.1158,0
3292,0,6085.0662,6086.3184,6086.8905,0.0999,0
3293,1,6086.7467,6088.2723,6088.5685,0.1191,0
3293,0,6086.7467,6088.2723,6088.7604,0.0359,0
3294,1,6088.6269,6090.1684,6090.5747,0.2349,0
3294,0,6088.6269,6090.1684,6090.7907,0.0400,0
3295,1,6090.6371,6091.9162,6092.2051,0.1212,0
3295,0,6090.6371,6091.9162,6092.4450,0.0387,0
3296,1,6092.2619,6093.7985,6094.1464,0.1753,0
3296,0,6092.2619,6093.7985,6094.3264,0.0374,0
3297,1,6094.2067,6095.7209,6096.0607,0.1206,0
3297,0,6094.2067,6095.7209,6096.2783,0.0477,0
3298,1,6096.1303,6097.3759,6097.6578,0.1136,0
3298,0,6096.1303,6097.3759,6097.8962,0.0394,0
3299,1,6097.7136,6099.2878,6099.6747,0.1923,0
3299,0,6097.7136,6099.2878,6099.8799,0.0482,0
3300,1,6099.7398,6101.1635,6101.6136,0.2535,0
3300,0,6099.7398,6101.1635,6101.8349,0.0450,0
3301,1,6101.6829,6102.9404,6103.2334,0.1138,0
3301,0,6101.6829,6102.9404,6103.5324,0.0365,0
3302,1,6103.2929,6105.0519,6105.5269,0.1291,0
3302,0,6103.2929,6105.0519,6105.8082,0.1164,0
3303,1,6105.6680,6107.1714,6107.4664,0.1170,0
3303,0,6105.6680,6107.1714,6107.6564,0.0366,0
3304,1,6107.5251,6108.7873,6109.1047,0.1126,0
3304,0,6107.5251,6108.7873,6109.2791,0.0358,0
3305,1,6109.1574,6110.5372,6110.8563,0.1170,0
3305,0,6109.1574,6110.5372,6111.0711,0.0442,0
3306,1,6110.9174,6112.4295,6112.7408,0.1099,0
3306,0,6110.9174,6112.4295,6112.9483,0.0423,0
3307,1,6112.8064,6114.0797,6114.3798,0.1195,0
3307,0,6112.8064,6114.0797,6114.6652,0.1009,0
3308,1,6114.5033,6115.9482,6116.3439,0.1905,0
3308,0,6114.5033,6115.9482,6116.5574,0.0442,0
3309,1,6116.4079,6117.8498,6118.2768,0.2531,0
3309,0,6116.4079,6117.8498,6118.4589,0.0375,0
3310,1,6118.3335,6119.5657,6119.8774,0.1171,0
3310,0,6118.3335,6119.5657,6120.3507,0.0421,0
3311,1,6119.9358,6121.6385,6122.0043,0.1930,0
3311,0,6119.9358,6121.6385,6122.1868,0.0385,0
3312,1,6122.0615,6123.5711,6123.8614,0.1135,0
3312,0,6122.0615,6123.5711,6124.0938,0.0361,0
3313,1,6123.9165,6125.1941,6125.4701,0.1123,0
3313,0,6123.9165,6125.1941,6125.7205,0.0347,0
3314,1,6125.5381,6127.1166,6127.3925,0.1144,0
3314,0,6125.5381,6127.1166,6127.5721,0.0387,0
3315,1,6127.4525,6128.9695,6129.2635,0.1153,0
3315,0,6127.4525,6128.9695,6129.4455,0.0396,0
3316,1,6129.3202,6130.5416,6130.8568,0.1172,0
3316,0,6129.3202,6130.5416,6131.0691,0.0434,0
3317,1,6130.9223,6132.4853,6132.8888,0.1895,0
3317,0,6130.9223,6132.4853,6133.1142,0.0470,0
3318,1,6132.9648,6134.4437,6134.9301,0.2613,0
3318,0,6132.9648,6134.4437,6135.1480,0.0427,0
3319,1,6134.9940,6136.2817,6136.5657,0.1163,0
3319,0,6134.9940,6136.2817,6136.9945,0.0813,0
3320,1,6136.7232,6138.2553,6138.5462,0.1148,0
3320,0,6136.7232,6138.2553,6138.8589,0.0440,0
3321,1,6138.6560,6140.2502,6140.5361,0.1174,0
3321,0,6138.6560,6140.2502,6140.8277,0.0358,0
3322,1,6140.6428,6141.9418,6142.3459,0.1110,0
3322,0,6140.6428,6141.9418,6142.5615,0.0425,0
3323,1,6142.4112,6143.7131,6144.0281,0.1166,0
3323,0,6142.4112,6143.7131,6144.2233,0.0412,0
3324,1,6144.0916,6145.3496,6145.7595,0.1146,0
3324,0,6144.0916,6145.3496,6145.9767,0.0533,0
3325,1,6145.8340,6147.0734,6147.4061,0.1168,0
3325,0,6145.8340,6147.0734,6147.6292,0.0411,0
3326,1,6147.4697,6149.0249,6149.4092,0.2142,0
3326,0,6147.4697,6149.0249,6149.6442,0.0811,0
3327,1,6149.5115,6150.7610,6151.2671,0.3258,0
3327,0,6149.5115,6150.7610,6151.5806,0.1626,0
3328,1,6151.4531,6152.7034,6153.0299,0.1193,0
3328,0,6151.4531,6152.7034,6153.2419,0.0433,0
3329,1,6153.0941,6154.8010,6155.1435,0.1218,0
3329,0,6153.0941,6154.8010,6155.3481,0.0427,0
3330,1,6155.2037,6156.4365,6156.9103,0.2807,0
3330,0,6155.2037,6156.4365,6157.1280,0.0401,0
3331,1,6156.9738,6158.2497,6158.5329,0.1155,0
3331,0,6156.9738,6158.2497,6158.7106,0.0357,0
3332,1,6158.5879,6160.0660,6160.3726,0.1146,0
3332,0,6158.5879,6160.0660,6160.5884,0.0441,0
3333,1,6160.4376,6161.6908,6162.0387,0.1390,0
3333,0,6160.4376,6161.6908,6162.4345,0.2240,0
3334,1,6162.2848,6163.5595,6163.8567,0.1182,0
3334,0,6162.2848,6163.5595,6164.0568,0.0362,0
3335,1,6163.9155,6165.4482,6165.8635,0.2035,0
3335,0,6163.9155,6165.4482,6166.0905,0.0459,0
3336,1,6165.9274,6167.1704,6167.5502,0.1146,0
3336,0,6165.9274,6167.1704,6168.3843,0.5536,0
3337,1,6168.1329,6169.5600,6169.8534,0.1174,0
3337,0,6168.1329,6169.5600,6170.0313,0.0351,0
3338,1,6169.9064,6171.4032,6171.7258,0.1208,0
3338,0,6169.9064,6171.4032,6171.9007,0.0363,0
3339,1,6171.7786,6172.9865,6173.6127,0.3908,0
3339,0,6171.7786,6172.9865,6173.8648,0.0527,0
3340,1,6173.6876,6174.9459,6175.2900,0.1196,0
3340,0,6173.6876,6174.9459,6175.4991,0.0413,0
3341,1,6175.3503,6176.8757,6177.1825,0.1124,0
3341,0,6175.3503,6176.8757,6177.4036,0.0435,0
3342,1,6177.2492,6178.5236,6179.0942,0.3748,0
3342,0,6177.2492,6178.5236,6179.3017,0.0444,0
3343,1,6179.1557,6180.3875,6180.6986,0.1154,0
3343,0,6179.1557,6180.3875,6180.9169,0.0419,0
3344,1,6180.7634,6182.3086,6182.6696,0.1881,0
3344,0,6180.7634,6182.3086,6182.8727,0.0428,0
3345,1,6182.7294,6183.9615,6184.2508,0.1068,0
3345,0,6182.7294,6183.9615,6184.7984,0.3904,0
3346,1,6184.6653,6185.9621,6186.3216,0.1871,0
3346,0,6184.6653,6185.9621,6186.5120,0.0484,0
3347,1,6186.3875,6187.8300,6188.1894,0.1601,0
3347,0,6186.3875,6187.8300,6188.4098,0.0444,0
3348,1,6188.2537,6189.5001,6189.8073,0.1164,0
3348,0,6188.2537,6189.5001,6190.2932,0.3164,0
3349,1,6190.1430,6191.3908,6191.6750,0.1215,0
3349,0,6190.1430,6191.3908,6191.9089,0.0808,0
3350,1,6191.7737,6193.2653,6193.5537,0.1136,0
3350,0,6191.7737,6193.2653,6193.7518,0.0445,0
3351,1,6193.6184,6194.8801,6195.2412,0.1170,0
3351,0,6193.6184,6194.8801,6195.4572,0.0443,0
3352,1,6195.3055,6196.6675,6196.9578,0.1133,0
3352,0,6195.3055,6196.6675,6197.1338,0.0359,0
3353,1,6197.0108,6198.5007,6198.9591,0.2018,0
3353,0,6197.0108,6198.5007,6199.1947,0.0501,0
3354,1,6199.0286,6200.2932,6200.5744,0.1127,0
3354,0,6199.0286,6200.2932,6200.8655,0.0853,0
3355,1,6200.6934,6202.1520,6202.4319,0.1137,0
3355,0,6200.6934,6202.1520,6202.6074,0.0350,0
3356,1,6202.4845,6203.9382,6204.2708,0.1565,0
3356,0,6202.4845,6203.9382,6204.4497,0.0370,0
3357,1,6204.3243,6205.5366,6205.8448,0.1144,0
3357,0,6204.3243,6205.5366,6206.0443,0.0420,0
3358,1,6205.9038,6207.4257,6207.7466,0.1182,0
3358,0,6205.9038,6207.4257,6207.9478,0.0441,0
3359,1,6207.8436,6209.1206,6209.6700,0.3803,0
3359,0,6207.8436,6209.1206,6209.8748,0.0355,0
3360,1,6209.7252,6210.9749,6211.2552,0.1116,0
3360,0,6209.7252,6210.9749,6211.4325,0.0363,0
3361,1,6211.3141,6212.8211,6213.1388,0.1168,0
3361,0,6211.3141,6212.8211,6213.3553,0.0453,0
3362,1,6213.2070,6214.4633,6214.7929,0.1479,0
3362,0,6213.2070,6214.4633,6215.4637,0.3061,0
3363,1,6215.1258,6216.7186,6217.1093,0.1842,0
3363,0,6215.1258,6216.7186,6217.3330,0.0417,0
3364,1,6217.1694,6218.8039,6219.1170,0.1144,0
3364,0,6217.1694,6218.8039,6219.3191,0.0426,0
3365,1,6219.1764,6220.6358,6220.9988,0.1632,0
3365,0,6219.1764,6220.6358,6221.2163,0.0430,0
3366,1,6221.0664,6222.3327,6222.6290,0.1180,0
3366,0,6221.0664,6222.3327,6222.8152,0.0356,0
3367,1,6222.6898,6224.2235,6224.5111,0.1153,0
3367,0,6222.6898,6224.2235,6224.6793,0.0355,0
3368,1,6224.5740,6225.8349,6226.3915,0.3840,0
3368,0,6224.5740,6225.8349,6226.5670,0.0359,0
3369,1,6226.4468,6227.6733,6227.9537,0.1142,0
3369,0,6226.4468,6227.6733,6228.1289,0.0363,0
3370,1,6228.0062,6229.4884,6229.8194,0.1191,0
3370,0,6228.0062,6229.4884,6230.0240,0.0417,0
3371,1,6229.8785,6231.1090,6231.5185,0.1844,0
3371,0,6229.8785,6231.1090,6231.8662,0.0691,0
3372,1,6231.6082,6233.0542,6233.3482,0.1166,0
3372,0,6231.6082,6233.0542,6233.5353,0.0436,0
3373,1,6233.4095,6234.8214,6235.2551,0.2606,0
3373,0,6233.4095,6234.8214,6235.4331,0.0367,0
3374,1,6235.3093,6236.5210,6236.8751,0.1157,0
3374,0,6235.3093,6236.5210,6237.0826,0.0443,0
3375,1,6236.9371,6238.3159,6238.5941,0.1137,0
3375,0,6236.9371,6238.3159,6238.7779,0.0341,0
3376,1,6238.6439,6240.1284,6240.4324,0.1132,0
3376,0,6238.6439,6240.1284,6240.6508,0.0443,0
3377,1,6240.5011,6241.7686,6242.1037,0.1210,0
3377,0,6240.5011,6241.7686,6242.3465,0.0425,0
3378,1,6242.1687,6243.7418,6244.0779,0.1204,0
3378,0,6242.1687,6243.7418,6244.2924,0.0424,0
3379,1,6244.1388,6245.6411,6245.9651,0.1220,0
3379,0,6244.1388,6245.6411,6246.1800,0.0438,0
3380,1,6246.0301,6247.2736,6247.6012,0.1206,0
3380,0,6246.0301,6247.2736,6247.8254,0.0455,0
3381,1,6247.6670,6249.3116,6249.6955,0.1747,0
3381,0,6247.6670,6249.3116,6249.8741,0.0369,0
3382,1,6249.7528,6251.3697,6251.6574,0.1120,0
3382,0,6249.7528,6251.3697,6251.8745,0.0365,0
3383,1,6251.7191,6252.9905,6253.2895,0.1148,0
3383,0,6251.7191,6252.9905,6253.5086,0.0377,0
3384,1,6253.3498,6255.0098,6255.3364,0.1208,0
3384,0,6253.3498,6255.0098,6255.5394,0.0427,0
3385,1,6255.3960,6256.9243,6257.2053,0.1158,0
3385,0,6255.3960,6256.9243,6257.3953,0.0349,0
3386,1,6257.2567,6258.4789,6258.7853,0.1124,0
3386,0,6257.2567,6258.4789,6259.0048,0.0392,0
3387,1,6258.8408,6260.3851,6260.6850,0.1123,0
3387,0,6258.8408,6260.3851,6260.8948,0.0487,0
3388,1,6260.7496,6262.2494,6262.5806,0.1253,0
3388,0,6260.7496,6262.2494,6262.8027,0.0422,0
3389,1,6262.6472,6263.9010,6264.1904,0.1100,0
3389,0,6262.6472,6263.9010,6264.3720,0.0374,0
3390,1,6264.2467,6265.7853,6266.1753,0.1860,0
3390,0,6264.2467,6265.7853,6266.3911,0.0456,0
3391,1,6266.2425,6267.6703,6268.1323,0.2628,0
3391,0,6266.2425,6267.6703,6268.3430,0.0444,0
3392,1,6268.2012,6269.4994,6269.8686,0.1722,0
3392,0,6268.2012,6269.4994,6270.1242,0.0468,0
3393,1,6269.9358,6271.6331,6271.9338,0.1089,0
3393,0,6269.9358,6271.6331,6272.1424,0.0400,0
3394,1,6271.9934,6273.4950,6273.7857,0.1139,0
3394,0,6271.9934,6273.4950,6273.9985,0.0363,0
3395,1,6273.8416,6275.1134,6275.3982,0.1162,0
3395,0,6273.8416,6275.1134,6275.5714,0.0360,0
3396,1,6275.4503,6276.9263,6277.2301,0.1132,0
3396,0,6275.4503,6276.9263,6277.4335,0.0426,0
3397,1,6277.2890,6278.5156,6279.0942,0.3773,0
3397,0,6277.2890,6278.5156,6279.3010,0.0439,0
3398,1,6279.1584,6280.4110,6280.7127,0.1114,0
3398,0,6279.1584,6280.4110,6280.8907,0.0359,0
3399,1,6280.7647,6282.1404,6282.6253,0.2751,0
3399,0,6280.7647,6282.1404,6282.8228,0.0453,0
3400,1,6282.6979,6283.9479,6284.2438,0.1079,0
3400,0,6282.6979,6283.9479,6284.5107,0.1219,0
3401,1,6284.3847,6285.6190,6285.9185,0.1259,0
3401,0,6284.3847,6285.6190,6286.0964,0.0346,0
3402,1,6285.9769,6287.4556,6287.8001,0.1567,0
3402,0,6285.9769,6287.4556,6287.9825,0.0362,0
3403,1,6287.8573,6289.1127,6289.3820,0.1038,0
3403,0,6287.8573,6289.1127,6289.5783,0.0385,0
3404,1,6289.4575,6290.9762,6291.3011,0.1179,0
3404,0,6289.4575,6290.9762,6291.5212,0.0425,0
3405,1,6291.3657,6292.8983,6293.2141,0.1210,0
3405,0,6291.3657,6292.8983,6293.6103,0.0430,0
3406,1,6293.2805,6294.7704,6295.1836,0.1918,0
3406,0,6293.2805,6294.7704,6295.3689,0.0359,0
3407,1,6295.2391,6296.6142,6296.9417,0.1174,0
3407,0,6295.2391,6296.6142,6297.1462,0.0425,0
3408,1,6297.0014,6298.5037,6298.9046,0.1998,0
3408,0,6297.0014,6298.5037,6299.1230,0.0462,0
3409,1,6298.9721,6300.2182,6300.5182,0.1120,0
3409,0,6298.9721,6300.2182,6300.7895,0.0386,0
3410,1,6300.5731,6301.9926,6302.4553,0.2643,0
3410,0,6300.5731,6301.9926,6302.6541,0.0437,0
3411,1,6302.5153,6303.9733,6304.3067,0.1599,0
3411,0,6302.5153,6303.9733,6304.4824,0.0390,0
3412,1,6304.3619,6305.5666,6305.8496,0.1167,0
3412,0,6304.3619,6305.5666,6306.0288,0.0355,0
3413,1,6305.9010,6307.4551,6307.7678,0.1174,0
3413,0,6305.9010,6307.4551,6307.9729,0.0436,0
3414,1,6307.8327,6309.0778,6309.7060,0.4154,0
3414,0,6307.8327,6309.0778,6309.9162,0.0475,0
3415,1,6309.7785,6311.0452,6311.3376,0.1145,0
3415,0,6309.7785,6311.0452,6311.5161,0.0363,0
3416,1,6311.3937,6312.8940,6313.1765,0.1178,0
3416,0,6311.3937,6312.8940,6313.3624,0.0366,0
3417,1,6313.2316,6314.4605,6314.8167,0.1518,0
3417,0,6313.2316,6314.4605,6315.3991,0.3059,0
3418,1,6315.1466,6316.4791,6316.8471,0.1960,0
3418,0,6315.1466,6316.4791,6317.0311,0.0363,0
3419,1,6316.9050,6318.3435,6318.8042,0.2611,0
3419,0,6316.9050,6318.3435,6319.0066,0.0412,0
3420,1,6318.8628,6320.0932,6320.4220,0.1170,0
3420,0,6318.8628,6320.0932,6320.9090,0.3110,0
3421,1,6320.7568,6322.0469,6322.3527,0.1138,0
3421,0,6320.7568,6322.0469,6322.5579,0.0461,0
3422,1,6322.4157,6323.9218,6324.2606,0.1583,0
3422,0,6322.4157,6323.9218,6324.4458,0.0411,0
3423,1,6324.3188,6325.5660,6325.9275,0.1791,0
3423,0,6324.3188,6325.5660,6326.4698,0.3955,0
3424,1,6326.3422,6327.5725,6327.9123,0.1219,0
3424,0,6326.3422,6327.5725,6328.1239,0.0417,0
3425,1,6327.9739,6329.4985,6329.8338,0.1181,0
3425,0,6327.9739,6329.4985,6330.0384,0.0441,0
3426,1,6329.8957,6331.1271,6331.5282,0.2035,0
3426,0,6329.8957,6331.1271,6332.0012,0.2979,0
3427,1,6331.8511,6333.1180,6333.4567,0.1201,0
3427,0,6331.8511,6333.1180,6333.6674,0.0421,0
3428,1,6333.5161,6334.9468,6335.3395,0.2221,0
3428,0,6333.5161,6334.9468,6335.5401,0.0559,0
3429,1,6335.4126,6336.6272,6336.9084,0.1104,0
3429,0,6335.4126,6336.6272,6337.0981,0.0365,0
3430,1,6336.9628,6338.3250,6338.6272,0.1123,0
3430,0,6336.9628,6338.3250,6338.8319,0.0481,0
3431,1,6338.6920,6340.1887,6340.4946,0.1143,0
3431,0,6338.6920,6340.1887,6340.7827,0.0436,0
3432,1,6340.5628,6341.9446,6342.3528,0.1796,0
3432,0,6340.5628,6341.9446,6342.5334,0.0379,0
3433,1,6342.4139,6343.7131,6344.0573,0.1200,0
3433,0,6342.4139,6343.7131,6344.2773,0.0429,0
3434,1,6344.1196,6345.6300,6345.9125,0.1162,0
3434,0,6344.1196,6345.6300,6346.0847,0.0353,0
3435,1,6345.9642,6347.1742,6347.4431,0.1082,0
3435,0,6345.9642,6347.1742,6347.6131,0.0344,0
3436,1,6347.4936,6348.9653,6349.3551,0.1867,0
3436,0,6347.4936,6348.9653,6349.5645,0.0421,0
3437,1,6349.4234,6350.6999,6351.1815,0.3013,0
3437,0,6349.4234,6350.6999,6351.4688,0.1257,0
3438,1,6351.3334,6352.6019,6352.9247,0.1180,0
3438,0,6351.3334,6352.6019,6353.1509,0.0463,0
3439,1,6352.9938,6354.5431,6354.8428,0.1157,0
3439,0,6352.9938,6354.5431,6355.0266,0.0375,0
3440,1,6354.8994,6356.1261,6356.4730,0.1523,0
3440,0,6354.8994,6356.1261,6357.0804,0.3178,0
3441,1,6356.8281,6358.2503,6358.5368,0.1128,0
3441,0,6356.8281,6358.2503,6358.7311,0.0355,0
3442,1,6358.6002,6360.1381,6360.4469,0.1134,0
3442,0,6358.6002,6360.1381,6360.6576,0.0397,0
3443,1,6360.5116,6361.7739,6362.0823,0.1144,0
3443,0,6360.5116,6361.7739,6362.4923,0.2317,0
3444,1,6362.3375,6363.5959,6363.8888,0.1187,0
3444,0,6362.3375,6363.5959,6364.0723,0.0351,0
3445,1,6363.9503,6365.4686,6365.8646,0.1911,0
3445,0,6363.9503,6365.4686,6366.0742,0.0438,0
3446,1,6365.9297,6367.1778,6367.5287,0.1152,0
3446,0,6365.9297,6367.1778,6367.9572,0.2449,0
3447,1,6367.7962,6369.1709,6369.4514,0.1127,0
3447,0,6367.7962,6369.1709,6369.6280,0.0375,0
3448,1,6369.5217,6371.0163,6371.3445,0.1196,0
3448,0,6369.5217,6371.0163,6371.5461,0.0407,0
3449,1,6371.4034,6372.6504,6373.0483,0.1961,0
3449,0,6371.4034,6372.6504,6373.2746,0.0432,0
3450,1,6373.1151,6374.4115,6374.7584,0.1128,0
3450,0,6373.1151,6374.4115,6374.9535,0.0407,0
3451,1,6374.8190,6376.3140,6376.6426,0.1201,0
3451,0,6374.8190,6376.3140,6376.8383,0.0457,0
3452,1,6376.7142,6377.9615,6378.2582,0.1138,0
3452,0,6376.7142,6377.9615,6378.5210,0.0413,0
3453,1,6378.3163,6379.8483,6380.1585,0.1140,0
3453,0,6378.3163,6379.8483,6380.3722,0.0431,0
3454,1,6380.2226,6381.7504,6382.1096,0.1846,0
3454,0,6380.2226,6381.7504,6382.2881,0.0383,0
3455,1,6382.1685,6383.3893,6383.6755,0.1128,0
3455,0,6382.1685,6383.3893,6383.8797,0.0663,0
3456,1,6383.7581,6385.1745,6385.5662,0.2253,0
3456,0,6383.7581,6385.1745,6385.7735,0.0578,0
3457,1,6385.6410,6386.8537,6387.1565,0.1136,0
3457,0,6385.6410,6386.8537,6387.4793,0.1585,0
3458,1,6387.3326,6388.6355,6389.0327,0.1820,0
3458,0,6387.3326,6388.6355,6389.2711,0.0457,0
3459,1,6389.0984,6390.6257,6390.9483,0.1162,0
3459,0,6389.0984,6390.6257,6391.1638,0.0401,0
3460,1,6391.0115,6392.2934,6392.5852,0.1120,0
3460,0,6391.0115,6392.2934,6393.0776,0.3134,0
3461,1,6392.9216,6394.2019,6394.4929,0.1139,0
3461,0,6392.9216,6394.2019,6394.6747,0.0356,0
3462,1,6394.5481,6396.0393,6396.3205,0.1132,0
3462,0,6394.5481,6396.0393,6396.4911,0.0347,0
3463,1,6396.3714,6397.5769,6397.9143,0.1205,0
3463,0,6396.3714,6397.5769,6398.2434,0.0393,0
3464,1,6397.9763,6399.5137,6399.8100,0.1133,0
3464,0,6397.9763,6399.5137,6400.0057,0.0371,0
3465,1,6399.8728,6401.3255,6401.7186,0.2241,0
3465,0,6399.8728,6401.3255,6401.9452,0.0547,0
3466,1,6401.7910,6403.0410,6403.3284,0.1120,0
3466,0,6401.7910,6403.0410,6403.6826,0.0470,0
3467,1,6403.4046,6404.8742,6405.2244,0.1709,0
3467,0,6403.4046,6404.8742,6405.4055,0.0366,0
3468,1,6405.2813,6406.7696,6407.0712,0.1093,0
3468,0,6405.2813,6406.7696,6407.2918,0.0441,0
3469,1,6407.1394,6408.4137,6408.7060,0.1157,0
3469,0,6407.1394,6408.4137,6409.0071,0.0448,0
3470,1,6408.7730,6410.4134,6410.7235,0.1132,0
3470,0,6408.7730,6410.4134,6410.9470,0.0440,0
3471,1,6410.7883,6412.3207,6412.6255,0.1247,0
3471,0,6410.7883,6412.3207,6412.8402,0.0421,0
3472,1,6412.6849,6413.9216,6414.2465,0.1201,0
3472,0,6412.6849,6413.9216,6414.4636,0.0427,0
3473,1,6414.3099,6415.8503,6416.2200,0.1918,0
3473,0,6414.3099,6415.8503,6416.4070,0.0375,0
3474,1,6416.2808,6417.7211,6418.1764,0.2241,0
3474,0,6416.2808,6417.7211,6418.4143,0.0456,0
3475,1,6418.2501,6419.5408,6419.8419,0.1143,0
3475,0,6418.2501,6419.5408,6420.1426,0.0366,0
3476,1,6419.9010,6421.5179,6421.8009,0.1132,0
3476,0,6419.9010,6421.5179,6422.0258,0.0749,0
3477,1,6421.8936,6423.1179,6423.6968,0.4062,0
3477,0,6421.8936,6423.1179,6423.9008,0.0368,0
3478,1,6423.7600,6425.0350,6425.3269,0.1180,0
3478,0,6423.7600,6425.0350,6425.5064,0.0378,0
3479,1,6425.3829,6426.8959,6427.2073,0.1158,0
3479,0,6425.3829,6426.8959,6427.4215,0.0442,0
3480,1,6427.2721,6428.5387,6429.0148,0.2766,0
3480,0,6427.2721,6428.5387,6429.2477,0.0493,0
3481,1,6429.0938,6430.3803,6430.6668,0.1156,0
3481,0,6429.0938,6430.3803,6430.8664,0.0352,0
3482,1,6430.7239,6432.2320,6432.5606,0.1121,0
3482,0,6430.7239,6432.2320,6432.7671,0.0493,0
3483,1,6432.6304,6433.9214,6434.2709,0.1783,0
3483,0,6432.6304,6433.9214,6434.5134,0.0972,0
3484,1,6434.3876,6435.6835,6436.0031,0.1185,0
3484,0,6434.3876,6435.6835,6436.2292,0.0547,0
3485,1,6436.0759,6437.5787,6437.8910,0.1197,0
3485,0,6436.0759,6437.5787,6438.1051,0.0444,0
3486,1,6437.9564,6439.2033,6439.5719,0.1168,0
3486,0,6437.9564,6439.2033,6439.7889,0.0386,0
3487,1,6439.6297,6441.0389,6441.3163,0.1149,0
3487,0,6439.6297,6441.0389,6441.4912,0.0367,0
3488,1,6441.3691,6442.8425,6443.1273,0.1198,0
3488,0,6441.3691,6442.8425,6443.3117,0.0360,0
3489,1,6443.1826,6444.4145,6444.7531,0.1178,0
3489,0,6443.1826,6444.4145,6444.9599,0.0416,0
3490,1,6444.8115,6446.3471,6446.6493,0.1122,0
3490,0,6444.8115,6446.3471,6446.8834,0.0449,0
3491,1,6446.7174,6448.0028,6448.5633,0.3980,0
3491,0,6446.7174,6448.0028,6448.8491,0.1138,0
3492,1,6448.7012,6449.9815,6450.3582,0.1364,0
3492,0,6448.7012,6449.9815,6450.6018,0.0453,0
3493,1,6450.4414,6452.1813,6452.6248,0.2651,0
3493,0,6450.4414,6452.1813,6452.8224,0.0386,0
3494,1,6452.6811,6454.2088,6454.5070,0.1215,0
3494,0,6452.6811,6454.2088,6454.6972,0.0369,0
3495,1,6454.5715,6455.8313,6456.1549,0.1183,0
3495,0,6454.5715,6455.8313,6456.4208,0.0800,0
3496,1,6456.2547,6457.5877,6457.8975,0.1142,0
3496,0,6456.2547,6457.5877,6458.1174,0.0570,0
3497,1,6457.9728,6459.4702,6459.7632,0.1166,0
3497,0,6457.9728,6459.4702,6459.9738,0.0443,0
3498,1,6459.8320,6461.1099,6461.3975,0.1115,0
3498,0,6459.8320,6461.1099,6461.5815,0.0376,0
3499,1,6461.4581,6463.0057,6463.3423,0.1227,0
3499,0,6461.4581,6463.0057,6463.5556,0.0430,0
3500,1,6463.4074,6464.6875,6465.2667,0.4014,0
3500,0,6463.4074,6464.6875,6465.4538,0.0388,0
3501,1,6465.3256,6466.5607,6466.8536,0.1156,0
3501,0,6465.3256,6466.5607,6467.0354,0.0358,0
3502,1,6466.9100,6468.3794,6468.7645,0.2134,0
3502,0,6466.9100,6468.3794,6469.0871,0.1643,0
3503,1,6468.9465,6470.1786,6470.4576,0.1084,0
3503,0,6468.9465,6470.1786,6470.8320,0.2341,0
3504,1,6470.7106,6471.9349,6472.2107,0.1143,0
3504,0,6470.7106,6471.9349,6472.3803,0.0348,0
3505,1,6472.2616,6473.7449,6474.0822,0.1226,0
3505,0,6472.2616,6473.7449,6474.2932,0.0435,0
3506,1,6474.1445,6475.3829,6475.7707,0.1202,0
3506,0,6474.1445,6475.3829,6475.9859,0.0425,0
3507,1,6475.8303,6477.2067,6477.4892,0.1206,0
3507,0,6475.8303,6477.2067,6477.6634,0.0353,0
3508,1,6477.5403,6479.0176,6479.3063,0.1212,0
3508,0,6477.5403,6479.0176,6479.4773,0.0354,0
3509,1,6479.3578,6480.5629,6480.8740,0.1160,0
3509,0,6479.3578,6480.5629,6481.0812,0.0473,0
3510,1,6480.9378,6482.4459,6482.8364,0.1744,0
3510,0,6480.9378,6482.4459,6483.0497,0.0464,0
3511,1,6482.9013,6484.1411,6484.7485,0.4330,0
3511,0,6482.9013,6484.1411,6484.9344,0.0388,0
3512,1,6484.8097,6486.0624,6486.3394,0.1095,0
3512,0,6484.8097,6486.0624,6486.5167,0.0360,0
3513,1,6486.3942,6487.8622,6488.2006,0.1630,0
3513,0,6486.3942,6487.8622,6488.3876,0.0380,0
3514,1,6488.2608,6489.5195,6489.8120,0.1064,0
3514,0,6488.2608,6489.5195,6490.2107,0.2344,0
3515,1,6490.0644,6491.3002,6491.5792,0.1155,0
3515,0,6490.0644,6491.3002,6491.7682,0.0347,0
3516,1,6491.6302,6493.1190,6493.4474,0.1186,0
3516,0,6491.6302,6493.1190,6493.6627,0.0442,0
3517,1,6493.5155,6494.7953,6495.1226,0.1141,0
3517,0,6493.5155,6494.7953,6495.3049,0.0374,0
3518,1,6495.1885,6496.4954,6496.7863,0.1140,0
3518,0,6495.1885,6496.4954,6496.9637,0.0355,0
3519,1,6496.8406,6498.3750,6498.7249,0.1784,0
3519,0,6496.8406,6498.3750,6498.9582,0.0819,0
3520,1,6498.8273,6500.0623,6500.3374,0.1138,0
3520,0,6498.8273,6500.0623,6500.5089,0.0352,0
3521,1,6500.3890,6501.8525,6502.2903,0.2660,0
3521,0,6500.3890,6501.8525,6502.4740,0.0367,0
3522,1,6502.3488,6503.6010,6504.1513,0.3761,0
3522,0,6502.3488,6503.6010,6504.3306,0.0370,0
3523,1,6504.2080,6505.4362,6505.7378,0.1149,0
3523,0,6504.2080,6505.4362,6505.9561,0.0436,0
3524,1,6505.7985,6507.3018,6507.5815,0.1146,0
3524,0,6505.7985,6507.3018,6507.7733,0.0351,0
3525,1,6507.6406,6508.9024,6509.2474,0.1553,0
3525,0,6507.6406,6508.9024,6509.6424,0.2248,0
3526,1,6509.4914,6510.7525,6511.0567,0.1131,0
3526,0,6509.4914,6510.7525,6511.2655,0.0460,0
3527,1,6511.1257,6512.6264,6512.9422,0.1181,0
3527,0,6511.1257,6512.6264,6513.1702,0.0484,0
3528,1,6513.0140,6514.3008,6514.7419,0.1249,0
3528,0,6513.0140,6514.3008,6515.1286,0.1826,0
3529,1,6514.9490,6516.3722,6516.6897,0.1166,0
3529,0,6514.9490,6516.3722,6516.8839,0.0448,0
3530,1,6517.8593,6518.9991,6519.3181,0.1175,0
3530,0,6517.8593,6518.9991,6519.6015,0.0444,0
3531,1,6519.4740,6520.9163,6521.4372,0.3388,0
3531,0,6519.4740,6520.9163,6521.6229,0.0368,0
3532,1,6521.4968,6522.7473,6523.0310,0.1083,0
3532,0,6521.4968,6522.7473,6523.2151,0.0361,0
3533,1,6523.0899,6524.4249,6524.7158,0.1105,0
3533,0,6523.0899,6524.4249,6524.8937,0.0390,0
3534,1,6524.7733,6526.2675,6526.5502,0.1123,0
3534,0,6524.7733,6526.2675,6526.7410,0.0366,0
3535,1,6526.6037,6527.8251,6528.1206,0.1230,0
3535,0,6526.6037,6527.8251,6528.2911,0.0356,0
3536,1,6528.1726,6529.6786,6530.0060,0.1233,0
3536,0,6528.1726,6529.6786,6530.2202,0.0465,0
3537,1,6530.0899,6531.3209,6531.9083,0.4006,0
3537,0,6530.0899,6531.3209,6532.2300,0.0894,0
3538,1,6532.0259,6533.3865,6533.6745,0.1140,0
3538,0,6532.0259,6533.3865,6533.9068,0.0592,0
3539,1,6533.7576,6535.5766,6535.9130,0.1241,0
3539,0,6533.7576,6535.5766,6536.1209,0.0425,0
3540,1,6535.9742,6537.4929,6537.7931,0.1141,0
3540,0,6535.9742,6537.4929,6537.9754,0.0372,0
3541,1,6537.8516,6539.1148,6539.3973,0.1156,0
3541,0,6537.8516,6539.1148,6539.5994,0.0358,0
3542,1,6539.4522,6540.9996,6541.3006,0.1125,0
3542,0,6539.4522,6540.9996,6541.5020,0.0443,0
3543,1,6541.3614,6542.8577,6543.1628,0.1143,0
3543,0,6541.3614,6542.8577,6543.3740,0.0388,0
3544,1,6543.2202,6544.4619,6544.8620,0.1130,0
3544,0,6543.2202,6544.4619,6545.1902,0.0573,0
3545,1,6544.9415,6546.5519,6546.8809,0.1175,0
3545,0,6544.9415,6546.5519,6547.0825,0.0437,0
3546,1,6546.9413,6548.4488,6548.7956,0.1133,0
3546,0,6546.9413,6548.4488,6549.1968,0.2345,0
3547,1,6549.0506,6550.2917,6550.5952,0.1134,0
3547,0,6549.0506,6550.2917,6550.8816,0.1074,0
3548,1,6550.7198,6552.3559,6552.6362,0.1130,0
3548,0,6550.7198,6552.3559,6552.8325,0.0361,0
3549,1,6552.6884,6554.1861,6554.5320,0.1760,0
3549,0,6552.6884,6554.1861,6554.7032,0.0357,0
3550,1,6554.5842,6555.7947,6556.0835,0.1169,0
3550,0,6554.5842,6555.7947,6556.3179,0.0356,0
3551,1,6556.1354,6557.6659,6557.9712,0.1138,0
3551,0,6556.1354,6557.6659,6558.1657,0.0395,0
3552,1,6558.0269,6559.5248,6559.8279,0.1141,0
3552,0,6558.0269,6559.5248,6560.1635,0.0537,0
3553,1,6559.8981,6561.3019,6561.6625,0.2011,0
3553,0,6559.8981,6561.3019,6561.9128,0.0378,0
3554,1,6561.7182,6563.3420,6563.6277,0.1149,0
3554,0,6561.7182,6563.3420,6563.8041,0.0362,0
3555,1,6563.6804,6565.1454,6565.4736,0.1185,0
3555,0,6563.6804,6565.1454,6565.6654,0.0473,0
3556,1,6565.5446,6566.7739,6567.0908,0.1182,0
3556,0,6565.5446,6566.7739,6567.3552,0.0428,0
3557,1,6567.1520,6568.6489,6569.1119,0.2606,0
3557,0,6567.1520,6568.6489,6569.3164,0.0441,0
3558,1,6569.1729,6570.6677,6570.9867,0.1178,0
3558,0,6569.1729,6570.6677,6571.1999,0.0432,0
3559,1,6571.0505,6572.2922,6572.5931,0.1114,0
3559,0,6571.0505,6572.2922,6572.7929,0.0431,0
3560,1,6572.6525,6574.1696,6574.5045,0.1218,0
3560,0,6572.6525,6574.1696,6574.7211,0.0427,0
3561,1,6574.5711,6575.8648,6576.5127,0.4017,0
3561,0,6574.5711,6575.8648,6576.7981,0.1146,0
3562,1,6576.6481,6577.8851,6578.1630,0.1094,0
3562,0,6576.6481,6577.8851,6578.3404,0.0368,0
3563,1,6578.2167,6579.8477,6580.1544,0.1142,0
3563,0,6578.2167,6579.8477,6580.3582,0.0428,0
3564,1,6580.2138,6581.7099,6582.0218,0.1208,0
3564,0,6580.2138,6581.7099,6582.2407,0.0436,0
3565,1,6582.0891,6583.3605,6583.7684,0.1992,0
3565,0,6582.0891,6583.3605,6584.0538,0.0438,0
3566,1,6583.8298,6585.2906,6585.7402,0.2708,0
3566,0,6583.8298,6585.2906,6585.9538,0.0435,0
3567,1,6585.8037,6587.0730,6587.6477,0.4027,0
3567,0,6585.8037,6587.0730,6587.8224,0.0368,0
3568,1,6587.7043,6588.9190,6589.1943,0.1147,0
3568,0,6587.7043,6588.9190,6589.3667,0.0345,0
3569,1,6589.2447,6590.6672,6591.0278,0.1642,0
3569,0,6589.2447,6590.6672,6591.2389,0.0422,0
3570,1,6591.0943,6592.3717,6592.6683,0.1137,0
3570,0,6591.0943,6592.3717,6593.0967,0.2292,0
3571,1,6592.9162,6594.1776,6594.4655,0.1149,0
3571,0,6592.9162,6594.1776,6594.6494,0.0363,0
3572,1,6594.5202,6596.1510,6596.4640,0.1180,0
3572,0,6594.5202,6596.1510,6596.6814,0.0433,0
3573,1,6596.5317,6597.8036,6598.1419,0.1426,0
3573,0,6596.5317,6597.8036,6598.5381,0.2312,0
3574,1,6598.3966,6599.6424,6599.9663,0.1145,0
3574,0,6598.3966,6599.6424,6600.1666,0.0425,0
3575,1,6600.0259,6601.4466,6601.9096,0.2578,0
3575,0,6600.0259,6601.4466,6602.1303,0.0486,0
3576,1,6601.9824,6603.2548,6603.5822,0.1160,0
3576,0,6601.9824,6603.2548,6603.7998,0.0450,0
3577,1,6603.6456,6604.9229,6605.2106,0.1187,0
3577,0,6603.6456,6604.9229,6605.3851,0.0361,0
3578,1,6605.2637,6606.7521,6607.1435,0.1450,0
3578,0,6605.2637,6606.7521,6607.3511,0.0458,0
3579,1,6607.2086,6608.4515,6608.7766,0.1209,0
3579,0,6607.2086,6608.4515,6609.0352,0.0431,0
3580,1,6608.8364,6610.4147,6610.7179,0.1139,0
3580,0,6608.8364,6610.4147,6610.9267,0.0444,0
3581,1,6610.7788,6612.2525,6612.6116,0.1628,0
3581,0,6610.7788,6612.2525,6612.8222,0.0445,0
3582,1,6612.7176,6613.9375,6614.2429,0.1091,0
3582,0,6612.7176,6613.9375,6614.4334,0.0427,0
3583,1,6614.3061,6615.8047,6616.0828,0.1145,0
3583,0,6614.3061,6615.8047,6616.2613,0.0348,0
3584,1,6616.1410,6617.3940,6618.1314,0.5094,0
3584,0,6616.1410,6617.3940,6618.3418,0.0456,0
3585,1,6618.1960,6619.4346,6619.7252,0.1171,0
3585,0,6618.1960,6619.4346,6619.9424,0.0411,0
3586,1,6619.7884,6621.3468,6621.6320,0.1167,0
3586,0,6619.7884,6621.3468,6621.8293,0.0342,0
3587,1,6621.6859,6622.9239,6623.2501,0.1183,0
3587,0,6621.6859,6622.9239,6623.6689,0.2382,0
3588,1,6623.5147,6624.7872,6625.1222,0.1191,0
3588,0,6623.5147,6624.7872,6625.3388,0.0432,0
3589,1,6625.1854,6626.7088,6627.0276,0.1189,0
3589,0,6625.1854,6626.7088,6627.2400,0.0446,0
3590,1,6627.0916,6628.3393,6628.6909,0.1585,0
3590,0,6627.0916,6628.3393,6629.2235,0.3622,0
3591,1,6629.0709,6630.3123,6630.6193,0.1152,0
3591,0,6629.0709,6630.3123,6630.8205,0.0423,0
3592,1,6630.6780,6632.1917,6632.5021,0.1151,0
3592,0,6630.6780,6632.1917,6632.7282,0.0480,0
3593,1,6632.5739,6633.8506,6634.2461,0.1170,0
3593,0,6632.5739,6633.8506,6634.5945,0.1861,0
3594,1,6634.4559,6635.7308,6636.0103,0.1132,0
3594,0,6634.4559,6635.7308,6636.1866,0.0356,0
3595,1,6636.0630,6637.5724,6637.8908,0.1216,0
3595,0,6636.0630,6637.5724,6638.1034,0.0449,0
3596,1,6637.9601,6639.2361,6639.5806,0.1178,0
3596,0,6637.9601,6639.2361,6639.9201,0.0401,0
3597,1,6639.6899,6641.0455,6641.3653,0.1107,0
3597,0,6639.6899,6641.0455,6641.6559,0.0411,0
3598,1,6641.4855,6643.0347,6643.3174,0.1133,0
3598,0,6641.4855,6643.0347,6643.6051,0.0360,0
3599,1,6643.4267,6644.7408,6645.0343,0.1163,0
3599,0,6643.4267,6644.7408,6645.3000,0.0899,0
3600,1,6645.1470,6646.6630,6647.0353,0.1604,0
3600,0,6645.1470,6646.6630,6647.2488,0.0489,0
3601,1,6647.1019,6648.3508,6648.9110,0.3483,0
3601,0,6647.1019,6648.3508,6649.2356,0.0482,0
3602,1,6648.9773,6650.3312,6650.7134,0.1156,0
3602,0,6648.9773,6650.3312,6651.0365,0.0394,0
3603,1,6650.7722,6652.2845,6652.6083,0.1538,0
3603,0,6650.7722,6652.2845,6652.8298,0.0705,0
3604,1,6652.7022,6654.2288,6654.5160,0.1144,0
3604,0,6652.7022,6654.2288,6654.8651,0.0365,0
3605,1,6654.5694,6655.9708,6656.2996,0.1140,0
3605,0,6654.5694,6655.9708,6656.4842,0.0355,0
3606,1,6656.3534,6657.7480,6658.0517,0.1134,0
3606,0,6656.3534,6657.7480,6658.2547,0.0474,0
3607,1,6658.1154,6659.6268,6659.9186,0.1137,0
3607,0,6658.1154,6659.6268,6660.0926,0.0354,0
3608,1,6659.9709,6661.1829,6661.5187,0.1192,0
3608,0,6659.9709,6661.1829,6661.7966,0.0417,0
3609,1,6661.5779,6663.3120,6663.6379,0.1200,0
3609,0,6661.5779,6663.3120,6663.8598,0.0433,0
3610,1,6663.7048,6665.2565,6665.5499,0.1152,0
3610,0,6663.7048,6665.2565,6665.7459,0.0361,0
3611,1,6665.6075,6666.8764,6667.1582,0.1153,0
3611,0,6665.6075,6666.8764,6667.3621,0.0357,0
3612,1,6667.2130,6668.6044,6669.0688,0.2616,0
3612,0,6667.2130,6668.6044,6669.2828,0.0465,0
3613,1,6669.1336,6670.6468,6670.9674,0.1169,0
3613,0,6669.1336,6670.6468,6671.1778,0.0434,0
3614,1,6671.0304,6672.2713,6672.5454,0.1139,0
3614,0,6671.0304,6672.2713,6672.7293,0.0357,0
3615,1,6672.6020,6674.1349,6674.4258,0.1167,0
3615,0,6672.6020,6674.1349,6674.6061,0.0351,0
3616,1,6674.4815,6675.7349,6676.0530,0.1154,0
3616,0,6674.4815,6675.7349,6676.3855,0.1460,0
3617,1,6676.2286,6677.5053,6677.8127,0.1135,0
3617,0,6676.2286,6677.5053,6678.0154,0.0439,0
3618,1,6677.8733,6679.3418,6679.6754,0.1638,0
3618,0,6677.8733,6679.3418,6679.8742,0.0398,0
3619,1,6679.7319,6680.9620,6681.3112,0.1138,0
3619,0,6679.7319,6680.9620,6681.5173,0.0451,0
3620,1,6681.3741,6682.6904,6682.9968,0.1131,0
3620,0,6681.3741,6682.6904,6683.2082,0.0439,0
3621,1,6683.0643,6684.5496,6684.9834,0.2517,0
3621,0,6683.0643,6684.5496,6685.1726,0.0405,0
3622,1,6685.0430,6686.2719,6686.5677,0.1133,0
3622,0,6685.0430,6686.2719,6686.8102,0.0372,0
3623,1,6686.6218,6688.1949,6688.4881,0.1154,0
3623,0,6686.6218,6688.1949,6688.6689,0.0366,0
3624,1,6688.5411,6689.7589,6690.3169,0.3878,0
3624,0,6688.5411,6689.7589,6690.5061,0.0375,0
3625,1,6690.3747,6691.6135,6691.8969,0.1149,0
3625,0,6690.3747,6691.6135,6692.0710,0.0351,0
3626,1,6691.9678,6693.5076,6693.8335,0.1188,0
3626,0,6691.9678,6693.5076,6694.0806,0.0423,0
3627,1,6693.9011,6695.2069,6695.7642,0.3779,0
3627,0,6693.9011,6695.2069,6695.9544,0.0453,0
3628,1,6695.8295,6697.0686,6697.3458,0.1146,0
3628,0,6695.8295,6697.0686,6697.5182,0.0352,0
3629,1,6697.3972,6698.8803,6699.1577,0.1143,0
3629,0,6697.3972,6698.8803,6699.3270,0.0346,0
3630,1,6699.2073,6700.4158,6700.7711,0.1140,0
3630,0,6699.2073,6700.4158,6700.9905,0.0392,0
3631,1,6700.8383,6702.2471,6702.6778,0.1402,0
3631,0,6700.8383,6702.2471,6702.9070,0.0478,0
3632,1,6702.7493,6704.2997,6704.6246,0.1179,0
3632,0,6702.7493,6704.2997,6704.8262,0.0390,0
3633,1,6704.6883,6705.9343,6706.3070,0.1158,0
3633,0,6704.6883,6705.9343,6706.4899,0.0364,0
3634,1,6706.3611,6707.7450,6708.0549,0.1152,0
3634,0,6706.3611,6707.7450,6708.2623,0.0391,0
3635,1,6708.1170,6709.7934,6710.0974,0.1118,0
3635,0,6708.1170,6709.7934,6710.3103,0.0456,0
3636,1,6710.1637,6711.4090,6711.7085,0.1146,0
3636,0,6710.1637,6711.4090,6711.9458,0.0394,0
3637,1,6711.7709,6713.3285,6713.6163,0.1181,0
3637,0,6711.7709,6713.3285,6713.8077,0.0364,0
3638,1,6713.6823,6715.2165,6715.5005,0.1123,0
3638,0,6713.6823,6715.2165,6715.6763,0.0363,0
3639,1,6715.5561,6716.7997,6717.1033,0.1137,0
3639,0,6715.5561,6716.7997,6717.3488,0.0440,0
3640,1,6717.1638,6718.6446,6719.1022,0.2592,0
3640,0,6717.1638,6718.6446,6719.3273,0.0456,0
3641,1,6719.1665,6720.6881,6720.9671,0.1180,0
3641,0,6719.1665,6720.6881,6721.1381,0.0342,0
3642,1,6721.0174,6722.2313,6722.5332,0.1115,0
3642,0,6721.0174,6722.2313,6722.7395,0.0439,0
3643,1,6722.5937,6724.1325,6724.4209,0.1151,0
3643,0,6722.5937,6724.1325,6724.5951,0.0368,0
3644,1,6724.4745,6725.6853,6726.0296,0.1255,0
3644,0,6724.4745,6725.6853,6726.3699,0.1810,0
3645,1,6726.2290,6727.4649,6727.7591,0.1141,0
3645,0,6726.2290,6727.4649,6727.9440,0.0376,0
3646,1,6727.8192,6729.3666,6729.6597,0.1149,0
3646,0,6727.8192,6729.3666,6729.8543,0.0365,0
3647,1,6729.7188,6730.9875,6731.3269,0.1163,0
3647,0,6729.7188,6730.9875,6731.5027,0.0352,0
3648,1,6731.3812,6732.6842,6732.9900,0.1140,0
3648,0,6731.3812,6732.6842,6733.2167,0.0394,0
3649,1,6733.0536,6734.5606,6734.9968,0.2643,0
3649,0,6733.0536,6734.5606,6735.1746,0.0389,0
3650,1,6735.0545,6736.2937,6736.5764,0.1148,0
3650,0,6735.0545,6736.2937,6736.8131,0.0359,0
3651,1,6736.6287,6738.1946,6738.4805,0.1127,0
3651,0,6736.6287,6738.1946,6738.6641,0.0362,0
3652,1,6738.5388,6739.7997,6740.3018,0.2986,0
3652,0,6738.5388,6739.7997,6740.5116,0.0405,0
3653,1,6740.3626,6741.6126,6741.8962,0.1166,0
3653,0,6740.3626,6741.6126,6742.0732,0.0360,0
3654,1,6741.9486,6743.4352,6743.7250,0.1129,0
3654,0,6741.9486,6743.4352,6743.9305,0.0370,0
3655,1,6743.7854,6745.0513,6745.3473,0.1329,0
3655,0,6743.7854,6745.0513,6745.7886,0.2892,0
3656,1,6745.6584,6746.9352,6747.2168,0.1146,0
3656,0,6745.6584,6746.9352,6747.3910,0.0362,0
3657,1,6747.2724,6748.8085,6749.1369,0.1206,0
3657,0,6747.2724,6748.8085,6749.3230,0.0426,0
3658,1,6749.1985,6750.4216,6750.8337,0.1152,0
3658,0,6749.1985,6750.4216,6751.4794,0.4739,0
3659,1,6751.3304,6752.5786,6752.8697,0.1201,0
3659,0,6751.3304,6752.5786,6753.0379,0.0348,0
3660,1,6752.9221,6754.4193,6754.7435,0.1185,0
3660,0,6752.9221,6754.4193,6754.9659,0.0482,0
3661,1,6754.8124,6756.0712,6756.3627,0.1125,0
3661,0,6754.8124,6756.0712,6756.5537,0.0363,0
3662,1,6756.4172,6757.8391,6758.1507,0.1169,0
3662,0,6756.4172,6757.8391,6758.3539,0.0431,0
3663,1,6758.2110,6759.7277,6760.0344,0.1124,0
3663,0,6758.2110,6759.7277,6760.2503,0.0486,0
3664,1,6760.1072,6761.3838,6761.8172,0.1169,0
3664,0,6760.1072,6761.3838,6762.1027,0.0507,0
3665,1,6761.8988,6763.2570,6763.5930,0.1227,0
3665,0,6761.8988,6763.2570,6763.8097,0.0412,0
3666,1,6763.6564,6765.2124,6765.5340,0.1184,0
3666,0,6763.6564,6765.2124,6765.7664,0.0476,0
3667,1,6765.6052,6766.8927,6767.1987,0.1154,0
3667,0,6765.6052,6766.8927,6767.4702,0.0390,0
3668,1,6767.2596,6768.9182,6769.1968,0.1126,0
3668,0,6767.2596,6768.9182,6769.3752,0.0362,0
3669,1,6769.2491,6770.7060,6771.0358,0.1613,0
3669,0,6769.2491,6770.7060,6771.2084,0.0357,0
3670,1,6771.0877,6772.3046,6772.6111,0.1153,0
3670,0,6771.0877,6772.3046,6772.8113,0.0429,0
3671,1,6772.6887,6774.1956,6774.4902,0.1223,0
3671,0,6772.6887,6774.1956,6774.6695,0.0357,0
3672,1,6774.5419,6775.7613,6776.0457,0.1153,0
3672,0,6774.5419,6775.7613,6776.3624,0.1760,0
3673,1,6776.2382,6777.4527,6777.7616,0.1206,0
3673,0,6776.2382,6777.4527,6777.9651,0.0438,0
3674,1,6777.8215,6779.3165,6779.6546,0.1160,0
3674,0,6777.8215,6779.3165,6779.9431,0.0486,0
3675,1,6779.7455,6781.0405,6781.3290,0.1110,0
3675,0,6779.7455,6781.0405,6781.4999,0.0360,0
3676,1,6781.3813,6782.7258,6783.0279,0.1139,0
3676,0,6781.3813,6782.7258,6783.2358,0.0448,0
3677,1,6783.0926,6784.5280,6784.9619,0.2630,0
3677,0,6783.0926,6784.5280,6785.1426,0.0380,0
3678,1,6785.0229,6786.2846,6786.5686,0.1126,0
3678,0,6785.0229,6786.2846,6786.8182,0.0378,0
3679,1,6786.6245,6788.3242,6788.6011,0.1138,0
3679,0,6786.6245,6788.3242,6788.7959,0.0348,0
3680,1,6788.6524,6790.1607,6790.4773,0.1140,0
3680,0,6788.6524,6790.1607,6790.6872,0.0439,0
3681,1,6790.5418,6791.7937,6792.1107,0.1177,0
3681,0,6790.5418,6791.7937,6792.3556,0.0428,0
3682,1,6792.1716,6793.7482,6794.0671,0.1202,0
3682,0,6792.1716,6793.7482,6794.2778,0.0404,0
3683,1,6794.1308,6795.6468,6795.9991,0.1462,0
3683,0,6794.1308,6795.6468,6796.1930,0.0477,0
3684,1,6796.0674,6797.2989,6797.6057,0.1138,0
3684,0,6796.0674,6797.2989,6797.9156,0.0436,0
3685,1,6797.6671,6799.3143,6799.5975,0.1137,0
3685,0,6797.6671,6799.3143,6799.8008,0.0359,0
3686,1,6799.6560,6801.1510,6801.5802,0.2531,0
3686,0,6799.6560,6801.1510,6801.7661,0.0379,0
3687,1,6801.6391,6802.8982,6803.1737,0.1107,0
3687,0,6801.6391,6802.8982,6803.3552,0.0383,0
3688,1,6803.2332,6804.9147,6805.2318,0.1195,0
3688,0,6803.2332,6804.9147,6805.4295,0.0427,0
3689,1,6805.2910,6806.7896,6807.0689,0.1109,0
3689,0,6805.2910,6806.7896,6807.2435,0.0370,0
3690,1,6807.1221,6808.3367,6808.6479,0.1161,0
3690,0,6807.1221,6808.3367,6808.8550,0.0425,0
3691,1,6808.7067,6810.2682,6810.5537,0.1162,0
3691,0,6808.7067,6810.2682,6810.7424,0.0360,0
3692,1,6810.6060,6811.8366,6812.1351,0.1099,0
3692,0,6810.6060,6811.8366,6812.6869,0.2518,0
3693,1,6812.4095,6813.7844,6814.0735,0.1163,0
3693,0,6812.4095,6813.7844,6814.2634,0.0436,0
3694,1,6814.1364,6815.6396,6815.9273,0.1177,0
3694,0,6814.1364,6815.6396,6816.1031,0.0359,0
3695,1,6815.9799,6817.2017,6817.5286,0.1058,0
3695,0,6815.9799,6817.2017,6817.8748,0.1853,0
3696,1,6817.7345,6819.0013,6819.2804,0.1126,0
3696,0,6817.7345,6819.0013,6819.4579,0.0359,0
3697,1,6819.3335,6820.9498,6821.2653,0.1192,0
3697,0,6819.3335,6820.9498,6821.4779,0.0436,0
3698,1,6821.3333,6822.6180,6822.9503,0.1151,0
3698,0,6821.3333,6822.6180,6823.1268,0.0343,0
3699,1,6823.0132,6824.3150,6824.6327,0.1148,0
3699,0,6823.0132,6824.3150,6824.8487,0.0420,0
3700,1,6824.6936,6826.2186,6826.5256,0.1137,0
3700,0,6824.6936,6826.2186,6826.7374,0.0444,0
3701,1,6826.5945,6827.8737,6828.2383,0.1231,0
3701,0,6826.5945,6827.8737,6828.5145,0.0531,0
3702,1,6828.3121,6829.8812,6830.2042,0.1154,0
3702,0,6828.3121,6829.8812,6830.4102,0.0400,0
3703,1,6830.2618,6831.7818,6832.0599,0.1158,0
3703,0,6830.2618,6831.7818,6832.2391,0.0341,0
3704,1,6832.1141,6833.3735,6833.6679,0.1156,0
3704,0,6832.1141,6833.3735,6833.8847,0.0372,0
3705,1,6833.7300,6835.2159,6835.6537,0.2536,0
3705,0,6833.7300,6835.2159,6835.8498,0.0421,0
3706,1,6835.7168,6836.9546,6837.4688,0.3520,0
3706,0,6835.7168,6836.9546,6837.6967,0.0613,0
3707,1,6837.5481,6838.8038,6839.1088,0.1139,0
3707,0,6837.5481,6838.8038,6839.3133,0.0450,0
3708,1,6839.1701,6840.6712,6840.9694,0.1098,0
3708,0,6839.1701,6840.6712,6841.1812,0.0441,0
3709,1,6841.0344,6842.2879,6842.5706,0.1105,0
3709,0,6841.0344,6842.2879,6843.0605,0.3229,0
3710,1,6842.9154,6844.2028,6844.4901,0.1143,0
3710,0,6842.9154,6844.2028,6844.6796,0.0378,0
3711,1,6844.5474,6846.0559,6846.3642,0.1153,0
3711,0,6844.5474,6846.0559,6846.5766,0.0435,0
3712,1,6846.4284,6847.6825,6848.0167,0.1079,0
3712,0,6846.4284,6847.6825,6848.2254,0.0432,0
3713,1,6848.0773,6849.4359,6849.7097,0.1072,0
3713,0,6848.0773,6849.4359,6849.9140,0.0501,0
3714,1,6849.7825,6851.2401,6851.6681,0.2570,0
3714,0,6849.7825,6851.2401,6851.8581,0.0369,0
3715,1,6851.7281,6852.9881,6853.2639,0.1153,0
3715,0,6851.7281,6852.9881,6853.4895,0.0362,0
3716,1,6853.3368,6855.0124,6855.3395,0.1256,0
3716,0,6853.3368,6855.0124,6855.5442,0.0449,0
3717,1,6855.4012,6856.9187,6857.2208,0.1131,0
3717,0,6855.4012,6856.9187,6857.4383,0.0437,0
3718,1,6857.2881,6858.5635,6859.0331,0.1330,0
3718,0,6857.2881,6858.5635,6859.2883,0.0499,0
3719,1,6859.1244,6860.4952,6860.8059,0.1147,0
3719,0,6859.1244,6860.4952,6861.0291,0.0456,0
3720,1,6860.8732,6862.4318,6862.7187,0.1173,0
3720,0,6860.8732,6862.4318,6862.9394,0.0495,0
3721,1,6862.7919,6864.0689,6864.3657,0.1237,0
3721,0,6862.7919,6864.0689,6864.6041,0.0367,0
3722,1,6864.4205,6866.0000,6866.3017,0.1133,0
3722,0,6864.4205,6866.0000,6866.4979,0.0391,0
3723,1,6866.3575,6867.7867,6868.2469,0.2627,0
3723,0,6866.3575,6867.7867,6868.4625,0.0458,0
3724,1,6868.3173,6869.5950,6869.9108,0.1153,0
3724,0,6868.3173,6869.5950,6870.2084,0.0470,0
3725,1,6869.9811,6871.7128,6872.0230,0.1154,0
3725,0,6869.9811,6871.7128,6872.2448,0.0446,0
3726,1,6872.0946,6873.6212,6873.9346,0.1137,0
3726,0,6872.0946,6873.6212,6874.1560,0.0440,0
3727,1,6873.9990,6875.2497,6875.5662,0.1177,0
3727,0,6873.9990,6875.2497,6875.8229,0.0471,0
3728,1,6875.6316,6877.1710,6877.4778,0.1156,0
3728,0,6875.6316,6877.1710,6877.6825,0.0430,0
3729,1,6877.5370,6879.0453,6879.3458,0.1124,0
3729,0,6877.5370,6879.0453,6879.5640,0.0445,0
3730,1,6879.4142,6880.6887,6880.9669,0.1145,0
3730,0,6879.4142,6880.6887,6881.1440,0.0347,0
3731,1,6881.0216,6882.5600,6882.8549,0.1213,0
3731,0,6881.0216,6882.5600,6883.0900,0.0767,0
3732,1,6882.9539,6884.3941,6884.8758,0.2550,0
3732,0,6882.9539,6884.3941,6885.0974,0.0435,0
3733,1,6884.9428,6886.2285,6886.5082,0.1154,0
3733,0,6884.9428,6886.2285,6886.6856,0.0358,0
3734,1,6886.5619,6888.2173,6888.5080,0.1166,0
3734,0,6886.5619,6888.2173,6888.6794,0.0355,0
3735,1,6888.5624,6889.7976,6890.4412,0.3768,0
3735,0,6888.5624,6889.7976,6890.6755,0.0493,0
3736,1,6890.5165,6891.8132,6892.0948,0.1106,0
3736,0,6890.5165,6891.8132,6892.3853,0.0436,0
3737,1,6892.1622,6893.7934,6894.2020,0.1276,0
3737,0,6892.1622,6893.7934,6894.4346,0.0489,0
3738,1,6894.2708,6895.7978,6896.0836,0.1139,0
3738,0,6894.2708,6895.7978,6896.2574,0.0349,0
3739,1,6896.1352,6897.3632,6897.6645,0.1122,0
3739,0,6896.1352,6897.3632,6897.9126,0.0402,0
3740,1,6897.7209,6899.2910,6899.5677,0.1150,0
3740,0,6897.7209,6899.2910,6899.7448,0.0358,0
3741,1,6899.6195,6901.0411,6901.5004,0.2605,0
3741,0,6899.6195,6901.0411,6901.7107,0.0440,0
3742,1,6901.5689,6902.8554,6903.1877,0.1210,0
3742,0,6901.5689,6902.8554,6903.4744,0.0466,0
3743,1,6903.2581,6904.9986,6905.2834,0.1144,0
3743,0,6903.2581,6904.9986,6905.4571,0.0363,0
3744,1,6905.3362,6906.8173,6907.1068,0.1123,0
3744,0,6905.3362,6906.8173,6907.2928,0.0383,0
3745,1,6907.1707,6908.4109,6908.7132,0.1135,0
3745,0,6907.1707,6908.4109,6908.9213,0.0477,0
3746,1,6908.7784,6910.2991,6910.6239,0.1189,0
3746,0,6908.7784,6910.2991,6910.8263,0.0425,0
3747,1,6910.6880,6911.9547,6912.5025,0.3715,0
3747,0,6910.6880,6911.9547,6912.6943,0.0401,0
3748,1,6912.5630,6913.8211,6914.1202,0.1177,0
3748,0,6912.5630,6913.8211,6914.3006,0.0376,0
3749,1,6914.1784,6915.6985,6915.9850,0.1153,0
3749,0,6914.1784,6915.6985,6916.1797,0.0352,0
3750,1,6916.0368,6917.2885,6917.6128,0.1186,0
3750,0,6916.0368,6917.2885,6917.8932,0.1131,0
3751,1,6917.7463,6919.0055,6919.2796,0.1128,0
3751,0,6917.7463,6919.0055,6919.4497,0.0354,0
3752,1,6919.3323,6920.8066,6921.1632,0.1606,0
3752,0,6919.3323,6920.8066,6921.3615,0.0418,0
3753,1,6921.2213,6922.4618,6922.7907,0.1186,0
3753,0,6921.2213,6922.4618,6923.0639,0.0404,0
3754,1,6922.8486,6924.4270,6924.7151,0.1136,0
3754,0,6922.8486,6924.4270,6924.9044,0.0461,0
3755,1,6924.7845,6926.3157,6926.6082,0.1140,0
3755,0,6924.7845,6926.3157,6926.8155,0.0372,0
3756,1,6926.6649,6927.9205,6928.2060,0.1132,0
3756,0,6926.6649,6927.9205,6928.3860,0.0358,0
3757,1,6928.2636,6929.8096,6930.0922,0.1115,0
3757,0,6928.2636,6929.8096,6930.2703,0.0358,0
3758,1,6930.1455,6931.3757,6931.9474,0.3745,0
3758,0,6930.1455,6931.3757,6932.1572,0.0438,0
3759,1,6932.0157,6933.2976,6933.5772,0.1152,0
3759,0,6932.0157,6933.2976,6933.7562,0.0356,0
3760,1,6933.6498,6935.0940,6935.5264,0.2602,0
3760,0,6933.6498,6935.0940,6935.7078,0.0388,0
3761,1,6935.5847,6936.8187,6937.1357,0.1224,0
3761,0,6935.5847,6936.8187,6937.6149,0.3076,0
3762,1,6937.4710,6938.7808,6939.0701,0.1181,0
3762,0,6937.4710,6938.7808,6939.2510,0.0356,0
3763,1,6939.1272,6940.6640,6940.9798,0.1142,0
3763,0,6939.1272,6940.6640,6941.2011,0.0444,0
3764,1,6941.0486,6942.3296,6942.6197,0.1117,0
3764,0,6941.0486,6942.3296,6943.0898,0.2601,0
3765,1,6942.9087,6944.2515,6944.5386,0.1138,0
3765,0,6942.9087,6944.2515,6944.7286,0.0356,0
3766,1,6944.5909,6946.0949,6946.3730,0.1156,0
3766,0,6944.5909,6946.0949,6946.5551,0.0348,0
3767,1,6946.4304,6947.6863,6948.0340,0.1172,0
3767,0,6946.4304,6947.6863,6948.2665,0.0470,0
3768,1,6948.1031,6949.4127,6949.7257,0.1084,0
3768,0,6948.1031,6949.4127,6949.9092,0.0423,0
3769,1,6949.7916,6951.2509,6951.6502,0.2325,0
3769,0,6949.7916,6951.2509,6951.8585,0.0585,0
3770,1,6951.7301,6952.9578,6953.2355,0.1146,0
3770,0,6951.7301,6952.9578,6953.4746,0.0362,0
3771,1,6953.2912,6954.8761,6955.1640,0.1131,0
3771,0,6953.2912,6954.8761,6955.3399,0.0368,0
3772,1,6955.2181,6956.4472,6956.9435,0.3003,0
3772,0,6955.2181,6956.4472,6957.1494,0.0441,0
3773,1,6957.0117,6958.2938,6958.5837,0.1153,0
3773,0,6957.0117,6958.2938,6958.7816,0.0356,0
3774,1,6958.6374,6960.1785,6960.4581,0.1114,0
3774,0,6958.6374,6960.1785,6960.6398,0.0360,0
3775,1,6960.5160,6961.7867,6962.0969,0.1057,0
3775,0,6960.5160,6961.7867,6962.4851,0.2137,0
3776,1,6962.3290,6963.5911,6963.8834,0.1142,0
3776,0,6962.3290,6963.5911,6964.0676,0.0360,0
3777,1,6963.9421,6965.4834,6965.7880,0.1141,0
3777,0,6963.9421,6965.4834,6965.9756,0.0376,0
3778,1,6965.8474,6967.1182,6967.5027,0.1102,0
3778,0,6965.8474,6967.1182,6967.8793,0.2180,0
3779,1,6967.7467,6969.1260,6969.4059,0.1126,0
3779,0,6967.7467,6969.1260,6969.5931,0.0430,0
3780,1,6969.4695,6970.9788,6971.2709,0.1162,0
3780,0,6969.4695,6970.9788,6971.4501,0.0364,0
3781,1,6971.3259,6972.5637,6972.9224,0.1144,0
3781,0,6971.3259,6972.5637,6973.1344,0.0402,0
3782,1,6972.9796,6974.3313,6974.6195,0.1186,0
3782,0,6972.9796,6974.3313,6974.8135,0.0364,0
3783,1,6974.6726,6976.1767,6976.4534,0.1151,0
3783,0,6974.6726,6976.1767,6976.6225,0.0347,0
3784,1,6976.5039,6977.7137,6978.0125,0.1111,0
3784,0,6976.5039,6977.7137,6978.2096,0.0429,0
3785,1,6978.0716,6979.5718,6979.9063,0.1145,0
3785,0,6978.0716,6979.5718,6980.1560,0.0474,0
3786,1,6979.9774,6981.3315,6981.8998,0.3835,0
3786,0,6979.9774,6981.3315,6982.0925,0.0379,0
3787,1,6981.9614,6983.2495,6983.5463,0.1166,0
3787,0,6981.9614,6983.2495,6983.7214,0.0354,0
3788,1,6983.5988,6985.0209,6985.4143,0.2240,0
3788,0,6983.5988,6985.0209,6985.6141,0.0570,0
3789,1,6985.4885,6986.7115,6987.0394,0.1448,0
3789,0,6985.4885,6986.7115,6987.4940,0.3120,0
3790,1,6987.3696,6988.6022,6988.9038,0.1151,0
3790,0,6987.3696,6988.6022,6989.1067,0.0426,0
3791,1,6988.9630,6990.4573,6990.7406,0.1173,0
3791,0,6988.9630,6990.4573,6990.9449,0.0428,0
3792,1,6990.8000,6992.0380,6992.3656,0.1138,0
3792,0,6990.8000,6992.0380,6992.5714,0.0378,0
3793,1,6992.4211,6993.7889,6994.1147,0.1190,0
3793,0,6992.4211,6993.7889,6994.3192,0.0404,0
3794,1,6994.1730,6995.6830,6996.0027,0.1197,0
3794,0,6994.1730,6995.6830,6996.2235,0.0438,0
3795,1,6996.0711,6997.3510,6997.6424,0.1143,0
3795,0,6996.0711,6997.3510,6997.9158,0.0374,0
3796,1,6997.7010,6999.3497,6999.6326,0.1180,0
3796,0,6997.7010,6999.3497,6999.8213,0.0353,0
3797,1,6999.6873,7001.1052,7001.4953,0.2241,0
3797,0,6999.6873,7001.1052,7001.6969,0.0604,0
3798,1,7001.5729,7002.7943,7003.0798,0.1139,0
3798,0,7001.5729,7002.7943,7003.2625,0.0365,0
3799,1,7003.1519,7004.7120,7005.0165,0.1139,0
3799,0,7003.1519,7004.7120,7005.2006,0.0409,0
3800,1,7005.0781,7006.3149,7006.8931,0.3692,0
3800,0,7005.0781,7006.3149,7007.1085,0.0422,0
3801,1,7006.9600,7008.2469,7008.5221,0.1139,0
3801,0,7006.9600,7008.2469,7008.6918,0.0345,0
3802,1,7008.5728,7010.0640,7010.3666,0.1122,0
3802,0,7008.5728,7010.0640,7010.5736,0.0498,0
3803,1,7010.4329,7011.6746,7011.9759,0.1109,0
3803,0,7010.4329,7011.6746,7012.1886,0.0445,0
3804,1,7012.0386,7013.3052,7013.5941,0.1149,0
3804,0,7012.0386,7013.3052,7013.7635,0.0354,0
3805,1,7013.6643,7015.1365,7015.4232,0.1161,0
3805,0,7013.6643,7015.1365,7015.5980,0.0357,0
3806,1,7015.4755,7016.6956,7017.0393,0.1128,0
3806,0,7015.4755,7016.6956,7017.4080,0.0650,0
3807,1,7018.1616,7019.3061,7019.5941,0.1132,0
3807,0,7018.1616,7019.3061,7019.8774,0.0370,0
3808,1,7019.7216,7021.2617,7021.7777,0.3365,0
3808,0,7019.7216,7021.2617,7021.9642,0.0365,0
3809,1,7021.8332,7023.0732,7023.3515,0.1135,0
3809,0,7021.8332,7023.0732,7023.5238,0.0369,0
3810,1,7023.4085,7024.6842,7024.9897,0.1259,0
3810,0,7023.4085,7024.6842,7025.1729,0.0381,0
3811,1,7025.0461,7026.5466,7026.8540,0.1136,0
3811,0,7025.0461,7026.5466,7027.0721,0.0437,0
3812,1,7026.9222,7028.1997,7028.5503,0.1147,0
3812,0,7026.9222,7028.1997,7028.7607,0.0432,0
3813,1,7028.6118,7030.0018,7030.2829,0.1094,0
3813,0,7028.6118,7030.0018,7030.4522,0.0360,0
3814,1,7030.3355,7031.8253,7032.1337,0.1199,0
3814,0,7030.3355,7031.8253,7032.4453,0.0431,0
3815,1,7032.2007,7033.5803,7033.8788,0.1144,0
3815,0,7032.2007,7033.5803,7034.1972,0.0362,0
3816,1,7033.9328,7035.5357,7035.8560,0.1137,0
3816,0,7033.9328,7035.5357,7036.1049,0.0482,0
3817,1,7035.9273,7037.4769,7037.8305,0.1659,0
3817,0,7035.9273,7037.4769,7038.0447,0.0440,0
3818,1,7037.8953,7039.1657,7039.4458,0.1143,0
3818,0,7037.8953,7039.1657,7039.6824,0.0360,0
3819,1,7039.5031,7041.0739,7041.3857,0.1191,0
3819,0,7039.5031,7041.0739,7041.5893,0.0441,0
3820,1,7041.4463,7042.9583,7043.2491,0.1195,0
3820,0,7041.4463,7042.9583,7043.4451,0.0467,0
3821,1,7043.3168,7044.5785,7044.8707,0.1140,0
3821,0,7043.3168,7044.5785,7045.0525,0.0366,0
3822,1,7044.9300,7046.4781,7046.7879,0.1199,0
3822,0,7044.9300,7046.4781,7046.9727,0.0372,0
3823,1,7046.8427,7048.1125,7048.5934,0.2772,0
3823,0,7046.8427,7048.1125,7048.8040,0.0443,0
3824,1,7048.6583,7049.9367,7050.2683,0.1235,0
3824,0,7048.6583,7049.9367,7050.4853,0.0414,0
3825,1,7050.3300,7051.8567,7052.2834,0.2598,0
3825,0,7050.3300,7051.8567,7052.4657,0.0373,0
3826,1,7052.3393,7053.6089,7054.2212,0.4393,0
3826,0,7052.3393,7053.6089,7054.3992,0.0370,0
3827,1,7054.2780,7055.5185,7055.8368,0.1167,0
3827,0,7054.2780,7055.5185,7056.0516,0.0505,0
3828,1,7055.9043,7057.4822,7057.7680,0.1150,0
3828,0,7055.9043,7057.4822,7057.9884,0.0428,0
3829,1,7057.8316,7059.0961,7059.3815,0.1167,0
3829,0,7057.8316,7059.0961,7059.7008,0.1725,0
3830,1,7059.5722,7060.8009,7061.1031,0.1142,0
3830,0,7059.5722,7060.8009,7061.3097,0.0397,0
3831,1,7061.1662,7062.7171,7063.0099,0.1190,0
3831,0,7061.1662,7062.7171,7063.1926,0.0444,0
3832,1,7063.0752,7064.3100,7064.6855,0.1111,0
3832,0,7063.0752,7064.3100,7064.9342,0.0500,0
3833,1,7064.7592,7066.0690,7066.3896,0.1238,0
3833,0,7064.7592,7066.0690,7066.5895,0.0416,0
3834,1,7066.4481,7067.8843,7068.2720,0.2230,0
3834,0,7066.4481,7067.8843,7068.5017,0.0588,0
3835,1,7068.3544,7069.6354,7069.9193,0.1077,0
3835,0,7068.3544,7069.6354,7070.1392,0.0358,0
3836,1,7069.9719,7071.5376,7071.8196,0.1149,0
3836,0,7069.9719,7071.5376,7071.9993,0.0364,0
3837,1,7071.8719,7073.1000,7073.5780,0.3114,0
3837,0,7071.8719,7073.1000,7073.7681,0.0392,0
3838,1,7073.6402,7074.9083,7075.1962,0.1137,0
3838,0,7073.6402,7074.9083,7075.3771,0.0362,0
3839,1,7075.2545,7076.7865,7077.0925,0.1145,0
3839,0,7075.2545,7076.7865,7077.2998,0.0432,0
3840,1,7077.1541,7078.4159,7078.7224,0.1134,0
3840,0,7077.1541,7078.4159,7079.1616,0.2319,0
3841,1,7078.9789,7080.2651,7080.5677,0.1123,0
3841,0,7078.9789,7080.2651,7080.7727,0.0427,0
3842,1,7080.6276,7082.1465,7082.4476,0.1320,0
3842,0,7080.6276,7082.1465,7082.6272,0.0346,0
3843,1,7082.5061,7083.7635,7084.0872,0.1158,0
3843,0,7082.5061,7083.7635,7084.2538,0.0359,0
3844,1,7084.1521,7085.5582,7085.8703,0.1123,0
3844,0,7084.1521,7085.5582,7086.1208,0.0612,0
3845,1,7085.9542,7087.5198,7087.8148,0.1170,0
3845,0,7085.9542,7087.5198,7087.9935,0.0361,0
3846,1,7087.8675,7089.0948,7089.3746,0.1144,0
3846,0,7087.8675,7089.0948,7089.5802,0.0367,0
3847,1,7089.4277,7090.9745,7091.2939,0.1177,0
3847,0,7089.4277,7090.9745,7091.5080,0.0451,0
3848,1,7091.3617,7092.9167,7093.2254,0.1160,0
3848,0,7091.3617,7092.9167,7093.4517,0.0450,0
3849,1,7093.3154,7094.5875,7095.1775,0.1134,0
3849,0,7093.3154,7094.5875,7095.5012,0.0470,0
3850,1,7095.2601,7096.6807,7097.0130,0.1108,0
3850,0,7095.2601,7096.6807,7097.2169,0.0455,0
3851,1,7097.0781,7098.5650,7098.8989,0.1612,0
3851,0,7097.0781,7098.5650,7099.0831,0.0363,0
3852,1,7098.9566,7100.2141,7100.4912,0.1132,0
3852,0,7098.9566,7100.2141,7100.7200,0.0361,0
3853,1,7100.5461,7102.2197,7102.5316,0.1157,0
3853,0,7100.5461,7102.2197,7102.7306,0.0434,0
3854,1,7102.5917,7104.0949,7104.4132,0.1156,0
3854,0,7102.5917,7104.0949,7104.6373,0.0479,0
3855,1,7104.4855,7105.7704,7106.0599,0.1165,0
3855,0,7104.4855,7105.7704,7106.3666,0.0378,0
3856,1,7106.1158,7107.5859,7107.9002,0.1188,0
3856,0,7106.1158,7107.5859,7108.0871,0.0407,0
3857,1,7107.9579,7109.1907,7109.7421,0.3830,0
3857,0,7107.9579,7109.1907,7109.9573,0.0458,0
3858,1,7109.8118,7111.0943,7111.3794,0.1131,0
3858,0,7109.8118,7111.0943,7111.5574,0.0358,0
3859,1,7111.4337,7112.9395,7113.2869,0.1767,0
3859,0,7111.4337,7112.9395,7113.4704,0.0360,0
3860,1,7113.3420,7114.5827,7114.8741,0.1137,0
3860,0,7113.3420,7114.5827,7115.3868,0.3665,0
3861,1,7115.2587,7116.4958,7116.7847,0.1149,0
3861,0,7115.2587,7116.4958,7117.0057,0.0388,0
3862,1,7116.8507,7118.3559,7118.8002,0.2548,0
3862,0,7116.8507,7118.3559,7119.0201,0.0496,0
3863,1,7118.8677,7120.1176,7120.3977,0.1080,0
3863,0,7118.8677,7120.1176,7120.8063,0.2360,0
3864,1,7120.6624,7121.9222,7122.2043,0.1155,0
3864,0,7120.6624,7121.9222,7122.3779,0.0353,0
3865,1,7122.2562,7123.7512,7124.0369,0.1181,0
3865,0,7122.2562,7123.7512,7124.2155,0.0366,0
3866,1,7124.0943,7125.3289,7125.6960,0.1159,0
3866,0,7124.0943,7125.3289,7125.8793,0.0403,0
3867,1,7125.7567,7127.0740,7127.3636,0.1121,0
3867,0,7125.7567,7127.0740,7127.5531,0.0369,0
3868,1,7127.4231,7128.6996,7129.2111,0.3218,0
3868,0,7127.4231,7128.6996,7129.4356,0.0395,0
3869,1,7129.2733,7130.5538,7130.8673,0.1156,0
3869,0,7129.2733,7130.5538,7131.0815,0.0423,0
3870,1,7130.9314,7132.4968,7132.8191,0.1188,0
3870,0,7130.9314,7132.4968,7133.0338,0.0442,0
3871,1,7132.8835,7134.1442,7134.8160,0.4942,0
3871,0,7132.8835,7134.1442,7134.9998,0.0380,0
3872,1,7134.8765,7136.1478,7136.4708,0.1232,0
3872,0,7134.8765,7136.1478,7136.6809,0.0445,0
3873,1,7136.5342,7138.0836,7138.3666,0.1160,0
3873,0,7136.5342,7138.0836,7138.5507,0.0448,0
3874,1,7138.4277,7139.6550,7140.2316,0.3849,0
3874,0,7138.4277,7139.6550,7140.4518,0.0457,0
3875,1,7140.3011,7141.5890,7141.8921,0.1134,0
3875,0,7140.3011,7141.5890,7142.5893,0.0445,0
3876,1,7141.9578,7143.7443,7144.0427,0.1167,0
3876,0,7141.9578,7143.7443,7144.3342,0.0379,0
3877,1,7144.1463,7145.7106,7146.0732,0.1645,0
3877,0,7144.1463,7145.7106,7146.4171,0.0444,0
3878,1,7146.2040,7147.5576,7147.9230,0.1171,0
3878,0,7146.2040,7147.5576,7148.2311,0.0403,0
3879,1,7148.0391,7149.4511,7149.8236,0.1088,0
3879,0,7148.0391,7149.4511,7150.0655,0.0427,0
3880,1,7149.8857,7151.3625,7151.9744,0.2515,0
3880,0,7149.8857,7151.3625,7152.1979,0.0477,0
3881,1,7152.0426,7153.2999,7153.7040,0.1474,0
3881,0,7152.0426,7153.2999,7154.1654,0.0462,0
3882,1,7153.7681,7155.2173,7155.5991,0.1142,0
3882,0,7153.7681,7155.2173,7155.7993,0.0420,0
3883,1,7155.6607,7157.1879,7157.5244,0.1609,0
3883,0,7155.6607,7157.1879,7157.7070,0.0370,0
3884,1,7157.5809,7158.8273,7159.1234,0.1145,0
3884,0,7157.5809,7158.8273,7159.3036,0.0385,0
3885,1,7159.1805,7160.5403,7160.8569,0.1128,0
3885,0,7159.1805,7160.5403,7161.0853,0.0468,0
3886,1,7160.9207,7162.4214,7162.7766,0.1624,0
3886,0,7160.9207,7162.4214,7162.9534,0.0365,0
3887,1,7162.8294,7164.0587,7164.3802,0.1177,0
3887,0,7162.8294,7164.0587,7164.6131,0.0396,0
3888,1,7164.4360,7166.0028,7166.2792,0.1161,0
3888,0,7164.4360,7166.0028,7166.4488,0.0346,0
3889,1,7166.3299,7167.7394,7168.2056,0.2628,0
3889,0,7166.3299,7167.7394,7168.4227,0.0447,0
3890,1,7168.2752,7169.5633,7169.8813,0.1142,0
3890,0,7168.2752,7169.5633,7170.1530,0.0452,0
3891,1,7169.9487,7171.5436,7171.8865,0.1153,0
3891,0,7169.9487,7171.5436,7172.1242,0.0524,0
3892,1,7171.9612,7173.5167,7173.8948,0.1241,0
3892,0,7171.9612,7173.5167,7174.1648,0.0511,0
3893,1,7173.9689,7175.2976,7175.5947,0.1214,0
3893,0,7173.9689,7175.2976,7175.8455,0.0970,0
3894,1,7175.7287,7177.1624,7177.4502,0.1141,0
3894,0,7175.7287,7177.1624,7177.6283,0.0405,0
3895,1,7177.5071,7179.0008,7179.3125,0.1153,0
3895,0,7177.5071,7179.0008,7179.5331,0.0404,0
3896,1,7179.3777,7180.6705,7180.9909,0.1142,0
3896,0,7179.3777,7180.6705,7181.2312,0.0422,0
3897,1,7181.0527,7182.6231,7182.9379,0.1137,0
3897,0,7181.0527,7182.6231,7183.1535,0.0406,0
3898,1,7182.9998,7184.6582,7185.0045,0.1164,0
3898,0,7182.9998,7184.6582,7185.2108,0.0417,0
3899,1,7185.0639,7186.3116,7186.5999,0.1184,0
3899,0,7185.0639,7186.3116,7186.8354,0.0347,0
3900,1,7186.6570,7188.2273,7188.5104,0.1149,0
3900,0,7186.6570,7188.2273,7188.6843,0.0361,0
3901,1,7188.5656,7189.8002,7190.2782,0.3075,0
3901,0,7188.5656,7189.8002,7190.4604,0.0372,0
3902,1,7190.3376,7191.6149,7191.9379,0.1127,0
3902,0,7190.3376,7191.6149,7192.1483,0.0416,0
3903,1,7191.9978,7193.7396,7194.0446,0.1129,0
3903,0,7191.9978,7193.7396,7194.2663,0.0413,0
3904,1,7194.1100,7195.6776,7195.9941,0.1113,0
3904,0,7194.1100,7195.6776,7196.2108,0.0435,0
3905,1,7196.0602,7197.3209,7197.6346,0.1180,0
3905,0,7196.0602,7197.3209,7197.8448,0.0451,0
3906,1,7197.6991,7199.2469,7199.5270,0.1153,0
3906,0,7197.6991,7199.2469,7199.7063,0.0341,0
3907,1,7199.5869,7201.0604,7201.4984,0.2633,0
3907,0,7199.5869,7201.0604,7201.6940,0.0454,0
3908,1,7201.5653,7202.8383,7203.1644,0.1201,0
3908,0,7201.5653,7202.8383,7203.3871,0.0433,0
3909,1,7203.2273,7204.7791,7205.2179,0.1210,0
3909,0,7203.2273,7204.7791,7205.4383,0.0460,0
3910,1,7205.2880,7206.8565,7207.1907,0.1192,0
3910,0,7205.2880,7206.8565,7207.4147,0.0449,0
3911,1,7207.2578,7208.5499,7208.8312,0.1147,0
3911,0,7207.2578,7208.5499,7209.0588,0.0377,0
3912,1,7208.8911,7210.6393,7210.9657,0.1183,0
3912,0,7208.8911,7210.6393,7211.1897,0.0425,0
3913,1,7211.0302,7212.5908,7212.9691,0.1708,0
3913,0,7211.0302,7212.5908,7213.1981,0.0439,0
3914,1,7213.0372,7214.3343,7214.6861,0.1133,0
3914,0,7213.0372,7214.3343,7214.9102,0.0354,0
3915,1,7214.7429,7216.0848,7216.3698,0.1155,0
3915,0,7214.7429,7216.0848,7216.5485,0.0380,0
3916,1,7216.4273,7217.8682,7218.3271,0.2610,0
3916,0,7216.4273,7217.8682,7218.5492,0.0461,0
3917,1,7218.3973,7219.6839,7220.1759,0.1155,0
3917,0,7218.3973,7219.6839,7220.4470,0.0421,0
3918,1,7220.2518,7221.7111,7222.0024,0.1132,0
3918,0,7220.2518,7221.7111,7222.1955,0.0448,0
3919,1,7222.0686,7223.6094,7223.9009,0.1157,0
3919,0,7222.0686,7223.6094,7224.0926,0.0365,0
3920,1,7223.9646,7225.2069,7225.4894,0.1129,0
3920,0,7223.9646,7225.2069,7225.7989,0.0357,0
3921,1,7225.5415,7227.2869,7227.6021,0.1170,0
3921,0,7225.5415,7227.2869,7227.8062,0.0429,0
3922,1,7227.6617,7229.1844,7229.4853,0.1122,0
3922,0,7227.6617,7229.1844,7229.7043,0.0445,0
3923,1,7229.5540,7230.8326,7231.1462,0.1165,0
3923,0,7229.5540,7230.8326,7231.4251,0.1034,0
3924,1,7231.2678,7232.6024,7232.9128,0.1165,0
3924,0,7231.2678,7232.6024,7233.1342,0.0389,0
3925,1,7232.9756,7234.4606,7234.9240,0.2637,0
3925,0,7232.9756,7234.4606,7235.1543,0.0535,0
3926,1,7234.9996,7236.2678,7236.5862,0.1184,0
3926,0,7234.9996,7236.2678,7236.8251,0.0410,0
3927,1,7236.6454,7238.2298,7238.5300,0.1118,0
3927,0,7236.6454,7238.2298,7238.7250,0.0392,0
3928,1,7238.5857,7240.0989,7240.3773,0.1157,0
3928,0,7238.5857,7240.0989,7240.5577,0.0360,0
3929,1,7240.4376,7241.7004,7241.9816,0.1131,0
3929,0,7240.4376,7241.7004,7242.1634,0.0388,0
3930,1,7242.0414,7243.7337,7244.0697,0.1110,0
3930,0,7242.0414,7243.7337,7244.3143,0.0597,0
3931,1,7244.1498,7245.6843,7246.0113,0.1158,0
3931,0,7244.1498,7245.6843,7246.2244,0.0451,0
3932,1,7246.0773,7247.3339,7247.6381,0.1118,0
3932,0,7246.0773,7247.3339,7247.9148,0.0436,0
3933,1,7247.6987,7249.3072,7249.5803,0.1076,0
3933,0,7247.6987,7249.3072,7249.7689,0.0376,0
3934,1,7249.6456,7251.1036,7251.5710,0.2591,0
3934,0,7249.6456,7251.1036,7251.7937,0.0417,0
3935,1,7251.6375,7253.0179,7253.3527,0.1213,0
3935,0,7251.6375,7253.0179,7253.5838,0.0414,0
3936,1,7253.4122,7254.9509,7255.2752,0.1230,0
3936,0,7253.4122,7254.9509,7255.4818,0.0430,0
3937,1,7255.3354,7256.8484,7257.1340,0.1156,0
3937,0,7255.3354,7256.8484,7257.3194,0.0360,0
3938,1,7257.2142,7258.4546,7258.7317,0.1168,0
3938,0,7257.2142,7258.4546,7258.9483,0.0369,0
3939,1,7258.7905,7260.5357,7260.8525,0.1131,0
3939,0,7258.7905,7260.5357,7261.0662,0.0420,0
3940,1,7260.9131,7262.4355,7262.7540,0.1174,0
3940,0,7260.9131,7262.4355,7262.9723,0.0432,0
3941,1,7262.8207,7264.1168,7264.4404,0.1190,0
3941,0,7262.8207,7264.1168,7264.6895,0.0407,0
3942,1,7264.5003,7266.0604,7266.3432,0.1165,0
3942,0,7264.5003,7266.0604,7266.5139,0.0357,0
3943,1,7266.3949,7267.8060,7268.2405,0.2659,0
3943,0,7266.3949,7267.8060,7268.4251,0.0379,0
3944,1,7268.3032,7269.5690,7269.8708,0.1127,0
3944,0,7268.3032,7269.5690,7270.0539,0.0356,0
3945,1,7269.9266,7271.4439,7271.7802,0.1277,0
3945,0,7269.9266,7271.4439,7271.9679,0.0432,0
3946,1,7271.8471,7273.1284,7273.6183,0.2834,0
3946,0,7271.8471,7273.1284,7273.8357,0.0440,0
3947,1,7273.6824,7274.9691,7275.2523,0.1141,0
3947,0,7273.6824,7274.9691,7275.4280,0.0366,0
3948,1,7275.3057,7276.9317,7277.2422,0.1179,0
3948,0,7275.3057,7276.9317,7277.4552,0.0464,0
3949,1,7277.3129,7278.5927,7279.1877,0.3931,0
3949,0,7277.3129,7278.5927,7279.4115,0.0450,0
3950,1,7279.2565,7280.5474,7280.8908,0.1124,0
3950,0,7279.2565,7280.5474,7281.1020,0.0438,0
3951,1,7280.9523,7282.5065,7282.8268,0.1226,0
3951,0,7280.9523,7282.5065,7283.0006,0.0360,0
3952,1,7282.8803,7284.3478,7284.7738,0.2530,0
3952,0,7282.8803,7284.3478,7284.9523,0.0383,0
3953,1,7284.8292,7286.0677,7286.3574,0.1104,0
3953,0,7284.8292,7286.0677,7286.5306,0.0353,0
3954,1,7286.4094,7287.9070,7288.2171,0.1149,0
3954,0,7286.4094,7287.9070,7288.4348,0.0449,0
3955,1,7288.2831,7289.5475,7289.8582,0.1103,0
3955,0,7288.2831,7289.5475,7290.2681,0.2281,0
3956,1,7290.1094,7291.4135,7291.6932,0.1148,0
3956,0,7290.1094,7291.4135,7291.8723,0.0370,0
3957,1,7291.7470,7293.2224,7293.5909,0.1608,0
3957,0,7291.7470,7293.2224,7293.8196,0.0446,0
3958,1,7293.6593,7294.9508,7295.2430,0.1153,0
3958,0,7293.6593,7294.9508,7295.4458,0.0361,0
3959,1,7295.2979,7296.6443,7296.9563,0.1165,0
3959,0,7295.2979,7296.6443,7297.1609,0.0443,0
3960,1,7297.0172,7298.5386,7298.8448,0.1142,0
3960,0,7297.0172,7298.5386,7299.1816,0.0605,0
3961,1,7298.9320,7300.3130,7300.5946,0.1116,0
3961,0,7298.9320,7300.3130,7300.7837,0.0366,0
3962,1,7300.6499,7302.1800,7302.4621,0.1095,0
3962,0,7300.6499,7302.1800,7302.6424,0.0365,0
3963,1,7302.5157,7304.0090,7304.3034,0.1213,0
3963,0,7302.5157,7304.0090,7304.4853,0.0363,0
3964,1,7304.3632,7305.6256,7305.9271,0.1151,0
3964,0,7304.3632,7305.6256,7306.1086,0.0366,0
3965,1,7305.9853,7307.5388,7307.8442,0.1178,0
3965,0,7305.9853,7307.5388,7308.0466,0.0437,0
3966,1,7307.9046,7309.1522,7309.6640,0.3386,0
3966,0,7307.9046,7309.1522,7309.9710,0.1635,0
3967,1,7309.8503,7311.0889,7311.3650,0.1131,0
3967,0,7309.8503,7311.0889,7311.5412,0.0350,0
3968,1,7311.4162,7312.9102,7313.2749,0.1658,0
3968,0,7311.4162,7312.9102,7313.4854,0.0443,0
3969,1,7313.3384,7314.5948,7314.9487,0.1238,0
3969,0,7313.3384,7314.5948,7315.3964,0.2538,0
3970,1,7315.2242,7316.5011,7316.8118,0.1162,0
3970,0,7315.2242,7316.5011,7317.0164,0.0416,0
3971,1,7316.8705,7318.3186,7318.7794,0.2564,0
3971,0,7316.8705,7318.3186,7318.9768,0.0418,0
3972,1,7318.8380,7320.0766,7320.3910,0.1204,0
3972,0,7318.8380,7320.0766,7320.7964,0.2345,0
3973,1,7320.6433,7321.8922,7322.1942,0.1129,0
3973,0,7320.6433,7321.8922,7322.3920,0.0432,0
3974,1,7322.2536,7323.7571,7324.0927,0.1191,0
3974,0,7322.2536,7323.7571,7324.3036,0.0413,0
3975,1,7324.1571,7325.4388,7325.7861,0.1142,0
3975,0,7324.1571,7325.4388,7326.0082,0.0455,0
3976,1,7325.8487,7327.2429,7327.5262,0.1120,0
3976,0,7325.8487,7327.2429,7327.7041,0.0351,0
3977,1,7327.5809,7329.1013,7329.3757,0.1069,0
3977,0,7327.5809,7329.1013,7329.5584,0.0381,0
3978,1,7329.4355,7330.6977,7331.1456,0.1168,0
3978,0,7329.4355,7330.6977,7331.4085,0.0451,0
3979,1,7331.2111,7332.7682,7333.0883,0.1179,0
3979,0,7331.2111,7332.7682,7333.3061,0.0445,0
3980,1,7333.1570,7334.6091,7335.0886,0.2553,0
3980,0,7333.1570,7334.6091,7335.2961,0.0440,0
3981,1,7335.1543,7336.4121,7336.6884,0.1116,0
3981,0,7335.1543,7336.4121,7336.9265,0.0357,0
3982,1,7336.7402,7338.2937,7338.5695,0.1159,0
3982,0,7336.7402,7338.2937,7338.7412,0.0354,0
3983,1,7338.6397,7340.1261,7340.4282,0.1134,0
3983,0,7338.6397,7340.1261,7340.6400,0.0453,0
3984,1,7340.4922,7341.7480,7342.0548,0.1141,0
3984,0,7340.4922,7341.7480,7342.2561,0.0435,0
3985,1,7342.1149,7343.7815,7344.0655,0.1149,0
3985,0,7342.1149,7343.7815,7344.2425,0.0373,0
3986,1,7344.1205,7345.6355,7345.9548,0.1164,0
3986,0,7344.1205,7345.6355,7346.1690,0.0436,0
3987,1,7346.0184,7347.2997,7347.7045,0.1286,0
3987,0,7346.0184,7347.2997,7348.0483,0.0534,0
3988,1,7347.7820,7349.3729,7349.6527,0.1117,0
3988,0,7347.7820,7349.3729,7349.8366,0.0354,0
3989,1,7349.7093,7351.3444,7351.6421,0.1139,0
3989,0,7349.7093,7351.3444,7351.8157,0.0375,0
3990,1,7351.7020,7352.9287,7353.2100,0.1167,0
3990,0,7351.7020,7352.9287,7353.3876,0.0345,0
3991,1,7353.2681,7354.8205,7355.1105,0.1169,0
3991,0,7353.2681,7354.8205,7355.2924,0.0365,0
3992,1,7355.1650,7356.4020,7356.9399,0.3767,0
3992,0,7355.1650,7356.4020,7357.1227,0.0360,0
3993,1,7356.9919,7358.2257,7358.5526,0.1207,0
3993,0,7356.9919,7358.2257,7358.7791,0.0458,0
3994,1,7358.6170,7360.3061,7360.6132,0.1133,0
3994,0,7358.6170,7360.3061,7360.8880,0.0480,0
3995,1,7360.6842,7362.0020,7362.4744,0.2757,0
3995,0,7360.6842,7362.0020,7362.6833,0.0441,0
3996,1,7362.5423,7363.8239,7364.1796,0.1221,0
3996,0,7362.5423,7363.8239,7364.4322,0.0516,0
3997,1,7364.2515,7365.8439,7366.1416,0.1161,0
3997,0,7364.2515,7365.8439,7366.3339,0.0449,0
3998,1,7366.2072,7367.4462,7368.0918,0.4787,0
3998,0,7366.2072,7367.4462,7368.2801,0.0389,0
3999,1,7368.1561,7369.4328,7369.7235,0.1128,0
3999,0,7368.1561,7369.4328,7369.9216,0.0522,0
4000,1,7369.7960,7371.3902,7371.6767,0.1208,0
4000,0,7369.7960,7371.3902,7371.8818,0.0366,0
4001,1,7371.7298,7372.9924,7373.2891,0.1151,0
4001,0,7371.7298,7372.9924,7373.7196,0.2336,0
4002,1,7373.5490,7374.8549,7375.1380,0.1133,0
4002,0,7373.5490,7374.8549,7375.3138,0.0355,0
4003,1,7375.1902,7376.8016,7377.0924,0.1119,0
4003,0,7375.1902,7376.8016,7377.3052,0.0369,0
4004,1,7377.1538,7378.4595,7378.8239,0.1150,0
4004,0,7377.1538,7378.4595,7379.2081,0.1914,0
4005,1,7379.0511,7380.3212,7380.6184,0.1193,0
4005,0,7379.0511,7380.3212,7380.8132,0.0404,0
4006,1,7380.6756,7382.0880,7382.4321,0.1722,0
4006,0,7380.6756,7382.0880,7382.6128,0.0359,0
4007,1,7382.4912,7383.7522,7384.0967,0.1153,0
4007,0,7382.4912,7383.7522,7384.3001,0.0367,0
4008,1,7384.1618,7385.5931,7385.8907,0.1126,0
4008,0,7384.1618,7385.5931,7386.0905,0.0429,0
4009,1,7385.9522,7387.4722,7387.7645,0.1153,0
4009,0,7385.9522,7387.4722,7387.9778,0.0431,0
4010,1,7387.8317,7389.1231,7389.3975,0.1157,0
4010,0,7387.8317,7389.1231,7389.6087,0.0362,0
4011,1,7389.4533,7391.0187,7391.3262,0.1160,0
4011,0,7389.4533,7391.0187,7391.5354,0.0438,0
4012,1,7391.3920,7392.9208,7393.2864,0.1619,0
4012,0,7391.3920,7392.9208,7393.4954,0.0404,0
4013,1,7393.3466,7394.6080,7395.1494,0.1869,0
4013,0,7393.3466,7394.6080,7395.3495,0.0399,0
4014,1,7395.2147,7396.5174,7396.8574,0.1201,0
4014,0,7395.2147,7396.5174,7397.0612,0.0401,0
4015,1,7396.9150,7398.4259,7398.7593,0.1202,0
4015,0,7396.9150,7398.4259,7398.9421,0.0446,0
4016,1,7398.8208,7400.0432,7400.3314,0.1146,0
4016,0,7398.8208,7400.0432,7400.5034,0.0358,0
4017,1,7400.3836,7401.8738,7402.3387,0.2658,0
4017,0,7400.3836,7401.8738,7402.5547,0.0477,0
4018,1,7402.4068,7403.6595,7404.2130,0.3551,0
4018,0,7402.4068,7403.6595,7404.4234,0.0436,0
4019,1,7404.2808,7405.5649,7405.8555,0.1147,0
4019,0,7404.2808,7405.5649,7406.0380,0.0364,0
4020,1,7405.9134,7407.5007,7407.7927,0.1160,0
4020,0,7405.9134,7407.5007,7408.0241,0.0408,0
4021,1,7407.8582,7409.1587,7409.6812,0.3523,0
4021,0,7407.8582,7409.1587,7409.9184,0.0572,0
4022,1,7409.7685,7411.0658,7411.3896,0.1183,0
4022,0,7409.7685,7411.0658,7411.6110,0.0435,0
4023,1,7411.4554,7413.0448,7413.3293,0.1120,0
4023,0,7411.4554,7413.0448,7413.5130,0.0438,0
4024,1,7413.3905,7414.6233,7414.9428,0.1193,0
4024,0,7413.3905,7414.6233,7415.3643,0.2338,0
4025,1,7415.2060,7416.5020,7416.8124,0.1131,0
4025,0,7415.2060,7416.5020,7417.0199,0.0450,0
4026,1,7416.8744,7418.3077,7418.7373,0.2584,0
4026,0,7416.8744,7418.3077,7418.9335,0.0371,0
4027,1,7418.7908,7420.0349,7420.3638,0.1647,0
4027,0,7418.7908,7420.0349,7420.8394,0.3164,0
4028,1,7420.7162,7421.9498,7422.2244,0.1138,0
4028,0,7420.7162,7421.9498,7422.3959,0.0348,0
4029,1,7422.2755,7423.7764,7424.1030,0.1186,0
4029,0,7422.2755,7423.7764,7424.3218,0.0428,0
4030,1,7424.1694,7425.4451,7425.8638,0.1180,0
4030,0,7424.1694,7425.4451,7426.2476,0.0485,0
4031,1,7425.9523,7427.4150,7427.7012,0.1164,0
4031,0,7425.9523,7427.4150,7427.8979,0.0353,0
4032,1,7427.7590,7429.3001,7429.6360,0.1192,0
4032,0,7427.7590,7429.3001,7429.8639,0.0415,0
4033,1,7429.7015,7430.9972,7431.3214,0.1140,0
4033,0,7429.7015,7430.9972,7431.5121,0.0370,0
4034,1,7431.3753,7432.7017,7433.0045,0.1109,0
4034,0,7431.3753,7432.7017,7433.2222,0.0428,0
4035,1,7433.0674,7434.5303,7434.9961,0.2608,0
4035,0,7433.0674,7434.5303,7435.2152,0.0492,0
4036,1,7435.0715,7436.3617,7436.6495,0.1171,0
4036,0,7435.0715,7436.3617,7436.9208,0.0353,0
4037,1,7436.7043,7438.2882,7438.5622,0.1147,0
4037,0,7436.7043,7438.2882,7438.7304,0.0348,0
4038,1,7438.6127,7440.0993,7440.3768,0.1157,0
4038,0,7438.6127,7440.0993,7440.5486,0.0344,0
4039,1,7440.4272,7441.6509,7442.0498,0.1747,0
4039,0,7440.4272,7441.6509,7442.2607,0.0510,0
4040,1,7442.1211,7443.7928,7444.1203,0.1135,0
4040,0,7442.1211,7443.7928,7444.3125,0.0437,0
4041,1,7444.1833,7445.6786,7445.9605,0.1177,0
4041,0,7444.1833,7445.6786,7446.1386,0.0369,0
4042,1,7446.0144,7447.2460,7447.5211,0.1133,0
4042,0,7446.0144,7447.2460,7447.6907,0.0358,0
4043,1,7447.5744,7449.0733,7449.3471,0.1161,0
4043,0,7447.5744,7449.0733,7449.5316,0.0398,0
4044,1,7449.4085,7450.6713,7451.0239,0.1121,0
4044,0,7449.4085,7450.6713,7451.2605,0.0663,0
4045,1,7451.1147,7452.4117,7452.6860,0.1136,0
4045,0,7451.1147,7452.4117,7452.8780,0.0351,0
4046,1,7452.7406,7454.2647,7454.5911,0.1221,0
4046,0,7452.7406,7454.2647,7454.8046,0.0432,0
4047,1,7454.6586,7455.9454,7456.2730,0.1206,0
4047,0,7454.6586,7455.9454,7456.4676,0.0363,0
4048,1,7456.3287,7457.7120,7458.2324,0.1286,0
4048,0,7456.3287,7457.7120,7458.4375,0.0463,0
4049,1,7458.2979,7459.9490,7460.2722,0.1228,0
4049,0,7458.2979,7459.9490,7460.4868,0.0442,0
4050,1,7460.3409,7461.6241,7461.9306,0.1121,0
4050,0,7460.3409,7461.6241,7462.1212,0.0373,0
4051,1,7461.9899,7463.3327,7463.6703,0.1192,0
4051,0,7461.9899,7463.3327,7463.8823,0.0440,0
4052,1,7463.7343,7465.2697,7465.5510,0.1185,0
4052,0,7463.7343,7465.2697,7465.7189,0.0340,0
4053,1,7465.6012,7466.8198,7467.0910,0.1096,0
4053,0,7465.6012,7466.8198,7467.2566,0.0348,0
4054,1,7467.1416,7468.7603,7469.0458,0.1131,0
4054,0,7467.1416,7468.7603,7469.2172,0.0367,0
4055,1,7469.0989,7470.3216,7470.8690,0.3519,0
4055,0,7469.0989,7470.3216,7471.0858,0.0417,0
4056,1,7470.9357,7472.2149,7472.4893,0.1138,0
4056,0,7470.9357,7472.2149,7472.6607,0.0343,0
4057,1,7472.5408,7474.0872,7474.3973,0.1311,0
4057,0,7472.5408,7474.0872,7474.5760,0.0363,0
4058,1,7474.4514,7475.6901,7475.9763,0.1061,0
4058,0,7474.4514,7475.6901,7476.4863,0.3570,0
4059,1,7476.3521,7477.6040,7477.9075,0.1147,0
4059,0,7476.3521,7477.6040,7478.1176,0.0451,0
4060,1,7477.9690,7479.4798,7479.7859,0.1121,0
4060,0,7477.9690,7479.4798,7480.0155,0.0439,0
4061,1,7479.8543,7481.1556,7481.4971,0.1507,0
4061,0,7479.8543,7481.1556,7481.9182,0.2413,0
4062,1,7481.7616,7483.0520,7483.3855,0.1196,0
4062,0,7481.7616,7483.0520,7483.6087,0.0432,0
4063,1,7483.4526,7484.9405,7485.3758,0.2540,0
4063,0,7483.4526,7484.9405,7485.5623,0.0391,0
4064,1,7485.4362,7486.6984,7487.0932,0.1723,0
4064,0,7485.4362,7486.6984,7487.4977,0.2318,0
4065,1,7487.3440,7488.6040,7488.9041,0.1121,0
4065,0,7487.3440,7488.6040,7489.1006,0.0372,0
4066,1,7488.9579,7490.4692,7490.7754,0.0999,0
4066,0,7488.9579,7490.4692,7490.9852,0.0457,0
4067,1,7490.8384,7492.1011,7492.4618,0.1136,0
4067,0,7490.8384,7492.1011,7492.6660,0.0440,0
4068,1,7492.5226,7493.8623,7494.1943,0.1205,0
4068,0,7492.5226,7493.8623,7494.3916,0.0422,0
4069,1,7494.2545,7495.7649,7496.0854,0.1192,0
4069,0,7494.2545,7495.7649,7496.3033,0.0437,0
4070,1,7496.1531,7497.4427,7497.7344,0.1144,0
4070,0,7496.1531,7497.4427,7497.9562,0.0376,0
4071,1,7497.7949,7499.3924,7499.6838,0.1165,0
4071,0,7497.7949,7499.3924,7499.9007,0.0357,0
4072,1,7499.7610,7501.1876,7501.6440,0.2593,0
4072,0,7499.7610,7501.1876,7501.8663,0.0465,0
4073,1,7501.7145,7502.9997,7503.2882,0.1153,0
4073,0,7501.7145,7502.9997,7503.5206,0.0364,0
4074,1,7503.3486,7504.9201,7505.2042,0.1134,0
4074,0,7503.3486,7504.9201,7505.3769,0.0359,0
4075,1,7505.2565,7506.4876,7506.9172,0.2557,0
4075,0,7505.2565,7506.4876,7507.1315,0.0505,0
4076,1,7506.9906,7508.2459,7508.5308,0.1117,0
4076,0,7506.9906,7508.2459,7508.7086,0.0368,0
4077,1,7508.5858,7510.0981,7510.3872,0.1149,0
4077,0,7508.5858,7510.0981,7510.5644,0.0361,0
4078,1,7510.4402,7511.6660,7511.9800,0.1189,0
4078,0,7510.4402,7511.6660,7512.1875,0.0406,0
4079,1,7512.0479,7513.4069,7513.6884,0.1164,0
4079,0,7512.0479,7513.4069,7513.8866,0.0348,0
4080,1,7513.7418,7515.1749,7515.5388,0.1611,0
4080,0,7513.7418,7515.1749,7515.7618,0.0428,0
4081,1,7515.6066,7516.9009,7517.2084,0.1176,0
4081,0,7515.6066,7516.9009,7517.4026,0.0378,0
4082,1,7518.2751,7519.4495,7519.7324,0.1131,0
4082,0,7518.2751,7519.4495,7520.0222,0.0360,0
4083,1,7519.8310,7521.2977,7521.6933,0.2270,0
4083,0,7519.8310,7521.2977,7521.9108,0.0549,0
4084,1,7521.7747,7523.0436,7523.3924,0.1215,0
4084,0,7521.7747,7523.0436,7523.8791,0.2813,0
4085,1,7523.6950,7525.0057,7525.3374,0.1249,0
4085,0,7523.6950,7525.0057,7525.5380,0.0397,0
4086,1,7525.3942,7526.9254,7527.2486,0.1191,0
4086,0,7525.3942,7526.9254,7527.4683,0.0421,0
4087,1,7527.3149,7528.6013,7529.1894,0.3893,0
4087,0,7527.3149,7528.6013,7529.3956,0.0442,0
4088,1,7529.2511,7530.4970,7530.7958,0.1143,0
4088,0,7529.2511,7530.4970,7531.0251,0.0536,0
4089,1,7530.8742,7532.5100,7532.7994,0.1166,0
4089,0,7530.8742,7532.5100,7533.0133,0.0440,0
4090,1,7532.8672,7534.1677,7534.5571,0.2155,0
4090,0,7532.8672,7534.1677,7534.9220,0.1598,0
4091,1,7534.7419,7536.0417,7536.3239,0.1108,0
4091,0,7534.7419,7536.0417,7536.4973,0.0360,0
4092,1,7536.3766,7537.8389,7538.1812,0.1645,0
4092,0,7536.3766,7537.8389,7538.3689,0.0379,0
4093,1,7538.2410,7539.5044,7539.8482,0.1725,0
4093,0,7538.2410,7539.5044,7540.3141,0.3249,0
4094,1,7540.1954,7541.4342,7541.7437,0.1147,0
4094,0,7540.1954,7541.4342,7541.9359,0.0473,0
4095,1,7541.8070,7543.3109,7543.6005,0.1204,0
4095,0,7541.8070,7543.3109,7543.7762,0.0348,0
4096,1,7543.6518,7544.8804,7545.2088,0.1166,0
4096,0,7543.6518,7544.8804,7545.3828,0.0354,0
4097,1,7545.2616,7546.6688,7546.9792,0.1161,0
4097,0,7545.2616,7546.6688,7547.1798,0.0432,0
4098,1,7547.0388,7548.5518,7548.8577,0.1143,0
4098,0,7547.0388,7548.5518,7549.0667,0.0438,0
4099,1,7548.9262,7550.2055,7550.4913,0.1156,0
4099,0,7548.9262,7550.2055,7550.6977,0.0358,0
4100,1,7550.5447,7552.2800,7552.6415,0.1637,0
4100,0,7550.5447,7552.2800,7552.8464,0.0436,0
4101,1,7552.7020,7554.2760,7554.5615,0.1157,0
4101,0,7552.7020,7554.2760,7554.7475,0.0354,0
4102,1,7554.6194,7555.8678,7556.1670,0.1158,0
4102,0,7554.6194,7555.8678,7556.3862,0.0377,0
4103,1,7556.2281,7557.7926,7558.1091,0.1160,0
4103,0,7556.2281,7557.7926,7558.3154,0.0465,0
4104,1,7558.1722,7559.6904,7560.0006,0.1118,0
4104,0,7558.1722,7559.6904,7560.2155,0.0486,0
4105,1,7560.0681,7561.3214,7561.6453,0.1220,0
4105,0,7560.0681,7561.3214,7561.9635,0.0432,0
4106,1,7561.7174,7563.2256,7563.5327,0.1151,0
4106,0,7561.7174,7563.2256,7563.7241,0.0449,0
4107,1,7563.5990,7565.1408,7565.4640,0.1206,0
4107,0,7563.5990,7565.1408,7565.6763,0.0417,0
4108,1,7565.5248,7566.7877,7567.0712,0.1169,0
4108,0,7565.5248,7566.7877,7567.2447,0.0366,0
4109,1,7567.1252,7568.8873,7569.1644,0.1106,0
4109,0,7567.1252,7568.8873,7569.3647,0.0644,0
4110,1,7569.2450,7570.7889,7571.0848,0.1143,0
4110,0,7569.2450,7570.7889,7571.2662,0.0370,0
4111,1,7571.1451,7572.4093,7572.7122,0.1131,0
4111,0,7571.1451,7572.4093,7572.9606,0.0432,0
4112,1,7572.7764,7574.3171,7574.6090,0.1146,0
4112,0,7572.7764,7574.3171,7574.7649,0.0357,0
4113,1,7574.7648,7576.1731,7576.4514,0.1159,0
4113,0,7574.7648,7576.1731,7576.6311,0.0370,0
4114,1,7576.5119,7577.7675,7578.0834,0.1188,0
4114,0,7576.5119,7577.7675,7578.3001,0.0434,0
4115,1,7578.1453,7579.7186,7580.0322,0.1136,0
4115,0,7578.1453,7579.7186,7580.2491,0.0480,0
4116,1,7580.0986,7581.3622,7581.9454,0.3823,0
4116,0,7580.0986,7581.3622,7582.1532,0.0413,0
4117,1,7582.0262,7583.2827,7583.5784,0.1139,0
4117,0,7582.0262,7583.2827,7583.7580,0.0363,0
4118,1,7583.6324,7585.0478,7585.4407,0.2159,0
4118,0,7583.6324,7585.0478,7585.6565,0.0543,0
4119,1,7585.5153,7586.7654,7587.0421,0.1098,0
4119,0,7585.5153,7586.7654,7587.5003,0.3177,0
4120,1,7587.3772,7588.6100,7588.9132,0.1133,0
4120,0,7587.3772,7588.6100,7589.1114,0.0391,0
4121,1,7588.9691,7590.4743,7590.7533,0.1124,0
4121,0,7588.9691,7590.4743,7590.9625,0.0426,0
4122,1,7590.8181,7592.0986,7592.4784,0.1213,0
4122,0,7590.8181,7592.0986,7592.6949,0.0423,0
4123,1,7592.5428,7593.8761,7594.1498,0.1103,0
4123,0,7592.5428,7593.8761,7594.3290,0.0355,0
4124,1,7594.2033,7595.7090,7596.0166,0.1158,0
4124,0,7594.2033,7595.7090,7596.2269,0.0438,0
4125,1,7596.0805,7597.3293,7597.6025,0.1086,0
4125,0,7596.0805,7597.3293,7597.7810,0.0363,0
4126,1,7597.6561,7599.1657,7599.4684,0.1134,0
4126,0,7597.6561,7599.1657,7599.6844,0.0436,0
4127,1,7599.5361,7600.8232,7601.3132,0.3142,0
4127,0,7599.5361,7600.8232,7601.5797,0.1151,0
4128,1,7601.4511,7602.7047,7602.9795,0.1108,0
4128,0,7601.4511,7602.7047,7603.1718,0.0423,0
4129,1,7603.0453,7604.4857,7604.8319,0.1638,0
4129,0,7603.0453,7604.4857,7605.0200,0.0388,0
4130,1,7604.8935,7606.1558,7606.4791,0.1558,0
4130,0,7604.8935,7606.1558,7606.9550,0.3072,0
4131,1,7606.8035,7608.0590,7608.3338,0.1135,0
4131,0,7606.8035,7608.0590,7608.5063,0.0350,0
4132,1,7608.3873,7609.9036,7610.1882,0.1127,0
4132,0,7608.3873,7609.9036,7610.3688,0.0358,0
4133,1,7610.2460,7611.5085,7611.8514,0.1163,0
4133,0,7610.2460,7611.5085,7612.0727,0.0399,0
4134,1,7611.9117,7613.3361,7613.6354,0.1182,0
4134,0,7611.9117,7613.3361,7613.8124,0.0362,0
4135,1,7613.6907,7615.1938,7615.4802,0.1177,0
4135,0,7613.6907,7615.1938,7615.6619,0.0347,0
4136,1,7615.5392,7616.8102,7617.1950,0.1168,0
4136,0,7615.5392,7616.8102,7617.4750,0.0445,0
4137,1,7617.2589,7619.0590,7619.3643,0.1230,0
4137,0,7617.2589,7619.0590,7619.5488,0.0375,0
4138,1,7619.4236,7620.9757,7621.2846,0.1139,0
4138,0,7619.4236,7620.9757,7621.4887,0.0408,0
4139,1,7621.3461,7622.5988,7622.9320,0.1143,0
4139,0,7621.3461,7622.5988,7623.1317,0.0414,0
4140,1,7623.0003,7624.3001,7624.6205,0.1144,0
4140,0,7623.0003,7624.3001,7624.8407,0.0415,0
4141,1,7624.6873,7626.2225,7626.5077,0.1171,0
4141,0,7624.6873,7626.2225,7626.6935,0.0348,0
4142,1,7626.5667,7627.8351,7628.1148,0.1151,0
4142,0,7626.5667,7627.8351,7628.2932,0.0361,0
4143,1,7628.1686,7629.7109,7630.0236,0.1152,0
4143,0,7628.1686,7629.7109,7630.2292,0.0408,0
4144,1,7630.0801,7631.3319,7631.6325,0.1143,0
4144,0,7630.0801,7631.3319,7631.9437,0.1480,0
4145,1,7631.7984,7633.0409,7633.3290,0.1176,0
4145,0,7631.7984,7633.0409,7633.6465,0.0363,0
4146,1,7633.4356,7634.9412,7635.3341,0.2255,0
4146,0,7633.4356,7634.9412,7635.6855,0.0525,0
4147,1,7635.4559,7636.8001,7637.0802,0.1093,0
4147,0,7635.4559,7636.8001,7637.6330,0.3097,0
4148,1,7637.4544,7638.7872,7639.1287,0.1148,0
4148,0,7637.4544,7638.7872,7639.3917,0.0425,0
4149,1,7639.1944,7640.8299,7641.1159,0.1133,0
4149,0,7639.1944,7640.8299,7641.3626,0.0866,0
4150,1,7641.2205,7642.4755,7643.0954,0.1193,0
4150,0,7641.2205,7642.4755,7643.4009,0.0456,0
4151,1,7643.1661,7644.5243,7644.8569,0.1201,0
4151,0,7643.1661,7644.5243,7645.1727,0.0407,0
4152,1,7644.9348,7646.6266,7646.9552,0.1527,0
4152,0,7644.9348,7646.6266,7647.1383,0.0431,0
4153,1,7647.0172,7648.5366,7648.8343,0.1154,0
4153,0,7647.0172,7648.5366,7649.0276,0.0468,0
4154,1,7648.9020,7650.1397,7650.4317,0.1228,0
4154,0,7648.9020,7650.1397,7650.6215,0.0422,0
4155,1,7650.4930,7652.1060,7652.4515,0.1602,0
4155,0,7650.4930,7652.1060,7652.6452,0.0442,0
4156,1,7652.5155,7654.0255,7654.3856,0.1101,0
4156,0,7652.5155,7654.0255,7654.5997,0.0432,0
4157,1,7654.4504,7655.7228,7656.0460,0.1178,0
4157,0,7654.4504,7655.7228,7656.3549,0.0479,0
4158,1,7656.1168,7657.7540,7658.0628,0.1141,0
4158,0,7656.1168,7657.7540,7658.2757,0.0436,0
4159,1,7658.1260,7659.6498,7659.9622,0.1160,0
4159,0,7658.1260,7659.6498,7660.1770,0.0460,0
4160,1,7660.0326,7661.3142,7661.6141,0.1101,0
4160,0,7660.0326,7661.3142,7661.8519,0.0406,0
4161,1,7661.6970,7663.2469,7663.5727,0.1188,0
4161,0,7661.6970,7663.2469,7663.7851,0.0444,0
4162,1,7663.6391,7665.2284,7665.5150,0.1132,0
4162,0,7663.6391,7665.2284,7665.6954,0.0372,0
4163,1,7665.5727,7666.8115,7667.1219,0.1153,0
4163,0,7665.5727,7666.8115,7667.3764,0.0433,0
4164,1,7667.1818,7668.6684,7669.2483,0.3835,0
4164,0,7667.1818,7668.6684,7669.4653,0.0401,0
4165,1,7669.3118,7670.8717,7671.2670,0.2185,0
4165,0,7669.3118,7670.8717,7671.4553,0.0377,0
4166,1,7671.3278,7672.5943,7672.9786,0.1142,0
4166,0,7671.3278,7672.5943,7673.2122,0.0394,0
4167,1,7673.0479,7674.4239,7674.7489,0.1192,0
4167,0,7673.0479,7674.4239,7674.9526,0.0484,0
4168,1,7674.8158,7676.3382,7676.6517,0.1187,0
4168,0,7674.8158,7676.3382,7676.8608,0.0391,0
4169,1,7676.7144,7677.9943,7678.2983,0.1124,0
4169,0,7676.7144,7677.9943,7678.5807,0.0394,0
4170,1,7678.3590,7679.9677,7680.2715,0.1183,0
4170,0,7678.3590,7679.9677,7680.4562,0.0352,0
4171,1,7680.3258,7681.8298,7682.1433,0.1157,0
4171,0,7680.3258,7681.8298,7682.3618,0.0418,0
4172,1,7682.2091,7683.4927,7683.7916,0.1152,0
4172,0,7682.2091,7683.4927,7684.0850,0.0420,0
4173,1,7683.8555,7685.6608,7685.9484,0.1173,0
4173,0,7683.8555,7685.6608,7686.1195,0.0350,0
4174,1,7686.0011,7687.5250,7687.8194,0.1162,0
4174,0,7686.0011,7687.5250,7688.0318,0.0444,0
4175,1,7687.8880,7689.1639,7689.4364,0.1102,0
4175,0,7687.8880,7689.1639,7689.7195,0.1381,0
4176,1,7689.6077,7690.9555,7691.2619,0.1144,0
4176,0,7689.6077,7690.9555,7691.4735,0.0446,0
4177,1,7691.3279,7692.8759,7693.1792,0.1147,0
4177,0,7691.3279,7692.8759,7693.3995,0.0486,0
4178,1,7693.2500,7694.5042,7694.8212,0.1138,0
4178,0,7693.2500,7694.5042,7695.0219,0.0425,0
4179,1,7694.8811,7696.4083,7696.7385,0.1197,0
4179,0,7694.8811,7696.4083,7696.9197,0.0411,0
4180,1,7696.7978,7698.0321,7698.5857,0.3868,0
4180,0,7696.7978,7698.0321,7698.7804,0.0384,0
4181,1,7698.6476,7699.9036,7700.2081,0.1136,0
4181,0,7698.6476,7699.9036,7700.4214,0.0443,0
4182,1,7700.2745,7701.7578,7702.1717,0.2211,0
4182,0,7700.2745,7701.7578,7702.3861,0.0519,0
4183,1,7702.2396,7703.4932,7703.8279,0.1188,0
4183,0,7702.2396,7703.4932,7704.2086,0.2330,0
4184,1,7704.0848,7705.3409,7705.6598,0.1191,0
4184,0,7704.0848,7705.3409,7705.8874,0.0478,0
4185,1,7705.7291,7707.2818,7707.5617,0.1155,0
4185,0,7705.7291,7707.2818,7707.7371,0.0354,0
4186,1,7707.6133,7708.8428,7709.1453,0.1126,0
4186,0,7707.6133,7708.8428,7709.3378,0.0365,0
4187,1,7709.1983,7710.5853,7710.9869,0.1430,0
4187,0,7709.1983,7710.5853,7711.1971,0.0422,0
4188,1,7711.0494,7712.5711,7712.8696,0.1088,0
4188,0,7711.0494,7712.5711,7713.0665,0.0499,0
4189,1,7712.9420,7714.2039,7714.5976,0.1204,0
4189,0,7712.9420,7714.2039,7714.8308,0.0436,0
4190,1,7714.6599,7716.0330,7716.3494,0.1173,0
4190,0,7714.6599,7716.0330,7716.5486,0.0430,0
4191,1,7716.4092,7717.8331,7718.2550,0.2326,0
4191,0,7716.4092,7717.8331,7718.4619,0.0414,0
4192,1,7718.3146,7719.5641,7719.8650,0.1164,0
4192,0,7718.3146,7719.5641,7720.1653,0.0434,0
4193,1,7719.9248,7721.5566,7721.8499,0.1159,0
4193,0,7719.9248,7721.5566,7722.0649,0.0446,0
4194,1,7721.9176,7723.4650,7723.8011,0.1193,0
4194,0,7721.9176,7723.4650,7724.0375,0.0445,0
4195,1,7723.8694,7725.1768,7725.4889,0.1150,0
4195,0,7723.8694,7725.1768,7725.7286,0.0466,0
4196,1,7725.5550,7727.1311,7727.4671,0.1257,0
4196,0,7725.5550,7727.1311,7727.6876,0.0521,0
4197,1,7727.5368,7729.0536,7729.3585,0.1139,0
4197,0,7727.5368,7729.0536,7729.5738,0.0452,0
4198,1,7729.4251,7730.6789,7730.9539,0.1135,0
4198,0,7729.4251,7730.6789,7731.1218,0.0341,0
4199,1,7731.0048,7732.5142,7732.8254,0.1187,0
4199,0,7731.0048,7732.5142,7733.0455,0.0435,0
4200,1,7732.8927,7734.1792,7734.5619,0.2136,0
4200,0,7732.8927,7734.1792,7735.0213,0.2852,0
4201,1,7734.8732,7736.1625,7736.4535,0.1122,0
4201,0,7734.8732,7736.1625,7736.6352,0.0429,0
4202,1,7736.5132,7738.0570,7738.3322,0.1137,0
4202,0,7736.5132,7738.0570,7738.5024,0.0352,0
4203,1,7738.3834,7739.6044,7739.8888,0.1125,0
4203,0,7738.3834,7739.6044,7740.2989,0.2656,0
4204,1,7740.1805,7741.4378,7741.7369,0.1203,0
4204,0,7740.1805,7741.4378,7741.9436,0.0353,0
4205,1,7741.7966,7743.3507,7743.6435,0.1148,0
4205,0,7741.7966,7743.3507,7743.8262,0.0348,0
4206,1,7743.7211,7744.9290,7745.2565,0.1168,0
4206,0,7743.7211,7744.9290,7745.4298,0.0354,0
4207,1,7745.3088,7746.6628,7746.9691,0.1135,0
4207,0,7745.3088,7746.6628,7747.1692,0.0442,0
4208,1,7747.0293,7748.5390,7748.8297,0.1158,0
4208,0,7747.0293,7748.5390,7749.0488,0.0446,0
4209,1,7748.8986,7750.1757,7750.4880,0.1141,0
4209,0,7748.8986,7750.1757,7750.7126,0.0436,0
4210,1,7750.5481,7752.3301,7752.6437,0.1181,0
4210,0,7750.5481,7752.3301,7752.8546,0.0439,0
4211,1,7752.7054,7754.2286,7754.5657,0.1227,0
4211,0,7752.7054,7754.2286,7754.7911,0.0421,0
4212,1,7754.6304,7755.9185,7756.2691,0.1123,0
4212,0,7754.6304,7755.9185,7756.4759,0.0402,0
4213,1,7756.3265,7757.6590,7757.9639,0.1151,0
4213,0,7756.3265,7757.6590,7758.2634,0.0441,0
4214,1,7758.0379,7759.6496,7759.9451,0.1152,0
4214,0,7758.0379,7759.6496,7760.1441,0.0363,0
4215,1,7760.0027,7761.2797,7761.5574,0.1124,0
4215,0,7760.0027,7761.2797,7761.7341,0.0387,0
4216,1,7761.6157,7763.1616,7763.4633,0.1153,0
4216,0,7761.6157,7763.1616,7763.6454,0.0371,0
4217,1,7763.5214,7764.7905,7765.3080,0.3431,0
4217,0,7763.5214,7764.7905,7765.4847,0.0381,0
4218,1,7765.3628,7766.5835,7766.9013,0.1133,0
4218,0,7765.3628,7766.5835,7767.1036,0.0421,0
4219,1,7766.9605,7768.3989,7768.8092,0.2173,0
4219,0,7766.9605,7768.3989,7769.0335,0.0582,0
4220,1,7768.8883,7770.1257,7770.4611,0.1720,0
4220,0,7768.8883,7770.1257,7771.0127,0.2973,0
4221,1,7770.7815,7772.1129,7772.3956,0.1121,0
4221,0,7770.7815,7772.1129,7772.5740,0.0363,0
4222,1,7772.4497,7773.8658,7774.2459,0.1776,0
4222,0,7772.4497,7773.8658,7774.4584,0.0452,0
4223,1,7774.3097,7775.5667,7775.8569,0.1148,0
4223,0,7774.3097,7775.5667,7776.0495,0.0348,0
4224,1,7775.9087,7777.1913,7777.4724,0.1155,0
4224,0,7775.9087,7777.1913,7777.6457,0.0358,0
4225,1,7777.5243,7779.0239,7779.3418,0.1183,0
4225,0,7777.5243,7779.0239,7779.5601,0.0440,0
4226,1,7779.4097,7780.6897,7781.0139,0.1151,0
4226,0,7779.4097,7780.6897,7781.2821,0.0421,0
4227,1,7781.0780,7782.6861,7783.0072,0.1249,0
4227,0,7781.0780,7782.6861,7783.2474,0.0430,0
4228,1,7783.0740,7784.5821,7784.9819,0.2166,0
4228,0,7783.0740,7784.5821,7785.1903,0.0554,0
4229,1,7785.0571,7786.2955,7786.5840,0.1179,0
4229,0,7785.0571,7786.2955,7786.8321,0.0354,0
4230,1,7786.6384,7788.2233,7788.5003,0.1146,0
4230,0,7786.6384,7788.2233,7788.7676,0.0377,0
4231,1,7788.5538,7790.2358,7790.5117,0.1080,0
4231,0,7788.5538,7790.2358,7790.6912,0.0365,0
4232,1,7790.5658,7791.7918,7792.0841,0.1113,0
4232,0,7790.5658,7791.7918,7792.2755,0.0442,0
4233,1,7792.1471,7793.6709,7793.9602,0.1133,0
4233,0,7792.1471,7793.6709,7794.1368,0.0352,0
4234,1,7794.0161,7795.2483,7795.8322,0.3820,0
4234,0,7794.0161,7795.2483,7796.0527,0.0432,0
4235,1,7795.8994,7797.1905,7797.4800,0.1155,0
4235,0,7795.8994,7797.1905,7797.6545,0.0347,0
4236,1,7797.5329,7799.1082,7799.3910,0.1146,0
4236,0,7797.5329,7799.1082,7799.5677,0.0368,0
4237,1,7799.4444,7800.6692,7800.9732,0.1118,0
4237,0,7799.4444,7800.6692,7801.2503,0.1116,0
4238,1,7801.1052,7802.3602,7802.6458,0.1152,0
4238,0,7801.1052,7802.3602,7802.8392,0.0347,0
4239,1,7802.6974,7804.2188,7804.4981,0.1094,0
4239,0,7802.6974,7804.2188,7804.6761,0.0426,0
4240,1,7804.5571,7805.8234,7806.1424,0.1241,0
4240,0,7804.5571,7805.8234,7806.3737,0.0392,0
4241,1,7806.1992,7807.7334,7808.0402,0.1161,0
4241,0,7806.1992,7807.7334,7808.2422,0.0453,0
4242,1,7808.1019,7809.6090,7809.9046,0.1143,0
4242,0,7808.1019,7809.6090,7810.1131,0.0421,0
4243,1,7809.9707,7811.2488,7811.5427,0.1172,0
4243,0,7809.9707,7811.2488,7811.7339,0.0369,0
4244,1,7811.6035,7813.1650,7813.4996,0.1213,0
4244,0,7811.6035,7813.1650,7813.7023,0.0417,0
4245,1,7813.5586,7814.8080,7815.3883,0.4097,0
4245,0,7813.5586,7814.8080,7815.5676,0.0360,0
4246,1,7815.4435,7816.6850,7816.9743,0.1212,0
4246,0,7815.4435,7816.6850,7817.1544,0.0359,0
4247,1,7817.0280,7818.4708,7818.9091,0.2581,0
4247,0,7817.0280,7818.4708,7819.0851,0.0371,0
4248,1,7818.9626,7820.1892,7820.4896,0.1195,0
4248,0,7818.9626,7820.1892,7820.8903,0.2322,0
4249,1,7820.7450,7822.0347,7822.3360,0.1143,0
4249,0,7820.7450,7822.0347,7822.5162,0.0379,0
4250,1,7822.4340,7823.8915,7824.2100,0.1162,0
4250,0,7822.4340,7823.8915,7824.4287,0.0422,0
4251,1,7824.2772,7825.5584,7825.8787,0.1104,0
4251,0,7824.2772,7825.5584,7826.4356,0.3841,0
4252,1,7826.2818,7827.5402,7827.8408,0.1127,0
4252,0,7826.2818,7827.5402,7828.0457,0.0435,0
4253,1,7827.9010,7829.4117,7829.7482,0.1202,0
4253,0,7827.9010,7829.4117,7829.9738,0.0714,0
4254,1,7829.8479,7831.1186,7831.4039,0.1093,0
4254,0,7829.8479,7831.1186,7831.5763,0.0349,0
4255,1,7831.4554,7832.8585,7833.1638,0.1112,0
4255,0,7831.4554,7832.8585,7833.3690,0.0375,0
4256,1,7833.2201,7834.6687,7835.1072,0.2639,0
4256,0,7833.2201,7834.6687,7835.2906,0.0368,0
4257,1,7835.1660,7836.4382,7836.7320,0.1219,0
4257,0,7835.1660,7836.4382,7836.9644,0.0380,0
4258,1,7836.7960,7838.3284,7838.6326,0.1132,0
4258,0,7836.7960,7838.3284,7838.8502,0.0441,0
4259,1,7838.6930,7840.2079,7840.5126,0.1122,0
4259,0,7838.6930,7840.2079,7840.7256,0.0441,0
4260,1,7840.5772,7841.8331,7842.1419,0.1151,0
4260,0,7840.5772,7841.8331,7842.3843,0.0436,0
4261,1,7842.2029,7843.7764,7844.1077,0.1141,0
4261,0,7842.2029,7843.7764,7844.3234,0.0475,0
4262,1,7844.1740,7845.6868,7846.0036,0.1163,0
4262,0,7844.1740,7845.6868,7846.2192,0.0439,0
4263,1,7846.0718,7847.3574,7847.6461,0.1131,0
4263,0,7846.0718,7847.3574,7847.8255,0.0363,0
4264,1,7847.7043,7849.3861,7849.6769,0.1137,0
4264,0,7847.7043,7849.3861,7849.8727,0.0374,0
4265,1,7849.7352,7851.1845,7851.6476,0.2585,0
4265,0,7849.7352,7851.1845,7851.8604,0.0441,0
4266,1,7851.7127,7853.0455,7853.3362,0.1151,0
4266,0,7851.7127,7853.0455,7853.5427,0.0372,0
4267,1,7853.3929,7854.9359,7855.2225,0.1132,0
4267,0,7853.3929,7854.9359,7855.3987,0.0364,0
4268,1,7855.2757,7856.7641,7857.0905,0.1224,0
4268,0,7855.2757,7856.7641,7857.3088,0.0427,0
4269,1,7857.1573,7858.4376,7858.7303,0.1169,0
4269,0,7857.1573,7858.4376,7858.9612,0.0349,0
4270,1,7858.7901,7860.4083,7860.6893,0.1140,0
4270,0,7858.7901,7860.4083,7860.8777,0.0346,0
4271,1,7860.7431,7861.9817,7862.5468,0.3881,0
4271,0,7860.7431,7861.9817,7862.7398,0.0367,0
4272,1,7862.6056,7863.8731,7864.1995,0.1190,0
4272,0,7862.6056,7863.8731,7864.4079,0.0428,0
4273,1,7864.2599,7865.9543,7866.2753,0.1186,0
4273,0,7864.2599,7865.9543,7866.4812,0.0449,0
4274,1,7866.3414,7867.9973,7868.2958,0.1116,0
4274,0,7866.3414,7867.9973,7868.4758,0.0361,0
4275,1,7868.3531,7869.6185,7869.9468,0.1163,0
4275,0,7868.3531,7869.6185,7870.2250,0.0415,0
4276,1,7870.0089,7871.5876,7871.8992,0.1156,0
4276,0,7870.0089,7871.5876,7872.1066,0.0461,0
4277,1,7871.9627,7873.4826,7873.8100,0.1194,0
4277,0,7871.9627,7873.4826,7874.0325,0.0446,0
4278,1,7873.8790,7875.1714,7875.4588,0.1149,0
4278,0,7873.8790,7875.1714,7875.6369,0.0355,0
4279,1,7875.5151,7877.0682,7877.3639,0.1191,0
4279,0,7875.5151,7877.0682,7877.5378,0.0346,0
4280,1,7877.4178,7878.6607,7879.2397,0.3862,0
4280,0,7877.4178,7878.6607,7879.4584,0.0448,0
4281,1,7879.3083,7880.5894,7880.9214,0.1140,0
4281,0,7879.3083,7880.5894,7881.1460,0.0427,0
4282,1,7880.9865,7882.7002,7883.0165,0.1229,0
4282,0,7880.9865,7882.7002,7883.2040,0.0459,0
4283,1,7883.0846,7884.5410,7884.9705,0.2482,0
4283,0,7883.0846,7884.5410,7885.1661,0.0369,0
4284,1,7885.0286,7886.3072,7886.5922,0.1176,0
4284,0,7885.0286,7886.3072,7886.8357,0.0347,0
4285,1,7886.6456,7888.2294,7888.5310,0.1125,0
4285,0,7886.6456,7888.2294,7888.7257,0.0396,0
4286,1,7888.5869,7889.8246,7890.3621,0.3433,0
4286,0,7888.5869,7889.8246,7890.5731,0.0451,0
4287,1,7890.4303,7891.7098,7892.0143,0.1150,0
4287,0,7890.4303,7891.7098,7892.2261,0.0512,0
4288,1,7892.0829,7893.6270,7893.9582,0.1203,0
4288,0,7892.0829,7893.6270,7894.2213,0.0429,0
4289,1,7894.0242,7895.3231,7895.8851,0.3783,0
4289,0,7894.0242,7895.3231,7896.1092,0.0439,0
4290,1,7895.9526,7897.2423,7897.5173,0.1136,0
4290,0,7895.9526,7897.2423,7897.6894,0.0344,0
4291,1,7897.5678,7899.2004,7899.4886,0.1145,0
4291,0,7897.5678,7899.2004,7899.6681,0.0357,0
4292,1,7899.5480,7900.8002,7901.5034,0.5269,0
4292,0,7899.5480,7900.8002,7901.6990,0.0517,0
4293,1,7901.5781,7902.8243,7903.0988,0.1084,0
4293,0,7901.5781,7902.8243,7903.2904,0.0376,0
4294,1,7903.1544,7904.7394,7905.0959,0.1243,0
4294,0,7903.1544,7904.7394,7905.2931,0.0406,0
4295,1,7905.1760,7906.4196,7906.9691,0.3723,0
4295,0,7905.1760,7906.4196,7907.1603,0.0387,0
4296,1,7907.0297,7908.2958,7908.6220,0.1193,0
4296,0,7907.0297,7908.2958,7908.8320,0.0431,0
4297,1,7908.6848,7910.2061,7910.5105,0.1136,0
4297,0,7908.6848,7910.2061,7910.7286,0.0441,0
4298,1,7910.5791,7911.8617,7912.1524,0.1120,0
4298,0,7910.5791,7911.8617,7912.5578,0.2666,0
4299,1,7912.4488,7913.7172,7914.0685,0.1212,0
4299,0,7912.4488,7913.7172,7914.2955,0.0443,0
4300,1,7914.1358,7915.8199,7916.1169,0.1167,0
4300,0,7914.1358,7915.8199,7916.3006,0.0368,0
4301,1,7916.1754,7917.4345,7918.1114,0.5042,0
4301,0,7916.1754,7917.4345,7918.2992,0.0391,0
4302,1,7918.1732,7919.4369,7919.7192,0.1138,0
4302,0,7918.1732,7919.4369,7919.9130,0.0353,0
4303,1,7919.7737,7921.3054,7921.5801,0.1133,0
4303,0,7919.7737,7921.3054,7921.7563,0.0357,0
4304,1,7921.6323,7922.8627,7923.2014,0.1350,0
4304,0,7921.6323,7922.8627,7923.6079,0.2353,0
4305,1,7923.4595,7924.7176,7925.0337,0.1151,0
4305,0,7923.4595,7924.7176,7925.2528,0.0417,0
4306,1,7925.0992,7926.6526,7926.9561,0.1143,0
4306,0,7925.0992,7926.6526,7927.1494,0.0456,0
4307,1,7927.0204,7928.2528,7928.6134,0.1173,0
4307,0,7927.0204,7928.2528,7928.8303,0.0420,0
4308,1,7928.6785,7929.9680,7930.2870,0.1134,0
4308,0,7928.6785,7929.9680,7930.5019,0.0433,0
4309,1,7930.3515,7931.8723,7932.1997,0.1639,0
4309,0,7930.3515,7931.8723,7932.3749,0.0352,0
4310,1,7932.2514,7933.4764,7933.8092,0.1191,0
4310,0,7932.2514,7933.4764,7934.1047,0.0392,0
4311,1,7933.8718,7935.5458,7935.8460,0.1131,0
4311,0,7933.8718,7935.5458,7936.0803,0.0441,0
4312,1,7935.9157,7937.5270,7937.8149,0.1150,0
4312,0,7935.9157,7937.5270,7938.0332,0.0446,0
4313,1,7937.8839,7939.1626,7939.4382,0.1147,0
4313,0,7937.8839,7939.1626,7939.6425,0.0356,0
4314,1,7939.4913,7941.0335,7941.3222,0.1134,0
4314,0,7939.4913,7941.0335,7941.5068,0.0382,0
4315,1,7941.3819,7942.9070,7943.2111,0.1128,0
4315,0,7941.3819,7942.9070,7943.4278,0.0450,0
4316,1,7943.2790,7944.5554,7944.8783,0.1213,0
4316,0,7943.2790,7944.5554,7945.2559,0.0418,0
4317,1,7944.9417,7946.6555,7946.9410,0.1106,0
4317,0,7944.9417,7946.6555,7947.1361,0.0359,0
4318,1,7946.9986,7948.5061,7948.8502,0.1626,0
4318,0,7946.9986,7948.5061,7949.0659,0.0433,0
4319,1,7948.9147,7950.1702,7950.5016,0.1203,0
4319,0,7948.9147,7950.1702,7950.8038,0.0416,0
4320,1,7950.5616,7952.2420,7952.5261,0.1157,0
4320,0,7950.5616,7952.2420,7952.6977,0.0357,0
4321,1,7952.5785,7954.0567,7954.3999,0.1276,0
4321,0,7952.5785,7954.0567,7954.6156,0.0416,0
4322,1,7954.4620,7955.7176,7956.0347,0.1122,0
4322,0,7954.4620,7955.7176,7956.2751,0.0409,0
4323,1,7956.0934,7957.6309,7957.9601,0.1140,0
4323,0,7956.0934,7957.6309,7958.1827,0.0430,0
4324,1,7958.0200,7959.5447,7959.8627,0.1193,0
4324,0,7958.0200,7959.5447,7960.0821,0.0439,0
4325,1,7959.9308,7961.2086,7961.4974,0.1154,0
4325,0,7959.9308,7961.2086,7961.6912,0.0443,0
4326,1,7961.5636,7963.2385,7963.5243,0.1141,0
4326,0,7961.5636,7963.2385,7963.7099,0.0402,0
4327,1,7963.5860,7965.1154,7965.4046,0.1182,0
4327,0,7963.5860,7965.1154,7965.5840,0.0369,0
4328,1,7965.4608,7966.7179,7967.0210,0.1122,0
4328,0,7965.4608,7966.7179,7967.2227,0.0438,0
4329,1,7967.0812,7968.5605,7969.0200,0.2574,0
4329,0,7967.0812,7968.5605,7969.2313,0.0434,0
4330,1,7969.0864,7970.3646,7970.8176,0.2748,0
4330,0,7969.0864,7970.3646,7971.0398,0.0420,0
4331,1,7970.8827,7972.1400,7972.4169,0.1141,0
4331,0,7970.8827,7972.1400,7972.5955,0.0346,0
4332,1,7972.4728,7973.9980,7974.2847,0.1147,0
4332,0,7972.4728,7973.9980,7974.4689,0.0363,0
4333,1,7974.3407,7975.5749,7975.8826,0.1145,0
4333,0,7974.3407,7975.5749,7976.3961,0.3396,0
4334,1,7976.2440,7977.5341,7977.8242,0.1131,0
4334,0,7976.2440,7977.5341,7978.0321,0.0450,0
4335,1,7977.8873,7979.5224,7979.8350,0.1145,0
4335,0,7977.8873,7979.5224,7980.0571,0.0443,0
4336,1,7979.9033,7981.1869,7981.4826,0.1270,0
4336,0,7979.9033,7981.1869,7981.9419,0.2912,0
4337,1,7981.7946,7983.0442,7983.3948,0.1733,0
4337,0,7981.7946,7983.0442,7983.5760,0.0370,0
4338,1,7983.4514,7984.8706,7985.3079,0.2635,0
4338,0,7983.4514,7984.8706,7985.4875,0.0371,0
4339,1,7985.3651,7986.5951,7986.9569,0.1183,0
4339,0,7985.3651,7986.5951,7987.1656,0.0435,0
4340,1,7987.0326,7988.2876,7988.5728,0.1151,0
4340,0,7987.0326,7988.2876,7988.7566,0.0342,0
4341,1,7988.6258,7990.1277,7990.4047,0.1152,0
4341,0,7988.6258,7990.1277,7990.5754,0.0363,0
4342,1,7990.4568,7991.6704,7991.9755,0.1147,0
4342,0,7990.4568,7991.6704,7992.2703,0.0427,0
4343,1,7992.0346,7993.6631,7993.9515,0.1144,0
4343,0,7992.0346,7993.6631,7994.1269,0.0363,0
4344,1,7994.0095,7995.2433,7995.7489,0.3413,0
4344,0,7994.0095,7995.2433,7996.0107,0.0673,0
4345,1,7995.8345,7997.1016,7997.3844,0.1124,0
4345,0,7995.8345,7997.1016,7997.5526,0.0353,0
4346,1,7997.4357,7998.8247,7999.1905,0.1588,0
4346,0,7997.4357,7998.8247,7999.3983,0.0451,0
4347,1,7999.2610,8000.5378,8000.9323,0.1689,0
4347,0,7999.2610,8000.5378,8001.2464,0.1436,0
4348,1,8001.0977,8002.3639,8002.6509,0.1162,0
4348,0,8001.0977,8002.3639,8002.8137,0.0375,0
