frame,interpolated,sample_ms,ready_ms,present_ms,gpu_wait_ms,caught_up
0,0,4.0372,7.1505,11.1968,3.0539,0
1,0,10.2446,11.7508,12.1236,0.1134,0
2,0,11.9197,12.6999,12.9903,0.1124,0
3,0,12.8481,13.7589,14.3205,0.2438,0
4,0,14.0425,14.9068,15.2015,0.1126,0
5,0,15.0529,15.7552,16.0329,0.1052,0
6,0,15.8913,16.8899,17.1757,0.1233,0
7,0,17.0421,17.7228,18.0234,0.1115,0
8,0,17.8650,18.5691,18.8923,0.1630,0
9,0,18.7625,19.7126,20.0162,0.1195,0
10,0,19.8631,20.5711,20.8632,0.1095,0
11,0,20.7107,21.4110,21.7128,0.1150,0
12,0,21.5570,22.4322,22.9203,0.1203,0
13,0,22.5971,23.4773,23.7647,0.1076,0
14,0,23.6176,24.3315,24.6182,0.1152,0
15,0,24.4801,25.3628,25.6502,0.1134,0
16,0,25.5110,26.2025,26.4811,0.1163,0
17,0,26.3470,27.0346,27.3126,0.1125,0
18,0,27.1756,28.1336,28.4951,0.1579,0
19,0,28.3278,29.0459,29.3462,0.1133,0
20,0,29.1890,29.9022,30.4317,0.2306,0
21,0,30.1739,31.1684,31.4693,0.1093,0
22,0,31.3117,32.0279,32.3122,0.1125,0
23,0,32.1714,32.8811,33.3209,0.2573,0
24,0,33.1925,34.0372,34.3604,0.1143,0
25,0,34.1891,34.9273,35.2507,0.1118,0
26,0,35.0867,36.0686,36.3796,0.1164,0
27,0,36.2198,36.9330,37.2295,0.1111,0
28,0,37.0734,37.7770,38.1357,0.1096,0
29,0,37.9154,38.9713,39.3051,0.1169,0
30,0,39.1224,39.8546,40.1238,0.1122,0
31,0,39.9952,40.6792,40.9970,0.1093,0
32,0,40.8163,41.8380,42.1386,0.1319,0
33,0,42.0008,42.6896,43.0042,0.1169,0
34,0,42.8411,43.5495,43.9112,0.1307,0
35,0,43.7295,44.7952,45.1054,0.1171,0
36,0,44.9550,45.6734,45.9848,0.1125,0
37,0,45.8177,46.5322,47.0634,0.3134,0
38,0,46.8885,47.6425,47.9352,0.1148,0
39,0,47.7903,48.4825,48.7947,0.1107,0
40,0,48.6307,49.3880,49.6757,0.1116,0
41,0,49.5358,50.2964,50.5918,0.1109,0
42,0,50.4428,51.1582,51.4512,0.1140,0
43,0,51.3020,52.0034,52.2930,0.1023,0
44,0,52.1499,52.9618,53.2647,0.1129,0
45,0,53.1205,53.8511,54.1502,0.1153,0
46,0,54.0004,54.7160,55.0466,0.1525,0
47,0,54.9049,55.7484,56.0290,0.1138,0
48,0,55.8960,56.5930,56.8885,0.1137,0
49,0,56.7428,57.4385,57.7177,0.1090,0
50,0,57.5778,58.5316,58.8887,0.1601,0
51,0,58.7281,59.4426,59.7187,0.1117,0
52,0,59.5838,60.2730,60.5989,0.1318,0
53,0,60.4524,61.2910,61.5864,0.1133,0
54,0,61.4448,62.1499,62.5040,0.1133,0
55,0,62.3867,63.2104,63.7658,0.3219,0
56,0,63.5720,64.3372,64.6531,0.1127,0
57,0,64.4831,65.2125,65.5111,0.1045,0
58,0,65.3640,66.1074,66.7447,0.3765,0
59,0,66.5261,67.3354,67.6228,0.1065,0
60,0,67.4789,68.1907,68.4781,0.1151,0
61,0,68.3424,69.3908,69.7783,0.1210,0
62,0,69.6030,70.3523,70.6373,0.1113,0
63,0,70.4958,71.1910,71.5015,0.1121,0
64,0,71.3414,72.3359,72.6324,0.1328,0
65,0,72.5016,73.1894,73.5274,0.1188,0
66,0,73.3540,74.1104,74.4012,0.1060,0
67,0,74.2527,75.2523,75.5335,0.1213,0
68,0,75.4027,76.0902,76.3652,0.1117,0
69,0,76.2365,76.9362,77.2510,0.1400,0
70,0,77.1088,78.0745,78.3965,0.1177,0
71,0,78.2296,78.9662,79.2879,0.1188,0
72,0,79.1228,79.8420,80.3126,0.2955,0
73,0,80.1657,80.8952,81.1910,0.1182,0
74,0,81.0473,81.7489,82.0395,0.1125,0
75,0,81.8950,82.5916,82.9134,0.1171,0
76,0,82.7419,83.6856,83.9881,0.1218,0
77,0,83.8411,84.5412,84.9234,0.1130,0
78,0,84.7351,85.4903,85.7840,0.1128,0
79,0,85.6363,86.4826,86.7688,0.1148,0
80,0,86.6322,87.3293,87.6199,0.1123,0
81,0,87.4852,88.1781,88.4839,0.1136,0
82,0,88.3268,89.1426,89.5048,0.1625,0
83,0,89.3499,90.0936,90.4136,0.1026,0
84,0,90.2310,90.9689,91.2512,0.1129,0
85,0,91.1125,91.9407,92.2517,0.1159,0
86,0,92.0957,92.8122,93.1024,0.1116,0
87,0,92.9623,93.6801,93.9770,0.1089,0
88,0,93.8293,94.6723,94.9684,0.1138,0
89,0,94.8247,95.5317,95.8328,0.1112,0
90,0,95.6750,96.3889,96.7633,0.1452,0
91,0,96.5976,97.5612,97.8621,0.1103,0
92,0,97.7100,98.4602,98.7309,0.1064,0
93,0,98.5965,99.2861,99.7596,0.1047,0
94,0,99.4312,100.3845,100.6924,0.1160,0
95,0,100.5814,101.3761,101.6931,0.1122,0
96,0,101.5453,102.2936,102.7445,0.2394,0
97,0,102.5778,103.3324,103.6357,0.1175,0
98,0,103.5170,104.2920,104.6240,0.1149,0
99,0,104.4619,105.6846,105.9909,0.1217,0
100,0,105.8414,106.5590,106.8430,0.1135,0
101,0,106.7047,107.4001,107.6857,0.1112,0
102,0,107.5436,108.5159,108.8272,0.1172,0
103,0,108.6675,109.3743,109.6779,0.1113,0
104,0,109.5230,110.2359,110.5796,0.1488,0
105,0,110.4156,111.3902,111.7751,0.1155,0
106,0,111.5628,112.3849,112.7495,0.1170,0
107,0,112.6778,113.3282,113.8726,0.2585,0
108,0,113.6417,114.4540,114.7716,0.1113,0
109,0,114.6043,115.3320,115.6996,0.1735,0
110,0,115.5423,116.5094,116.9601,0.2732,0
111,0,116.8169,117.5257,117.8059,0.1139,0
112,0,117.6703,118.3667,118.6941,0.1129,0
113,0,118.5092,119.5451,119.8239,0.1152,0
114,0,119.6903,120.3890,120.6695,0.1137,0
115,0,120.5347,121.2266,121.5558,0.1109,0
116,0,121.3672,122.4123,122.7494,0.1153,0
117,0,122.5895,123.3583,123.6660,0.1111,0
118,0,123.5067,124.2301,124.5270,0.1054,0
119,0,124.3732,125.3535,125.6362,0.1145,0
120,0,125.5002,126.1963,126.4749,0.1120,0
121,0,126.3386,127.0333,127.3089,0.1130,0
122,0,127.1754,128.1171,128.4042,0.1203,0
123,0,128.2676,128.9577,129.2486,0.1226,0
124,0,129.1099,129.8041,130.3072,0.3039,0
125,0,130.1467,130.9091,131.1962,0.1130,0
126,0,131.0568,131.7567,132.0239,0.1035,0
127,0,131.8907,132.5807,132.8710,0.1084,0
128,0,132.7261,133.7143,133.9987,0.1146,0
129,0,133.8600,134.5544,134.8349,0.1149,0
130,0,134.6991,135.3922,135.6667,0.1126,0
131,0,135.5360,136.5090,136.7955,0.1168,0
132,0,136.6583,137.3516,137.6446,0.1069,0
133,0,137.4881,138.1978,138.4988,0.1119,0
134,0,138.3419,139.3117,139.5866,0.1124,0
135,0,139.4559,140.1451,140.4553,0.1123,0
136,0,140.3053,141.0244,141.3057,0.1140,0
137,0,141.1703,141.9948,142.2715,0.1074,0
138,0,142.1334,142.8276,143.1376,0.1098,0
139,0,142.9913,143.6944,143.9721,0.1138,0
140,0,143.8385,144.7835,145.0729,0.1136,0
141,0,144.9321,145.6325,145.9136,0.1157,0
142,0,145.7781,146.4786,146.9978,0.3139,0
143,0,146.8221,147.6172,147.9685,0.1132,0
144,0,147.8058,148.5619,148.8916,0.1139,0
145,0,148.7155,149.4470,149.7522,0.1140,0
146,0,149.5997,150.4710,150.7618,0.1159,0
147,0,150.6630,151.3882,151.7281,0.1130,0
148,0,151.5734,152.5872,152.9023,0.1153,0
149,0,152.7442,153.4706,153.7658,0.1125,0
150,0,153.6181,154.3203,154.6743,0.1269,0
151,0,154.5166,155.5550,155.8606,0.1180,0
152,0,155.7172,156.4341,156.7166,0.1132,0
153,0,156.5805,157.2717,157.5888,0.1138,0
154,0,157.4226,158.4494,158.7338,0.1169,0
155,0,158.5987,159.2970,159.5741,0.1128,0
156,0,159.4397,160.1411,160.4492,0.1101,0
157,0,160.2812,161.3031,161.5776,0.1153,0
158,0,161.4479,162.1370,162.4053,0.1123,0
159,0,162.3003,163.1750,163.6809,0.3078,0
160,0,163.5266,164.3121,164.6135,0.1113,0
161,0,164.4670,165.1755,165.4700,0.1040,0
162,0,165.3151,166.0403,166.3201,0.1130,0
163,0,166.1845,167.0056,167.2889,0.1176,0
164,0,167.1540,167.8451,168.1195,0.1109,0
165,0,167.9859,168.6765,169.0094,0.1137,0
166,0,168.9264,169.7257,170.0286,0.1178,0
167,0,169.8790,170.5914,170.8860,0.1133,0
168,0,170.7414,171.4693,171.7654,0.1077,0
169,0,171.6116,172.5856,172.8843,0.1153,0
170,0,172.7390,173.4404,173.7220,0.1126,0
171,0,173.5841,174.2785,174.5854,0.1143,0
172,0,174.4509,175.2842,175.5814,0.1143,0
173,0,175.4378,176.1464,176.4209,0.1119,0
174,0,176.2892,176.9816,177.2533,0.1031,0
175,0,177.1158,177.9224,178.2168,0.1322,0
176,0,178.0856,178.7763,179.0499,0.1118,0
177,0,178.9180,179.6076,179.9150,0.1123,0
178,0,179.7531,180.7936,181.1236,0.1643,0
179,0,180.9881,181.6824,181.9667,0.1146,0
180,0,181.8285,182.5306,182.8530,0.1132,0
181,0,182.6824,183.5540,183.8408,0.1138,0
182,0,183.7009,184.3938,184.6719,0.1135,0
183,0,184.5392,185.2312,185.5031,0.1010,0
184,0,185.3624,186.3477,186.7508,0.1137,0
185,0,186.6423,187.3257,187.6027,0.1120,0
186,0,187.4715,188.1634,188.4488,0.1150,0
187,0,188.3079,189.2977,189.6058,0.1131,0
188,0,189.4423,190.1575,190.4604,0.1108,0
189,0,190.3005,191.0130,191.3438,0.1040,0
190,0,191.1605,192.2039,192.5179,0.1151,0
191,0,192.4551,193.2976,193.5972,0.1102,0
192,0,193.4626,194.6369,194.9779,0.1203,0
193,0,194.8026,195.5438,195.8450,0.1107,0
194,0,195.6860,196.3998,196.7390,0.1165,0
195,0,196.5696,197.5330,197.8563,0.1432,0
196,0,197.7101,198.4244,198.7256,0.1072,0
197,0,198.5634,199.2776,199.6774,0.1106,0
198,0,199.4202,200.4977,200.8207,0.1188,0
199,0,200.6532,201.3685,201.7711,0.1143,0
200,0,201.5678,202.8707,203.1554,0.1100,0
201,0,203.0522,203.7724,204.1008,0.1124,0
202,0,203.9501,204.8387,205.1662,0.1146,0
203,0,205.0088,205.9325,206.2281,0.1139,0
204,0,206.1826,206.8772,207.1793,0.1098,0
205,0,207.0427,207.8057,208.3882,0.3813,0
206,0,208.3135,209.0095,209.3278,0.1069,0
207,0,209.1591,209.9120,210.2392,0.1139,0
208,0,210.0850,211.2319,211.5962,0.1610,0
209,0,211.4291,212.1608,212.4805,0.1113,0
210,0,212.3238,213.2115,213.8606,0.3383,0
211,0,213.5867,214.4556,214.7784,0.1070,0
212,0,214.6009,215.3460,215.6367,0.1144,0
213,0,215.4973,216.2115,216.4911,0.1125,0
214,0,216.3581,217.0953,217.3914,0.1130,0
215,0,217.2457,217.9476,218.2232,0.1142,0
216,0,218.0917,218.7820,219.0782,0.1094,0
217,0,218.9223,219.8817,220.1641,0.1141,0
218,0,220.0280,220.7193,220.9916,0.1110,0
219,0,220.8590,221.5442,221.8116,0.1117,0
220,0,221.6842,222.6222,222.9402,0.1197,0
221,0,222.7779,223.4860,223.7991,0.1119,0
222,0,223.6327,224.3471,224.6381,0.1230,0
223,0,224.5034,225.4340,225.7623,0.1183,0
224,0,225.5991,226.3171,226.5875,0.1103,0
225,0,226.4596,227.1463,227.4333,0.1102,0
226,0,227.2891,228.2619,228.5741,0.1159,0
227,0,228.4350,229.1515,229.4318,0.1031,0
228,0,229.2848,230.1922,230.4906,0.1260,0
229,0,230.3510,231.0843,231.3570,0.1116,0
230,0,231.2256,231.9189,232.1907,0.1131,0
231,0,232.0604,232.7527,233.0461,0.1115,0
232,0,232.9021,233.7622,234.0475,0.1133,0
233,0,233.9070,234.6036,234.8720,0.1057,0
234,0,234.7392,235.4279,235.7249,0.1106,0
235,0,235.5702,236.5354,236.8429,0.1123,0
236,0,236.7034,237.4187,237.7385,0.1168,0
237,0,237.5738,238.2910,238.8502,0.3909,0
238,0,238.7153,239.4178,239.6967,0.1135,0
239,0,239.5617,240.2557,240.5335,0.1131,0
240,0,240.3981,241.0996,241.7047,0.3818,0
241,0,241.5373,242.3550,242.6626,0.1128,0
242,0,242.5124,243.2615,243.5527,0.1138,0
243,0,243.4153,244.3819,244.7111,0.1604,0
244,0,244.5765,245.2702,245.5756,0.1160,0
245,0,245.4161,246.1296,246.4979,0.1060,0
246,0,246.2677,247.2606,247.6944,0.2573,0
247,0,247.5516,248.2517,248.5633,0.1133,0
248,0,248.4031,249.1496,249.4820,0.1566,0
249,0,249.3420,250.2732,250.5612,0.1186,0
250,0,250.4273,251.1223,251.4013,0.1118,0
251,0,251.2637,251.9540,252.2613,0.1211,0
252,0,252.1089,252.9755,253.3247,0.1177,0
253,0,253.1349,253.9134,254.2329,0.1157,0
254,0,254.0655,254.7959,255.1398,0.1125,0
255,0,254.9966,255.8501,256.1416,0.1158,0
256,0,256.0034,256.7221,256.9902,0.1119,0
257,0,256.8627,257.5493,257.8224,0.1127,0
258,0,257.6910,258.5340,258.8308,0.1158,0
259,0,258.6810,259.3848,259.6863,0.1095,0
260,0,259.5282,260.2388,260.5962,0.1688,0
261,0,260.4399,261.4230,261.7274,0.1133,0
262,0,261.5678,262.2755,262.5855,0.1124,0
263,0,262.4298,263.1723,263.4802,0.1006,0
264,0,263.3037,264.2473,264.5643,0.1142,0
265,0,264.4018,265.1494,265.4337,0.1060,0
266,0,265.2918,265.9948,266.2658,0.1127,0
267,0,266.1370,266.9901,267.2795,0.1252,0
268,0,267.1448,267.8395,268.1138,0.1113,0
269,0,267.9796,268.6700,268.9708,0.1123,0
270,0,268.8247,269.9874,270.2877,0.1204,0
271,0,270.1470,270.8853,271.1895,0.1108,0
272,0,271.0324,271.7706,272.2949,0.2879,0
273,0,272.1185,272.9371,273.2326,0.1146,0
274,0,273.0935,273.8048,274.1238,0.1149,0
275,0,273.9584,274.9761,275.2548,0.1075,0
276,0,275.1200,275.8515,276.1501,0.1098,0
277,0,275.9928,276.7044,277.0323,0.1115,0
278,0,276.8441,278.0150,278.2869,0.1131,0
279,0,278.1574,278.8441,279.1473,0.1088,0
280,0,278.9836,279.7011,280.1486,0.1538,0
281,0,279.9133,280.9048,281.2108,0.1135,0
282,0,281.0537,281.7766,282.0914,0.1114,0
283,0,281.9255,282.6636,282.9571,0.1136,0
284,0,282.8177,283.6689,283.9602,0.1081,0
285,0,283.8125,284.5307,284.8125,0.1146,0
286,0,284.6763,285.3742,285.6469,0.1150,0
287,0,285.5184,286.3033,286.6029,0.1131,0
288,0,286.4473,287.1606,287.4486,0.1107,0
289,0,287.3023,288.0032,288.2580,0.1005,0
290,0,288.1321,289.1141,289.3844,0.1151,0
291,0,289.2571,289.9399,290.2410,0.1126,0
292,0,290.0831,290.7930,291.0605,0.1013,0
293,0,290.9237,291.8659,292.1753,0.1168,0
294,0,292.0152,292.7271,293.0360,0.1154,0
295,0,292.8753,293.5891,293.9446,0.1589,0
296,0,293.7798,294.7440,295.0210,0.1158,0
297,0,294.8904,295.5769,295.8715,0.1109,0
298,0,295.7189,296.4255,296.7714,0.1208,0
299,0,296.6124,297.5905,297.8866,0.1110,0
300,0,297.7367,298.4561,298.7448,0.1083,0
301,0,298.5980,299.3094,299.5814,0.1132,0
302,0,299.4716,300.3555,300.6272,0.1075,0
303,0,300.4948,301.1831,301.4648,0.1116,0
304,0,301.3233,302.0194,302.3139,0.1072,0
305,0,302.1570,302.9828,303.3377,0.1093,0
306,0,303.1350,303.9283,304.2303,0.1117,0
307,0,304.0774,304.8232,305.1557,0.1080,0
308,0,304.9715,305.8721,306.1624,0.1179,0
309,0,306.0274,306.7382,307.0075,0.1121,0
310,0,306.8796,307.5705,307.8391,0.1038,0
311,0,307.7099,308.6981,309.0229,0.1195,0
312,0,308.8518,309.5736,309.8519,0.1132,0
313,0,309.7175,310.4106,310.7052,0.1099,0
314,0,310.5517,311.5490,311.8693,0.1144,0
315,0,311.7063,312.4646,312.7928,0.1165,0
316,0,312.6230,313.5580,314.0099,0.2591,0
317,0,313.8525,314.5798,314.8744,0.1096,0
318,0,314.7235,315.4464,315.7634,0.1076,0
319,0,315.5936,316.6713,316.9611,0.1149,0
320,0,316.8211,317.5190,317.7939,0.1119,0
321,0,317.6603,318.3493,318.7165,0.1135,0
322,0,318.4917,319.5544,319.8494,0.1263,0
323,0,319.7128,320.4046,320.7003,0.1098,0
324,0,320.5441,321.2593,321.5706,0.1076,0
325,0,321.3992,322.4981,322.8152,0.1190,0
326,0,322.6574,323.3723,323.6546,0.1149,0
327,0,323.5229,324.2107,324.4753,0.1013,0
328,0,324.3414,325.2717,325.5986,0.1127,0
329,0,325.4145,326.1596,326.4613,0.1099,0
330,0,326.3065,327.0574,327.3610,0.1143,0
331,0,327.2219,328.0158,328.3037,0.1166,0
332,0,328.1668,328.8631,329.1421,0.1137,0
333,0,329.0080,329.6945,330.0538,0.1680,0
334,0,329.9220,330.8965,331.1994,0.1152,0
335,0,331.0507,331.7875,332.0711,0.1063,0
336,0,331.9291,332.6449,332.9340,0.1126,0
337,0,332.7947,333.7459,334.0234,0.1139,0
338,0,333.8906,334.5876,334.8573,0.1098,0
339,0,334.7263,335.4143,335.6844,0.1117,0
340,0,335.5583,336.4185,336.7308,0.1177,0
341,0,336.5728,337.2792,337.5790,0.1129,0
342,0,337.4238,338.1329,338.4295,0.1089,0
343,0,338.2729,339.0943,339.3911,0.1124,0
344,0,339.2380,339.9517,340.2456,0.1097,0
345,0,340.0928,340.7979,341.1311,0.1733,0
346,0,341.0000,341.9761,342.2734,0.1124,0
347,0,342.1204,342.8260,343.1825,0.1090,0
348,0,342.9661,343.7949,344.0902,0.1118,0
349,0,343.9447,344.8226,345.1305,0.1200,0
350,0,344.9761,345.6924,345.9715,0.1118,0
351,0,345.8348,346.5269,347.2795,0.5102,0
352,0,347.1213,347.9207,348.2060,0.1089,0
353,0,348.0690,348.7984,349.0913,0.1078,0
354,0,348.9428,349.9574,350.2453,0.1170,0
355,0,350.1094,350.8025,351.0724,0.1116,0
356,0,350.9434,351.6365,351.9483,0.1152,0
357,0,351.7862,352.7726,353.0557,0.1167,0
358,0,352.9189,353.6121,353.9197,0.1159,0
359,0,353.7605,354.4710,354.7355,0.1075,0
360,0,354.6077,355.5350,355.8528,0.1601,0
361,0,355.7252,356.4119,356.6813,0.1130,0
362,0,356.5536,357.2424,357.6099,0.1136,0
363,0,357.3852,358.4520,358.7516,0.1133,0
364,0,358.5958,359.3084,359.7094,0.1149,0
365,0,359.4573,360.2982,360.6189,0.1158,0
366,0,360.4544,361.3345,361.6610,0.1093,0
367,0,361.5011,362.2635,362.5668,0.1136,0
368,0,362.4164,363.1423,363.4994,0.1025,0
369,0,363.2746,364.2282,364.5610,0.1133,0
370,0,364.3788,365.1328,365.4416,0.1132,0
371,0,365.2805,366.0109,366.3088,0.1112,0
372,0,366.1610,367.0723,367.3746,0.1173,0
373,0,367.2216,367.9369,368.4143,0.1124,0
374,0,368.0859,368.9386,369.4089,0.2748,0
375,0,369.2530,369.9793,370.2634,0.1154,0
376,0,370.1271,370.8292,371.1003,0.1125,0
377,0,370.9710,371.6602,372.3219,0.3679,0
378,0,372.0777,372.8966,373.2225,0.1135,0
379,0,373.0526,373.8123,374.1232,0.1089,0
380,0,373.9599,374.9670,375.4285,0.1130,0
381,0,375.1429,375.9511,376.2479,0.1153,0
382,0,376.1026,376.8483,377.1363,0.1076,0
383,0,376.9924,378.0159,378.2899,0.1110,0
384,0,378.1567,378.8502,379.1507,0.1100,0
385,0,378.9927,379.7098,380.0764,0.1476,0
386,0,379.9156,380.8778,381.1914,0.1139,0
387,0,381.0291,381.7551,382.0528,0.1101,0
388,0,381.8964,382.6086,382.9185,0.1141,0
389,0,382.7562,383.6068,383.9225,0.1178,0
390,0,383.7581,384.4772,384.7766,0.1094,0
391,0,384.6201,385.3361,385.6404,0.1223,0
392,0,385.4883,386.4917,386.7957,0.1222,0
393,0,386.6508,387.3606,387.6306,0.1055,0
394,0,387.4967,388.1952,388.4876,0.1130,0
395,0,388.3379,389.2591,389.5601,0.1116,0
396,0,389.4042,390.1170,390.4247,0.1196,0
397,0,390.2675,390.9783,391.5700,0.1142,0
398,0,391.1671,392.1245,392.4349,0.1156,0
399,0,392.3008,393.1314,393.4652,0.1161,0
400,0,393.3391,394.3360,394.6248,0.1133,0
401,0,394.4869,395.1902,395.4679,0.1096,0
402,0,395.3296,396.0316,396.3038,0.1112,0
403,0,396.1723,397.1525,397.5792,0.2603,0
404,0,397.4445,398.1466,398.4146,0.1117,0
405,0,398.2878,398.9792,399.3480,0.1121,0
406,0,399.1299,400.2187,400.5206,0.1154,0
407,0,400.3654,401.0837,401.3810,0.1097,0
408,0,401.2248,401.9405,402.2551,0.1474,0
409,0,402.1175,403.1362,403.4694,0.1142,0
410,0,403.2957,404.0631,404.3592,0.1102,0
411,0,404.2102,404.9350,405.2797,0.1085,0
412,0,405.0725,405.8306,406.1117,0.1146,0
413,0,405.9751,406.6703,406.9622,0.1103,0
414,0,406.8178,407.5270,407.8058,0.1126,0
415,0,407.6705,408.5068,408.7966,0.1140,0
416,0,408.6551,409.3536,409.6698,0.1167,0
417,0,409.5042,410.2236,410.5325,0.1126,0
418,0,410.3660,411.3964,411.7039,0.1135,0
419,0,411.5447,412.2580,412.6144,0.1194,0
420,0,412.4222,413.2054,413.5840,0.1207,0
421,0,413.3725,414.4396,414.7433,0.1160,0
422,0,414.5913,415.3171,415.5976,0.1096,0
423,0,415.4618,416.1652,416.7623,0.4326,0
424,0,416.6283,417.3380,417.6122,0.1108,0
425,0,417.4776,418.1689,418.4478,0.1111,0
426,0,418.3085,419.2705,419.6032,0.1217,0
427,0,419.4381,420.1571,420.4703,0.1138,0
428,0,420.3024,421.0247,421.3208,0.1095,0
429,0,421.1664,421.9356,422.4593,0.2753,0
430,0,422.2531,423.0551,423.3513,0.1074,0
431,0,423.2039,423.9335,424.2624,0.1122,0
432,0,424.0840,425.1479,425.4382,0.1132,0
433,0,425.2961,426.0177,426.3044,0.1107,0
434,0,426.1641,426.8826,427.1470,0.1067,0
435,0,427.0185,428.0119,428.2825,0.1124,0
436,0,428.1524,428.8402,429.1764,0.1141,0
437,0,428.9970,429.7705,430.1208,0.1061,0
438,0,429.9402,431.0626,431.3667,0.1214,0
439,0,431.2194,431.9393,432.2461,0.1128,0
440,0,432.0845,432.8038,433.4014,0.3780,0
441,0,433.2256,433.9969,434.3222,0.1140,0
442,0,434.1532,434.8931,435.1980,0.1116,0
443,0,435.0382,436.0865,436.3901,0.1092,0
444,0,436.2398,437.0076,437.3127,0.1134,0
445,0,437.1675,437.9103,438.2411,0.1172,0
446,0,438.0646,439.0981,439.4182,0.1148,0
447,0,439.2462,439.9649,440.2651,0.1101,0
448,0,440.1070,440.8194,441.1561,0.1441,0
449,0,440.9960,441.8655,442.1721,0.1164,0
450,0,442.0140,442.7254,443.0465,0.1171,0
451,0,442.8829,443.6024,443.9380,0.1462,0
452,0,443.7815,444.7752,445.0532,0.1168,0
453,0,444.9224,445.6173,445.9217,0.1115,0
454,0,445.7700,446.5223,447.2685,0.5660,0
455,0,447.1185,447.8393,448.1250,0.1106,0
456,0,447.9843,448.6857,448.9863,0.1083,0
457,0,448.8313,449.5537,450.0719,0.2669,0
458,0,449.8518,450.6259,450.9010,0.1086,0
459,0,450.7645,451.4572,451.7348,0.1130,0
460,0,451.6009,452.3000,452.9501,0.2586,0
461,0,452.6276,453.5097,453.8139,0.1117,0
462,0,453.6584,454.3824,454.6718,0.1111,0
463,0,454.5300,455.5175,455.8246,0.1160,0
464,0,455.6751,456.4184,456.7020,0.1066,0
465,0,456.5608,457.2740,457.6058,0.1128,0
466,0,457.4227,458.4456,458.7202,0.1158,0
467,0,458.5901,459.2777,459.5591,0.1132,0
468,0,459.4204,460.1152,460.4502,0.1108,0
469,0,460.2551,461.2721,461.6262,0.1659,0
470,0,461.4676,462.1788,462.4834,0.1107,0
471,0,462.3275,463.0710,463.4341,0.1285,0
472,0,463.2629,464.2284,464.5261,0.1100,0
473,0,464.3722,465.1114,465.4121,0.1090,0
474,0,465.2566,465.9782,466.2523,0.1117,0
475,0,466.1204,466.9782,467.2941,0.1162,0
476,0,467.1289,467.8486,468.1807,0.1109,0
477,0,467.9927,468.7554,469.1574,0.1109,0
478,0,468.9268,469.8593,470.1611,0.1159,0
479,0,470.0143,470.7498,471.0289,0.1140,0
480,0,470.8978,471.6145,471.8815,0.1133,0
481,0,471.7569,472.5765,472.8635,0.1133,0
482,0,472.7261,473.4221,473.7469,0.1229,0
483,0,473.5840,474.2981,474.6085,0.1118,0
484,0,474.4476,475.3793,475.6816,0.1120,0
485,0,475.5243,476.2370,476.5401,0.1114,0
486,0,476.3802,477.0911,477.3890,0.1099,0
487,0,477.2324,478.1997,478.4892,0.1171,0
488,0,478.3474,479.0449,479.3159,0.1130,0
489,0,479.1865,479.8730,480.6140,0.4464,0
490,0,480.3803,481.1561,481.4572,0.1085,0
491,0,481.2973,482.0218,482.3465,0.1144,0
492,0,482.1701,482.9058,483.4687,0.3759,0
493,0,483.3160,484.0458,484.3576,0.1187,0
494,0,484.2088,484.9234,485.2023,0.1132,0
495,0,485.0686,486.0750,486.3847,0.1161,0
496,0,486.2349,486.9855,487.3163,0.1103,0
497,0,487.1645,487.9196,488.2362,0.1109,0
498,0,488.0686,489.0995,489.4029,0.1135,0
499,0,489.2454,489.9580,490.2588,0.1101,0
500,0,490.0996,490.8112,491.1532,0.1557,0
501,0,490.9987,491.9388,492.2441,0.1156,0
502,0,492.0870,492.7962,493.0951,0.1109,0
503,0,492.9379,493.6470,493.9488,0.1093,0
504,0,493.7891,494.6568,494.9317,0.1139,0
505,0,494.8010,495.4870,495.7527,0.1116,0
506,0,495.6265,496.3125,496.6706,0.1020,0
507,0,496.4431,497.4980,497.8532,0.1635,0
508,0,497.6932,498.4082,498.7149,0.1163,0
509,0,498.5585,499.2735,499.5883,0.1134,0
510,0,499.4221,500.2519,500.5641,0.1162,0
511,0,500.3998,501.1166,501.4232,0.1144,0
512,0,501.2618,501.9782,502.2723,0.1065,0
513,0,502.1165,503.0555,503.3996,0.1203,0
514,0,503.2191,503.9682,504.2363,0.1087,0
515,0,504.5960,505.5289,505.8855,0.1156,0
516,0,505.7424,506.6361,506.9559,0.1189,0
517,0,506.7873,507.5076,507.8322,0.1480,0
518,0,507.6910,508.6546,508.9906,0.1156,0
519,0,508.8174,509.5593,509.8492,0.1138,0
520,0,509.7083,510.4274,510.6998,0.1123,0
521,0,510.5686,511.4845,511.7558,0.1134,0
522,0,511.6281,512.3202,512.6620,0.1211,0
523,0,512.4835,513.2254,513.7382,0.3089,0
524,0,513.5954,514.3775,514.6909,0.1121,0
525,0,514.5198,515.2619,515.5441,0.1098,0
526,0,515.4032,516.1035,516.6870,0.4045,0
527,0,516.5461,517.2830,517.5574,0.1049,0
528,0,517.4224,518.1291,518.4005,0.1124,0
529,0,518.2696,518.9627,519.4922,0.2796,0
530,0,519.3138,520.1521,520.4652,0.1063,0
531,0,520.2931,521.0277,521.3036,0.1142,0
532,0,521.1717,522.1965,522.5366,0.1151,0
533,0,522.3767,523.1342,523.4692,0.1141,0
534,0,523.2896,524.0329,524.3643,0.1123,0
535,0,524.1761,525.2239,525.5259,0.1131,0
536,0,525.3675,526.0857,526.3934,0.1144,0
537,0,526.2335,526.9471,527.2825,0.1451,0
538,0,527.1225,527.9915,528.2974,0.1197,0
539,0,528.1418,528.8507,529.1528,0.1132,0
540,0,528.9954,529.7076,530.0393,0.1641,0
541,0,529.9275,530.9326,531.2283,0.1100,0
542,0,531.0798,531.8004,532.0935,0.1135,0
543,0,531.9501,532.6555,532.9752,0.1132,0
544,0,532.8287,533.7260,534.0796,0.1224,0
545,0,533.8969,534.6459,534.9303,0.1154,0
546,0,534.7919,535.4982,535.7672,0.1126,0
547,0,535.6390,536.4559,536.7325,0.1152,0
548,0,536.6002,537.2942,537.5855,0.1059,0
549,0,537.4291,538.1436,538.4356,0.1100,0
550,0,538.2838,539.1435,539.4444,0.1149,0
551,0,539.2900,540.0023,540.2780,0.1138,0
552,0,540.1468,540.8435,541.1369,0.1321,0
553,0,541.0047,541.8664,542.1540,0.1228,0
554,0,542.0187,542.7126,543.0333,0.1168,0
555,0,542.8695,543.5832,543.9201,0.1663,0
556,0,543.7775,544.7231,545.0977,0.1751,0
557,0,544.9315,545.6509,546.0908,0.1139,0
558,0,545.8126,546.6204,547.1000,0.2459,0
559,0,546.9270,547.7104,548.0040,0.1112,0
560,0,547.8551,548.5813,548.8729,0.1107,0
561,0,548.7276,549.4485,549.7554,0.1116,0
562,0,549.5959,550.5805,550.8696,0.1173,0
563,0,550.7284,551.4253,551.6965,0.1136,0
564,0,551.5672,552.2649,552.8176,0.3701,0
565,0,552.6635,553.3909,553.7008,0.1178,0
566,0,553.5465,554.2653,554.5365,0.1122,0
567,0,554.4081,555.0960,555.6697,0.3887,0
568,0,555.5135,556.2260,556.5247,0.1145,0
569,0,556.3715,557.0694,557.3384,0.1059,0
570,0,557.2028,558.1681,558.4887,0.1178,0
571,0,558.3186,559.0435,559.3479,0.1145,0
572,0,559.1901,559.9056,560.2014,0.1098,0
573,0,560.0461,561.0886,561.4237,0.1143,0
574,0,561.2381,561.9789,562.2706,0.1124,0
575,0,562.1241,562.8474,563.1895,0.1130,0
576,0,563.0019,564.3255,564.6037,0.1091,0
577,0,564.4661,565.1650,565.4546,0.1118,0
578,0,565.3093,566.0461,566.6132,0.3845,0
579,0,566.4701,567.1990,567.4839,0.1116,0
580,0,567.3430,568.0464,568.3119,0.1121,0
581,0,568.1868,568.8752,569.4195,0.2927,0
582,0,569.2197,569.9809,570.2647,0.1134,0
583,0,570.1246,570.8216,571.0967,0.1119,0
584,0,570.9660,571.6751,572.1472,0.2812,0
585,0,571.9880,572.7007,572.9885,0.1135,0
586,0,572.8474,573.5413,573.8164,0.1091,0
587,0,573.6786,574.3702,574.9066,0.3721,0
588,0,574.7717,575.4763,575.7508,0.1117,0
589,0,575.6175,576.3126,576.7379,0.1131,0
590,0,576.4685,577.6255,577.9318,0.1152,0
591,0,577.7800,578.5071,578.7815,0.1114,0
592,0,578.6479,579.3423,579.6100,0.1109,0
593,0,579.4815,580.3962,580.8076,0.2168,0
594,0,580.6574,581.3770,581.7532,0.1243,0
595,0,581.9019,582.5329,582.8565,0.1352,0
596,0,582.7027,583.6125,583.9077,0.1183,0
597,0,583.7657,584.4655,584.7340,0.1114,0
598,0,584.6050,585.2982,585.6137,0.1213,0
599,0,585.4483,586.3670,586.6649,0.1115,0
600,0,586.5101,587.2222,587.5163,0.1087,0
601,0,587.3608,588.0722,588.3791,0.1209,0
602,0,588.2250,589.1500,589.4504,0.1129,0
603,0,589.2942,590.0005,590.2694,0.1122,0
604,0,590.1404,590.8274,591.1134,0.1383,0
605,0,591.0108,591.8777,592.1792,0.1167,0
606,0,592.0341,592.7781,593.0884,0.1181,0
607,0,592.9347,593.6756,593.9460,0.1072,0
608,0,593.8121,594.7301,595.0106,0.1161,0
609,0,594.8755,595.5679,595.8358,0.1120,0
610,0,595.7075,596.3982,596.7656,0.1429,0
611,0,596.5950,597.6183,597.9355,0.1150,0
612,0,597.7700,598.4990,598.8004,0.1105,0
613,0,598.6419,599.3600,599.6508,0.1095,0
614,0,599.5003,600.2474,600.5305,0.1114,0
615,0,600.3899,601.0872,601.3585,0.1115,0
616,0,601.2261,601.9279,602.2426,0.1592,0
617,0,602.1154,602.9752,603.3430,0.1103,0
618,0,603.1248,603.9165,604.2264,0.1134,0
619,0,604.0637,604.7953,605.0880,0.1023,0
620,0,604.9318,605.7739,606.0706,0.1140,0
621,0,605.9265,606.6463,606.9272,0.1101,0
622,0,606.7870,607.4882,607.8411,0.1705,0
623,0,607.7611,608.5132,608.8094,0.1152,0
624,0,608.6689,609.3745,609.8449,0.1183,0
625,0,609.5716,610.4092,610.9356,0.1103,0
626,0,610.6092,611.5129,611.9286,0.1182,0
627,0,611.7124,612.4887,612.9101,0.1266,0
628,0,612.7082,613.9388,614.3265,0.1089,0
629,0,614.0842,614.9130,615.2977,0.1134,0
630,0,615.0578,615.8588,616.1804,0.1466,0
631,0,616.0364,616.9132,617.1962,0.1162,0
632,0,617.0622,617.7662,618.0961,0.1682,0
633,0,617.9621,618.6607,619.0235,0.1035,0
634,0,618.8194,619.6552,619.9899,0.1150,0
635,0,619.8018,620.5594,620.8663,0.1123,0
636,0,620.7005,621.4262,621.7319,0.1102,0
637,0,621.5732,622.4033,622.7373,0.1442,0
638,0,622.5909,623.2996,623.5792,0.1119,0
639,0,623.4452,624.1395,624.5087,0.1723,0
640,0,624.3405,625.3208,625.6124,0.1155,0
641,0,625.4671,626.1826,626.4723,0.1122,0
642,0,626.3285,627.0335,627.2957,0.1030,0
643,0,627.1647,628.2921,628.6009,0.1186,0
644,0,628.4432,629.1560,629.4666,0.1120,0
645,0,629.2967,630.2161,630.6406,0.2608,0
646,0,630.5078,631.2064,631.5007,0.1089,0
647,0,631.3429,632.0551,632.3727,0.1147,0
648,0,632.2029,633.2055,633.5685,0.1168,0
649,0,633.3724,634.1442,634.4490,0.1088,0
650,0,634.2885,635.0454,635.3905,0.1161,0
651,0,635.1989,636.2671,636.5705,0.1166,0
652,0,636.4125,637.1352,637.4348,0.1109,0
653,0,637.2768,637.9880,638.2937,0.1110,0
654,0,638.1296,639.0952,639.4167,0.1222,0
655,0,639.2539,639.9711,640.2684,0.1117,0
656,0,640.1139,640.8269,641.2069,0.1418,0
657,0,641.0754,641.9729,642.2738,0.1143,0
658,0,642.1256,642.8486,643.1343,0.1115,0
659,0,642.9937,643.6960,644.0249,0.1170,0
660,0,643.8520,644.8704,645.1722,0.1164,0
661,0,645.0206,645.7277,646.0056,0.1128,0
662,0,645.8695,646.5636,647.0436,0.3103,0
663,0,646.9048,647.6415,647.9429,0.1087,0
664,0,647.7834,648.5039,648.8244,0.1151,0
665,0,648.6557,649.3950,649.6985,0.1078,0
666,0,649.5376,650.4561,650.7428,0.1143,0
667,0,650.6011,651.3016,651.5750,0.1119,0
668,0,651.4410,652.1352,652.6993,0.3806,0
669,0,652.5538,653.3044,653.6160,0.1141,0
670,0,653.4603,654.1857,654.4669,0.1132,0
671,0,654.3295,655.2925,655.6010,0.1158,0
672,0,655.4365,656.1572,656.4538,0.1090,0
673,0,656.2971,657.0281,657.3457,0.1161,0
674,0,657.1797,658.1449,658.4836,0.1647,0
675,0,658.3393,659.0459,659.3426,0.1108,0
676,0,659.1876,659.9120,660.2072,0.1103,0
677,0,660.0518,661.0355,661.3341,0.1128,0
678,0,661.1801,661.8959,662.2034,0.1126,0
679,0,662.0398,662.7503,663.0403,0.1125,0
680,0,662.8969,663.8365,664.2754,0.2586,0
681,0,664.1305,664.8502,665.1214,0.1085,0
682,0,664.9890,665.6876,666.0188,0.1126,0
683,0,665.8308,666.8710,667.1532,0.1213,0
684,0,667.0228,667.7169,668.0118,0.1088,0
685,0,667.8568,668.5726,668.8333,0.1043,0
686,0,668.7047,669.5402,669.8431,0.1139,0
687,0,669.6855,670.4057,670.7009,0.1094,0
688,0,670.5451,671.2685,671.6197,0.1149,0
689,0,671.4144,672.4634,672.7800,0.1187,0
690,0,672.6194,673.3764,673.6902,0.1215,0
691,0,673.5388,674.2583,674.5374,0.1106,0
692,0,674.4182,675.3277,675.6484,0.1138,0
693,0,675.4986,676.2704,676.5976,0.1512,0
694,0,676.4592,677.1760,677.5370,0.1980,0
695,0,677.4039,678.1564,678.4335,0.1127,0
696,0,678.2983,678.9950,679.2624,0.1109,0
697,0,679.1345,679.8288,680.1488,0.1081,0
698,0,679.9900,680.8714,681.1877,0.1141,0
699,0,681.0200,681.7579,682.0592,0.1117,0
700,0,681.9001,682.6176,682.9293,0.1162,0
701,0,682.7673,683.6340,683.9130,0.1126,0
702,0,683.7797,684.4783,684.7467,0.1115,0
703,0,684.6181,685.3161,685.5983,0.1210,0
704,0,685.4655,686.3205,686.6751,0.1152,0
705,0,686.4699,687.2403,687.5428,0.1097,0
706,0,687.3845,688.1409,688.4445,0.1027,0
707,0,688.2800,689.2724,689.5821,0.1160,0
708,0,689.4219,690.1475,690.4451,0.1095,0
709,0,690.2893,691.0172,691.5805,0.3690,0
710,0,691.4188,692.1469,692.4721,0.1113,0
711,0,692.2976,693.0795,693.4031,0.1171,0
712,0,693.2392,694.2480,694.5569,0.1179,0
713,0,694.4074,695.1541,695.4323,0.1110,0
714,0,695.2988,696.0069,696.2739,0.1106,0
715,0,696.1459,697.0595,697.4835,0.2594,0
716,0,697.3472,698.0509,698.3174,0.1050,0
717,0,698.1831,698.8807,699.1566,0.1132,0
718,0,699.0216,700.0189,700.2931,0.1135,0
719,0,700.1606,700.8509,701.1588,0.1149,0
720,0,700.9997,701.7233,702.0441,0.1119,0
721,0,701.8626,702.9028,703.2568,0.1259,0
722,0,703.0671,703.8534,704.1503,0.1151,0
723,0,704.0011,704.7268,705.0475,0.1431,0
724,0,704.9055,705.7691,706.0431,0.1145,0
725,0,705.9132,706.6081,706.8799,0.1136,0
726,0,706.7499,707.4471,707.7374,0.1040,0
727,0,707.5844,708.5438,708.8437,0.1116,0
728,0,708.6952,709.4405,709.7336,0.1145,0
729,0,709.5927,710.3341,710.6086,0.1056,0
730,0,710.4743,711.3514,711.6409,0.1134,0
731,0,711.5021,712.2189,712.5182,0.1170,0
732,0,712.3687,713.0815,713.4437,0.1458,0
733,0,713.2820,714.2709,714.6112,0.1163,0
734,0,714.4339,715.2097,715.5159,0.1105,0
735,0,715.3553,716.0802,716.6485,0.3785,0
736,0,716.4905,717.2231,717.5125,0.1146,0
737,0,717.3686,718.0716,718.3357,0.1054,0
738,0,718.2055,718.9075,719.5165,0.4005,0
739,0,719.3444,720.0882,720.3876,0.1103,0
740,0,720.2300,720.9519,721.2491,0.1103,0
741,0,721.0925,722.0765,722.3753,0.1129,0
742,0,722.2198,722.9372,723.2320,0.1135,0
743,0,723.1114,723.9132,724.2757,0.1130,0
744,0,724.0647,725.1699,725.4573,0.1131,0
745,0,725.3163,726.0229,726.3001,0.1115,0
746,0,726.1680,726.8838,727.1633,0.1109,0
747,0,727.0280,727.9870,728.2585,0.1135,0
748,0,728.1291,728.8242,729.1317,0.1120,0
749,0,728.9743,729.7209,730.0899,0.1402,0
750,0,729.9167,730.8532,731.1371,0.1069,0
751,0,730.9933,731.7112,732.0383,0.1111,0
752,0,731.8616,732.6083,732.9063,0.1094,0
753,0,732.7552,733.6256,733.9323,0.1143,0
754,0,733.8038,734.5229,734.8165,0.1116,0
755,0,734.6684,735.3885,735.6738,0.1127,0
756,0,735.5320,736.3571,736.6838,0.1638,0
757,0,736.5508,737.2506,737.5223,0.1112,0
758,0,737.3889,738.0851,738.3601,0.1163,0
759,0,738.2300,739.0770,739.3457,0.1081,0
760,0,739.2144,739.9104,740.2046,0.1109,0
761,0,740.0510,740.7625,741.0605,0.1051,0
762,0,740.8979,741.8786,742.1786,0.1138,0
763,0,742.0234,742.7360,743.0538,0.1187,0
764,0,742.8899,743.6103,743.9410,0.1386,0
765,0,743.7821,744.6617,744.9353,0.1138,0
766,0,744.8043,745.4985,745.7671,0.1117,0
767,0,745.6379,746.3274,746.6635,0.1116,0
768,0,746.4664,747.4994,747.7928,0.1096,0
769,0,747.6447,748.3706,748.6607,0.1060,0
770,0,748.5097,749.2344,749.5577,0.1358,0
771,0,749.4106,750.3555,750.6294,0.1074,0
772,0,750.4937,751.1942,751.4835,0.1126,0
773,0,751.3352,752.0414,752.3443,0.1108,0
774,0,752.1831,753.0134,753.3124,0.1156,0
775,0,753.1654,753.9191,754.2085,0.1133,0
776,0,754.0649,754.7825,755.0546,0.1031,0
777,0,754.9156,755.8014,756.0695,0.1133,0
778,0,755.9438,756.6418,756.9511,0.1104,0
779,0,756.7833,757.4990,757.8289,0.1454,0
780,0,757.6759,758.6036,758.8949,0.1121,0
781,0,758.7464,759.4611,759.7580,0.1114,0
782,0,759.6036,760.3289,760.5954,0.1065,0
783,0,760.4665,761.3198,761.5920,0.1151,0
784,0,761.4638,762.1585,762.4472,0.1114,0
785,0,762.3054,763.0534,763.4160,0.1588,0
786,0,763.2696,764.2789,764.6446,0.1158,0
787,0,764.4427,765.2275,765.5295,0.1152,0
788,0,765.3814,766.0979,766.5918,0.3077,0
789,0,766.4390,767.1561,767.4758,0.1152,0
790,0,767.3422,768.0572,768.3580,0.1096,0
791,0,768.1981,769.1871,769.5014,0.1189,0
792,0,769.3386,770.0641,770.3683,0.1079,0
793,0,770.2108,770.9722,771.2662,0.1064,0
794,0,771.1194,772.1469,772.4521,0.1154,0
795,0,772.3012,773.0402,773.3756,0.1188,0
796,0,773.1948,773.9434,774.2948,0.1249,0
797,0,774.1069,775.1584,775.5269,0.1743,0
798,0,775.3698,776.1056,776.3839,0.1123,0
799,0,776.2508,776.9601,777.2952,0.1357,0
800,0,777.1313,777.9845,778.2827,0.1108,0
801,0,778.1284,778.8421,779.1348,0.1102,0
802,0,778.9830,779.6981,780.1322,0.1697,0
803,0,779.9246,780.9059,781.1970,0.1112,0
804,0,781.0493,781.7709,782.0547,0.1185,0
805,0,781.9214,782.6189,782.9061,0.1125,0
806,0,782.7663,783.7411,784.0335,0.1142,0
807,0,783.8846,784.5915,784.8597,0.1122,0
808,0,784.7315,785.4290,785.7215,0.1103,0
809,0,785.5679,786.3204,786.6246,0.1135,0
810,0,786.4757,787.2243,787.5368,0.1124,0
811,0,787.3926,788.1546,788.4452,0.1086,0
812,0,788.2964,789.1286,789.4087,0.1143,0
813,0,789.2726,789.9702,790.2424,0.1116,0
814,0,790.1101,790.8115,791.1432,0.1697,0
815,0,791.0095,791.8715,792.1885,0.1073,0
816,0,792.0215,792.7834,793.0888,0.1100,0
817,0,792.9347,793.6874,793.9808,0.1075,0
818,0,793.8325,794.6847,794.9605,0.1136,0
819,0,794.8306,795.5635,795.8759,0.1129,0
820,0,795.7214,796.4833,797.2215,0.4889,0
821,0,797.0484,797.8017,798.0850,0.1111,0
822,0,797.9460,798.6552,798.9534,0.1127,0
823,0,798.7975,799.7872,800.0886,0.1126,0
824,0,799.9304,800.6506,800.9438,0.1114,0
825,0,800.7923,801.5061,801.7687,0.1105,0
826,0,801.6439,802.6102,802.9109,0.1123,0
827,0,802.7588,803.4803,803.7687,0.1026,0
828,0,803.6187,804.3419,804.6139,0.1126,0
829,0,804.4832,805.4618,805.7617,0.1152,0
830,0,805.6078,806.3315,806.6304,0.1108,0
831,0,806.4728,807.2064,807.5121,0.1105,0
832,0,807.3478,808.3865,808.7189,0.1082,0
833,0,808.5550,809.3572,809.6601,0.1166,0
834,0,809.5092,810.2428,810.5320,0.1039,0
835,0,810.3771,811.3756,811.7128,0.1208,0
836,0,811.5402,812.2746,812.5892,0.1130,0
837,0,812.4323,813.2202,813.7316,0.3046,0
838,0,813.5612,814.3580,814.6990,0.1220,0
839,0,814.5145,815.2620,815.5672,0.1131,0
840,0,815.4070,816.3985,816.6957,0.1128,0
841,0,816.5418,817.2670,817.5644,0.1098,0
842,0,817.4077,818.1261,818.4176,0.1097,0
843,0,818.2665,819.2470,819.5697,0.1182,0
844,0,819.3976,820.1411,820.4404,0.1106,0
845,0,820.2828,820.9980,821.2975,0.1121,0
846,0,821.1424,822.1281,822.4590,0.1186,0
847,0,822.2883,823.0533,823.3852,0.1046,0
848,0,823.2006,823.9786,824.3000,0.1077,0
849,0,824.1225,825.1755,825.4688,0.1181,0
850,0,825.3290,826.0421,826.3583,0.1103,0
851,0,826.1829,826.9457,827.2983,0.1482,0
852,0,827.1287,828.0757,828.3760,0.1123,0
853,0,828.2200,828.9375,829.2451,0.1130,0
854,0,829.0833,829.8067,830.3366,0.3033,0
855,0,830.1936,830.9864,831.3086,0.1073,0
856,0,831.1339,831.8808,832.1569,0.1091,0
857,0,832.0218,832.7235,833.3164,0.3758,0
858,0,833.1565,833.9297,834.2613,0.1203,0
859,0,834.0858,834.8375,835.1187,0.1152,0
860,0,834.9853,835.9618,836.2361,0.1169,0
861,0,836.1069,836.8046,837.0858,0.1115,0
862,0,836.9461,837.6460,837.9142,0.1111,0
863,0,837.7855,838.7434,839.0145,0.1135,0
864,0,838.8853,839.5811,839.8879,0.1164,0
865,0,839.7287,840.4481,840.7390,0.1101,0
866,0,840.5873,841.5822,841.8732,0.1116,0
867,0,841.7236,842.4369,842.8343,0.1166,0
868,0,842.5926,843.4169,843.7391,0.1127,0
869,0,843.5650,844.7021,845.0021,0.1120,0
870,0,844.8433,845.5630,845.8541,0.1102,0
871,0,845.7024,846.4161,846.7546,0.1205,0
872,0,846.5927,847.5014,847.8063,0.1105,0
873,0,847.6463,848.3810,848.6738,0.1109,0
874,0,848.5226,849.2433,849.5472,0.1088,0
875,0,849.3839,850.2486,850.5575,0.1149,0
876,0,850.3942,851.1214,851.4205,0.1140,0
877,0,851.2657,851.9857,852.2784,0.1081,0
878,0,852.1240,853.0736,853.3894,0.1128,0
879,0,853.2294,853.9942,854.3318,0.1159,0
880,0,854.1512,854.9243,855.4980,0.3798,0
881,0,855.3434,856.0786,856.3927,0.1151,0
882,0,856.2291,856.9702,857.2645,0.1105,0
883,0,857.1106,858.0932,858.3902,0.1114,0
884,0,858.2344,858.9566,859.3297,0.1266,0
885,0,859.1239,859.8961,860.1797,0.1134,0
886,0,860.0397,860.9848,861.3281,0.1634,0
887,0,861.2034,862.0264,862.3381,0.1127,0
888,0,862.1916,862.9165,863.3785,0.1129,0
889,0,863.0615,864.1829,864.4779,0.1099,0
890,0,864.3261,865.0617,865.3583,0.1074,0
891,0,865.2077,865.9403,866.2485,0.1115,0
892,0,866.0876,866.8425,867.1368,0.1148,0
893,0,866.9927,867.7179,867.9979,0.1134,0
894,0,867.8638,868.5636,868.8260,0.1088,0
895,0,868.6999,869.6462,869.9477,0.1140,0
896,0,869.7905,870.5122,870.8061,0.1105,0
897,0,870.6521,871.3672,871.7151,0.1684,0
898,0,871.5661,872.4360,872.7566,0.1193,0
899,0,872.5961,873.3165,873.6263,0.1127,0
900,0,873.4913,874.3271,874.6731,0.1150,0
901,0,874.5168,875.4048,875.7124,0.1157,0
902,0,875.5569,876.2880,876.5735,0.1143,0
903,0,876.4355,877.1397,877.6491,0.3495,0
904,0,877.5174,878.2270,878.5082,0.1155,0
905,0,878.3715,879.0700,879.3273,0.1056,0
906,0,879.2024,879.9103,880.4764,0.2379,0
907,0,880.2025,881.0452,881.3462,0.1125,0
908,0,881.1875,881.9125,882.2220,0.1155,0
909,0,882.0626,882.7834,883.2965,0.2804,0
910,0,883.1061,883.8927,884.1989,0.1127,0
911,0,884.0427,884.7948,885.1180,0.1147,0
912,0,884.9458,885.9543,886.2318,0.1079,0
913,0,886.0926,886.7938,887.0996,0.1157,0
914,0,886.9417,887.6612,887.9399,0.1112,0
915,0,887.8031,888.7642,889.0345,0.1129,0
916,0,888.9045,889.5990,889.8758,0.1149,0
917,0,889.7445,890.4458,890.7554,0.1119,0
918,0,890.6074,891.6133,891.9345,0.1334,0
919,0,891.7854,892.5333,892.8506,0.1092,0
920,0,892.6788,893.4129,893.7431,0.1153,0
921,0,893.5672,894.5999,894.9176,0.1107,0
922,0,894.7461,895.4901,895.7806,0.1164,0
923,0,895.6413,896.3585,896.6873,0.1042,0
924,0,896.5173,897.4731,897.7884,0.1137,0
925,0,897.6248,898.3588,898.6727,0.1131,0
926,0,898.5083,899.2612,899.5679,0.1087,0
927,0,899.4066,900.2928,900.5688,0.1113,0
928,0,900.4341,901.1381,901.4079,0.1115,0
929,0,901.2772,901.9662,902.2756,0.1252,0
930,0,902.1212,903.0371,903.4279,0.1022,0
931,0,903.1813,904.0139,904.3324,0.1084,0
932,0,904.1593,904.8947,905.4590,0.3959,0
933,0,905.3203,906.0214,906.4004,0.1105,0
934,0,906.1737,906.9904,907.2837,0.1129,0
935,0,907.1354,908.0789,908.4149,0.1624,0
936,0,908.2739,908.9770,909.2837,0.1139,0
937,0,909.1221,909.8337,910.1347,0.1124,0
938,0,909.9767,910.9552,911.2598,0.1132,0
939,0,911.0984,911.8093,912.1215,0.1180,0
940,0,911.9593,912.6671,912.9802,0.1167,0
941,0,912.8188,913.7271,914.1566,0.2555,0
942,0,914.0184,914.7128,914.9906,0.1109,0
943,0,914.8546,915.5412,915.8142,0.1147,0
944,0,915.6841,916.6805,916.9903,0.1200,0
945,0,916.8330,917.5336,917.7991,0.1125,0
946,0,917.6735,918.3521,918.6396,0.1108,0
947,0,918.4902,919.4674,919.7888,0.1180,0
948,0,919.6194,920.3266,920.5910,0.1092,0
949,0,920.4654,921.1431,921.5181,0.1107,0
950,0,921.2911,922.4241,922.7214,0.1204,0
951,0,922.5808,923.2873,923.6000,0.1185,0
952,0,923.4437,924.1573,924.5103,0.1739,0
953,0,924.3628,925.2698,925.5461,0.1130,0
954,0,925.4141,926.0981,926.3679,0.1110,0
955,0,926.2379,926.9224,927.2803,0.1710,0
956,0,927.1238,928.0211,928.2871,0.1132,0
957,0,928.1627,928.8290,929.1350,0.1122,0
958,0,928.9767,929.6949,930.0929,0.1734,0
959,0,929.9259,930.8013,931.1126,0.1120,0
960,0,930.9485,931.6552,931.9516,0.1094,0
961,0,931.7968,932.4923,932.8547,0.1499,0
962,0,932.7064,933.5955,933.9017,0.1176,0
963,0,933.7545,934.4775,934.8243,0.1253,0
964,0,934.6433,935.3847,935.6907,0.1124,0
965,0,935.5281,936.3288,936.6019,0.1126,0
966,0,936.4725,937.1466,937.4152,0.1124,0
967,0,937.2869,937.9586,938.5983,0.3219,0
968,0,938.3435,939.1811,939.4811,0.1132,0
969,0,939.3310,940.0153,940.2872,0.1122,0
970,0,940.1557,940.8230,941.1521,0.1658,0
971,0,941.0178,941.8560,942.1459,0.1123,0
972,0,942.0020,942.6764,942.9559,0.1120,0
973,0,942.8194,943.4824,943.8002,0.1089,0
974,0,943.6240,944.6285,944.8960,0.1136,0
975,0,944.7698,945.4300,945.7206,0.1096,0
976,0,945.5681,946.2490,946.6439,0.1089,0
977,0,946.3885,947.2180,947.6749,0.2684,0
978,0,947.5206,948.2122,948.4947,0.1155,0
979,0,948.3585,949.0491,949.3628,0.1092,0
980,0,949.1949,950.1652,950.4423,0.1147,0
981,0,950.3092,950.9730,951.2442,0.1108,0
982,0,951.1118,951.7698,952.0550,0.1118,0
983,0,951.9092,952.8808,953.1652,0.1138,0
984,0,953.0248,953.6931,953.9646,0.1129,0
985,0,953.8536,954.5559,954.9504,0.1108,0
986,0,954.6988,955.7622,956.0863,0.1180,0
987,0,955.9233,956.6075,956.8776,0.1132,0
988,0,956.7489,957.4041,957.7106,0.1118,0
989,0,957.5439,958.4994,958.7802,0.1112,0
990,0,958.6433,959.2986,959.5911,0.1122,0
991,0,959.4387,960.1118,960.4750,0.1121,0
992,0,960.2532,961.1490,961.4995,0.1686,0
993,0,961.3485,962.0560,962.3462,0.1138,0
994,0,962.2082,962.8952,963.2425,0.1114,0
995,0,963.0411,964.1579,964.4439,0.1144,0
996,0,964.3062,964.9792,965.2508,0.1119,0
997,0,965.1191,965.7668,966.0690,0.1106,0
998,0,965.9078,966.8531,967.1472,0.1123,0
999,0,966.9966,967.6638,967.9641,0.1136,0
1000,0,967.8072,968.4850,968.7950,0.1072,0
1001,0,968.6204,969.6110,969.8915,0.1206,0
1002,0,969.7587,970.4102,970.7487,0.1132,0
1003,0,970.5667,971.3294,971.6501,0.1081,0
1004,0,971.4743,972.4703,972.8034,0.1280,0
1005,0,972.6384,973.3220,973.6664,0.1182,0
1006,0,973.4747,974.1752,974.4878,0.1480,0
1007,0,974.3519,975.1389,975.4107,0.1136,0
1008,0,975.2827,975.9331,976.2341,0.1104,0
1009,0,976.0746,976.7448,977.0599,0.1155,0
1010,0,976.8900,977.8698,978.1420,0.1179,0
1011,0,978.0156,978.6595,978.9543,0.1111,0
1012,0,978.8004,979.4715,979.8241,0.1109,0
1013,0,979.6112,980.5242,980.9726,0.2571,0
1014,0,980.8118,981.4876,981.8140,0.1106,0
1015,0,981.6291,982.3386,982.7201,0.1128,0
1016,0,982.4979,983.5096,983.7990,0.1143,0
1017,0,983.6577,984.3167,984.6124,0.1129,0
1018,0,984.4627,985.1396,985.4575,0.1128,0
1019,0,985.2813,986.2391,986.5394,0.1172,0
1020,0,986.3901,987.0663,987.3395,0.1123,0
1021,0,987.2063,987.8656,988.1791,0.1147,0
1022,0,988.0175,989.0122,989.3497,0.1631,0
1023,0,989.2108,989.8931,990.1929,0.1108,0
1024,0,990.0337,990.7199,991.0217,0.1109,0
1025,0,990.8591,991.8478,992.1601,0.1071,0
1026,0,991.9919,992.6943,992.9936,0.1131,0
1027,0,992.8413,993.5194,993.8492,0.1114,0
1028,0,993.7481,994.5222,994.8196,0.1164,0
1029,0,994.6756,995.3507,995.6456,0.1129,0
1030,0,995.4974,996.1773,996.4945,0.1125,0
1031,0,996.3196,997.2030,997.6334,0.2621,0
1032,0,997.4965,998.1562,998.4286,0.1105,0
1033,0,998.2946,998.9512,999.2825,0.1137,0
1034,0,999.1186,1000.0950,1000.3843,0.1146,0
1035,0,1000.2407,1000.9164,1001.2015,0.1161,0
1036,0,1001.0624,1001.7294,1002.0578,0.1111,0
1037,0,1001.8765,1002.9052,1003.2214,0.1165,0
1038,0,1003.0633,1003.7814,1004.0852,0.1135,0
1039,0,1003.9317,1004.6154,1004.9210,0.1120,0
1040,0,1005.1940,1005.7903,1006.1373,0.1127,0
1041,0,1005.9829,1006.8338,1007.1770,0.1520,0
1042,0,1007.0630,1007.7490,1008.0425,0.1146,0
1043,0,1007.9029,1008.7285,1009.0033,0.1105,0
1044,0,1008.8691,1009.5250,1009.7974,0.1129,0
1045,0,1009.6665,1010.3219,1010.6362,0.1135,0
1046,0,1010.4709,1011.3667,1011.6418,0.1157,0
1047,0,1011.5124,1012.1644,1012.4622,0.1145,0
1048,0,1012.3145,1013.0211,1013.3733,0.1112,0
1049,0,1013.1688,1014.1329,1014.4268,0.1113,0
1050,0,1014.2780,1014.9936,1015.2918,0.1155,0
1051,0,1015.1452,1015.8323,1016.1786,0.1569,0
1052,0,1016.0207,1016.9169,1017.3089,0.1350,0
1053,0,1017.1198,1017.8705,1018.1957,0.1169,0
1054,0,1018.0223,1018.7272,1019.0337,0.1119,0
1055,0,1018.8702,1019.7019,1020.0047,0.1118,0
1056,0,1019.8453,1020.5205,1020.8171,0.1099,0
1057,0,1020.6603,1021.3311,1021.6098,0.1093,0
1058,0,1021.4699,1022.5133,1022.8194,0.1145,0
1059,0,1022.6634,1023.3706,1023.6498,0.1109,0
1060,0,1023.5143,1024.1895,1024.4844,0.1350,0
1061,0,1024.3535,1025.1480,1025.4188,0.1129,0
1062,0,1025.2913,1025.9496,1026.2252,0.1111,0
1063,0,1026.0887,1026.7485,1027.1344,0.1124,0
1064,0,1026.8883,1027.9596,1028.2561,0.1114,0
1065,0,1028.1052,1028.7890,1029.0727,0.1101,0
1066,0,1028.9335,1029.6047,1029.9134,0.1112,0
1067,0,1029.7455,1030.7910,1031.0679,0.1090,0
1068,0,1030.9294,1031.5920,1031.8697,0.1142,0
1069,0,1031.7354,1032.3972,1032.6920,0.1102,0
1070,0,1032.5418,1033.5010,1033.8080,0.1170,0
1071,0,1033.6580,1034.3632,1034.6605,0.1157,0
1072,0,1034.5126,1035.1956,1035.4725,0.1036,0
1073,0,1035.3281,1036.3266,1036.6130,0.1089,0
1074,0,1036.4662,1037.1253,1037.3944,0.1107,0
1075,0,1037.2638,1037.9181,1038.2376,0.1098,0
1076,0,1038.0554,1039.0339,1039.3824,0.1634,0
1077,0,1039.2281,1039.9031,1040.2060,0.1118,0
1078,0,1040.0642,1040.7365,1041.0402,0.1079,0
1079,0,1040.8750,1041.8275,1042.1257,0.1112,0
1080,0,1041.9714,1042.6476,1042.9600,0.1170,0
1081,0,1042.7979,1043.4735,1043.7999,0.1085,0
1082,0,1043.6122,1044.5743,1044.8495,0.1151,0
1083,0,1044.7175,1045.3703,1045.6386,0.1118,0
1084,0,1045.5096,1046.1614,1046.5051,0.1117,0
1085,0,1046.3003,1047.2309,1047.6753,0.2567,0
1086,0,1047.5193,1048.2030,1048.5854,0.1087,0
1087,0,1048.3514,1049.1463,1049.5187,0.1827,0
1088,0,1049.3668,1050.1509,1050.4438,0.1156,0
1089,0,1050.3046,1050.9901,1051.2783,0.1177,0
1090,0,1051.1406,1051.8243,1052.1512,0.1074,0
1091,0,1051.9623,1052.9406,1053.2676,0.1151,0
1092,0,1053.1137,1053.8359,1054.1615,0.1122,0
1093,0,1054.0152,1054.6953,1054.9712,0.1036,0
1094,0,1054.8336,1055.7621,1056.0408,0.1068,0
1095,0,1055.9117,1056.5864,1056.8848,0.1107,0
1096,0,1056.7308,1057.4105,1057.7272,0.1078,0
1097,0,1057.5497,1058.5669,1058.8850,0.1137,0
1098,0,1058.7220,1059.4571,1059.7421,0.1128,0
1099,0,1059.6071,1060.2926,1060.6222,0.1371,0
1100,0,1060.4721,1061.3188,1061.6057,0.1156,0
1101,0,1061.4676,1062.1524,1062.4385,0.1113,0
1102,0,1062.2993,1063.0102,1063.2911,0.1014,0
1103,0,1063.1472,1063.9499,1064.4332,0.2606,0
1104,0,1064.2480,1064.9850,1065.2865,0.1116,0
1105,0,1065.1283,1065.8181,1066.1727,0.1677,0
1106,0,1066.0176,1066.9215,1067.2246,0.1128,0
1107,0,1067.0675,1067.7509,1068.0475,0.1106,0
1108,0,1067.8926,1068.5782,1068.8819,0.1020,0
1109,0,1068.7203,1069.7010,1070.0150,0.1153,0
1110,0,1069.8521,1070.5661,1070.8805,0.1134,0
1111,0,1070.7178,1071.4350,1071.7127,0.1222,0
1112,0,1071.6523,1072.4482,1072.7933,0.1199,0
1113,0,1072.6244,1073.3402,1073.6496,0.1138,0
1114,0,1073.4978,1074.2204,1074.5393,0.1119,0
1115,0,1074.3688,1075.2038,1075.5133,0.1128,0
1116,0,1075.3505,1076.0505,1076.3468,0.1094,0
1117,0,1076.1911,1076.8777,1077.1675,0.1077,0
1118,0,1077.0162,1077.9816,1078.2793,0.1118,0
1119,0,1078.1245,1078.8093,1079.1074,0.1152,0
1120,0,1078.9548,1079.6997,1080.0635,0.1143,0
1121,0,1079.8727,1080.8700,1081.1741,0.1112,0
1122,0,1081.0202,1081.7483,1082.0375,0.1150,0
1123,0,1081.8988,1082.6023,1082.8710,0.1074,0
1124,0,1082.7391,1083.5821,1083.8640,0.1128,0
1125,0,1083.7285,1084.4056,1084.6782,0.1133,0
1126,0,1084.5471,1085.2211,1085.4964,0.1014,0
1127,0,1085.3507,1086.2971,1086.5871,0.1139,0
1128,0,1086.4377,1087.1264,1087.4218,0.1096,0
1129,0,1087.2682,1087.9641,1088.2600,0.1073,0
1130,0,1088.1025,1089.0177,1089.3406,0.1659,0
1131,0,1089.2119,1089.8825,1090.1555,0.1144,0
1132,0,1090.0252,1090.7020,1091.0193,0.1040,0
1133,0,1090.8350,1091.8684,1092.1683,0.1128,0
1134,0,1092.0156,1092.7184,1093.0277,0.1165,0
1135,0,1092.8673,1093.5707,1093.8480,0.1070,0
1136,0,1093.7088,1094.6581,1094.9490,0.1169,0
1137,0,1094.8073,1095.5005,1095.7693,0.1124,0
1138,0,1095.6409,1096.3210,1096.6710,0.1502,0
1139,0,1096.5064,1097.5350,1097.8348,0.1118,0
1140,0,1097.6843,1098.3955,1098.6752,0.1132,0
1141,0,1098.5411,1099.2456,1099.5271,0.1006,0
1142,0,1099.3797,1100.2612,1100.5687,0.1131,0
1143,0,1100.4055,1101.1107,1101.4084,0.1108,0
1144,0,1101.2526,1101.9620,1102.2892,0.1417,0
1145,0,1102.1353,1103.0571,1103.3621,0.1106,0
1146,0,1103.2092,1103.9532,1104.3516,0.1765,0
1147,0,1104.1681,1104.9186,1105.4638,0.3568,0
1148,0,1105.3076,1106.0184,1106.2967,0.1105,0
1149,0,1106.1606,1106.8525,1107.1182,0.1106,0
1150,0,1106.9908,1107.6728,1108.2181,0.3825,0
1151,0,1108.0856,1108.7715,1109.0592,0.1085,0
1152,0,1108.9125,1109.6264,1109.9140,0.1185,0
1153,0,1109.7757,1110.4692,1110.8766,0.1118,0
1154,0,1110.6111,1111.4911,1111.9133,0.1169,0
1155,0,1111.6862,1112.4716,1112.8621,0.1116,0
1156,0,1112.6605,1113.6131,1114.1855,0.2596,0
1157,0,1113.9567,1114.7565,1115.1440,0.1147,0
1158,0,1114.9005,1115.7157,1116.2204,0.1151,0
1159,0,1115.8580,1116.8491,1120.2942,2.9630,0
1160,0,1119.8516,1120.5003,1120.8239,0.0860,0
1161,0,1120.6260,1121.3998,1121.8109,0.1772,0
1162,0,1121.6110,1122.5120,1122.7986,0.1101,0
1163,0,1122.6574,1123.3934,1123.6826,0.1135,0
1164,0,1123.5427,1124.2521,1124.5204,0.1051,0
1165,0,1124.3851,1125.3760,1125.6841,0.1170,0
1166,0,1125.5207,1126.2438,1126.5842,0.1178,0
1167,0,1126.4212,1127.1525,1127.4499,0.1095,0
1168,0,1127.2930,1128.2339,1128.5445,0.1196,0
1169,0,1128.3884,1129.0970,1129.4070,0.1147,0
1170,0,1129.2480,1129.9710,1130.4190,0.2266,0
1171,0,1130.2380,1131.1618,1131.4854,0.1237,0
1172,0,1131.3242,1132.0551,1132.3642,0.1141,0
1173,0,1132.2017,1133.1899,1133.5305,0.1261,0
1174,0,1133.3561,1134.1266,1134.4116,0.1109,0
1175,0,1134.2721,1134.9865,1135.2600,0.1134,0
1176,0,1135.1282,1136.1078,1136.3727,0.1080,0
1177,0,1136.2443,1136.9413,1137.2102,0.1121,0
1178,0,1137.0804,1137.7805,1138.0495,0.1117,0
1179,0,1137.9207,1138.9106,1139.1800,0.1137,0
1180,0,1139.0527,1139.7425,1140.0358,0.1107,0
1181,0,1139.8837,1140.5925,1140.9576,0.1152,0
1182,0,1140.7381,1141.8274,1142.1235,0.1135,0
1183,0,1141.9763,1142.7188,1143.0366,0.1175,0
1184,0,1142.8740,1143.6149,1143.9453,0.1554,0
1185,0,1143.8070,1144.6359,1144.9099,0.1146,0
1186,0,1144.7806,1145.4736,1145.7811,0.1121,0
1187,0,1145.6177,1146.3311,1146.6971,0.1073,0
1188,0,1146.4749,1147.4982,1147.7914,0.1104,0
1189,0,1147.6450,1148.3848,1148.6749,0.1155,0
1190,0,1148.5361,1149.2556,1149.5537,0.1072,0
1191,0,1149.4014,1150.3725,1150.6572,0.1151,0
1192,0,1150.5186,1151.2187,1151.4996,0.1170,0
1193,0,1151.3646,1152.0591,1152.3382,0.1126,0
1194,0,1152.1992,1153.0079,1153.2966,0.1134,0
1195,0,1153.1582,1153.8891,1154.1931,0.1127,0
1196,0,1154.0394,1154.7568,1155.0584,0.1292,0
1197,0,1154.9226,1155.7814,1156.0526,0.1115,0
1198,0,1155.9227,1156.6142,1156.8819,0.1113,0
1199,0,1156.7535,1157.4370,1157.7275,0.1061,0
1200,0,1157.5758,1158.5689,1158.8645,0.1110,0
1201,0,1158.7114,1159.4173,1159.7124,0.1092,0
1202,0,1159.5573,1160.2630,1160.6181,0.1599,0
1203,0,1160.4581,1161.3894,1161.6905,0.1136,0
1204,0,1161.5356,1162.2519,1162.5737,0.1175,0
1205,0,1162.4031,1163.1240,1163.5149,0.1061,0
1206,0,1163.2875,1164.4193,1164.7196,0.1153,0
1207,0,1164.5745,1165.2868,1165.5676,0.1161,0
1208,0,1165.4326,1166.1303,1166.5711,0.2790,0
1209,0,1166.4379,1167.1330,1167.4120,0.1119,0
1210,0,1167.2762,1167.9681,1168.2326,0.1114,0
1211,0,1168.1069,1168.7870,1169.0791,0.1033,0
1212,0,1168.9281,1169.7581,1170.0446,0.1149,0
1213,0,1169.9090,1170.6212,1170.8987,0.1170,0
1214,0,1170.7666,1171.4647,1171.7444,0.1059,0
1215,0,1171.6025,1172.4648,1172.7647,0.1148,0
1216,0,1172.6225,1173.3425,1173.7008,0.1196,0
1217,0,1173.5277,1174.2657,1174.6124,0.1131,0
1218,0,1174.4649,1175.3001,1175.5781,0.1082,0
1219,0,1175.4392,1176.1506,1176.4256,0.1122,0
1220,0,1176.2949,1176.9896,1177.2647,0.1188,0
1221,0,1177.1370,1177.9674,1178.2673,0.1128,0
1222,0,1178.1123,1178.8214,1179.1142,0.1096,0
1223,0,1178.9620,1179.6729,1180.0422,0.1083,0
1224,0,1179.8125,1180.8669,1181.1494,0.1160,0
1225,0,1181.0114,1181.7039,1182.0294,0.1115,0
1226,0,1181.8553,1182.6159,1182.9070,0.1161,0
1227,0,1182.7675,1183.6465,1183.9413,0.1084,0
1228,0,1183.7918,1184.5080,1184.7888,0.1124,0
1229,0,1184.6538,1185.3644,1185.6528,0.1051,0
1230,0,1185.5103,1186.3874,1186.6698,0.1165,0
1231,0,1186.5385,1187.2258,1187.4974,0.1119,0
1232,0,1187.3661,1188.0543,1188.3778,0.1598,0
1233,0,1188.2440,1189.0943,1189.4416,0.1291,0
1234,0,1189.2733,1190.0096,1190.3082,0.1126,0
1235,0,1190.1522,1190.8602,1191.1790,0.1344,0
1236,0,1191.0259,1191.8865,1192.1627,0.1155,0
1237,0,1192.0305,1192.7151,1192.9912,0.1111,0
1238,0,1192.8569,1193.5490,1193.8319,0.1046,0
1239,0,1193.6823,1194.6317,1194.9060,0.1089,0
1240,0,1194.7679,1195.4630,1195.7333,0.1125,0
1241,0,1195.6031,1196.2871,1196.6650,0.1090,0
1242,0,1196.4250,1197.2684,1197.7299,0.2707,0
1243,0,1197.5794,1198.3226,1198.6138,0.1127,0
1244,0,1198.4736,1199.1914,1199.4980,0.1376,0
1245,0,1199.3623,1200.1809,1200.5060,0.1651,0
1246,0,1200.3775,1201.0669,1201.3340,0.1123,0
1247,0,1201.2068,1201.8938,1202.1644,0.1130,0
1248,0,1202.0351,1202.9745,1203.3381,0.1147,0
1249,0,1203.1346,1203.9196,1204.2232,0.1137,0
1250,0,1204.0645,1204.8515,1205.1457,0.1130,0
1251,0,1205.0027,1205.7728,1206.0470,0.1126,0
1252,0,1205.9150,1206.6105,1206.9093,0.1110,0
1253,0,1206.7520,1207.4569,1207.7689,0.1056,0
1254,0,1207.6052,1208.4429,1208.7437,0.1134,0
1255,0,1208.6015,1209.3205,1209.5957,0.1035,0
1256,0,1209.4795,1210.1665,1210.5011,0.1103,0
1257,0,1210.3120,1211.3477,1211.6599,0.1150,0
1258,0,1211.4958,1212.2166,1212.5267,0.1111,0
1259,0,1212.3626,1213.0952,1213.4502,0.1304,0
1260,0,1213.2877,1214.4633,1214.7914,0.1167,0
1261,0,1214.6211,1215.3570,1215.6696,0.1170,0
1262,0,1215.5047,1216.4951,1216.7982,0.1152,0
1263,0,1216.6412,1217.3544,1217.6496,0.1121,0
1264,0,1217.4951,1218.2030,1218.4988,0.1107,0
1265,0,1218.3422,1219.3213,1219.6213,0.1124,0
1266,0,1219.4656,1220.1806,1220.5635,0.1206,0
1267,0,1220.3467,1221.1190,1221.5192,0.1169,0
1268,0,1221.2705,1222.3820,1222.6850,0.1127,0
1269,0,1222.5314,1223.2581,1223.5494,0.1147,0
1270,0,1223.4066,1224.1096,1224.3769,0.1020,0
1271,0,1224.2401,1225.1946,1225.4909,0.1185,0
1272,0,1225.3434,1226.0486,1226.3181,0.1118,0
1273,0,1226.1877,1226.8773,1227.1702,0.1070,0
1274,0,1227.0125,1228.1311,1228.3962,0.1129,0
1275,0,1228.2709,1228.9584,1229.2657,0.1149,0
1276,0,1229.1033,1229.8187,1230.3460,0.2994,0
1277,0,1230.2029,1230.9338,1231.2140,0.1141,0
1278,0,1231.0805,1231.7732,1232.0491,0.1128,0
1279,0,1231.9182,1232.6116,1232.8902,0.1113,0
1280,0,1232.7533,1233.6445,1233.9484,0.1133,0
1281,0,1233.7970,1234.5412,1234.9184,0.1106,0
1282,0,1234.6835,1235.5228,1235.9018,0.1796,0
1283,0,1235.7378,1236.6011,1236.9117,0.1135,0
1284,0,1236.7524,1237.4753,1237.7565,0.1129,0
1285,0,1237.6225,1238.3352,1238.9325,0.3943,0
1286,0,1238.7603,1239.4946,1239.7656,0.1116,0
1287,0,1239.6359,1240.3244,1240.6201,0.1132,0
1288,0,1240.4656,1241.4513,1241.7491,0.1132,0
1289,0,1241.5954,1242.3072,1242.6111,0.1131,0
1290,0,1242.4646,1243.2075,1243.4995,0.1064,0
1291,0,1243.3551,1244.3313,1244.6583,0.1588,0
1292,0,1244.5246,1245.2222,1245.5165,0.1114,0
1293,0,1245.3658,1246.0795,1246.3734,0.1096,0
1294,0,1246.2191,1247.3914,1247.6988,0.1132,0
1295,0,1247.5365,1248.2529,1248.5462,0.1092,0
1296,0,1248.3918,1249.1003,1249.3948,0.1082,0
1297,0,1249.2372,1250.1976,1250.6412,0.1151,0
1298,0,1250.3542,1251.2023,1251.5143,0.1142,0
1299,0,1251.3472,1252.0817,1252.3810,0.1140,0
1300,0,1252.2276,1253.0744,1253.4128,0.1208,0
1301,0,1253.2358,1254.0077,1254.3006,0.1124,0
1302,0,1254.1531,1254.8858,1255.1502,0.1067,0
1303,0,1255.0222,1255.8446,1256.1163,0.1132,0
1304,0,1255.9870,1256.6780,1256.9782,0.1082,0
1305,0,1256.8185,1257.5412,1257.8516,0.1219,0
1306,0,1257.6944,1258.6270,1258.8964,0.1133,0
1307,0,1258.7693,1259.4596,1259.7238,0.1102,0
1308,0,1259.5972,1260.2892,1260.5969,0.1436,0
1309,0,1260.4611,1261.4065,1261.6975,0.1069,0
1310,0,1261.5426,1262.2555,1262.5624,0.1106,0
1311,0,1262.4112,1263.1643,1263.5040,0.1042,0
1312,0,1263.3185,1264.2649,1264.6098,0.1161,0
1313,0,1264.4205,1265.1773,1265.4910,0.1105,0
1314,0,1265.3219,1266.0479,1266.7158,0.3786,0
1315,0,1266.4764,1267.3278,1267.6565,0.1158,0
1316,0,1267.4854,1268.2286,1268.5423,0.1163,0
1317,0,1268.3779,1269.3341,1269.6996,0.1590,0
1318,0,1269.5328,1270.2610,1270.5445,0.1130,0
1319,0,1270.4063,1271.1044,1271.3750,0.1125,0
1320,0,1271.2453,1272.2673,1272.5635,0.1153,0
1321,0,1272.4435,1273.1820,1273.5153,0.1120,0
1322,0,1273.3336,1274.0894,1274.3877,0.1000,0
1323,0,1274.2286,1275.1986,1275.5328,0.1583,0
1324,0,1275.3927,1276.0964,1276.3739,0.1131,0
1325,0,1276.2386,1276.9363,1277.2856,0.1617,0
1326,0,1277.1276,1278.0688,1278.3694,0.1146,0
1327,0,1278.2129,1278.9230,1279.1949,0.1139,0
1328,0,1279.0639,1279.7620,1280.0850,0.1302,0
1329,0,1279.9455,1280.8479,1281.1351,0.1122,0
1330,0,1280.9908,1281.7099,1282.0198,0.1172,0
1331,0,1281.8581,1282.5770,1282.9323,0.1055,0
1332,0,1282.7180,1283.5761,1283.8650,0.1011,0
1333,0,1283.7133,1284.4263,1284.7100,0.1153,0
1334,0,1284.5722,1285.2722,1285.6058,0.1712,0
1335,0,1285.4725,1286.3240,1286.6010,0.1143,0
1336,0,1286.4677,1287.1605,1287.4246,0.1098,0
1337,0,1287.2979,1287.9830,1288.2798,0.1061,0
1338,0,1288.1199,1289.1027,1289.4045,0.1117,0
1339,0,1289.2462,1289.9572,1290.2547,0.1131,0
1340,0,1290.1013,1290.8124,1291.1710,0.1646,0
1341,0,1291.0183,1292.1830,1292.4868,0.1185,0
1342,0,1292.3417,1293.0958,1293.4049,0.1136,0
1343,0,1293.2483,1294.2511,1294.5971,0.1185,0
1344,0,1294.4136,1295.1725,1295.4957,0.1146,0
1345,0,1295.3403,1296.0562,1296.3516,0.1091,0
1346,0,1296.1957,1297.4046,1297.7045,0.1205,0
1347,0,1297.5615,1298.2594,1298.5558,0.1114,0
1348,0,1298.4054,1299.1222,1299.3919,0.1100,0
1349,0,1299.2606,1300.2124,1300.5228,0.1158,0
1350,0,1300.3589,1301.0788,1301.3773,0.1119,0
1351,0,1301.2190,1301.9314,1302.2252,0.1066,0
1352,0,1302.0667,1302.9038,1303.2414,0.1163,0
1353,0,1303.0672,1303.8318,1304.1610,0.1120,0
1354,0,1304.0030,1304.8924,1305.2056,0.1104,0
1355,0,1305.0411,1305.7998,1306.1143,0.1162,0
1356,0,1305.9575,1306.7129,1307.0329,0.1129,0
1357,0,1306.8620,1307.6024,1307.8864,0.1126,0
1358,0,1307.7524,1308.6872,1308.9889,0.1082,0
1359,0,1308.8380,1309.5772,1309.8896,0.1066,0
1360,0,1309.7198,1310.4652,1311.0231,0.3830,0
1361,0,1310.8818,1311.5965,1311.9121,0.1169,0
1362,0,1311.7492,1312.4677,1312.8092,0.1168,0
1363,0,1312.6288,1313.5881,1314.0825,0.2665,0
1364,0,1313.8902,1314.6746,1314.9625,0.1112,0
1365,0,1314.8207,1315.5266,1315.8375,0.1160,0
1366,0,1315.6765,1316.7028,1317.0004,0.1111,0
1367,0,1316.8443,1317.5518,1317.8475,0.1101,0
1368,0,1317.6930,1318.4009,1318.7330,0.1098,0
1369,0,1318.5417,1319.5908,1319.8553,0.1132,0
1370,0,1319.7311,1320.4179,1320.7050,0.1067,0
1371,0,1320.5524,1321.2591,1321.5899,0.1076,0
1372,0,1321.3962,1322.5892,1322.8979,0.1180,0
1373,0,1322.7392,1323.4476,1323.7228,0.1064,0
1374,0,1323.5908,1324.2867,1324.5631,0.1142,0
1375,0,1324.4288,1325.2420,1325.5243,0.1128,0
1376,0,1325.3834,1326.0875,1326.3805,0.1106,0
1377,0,1326.2296,1326.9340,1327.2860,0.1621,0
1378,0,1327.1310,1328.0643,1328.3699,0.1144,0
1379,0,1328.2112,1328.9219,1329.2305,0.1134,0
1380,0,1329.0668,1329.7848,1330.2268,0.1072,0
1381,0,1329.9493,1330.9518,1331.2479,0.1176,0
1382,0,1331.1023,1331.8188,1332.0975,0.1122,0
1383,0,1331.9631,1332.6592,1332.9433,0.1116,0
1384,0,1332.8025,1333.5572,1333.8620,0.1058,0
1385,0,1333.7145,1334.5049,1334.8447,0.1612,0
1386,0,1334.6996,1335.4121,1335.7177,0.1089,0
1387,0,1335.5518,1336.4471,1336.7499,0.1128,0
1388,0,1336.5961,1337.3032,1337.5962,0.1110,0
1389,0,1337.4445,1338.1495,1338.4990,0.1117,0
1390,0,1338.3488,1339.1588,1339.4908,0.1584,0
1391,0,1339.3539,1340.0760,1340.3604,0.1123,0
1392,0,1340.2239,1340.9405,1341.2092,0.1100,0
1393,0,1341.0790,1341.9541,1342.2667,0.1108,0
1394,0,1342.1042,1342.8688,1343.1738,0.1101,0
1395,0,1343.0151,1343.7365,1344.0330,0.1106,0
1396,0,1343.8782,1344.6292,1344.9150,0.1153,0
1397,0,1344.7737,1345.4713,1345.7712,0.1144,0
1398,0,1345.6235,1346.3404,1346.6653,0.1013,0
1399,0,1346.4741,1347.4762,1347.7782,0.1090,0
1400,0,1347.6243,1348.3689,1348.6524,0.1155,0
1401,0,1348.5180,1349.2151,1349.4936,0.1130,0
1402,0,1349.3570,1350.1796,1350.4617,0.1208,0
1403,0,1350.3300,1351.0191,1351.3253,0.1107,0
1404,0,1351.1655,1351.8938,1352.1924,0.1092,0
1405,0,1352.0342,1352.9765,1353.3471,0.1584,0
1406,0,1353.1956,1354.0230,1354.3604,0.1139,0
1407,0,1354.1796,1354.9554,1355.5551,0.3860,0
1408,0,1355.3824,1356.1410,1356.4442,0.1115,0
1409,0,1356.2866,1357.0070,1357.3005,0.1105,0
1410,0,1357.1474,1358.1355,1358.4309,0.1117,0
1411,0,1358.2768,1358.9939,1359.3153,0.1154,0
1412,0,1359.1416,1359.8634,1360.1636,0.1102,0
1413,0,1360.0048,1360.9899,1361.4603,0.1167,0
1414,0,1361.1362,1362.0370,1362.3242,0.1120,0
1415,0,1362.1798,1362.8828,1363.2013,0.1146,0
1416,0,1363.0293,1363.9461,1364.3645,0.2513,0
1417,0,1364.2271,1364.9262,1365.2208,0.1091,0
1418,0,1365.0654,1365.7770,1366.0504,0.1003,0
1419,0,1365.9058,1366.9735,1367.2674,0.1118,0
1420,0,1367.1161,1367.8279,1368.1177,0.1101,0
1421,0,1367.9681,1368.6801,1368.9894,0.1041,0
1422,0,1368.8366,1369.7584,1370.0694,0.1140,0
1423,0,1369.9082,1370.6389,1370.9482,0.1141,0
1424,0,1370.7879,1371.5119,1371.8048,0.1119,0
1425,0,1371.6537,1372.4948,1372.8155,0.1175,0
1426,0,1372.6544,1373.3726,1373.6752,0.1124,0
1427,0,1373.5245,1374.2491,1374.5500,0.1026,0
1428,0,1374.3857,1375.3147,1375.5997,0.1106,0
1429,0,1375.4545,1376.1581,1376.4292,0.1130,0
1430,0,1376.2980,1376.9961,1377.3178,0.1393,0
1431,0,1377.1689,1378.0929,1378.3728,0.1167,0
1432,0,1378.2395,1378.9361,1379.2283,0.1098,0
1433,0,1379.0739,1379.7812,1380.0884,0.1091,0
1434,0,1379.9468,1380.8683,1381.1872,0.1144,0
1435,0,1381.0356,1381.7609,1382.0709,0.1135,0
1436,0,1381.9059,1382.6254,1382.9045,0.1138,0
1437,0,1382.7674,1383.6770,1383.9891,0.1204,0
1438,0,1383.8293,1384.5448,1384.8274,0.1185,0
1439,0,1384.6913,1385.3899,1385.6994,0.1038,0
1440,0,1385.5228,1386.5035,1386.8088,0.1134,0
1441,0,1386.6566,1387.3972,1387.6710,0.1061,0
1442,0,1387.5372,1388.2606,1388.8429,0.3766,0
1443,0,1388.6750,1389.4193,1389.7175,0.1217,0
1444,0,1389.5737,1390.2903,1390.5993,0.1181,0
1445,0,1390.4373,1391.1535,1391.6940,0.3459,0
1446,0,1391.5394,1392.2891,1392.5891,0.1240,0
1447,0,1392.4893,1393.2492,1393.5778,0.1124,0
1448,0,1393.4295,1394.4841,1394.7927,0.1200,0
1449,0,1394.6441,1395.3658,1395.6442,0.1075,0
1450,0,1395.5043,1396.2286,1396.6004,0.1104,0
1451,0,1396.3772,1397.2704,1397.7133,0.2703,0
1452,0,1397.5710,1398.2765,1398.5468,0.1105,0
1453,0,1398.4142,1399.1085,1399.3826,0.1119,0
1454,0,1399.2468,1400.1642,1400.4886,0.1692,0
1455,0,1400.3599,1401.0489,1401.3551,0.1101,0
1456,0,1401.1860,1401.9140,1402.1950,0.1062,0
1457,0,1402.0580,1402.9133,1403.2226,0.1184,0
1458,0,1403.0777,1403.8210,1404.1219,0.1132,0
1459,0,1403.9744,1404.7182,1405.0011,0.1023,0
1460,0,1404.8550,1405.6663,1405.9417,0.1099,0
1461,0,1405.8061,1406.5036,1406.7769,0.1140,0
1462,0,1406.6467,1407.3422,1407.6930,0.1120,0
1463,0,1407.4828,1408.5547,1408.8644,0.1129,0
1464,0,1408.7104,1409.4648,1409.7953,0.1169,0
1465,0,1409.6241,1410.3662,1410.6681,0.1113,0
1466,0,1410.5093,1411.4060,1411.7062,0.1118,0
1467,0,1411.5505,1412.2640,1412.5881,0.1178,0
1468,0,1412.4169,1413.1485,1413.5765,0.1080,0
1469,0,1413.3175,1414.4960,1414.7938,0.1152,0
1470,0,1414.6465,1415.3692,1415.6936,0.1200,0
1471,0,1415.5271,1416.5415,1416.8374,0.1114,0
1472,0,1416.6867,1417.4313,1417.7306,0.1165,0
1473,0,1417.5844,1418.3068,1418.5875,0.1139,0
1474,0,1418.4528,1419.4752,1419.7488,0.1145,0
1475,0,1419.6177,1420.3103,1420.5965,0.1119,0
1476,0,1420.4526,1421.1597,1421.4324,0.1123,0
1477,0,1421.3015,1422.2969,1422.6295,0.1151,0
1478,0,1422.4581,1423.2176,1423.5290,0.1060,0
1479,0,1423.3632,1424.0992,1424.4204,0.1018,0
1480,0,1424.2300,1425.2371,1425.5438,0.1215,0
1481,0,1425.3936,1426.1339,1426.4337,0.1145,0
1482,0,1426.2826,1427.0055,1427.2895,0.1159,0
1483,0,1427.1501,1428.1626,1428.4489,0.1170,0
1484,0,1428.3083,1429.0083,1429.3052,0.1132,0
1485,0,1429.1509,1429.8611,1430.3621,0.3156,0
1486,0,1430.2150,1430.9469,1431.2331,0.1129,0
1487,0,1431.0964,1431.8144,1432.0924,0.1127,0
1488,0,1431.9568,1432.6546,1433.3067,0.4548,0
1489,0,1433.1487,1433.9044,1434.1908,0.1139,0
1490,0,1434.0512,1434.7646,1435.0644,0.1165,0
1491,0,1434.9211,1435.9387,1436.2350,0.1145,0
1492,0,1436.0929,1436.8202,1437.0992,0.1120,0
1493,0,1436.9612,1437.6596,1437.9338,0.1118,0
1494,0,1437.8013,1438.7755,1439.0529,0.1177,0
1495,0,1438.9222,1439.6162,1439.9246,0.1155,0
1496,0,1439.7634,1440.5219,1440.8463,0.1157,0
1497,0,1440.6763,1441.6756,1442.0275,0.1636,0
1498,0,1441.8717,1442.5926,1442.9133,0.1178,0
1499,0,1442.7504,1443.4676,1443.8102,0.1144,0
1500,0,1443.6154,1444.6699,1444.9688,0.1137,0
1501,0,1444.8139,1445.5271,1445.8297,0.1144,0
1502,0,1445.6716,1446.3887,1446.7645,0.1559,0
1503,0,1446.6096,1447.5292,1447.8135,0.1115,0
1504,0,1447.6754,1448.3913,1448.6782,0.1150,0
1505,0,1448.5397,1449.2452,1449.5724,0.1380,0
1506,0,1449.4159,1450.2883,1450.5820,0.1181,0
1507,0,1450.4389,1451.1462,1451.4315,0.1155,0
1508,0,1451.2891,1452.0021,1452.2963,0.1126,0
1509,0,1452.1460,1453.0138,1453.3083,0.1165,0
1510,0,1453.1687,1453.9083,1454.2251,0.1136,0
1511,0,1454.0568,1454.7901,1455.0887,0.1090,0
1512,0,1454.9326,1455.8027,1456.0665,0.1085,0
1513,0,1455.9392,1456.6347,1456.9638,0.1265,0
1514,0,1456.8208,1457.5307,1457.8333,0.1441,0
1515,0,1457.7043,1458.5022,1458.8573,0.1699,0
1516,0,1458.7035,1459.4141,1459.7080,0.1088,0
1517,0,1459.5534,1460.2631,1460.5558,0.1040,0
1518,0,1460.3991,1461.2345,1461.5458,0.1187,0
1519,0,1461.3861,1462.1030,1462.4181,0.1112,0
1520,0,1462.2532,1463.0179,1463.4211,0.1068,0
1521,0,1463.1645,1464.2231,1464.5368,0.1119,0
1522,0,1464.3768,1465.1146,1465.4129,0.1122,0
1523,0,1465.2613,1465.9961,1466.5707,0.3887,0
1524,0,1466.4676,1467.1463,1467.4175,0.1118,0
1525,0,1467.2885,1467.9855,1468.2551,0.1108,0
1526,0,1468.1243,1468.8181,1469.1221,0.1136,0
1527,0,1468.9692,1469.8401,1470.1300,0.1148,0
1528,0,1469.9892,1470.7038,1471.0088,0.1143,0
1529,0,1470.8495,1471.5658,1471.8656,0.1096,0
1530,0,1471.7077,1472.5305,1472.8588,0.1186,0
1531,0,1472.6905,1473.4390,1473.7307,0.1185,0
1532,0,1473.5929,1474.2959,1474.5723,0.1114,0
1533,0,1474.4371,1475.3810,1475.6505,0.1088,0
1534,0,1475.5199,1476.2189,1476.4937,0.1122,0
1535,0,1476.3598,1477.0575,1477.3307,0.1136,0
1536,0,1477.1986,1478.0088,1478.3283,0.1192,0
1537,0,1478.1667,1478.8882,1479.1888,0.1110,0
1538,0,1479.0319,1479.7516,1480.1152,0.1434,0
1539,0,1479.9562,1480.8860,1481.1937,0.1104,0
1540,0,1481.0310,1481.7669,1482.0676,0.1126,0
1541,0,1481.9188,1482.6715,1482.9583,0.1114,0
1542,0,1482.8390,1483.6069,1483.9078,0.1106,0
1543,0,1483.7559,1484.4724,1484.7604,0.1148,0
1544,0,1484.6181,1485.3230,1485.6167,0.1065,0
1545,0,1485.4601,1486.3825,1486.6890,0.1120,0
1546,0,1486.5291,1487.2532,1487.6024,0.1111,0
1547,0,1487.4168,1488.1729,1488.4794,0.1113,0
1548,0,1488.3173,1489.2854,1489.5908,0.1114,0
1549,0,1489.4304,1490.1457,1490.4442,0.1127,0
1550,0,1490.2900,1491.0084,1491.3164,0.1168,0
1551,0,1491.1572,1491.9042,1492.2071,0.1129,0
1552,0,1492.0480,1492.7656,1493.0618,0.1118,0
1553,0,1492.9201,1493.6613,1493.9647,0.1257,0
1554,0,1493.8210,1494.6808,1494.9857,0.1126,0
1555,0,1494.8290,1495.5469,1495.8470,0.1115,0
1556,0,1495.6889,1496.4031,1496.7661,0.1596,0
1557,0,1496.6242,1497.5393,1497.8513,0.1101,0
1558,0,1497.6868,1498.4194,1498.7199,0.1107,0
1559,0,1498.5617,1499.2756,1499.5849,0.1115,0
1560,0,1499.4192,1500.3189,1500.5954,0.1122,0
1561,0,1500.4625,1501.1515,1501.4340,0.1124,0
1562,0,1501.2973,1502.0067,1502.2743,0.1028,0
1563,0,1502.1398,1503.0024,1503.3697,0.1136,0
1564,0,1503.1550,1504.0019,1504.3081,0.1124,0
1565,0,1504.1531,1504.9054,1505.4179,0.3438,0
1566,0,1505.7515,1506.3559,1506.7401,0.1126,0
1567,0,1506.5456,1507.4986,1507.8564,0.1797,0
1568,0,1507.7151,1508.4406,1508.8869,0.2547,0
1569,0,1508.7408,1509.4895,1509.7763,0.1136,0
1570,0,1509.6383,1510.3463,1510.6195,0.1036,0
1571,0,1510.4779,1511.3481,1511.6482,0.1143,0
1572,0,1511.4927,1512.2089,1512.5225,0.1125,0
1573,0,1512.3569,1513.1156,1513.4565,0.1133,0
1574,0,1513.2924,1514.2486,1514.5590,0.1119,0
1575,0,1514.4025,1515.1534,1515.4849,0.1079,0
1576,0,1515.3023,1516.0861,1516.6511,0.3712,0
1577,0,1516.4928,1517.2169,1517.5528,0.1104,0
1578,0,1517.3664,1518.1363,1518.4421,0.1161,0
1579,0,1518.2876,1519.3035,1519.6821,0.1566,0
1580,0,1519.5006,1520.2745,1520.5913,0.1117,0
1581,0,1520.4221,1521.1481,1521.5305,0.1122,0
1582,0,1521.2888,1522.3886,1522.6944,0.1147,0
1583,0,1522.5471,1523.2830,1523.5740,0.1081,0
1584,0,1523.4283,1524.1365,1524.4065,0.1075,0
1585,0,1524.2727,1525.2386,1525.5255,0.1189,0
1586,0,1525.3860,1526.0872,1526.3538,0.1119,0
1587,0,1526.2274,1526.9237,1527.1836,0.1009,0
1588,0,1527.0519,1528.0000,1528.2759,0.1151,0
1589,0,1528.1434,1528.8348,1529.1406,0.1193,0
1590,0,1528.9928,1529.7340,1530.0958,0.1509,0
1591,0,1529.9255,1530.8595,1531.1587,0.1199,0
1592,0,1531.0143,1531.7288,1532.0211,0.1164,0
1593,0,1531.8806,1532.5989,1532.8907,0.1064,0
1594,0,1532.7402,1533.5988,1533.8823,0.1114,0
1595,0,1533.7430,1534.4532,1534.7286,0.1150,0
1596,0,1534.5975,1535.4517,1535.9893,0.3456,0
1597,0,1535.8416,1536.5666,1536.8454,0.1102,0
1598,0,1536.7087,1537.4099,1537.6784,0.1123,0
1599,0,1537.5487,1538.2390,1538.5129,0.1157,0
1600,0,1538.3820,1539.1527,1539.4277,0.1129,0
1601,0,1539.2938,1539.9849,1540.2535,0.1121,0
1602,0,1540.1245,1540.8135,1541.1332,0.1063,0
1603,0,1540.9720,1541.8224,1542.1284,0.1136,0
1604,0,1541.9751,1542.7154,1543.0157,0.1122,0
1605,0,1542.8670,1543.5859,1543.8707,0.1042,0
1606,0,1543.7306,1544.5740,1544.8560,0.1154,0
1607,0,1544.7208,1545.4252,1545.7231,0.1078,0
1608,0,1545.5616,1546.2793,1546.6643,0.1068,0
1609,0,1546.4172,1547.2685,1547.7241,0.2675,0
1610,0,1547.5723,1548.3133,1548.6173,0.1141,0
1611,0,1548.4695,1549.2100,1549.5336,0.1246,0
1612,0,1549.3704,1550.2960,1550.6084,0.1178,0
1613,0,1550.4711,1551.1780,1551.5176,0.1108,0
1614,0,1551.3202,1552.1114,1552.4106,0.1115,0
1615,0,1552.2788,1553.1714,1553.5034,0.1166,0
1616,0,1553.3329,1554.1030,1554.3966,0.1116,0
1617,0,1554.2509,1554.9905,1555.5448,0.3791,0
1618,0,1555.4014,1556.1074,1556.3971,0.1103,0
1619,0,1556.2498,1556.9637,1557.2448,0.1147,0
1620,0,1557.1106,1558.0776,1558.3543,0.1136,0
1621,0,1558.2232,1558.9363,1559.2473,0.1149,0
1622,0,1559.0857,1559.8052,1560.1117,0.1097,0
1623,0,1559.9473,1560.9436,1561.2436,0.1112,0
1624,0,1561.0851,1561.7991,1562.1123,0.1121,0
1625,0,1561.9505,1562.7133,1563.0391,0.1181,0
1626,0,1562.8714,1563.8638,1564.2938,0.2656,0
1627,0,1564.1617,1564.8566,1565.1503,0.1108,0
1628,0,1565.0263,1566.0014,1566.3052,0.1159,0
1629,0,1566.1535,1566.9783,1567.3730,0.1535,0
1630,0,1567.1885,1567.9729,1568.3010,0.1076,0
1631,0,1568.1223,1568.8864,1569.2011,0.1089,0
1632,0,1569.0313,1569.7733,1570.0762,0.1169,0
1633,0,1569.9258,1570.6529,1570.9503,0.1137,0
1634,0,1570.7946,1571.5075,1571.7917,0.1059,0
1635,0,1571.6446,1572.5968,1572.8965,0.1244,0
1636,0,1572.7577,1573.4635,1573.7455,0.1151,0
1637,0,1573.6103,1574.3067,1574.5813,0.1127,0
1638,0,1574.4488,1575.3027,1575.5847,0.1067,0
1639,0,1575.4371,1576.1410,1576.4378,0.1113,0
1640,0,1576.2829,1577.0033,1577.2951,0.1069,0
1641,0,1577.1416,1578.0619,1578.3320,0.1142,0
1642,0,1578.2044,1578.8923,1579.1617,0.1106,0
1643,0,1579.0318,1579.7227,1580.0593,0.1660,0
1644,0,1579.9465,1580.8731,1581.1762,0.1104,0
1645,0,1581.0228,1581.7670,1582.0577,0.1100,0
1646,0,1581.9104,1582.6360,1582.9762,0.1121,0
1647,0,1582.8112,1583.8064,1584.1073,0.1094,0
1648,0,1583.9529,1584.6791,1584.9733,0.1148,0
1649,0,1584.8301,1585.5530,1586.1517,0.4005,0
1650,0,1585.9824,1586.7126,1587.0114,0.1108,0
1651,0,1586.8511,1587.5622,1587.8605,0.1113,0
1652,0,1587.7013,1588.6909,1589.0000,0.1175,0
1653,0,1588.8405,1589.5566,1589.8560,0.1123,0
1654,0,1589.6967,1590.4096,1590.7074,0.1155,0
1655,0,1590.5530,1591.5291,1591.8324,0.1120,0
1656,0,1591.6862,1592.4297,1592.7218,0.1128,0
1657,0,1592.5813,1593.3025,1593.5972,0.1104,0
1658,0,1593.4794,1594.5899,1594.9237,0.1197,0
1659,0,1594.7483,1595.4923,1595.8044,0.1161,0
1660,0,1595.6394,1596.3662,1596.6756,0.1081,0
1661,0,1596.5303,1597.6091,1597.9347,0.1173,0
1662,0,1597.7654,1598.5114,1598.9083,0.1108,0
1663,0,1598.6868,1599.7744,1600.1014,0.1146,0
1664,0,1599.9280,1600.6673,1600.9902,0.1177,0
1665,0,1600.8211,1601.5441,1601.8517,0.1158,0
1666,0,1601.6900,1602.6774,1602.9939,0.1211,0
1667,0,1602.8290,1603.5416,1603.8117,0.1069,0
1668,0,1603.6783,1604.3792,1604.6747,0.1138,0
1669,0,1604.5197,1605.5666,1605.8687,0.1155,0
1670,0,1605.7103,1606.4286,1606.7251,0.1115,0
1671,0,1606.5677,1607.2803,1607.6245,0.1114,0
1672,0,1607.4194,1608.4804,1608.7858,0.1210,0
1673,0,1608.6330,1609.3426,1609.6595,0.1048,0
1674,0,1609.4884,1610.2540,1610.5705,0.1074,0
1675,0,1610.4041,1611.2644,1611.5784,0.1148,0
1676,0,1611.4137,1612.1399,1612.4494,0.1096,0
1677,0,1612.2828,1613.0478,1613.4541,0.1133,0
1678,0,1613.2160,1614.2422,1614.7934,0.1639,0
1679,0,1614.4625,1615.4072,1615.8182,0.1196,0
1680,0,1615.6049,1616.7258,1617.1353,0.1102,0
1681,0,1616.9251,1617.7200,1618.0966,0.1101,0
1682,0,1617.9124,1618.6627,1619.0339,0.1202,0
1683,0,1618.8183,1619.7234,1620.0772,0.1137,0
1684,0,1619.8699,1620.6364,1621.0808,0.1164,0
1685,0,1620.7806,1621.3709,1621.6656,0.0902,0
1686,0,1621.4985,1622.3461,1622.9457,0.2656,0
1687,0,1622.6534,1623.4645,1623.8186,0.1073,0
1688,0,1623.6091,1624.3840,1624.6720,0.1149,0
1689,0,1624.5277,1625.4494,1625.7672,0.1183,0
1690,0,1625.5983,1626.3443,1626.6635,0.1128,0
1691,0,1626.4904,1627.2245,1627.5296,0.1108,0
1692,0,1627.3682,1628.3942,1628.7141,0.1109,0
1693,0,1628.5454,1629.3035,1629.9917,0.1352,0
1694,0,1629.4819,1630.7655,1631.0755,0.1112,0
1695,0,1630.9176,1631.6699,1631.9730,0.1155,0
1696,0,1631.8247,1632.5569,1632.8676,0.1215,0
1697,0,1632.7179,1633.5143,1633.8153,0.1154,0
1698,0,1633.6660,1634.3891,1634.6978,0.1146,0
1699,0,1634.5320,1635.2507,1635.5543,0.1077,0
1700,0,1635.3894,1636.3783,1636.6627,0.1168,0
1701,0,1636.5288,1637.2237,1637.4977,0.1126,0
1702,0,1637.3835,1638.0715,1638.3888,0.1540,0
1703,0,1638.2561,1639.0675,1639.3385,0.1131,0
1704,0,1639.2103,1639.9039,1640.2088,0.1112,0
1705,0,1640.0452,1640.7602,1641.0636,0.1062,0
1706,0,1640.8967,1641.8426,1642.1921,0.1636,0
1707,0,1642.0370,1642.7484,1643.0610,0.1164,0
1708,0,1642.8983,1643.6148,1643.9742,0.1635,0
1709,0,1643.8108,1644.7272,1645.0102,0.1229,0
1710,0,1644.8790,1645.5789,1645.8874,0.1126,0
1711,0,1645.7326,1646.4763,1646.8830,0.1203,0
1712,0,1646.6446,1647.5845,1647.8698,0.1125,0
1713,0,1647.7281,1648.4350,1648.7303,0.1099,0
1714,0,1648.5728,1649.2855,1649.5665,0.1081,0
1715,0,1649.4219,1650.4230,1650.6964,0.1167,0
1716,0,1650.5672,1651.2600,1651.5256,0.1115,0
1717,0,1651.3985,1652.0875,1652.3841,0.1144,0
1718,0,1652.2284,1653.0733,1653.4157,0.1190,0
1719,0,1653.2322,1653.9851,1654.2787,0.1103,0
1720,0,1654.1304,1654.8810,1655.1633,0.1150,0
1721,0,1655.0305,1655.7846,1656.0571,0.1134,0
1722,0,1655.9258,1656.6228,1656.8936,0.1121,0
1723,0,1656.7625,1657.4531,1657.7313,0.1145,0
1724,0,1657.5955,1658.5346,1658.8906,0.1650,0
1725,0,1658.7308,1659.4472,1659.7452,0.1109,0
1726,0,1659.5884,1660.3078,1660.7628,0.1946,0
1727,0,1660.5659,1661.4232,1661.7277,0.1129,0
1728,0,1661.5718,1662.3183,1662.6553,0.1187,0
1729,0,1662.4743,1663.2240,1663.7273,0.2996,0
1730,0,1663.5830,1664.3216,1664.5978,0.1116,0
1731,0,1664.4616,1665.1673,1665.4595,0.1111,0
1732,0,1665.3110,1666.0359,1666.2995,0.1125,0
1733,0,1666.2028,1667.0767,1667.3686,0.1129,0
1734,0,1667.2239,1667.9414,1668.2407,0.1115,0
1735,0,1668.0842,1668.8030,1669.1339,0.1138,0
1736,0,1668.9589,1669.8999,1670.1996,0.1174,0
1737,0,1670.0544,1670.7752,1671.0611,0.1124,0
1738,0,1670.9200,1671.6365,1671.9429,0.1178,0
1739,0,1671.7844,1672.6204,1672.9380,0.1189,0
1740,0,1672.7723,1673.5001,1673.7798,0.1116,0
1741,0,1673.6410,1674.3394,1674.6135,0.1145,0
1742,0,1674.4808,1675.3684,1675.7926,0.1128,0
1743,0,1675.5086,1676.4149,1676.7075,0.1128,0
1744,0,1676.5590,1677.5481,1677.8400,0.1217,0
1745,0,1677.7033,1678.4264,1678.7063,0.1081,0
1746,0,1678.5686,1679.2763,1679.5617,0.1114,0
1747,0,1679.4161,1680.3156,1680.7505,0.2642,0
1748,0,1680.6128,1681.3214,1681.6149,0.1110,0
1749,0,1681.4607,1682.1778,1682.5234,0.1187,0
1750,0,1682.3372,1683.4177,1683.7025,0.1111,0
1751,0,1683.5617,1684.2628,1684.5451,0.1139,0
1752,0,1684.4046,1685.1094,1685.4074,0.1061,0
1753,0,1685.2421,1686.2625,1686.5703,0.1152,0
1754,0,1686.4056,1687.1332,1687.4270,0.1113,0
1755,0,1687.2733,1687.9825,1688.2722,0.1095,0
1756,0,1688.1190,1689.1059,1689.3824,0.1205,0
1757,0,1689.2528,1689.9442,1690.2599,0.1112,0
1758,0,1690.0851,1690.8067,1691.2752,0.1097,0
1759,0,1690.9449,1692.0283,1692.3410,0.1166,0
1760,0,1692.1858,1692.9155,1693.2425,0.1108,0
1761,0,1693.0843,1693.8396,1694.4371,0.4059,0
1762,0,1694.2830,1695.0147,1695.3090,0.1112,0
1763,0,1695.1613,1695.8755,1696.1845,0.1144,0
1764,0,1696.0282,1696.9498,1697.3906,0.2596,0
1765,0,1697.2398,1697.9578,1698.2319,0.1145,0
1766,0,1698.1000,1698.7960,1699.0712,0.1140,0
1767,0,1698.9371,1699.9030,1700.1754,0.1171,0
1768,0,1700.0470,1700.7372,1701.0154,0.1104,0
1769,0,1700.8752,1701.5707,1701.8736,0.1119,0
1770,0,1701.7123,1702.6990,1703.0054,0.1141,0
1771,0,1702.8594,1703.5944,1703.8873,0.1052,0
1772,0,1703.7360,1704.4546,1704.7386,0.1187,0
1773,0,1704.6033,1705.7334,1706.0115,0.1201,0
1774,0,1705.8814,1706.5798,1706.8987,0.1162,0
1775,0,1706.7302,1707.4642,1707.7383,0.1083,0
1776,0,1707.6005,1708.5669,1708.8657,0.1138,0
1777,0,1708.7195,1709.4375,1709.7495,0.1112,0
1778,0,1709.5797,1710.3195,1710.6233,0.1297,0
1779,0,1710.4839,1711.3435,1711.6439,0.1149,0
1780,0,1711.4876,1712.2110,1712.5308,0.1112,0
1781,0,1712.3580,1713.1220,1713.4781,0.1096,0
1782,0,1713.2977,1714.2402,1714.5765,0.1167,0
1783,0,1714.3987,1715.1487,1715.4657,0.1193,0
1784,0,1715.3037,1716.0546,1716.3415,0.1130,0
1785,0,1716.2022,1717.0538,1717.3353,0.1075,0
1786,0,1717.1967,1717.9150,1718.1881,0.1133,0
1787,0,1718.0567,1718.7511,1719.0217,0.1124,0
1788,0,1718.8916,1719.8218,1720.1216,0.1152,0
1789,0,1719.9676,1720.6793,1720.9753,0.1110,0
1790,0,1720.8192,1721.5348,1721.8457,0.1126,0
1791,0,1721.7917,1722.6184,1722.9307,0.1232,0
1792,0,1722.7830,1723.5040,1723.8055,0.1119,0
1793,0,1723.6530,1724.3780,1724.9243,0.3836,0
1794,0,1724.7906,1725.4921,1725.7739,0.1100,0
1795,0,1725.6383,1726.3410,1726.6223,0.1132,0
1796,0,1726.4856,1727.1825,1727.7133,0.3756,0
1797,0,1727.5844,1728.2750,1728.5672,0.1113,0
1798,0,1728.4212,1729.1695,1729.4660,0.1126,0
1799,0,1729.3182,1730.2470,1730.6868,0.2598,0
1800,0,1730.5459,1731.2949,1731.5890,0.1085,0
1801,0,1731.4407,1732.1716,1740.2005,7.8197,0
1802,0,1740.0298,1741.1195,1741.5401,0.2066,0
1803,0,1741.3688,1742.2246,1742.5679,0.1209,0
1804,0,1742.3852,1743.1622,1743.4626,0.1102,0
1805,0,1743.3110,1744.2935,1744.7350,0.1218,0
1806,0,1744.4595,1745.2592,1745.5667,0.1146,0
1807,0,1745.4118,1746.2122,1746.6802,0.1177,0
1808,0,1746.4076,1747.5216,1747.8495,0.1302,0
1809,0,1747.6929,1748.4119,1748.8546,0.1035,0
1810,0,1748.5507,1749.4303,1749.9627,0.3447,0
1811,0,1749.8123,1750.5487,1750.9064,0.1223,0
1812,0,1750.7126,1751.4727,1751.7809,0.1135,0
1813,0,1751.6260,1752.5850,1752.9323,0.1213,0
1814,0,1752.7638,1753.5779,1754.0219,0.1188,0
1815,0,1753.7362,1754.6580,1755.0014,0.1099,0
1816,0,1754.8048,1755.8387,1756.2200,0.1421,0
1817,0,1756.0513,1756.8272,1757.1546,0.1139,0
1818,0,1756.9946,1757.7643,1758.0958,0.1124,0
1819,0,1757.9159,1758.7948,1759.1024,0.1129,0
1820,0,1758.9450,1759.7017,1760.0262,0.1208,0
1821,0,1759.8602,1760.8568,1761.1825,0.1098,0
1822,0,1761.0095,1761.7741,1762.1340,0.1324,0
1823,0,1761.9459,1762.7861,1763.2361,0.1117,0
1824,0,1762.9345,1764.0629,1764.4248,0.1383,0
1825,0,1764.2420,1765.0356,1765.3490,0.1141,0
1826,0,1765.1882,1765.9621,1766.4386,0.1144,0
1827,0,1766.1382,1767.2022,1767.5927,0.1161,0
1828,0,1767.4035,1768.1604,1768.5155,0.1217,0
1829,0,1768.3241,1769.3174,1769.6188,0.1129,0
1830,0,1769.4669,1770.1900,1770.5036,0.1163,0
1831,0,1770.3485,1771.1258,1771.5667,0.1117,0
1832,0,1771.3164,1772.4366,1772.7372,0.1187,0
1833,0,1772.6140,1773.6445,1773.9566,0.1122,0
1834,0,1773.7951,1774.7591,1775.0926,0.1217,0
1835,0,1774.9336,1775.6856,1776.2173,0.1155,0
1836,0,1775.8463,1776.7168,1777.1312,0.1136,0
1837,0,1776.8685,1777.9580,1778.2405,0.1162,0
1838,0,1778.1039,1778.8138,1779.1063,0.1132,0
1839,0,1778.9594,1779.6682,1779.9577,0.1099,0
1840,0,1779.8107,1780.6713,1780.9843,0.1205,0
1841,0,1780.8259,1781.5470,1781.9231,0.1999,0
1842,0,1781.7764,1782.4886,1783.0625,0.1895,0
1843,0,1782.7765,1783.7785,1784.3886,0.1154,0
1844,0,1783.9295,1784.9006,1785.2102,0.1151,0
1845,0,1785.0525,1786.1504,1786.4445,0.1157,0
1846,0,1786.3020,1787.0187,1787.4206,0.1132,0
1847,0,1787.1604,1787.9504,1788.3005,0.1089,0
1848,0,1788.0911,1789.0719,1789.3418,0.1091,0
1849,0,1789.2113,1789.9093,1790.3438,0.1146,0
1850,0,1790.0529,1790.8441,1791.2014,0.1763,0
1851,0,1791.0794,1791.9870,1792.3181,0.1137,0
1852,0,1792.2372,1792.9258,1793.3015,0.1120,0
1853,0,1793.1003,1793.9256,1794.5019,0.3718,0
1854,0,1794.3372,1795.0850,1795.6183,0.1131,0
1855,0,1795.2315,1796.1842,1796.7097,0.1134,0
1856,0,1796.3321,1797.3754,1797.6786,0.1160,0
1857,0,1797.5297,1798.2560,1798.6468,0.1145,0
1858,0,1798.4039,1799.1302,1799.7636,0.1095,0
1859,0,1799.2732,1800.4162,1800.7735,0.1148,0
1860,0,1800.5678,1801.3014,1801.7535,0.1130,0
1861,0,1801.4450,1802.3355,1802.9394,0.2604,0
1862,0,1802.6405,1803.5417,1803.8964,0.1107,0
1863,0,1803.6855,1804.4088,1804.7035,0.1100,0
1864,0,1804.5514,1805.6209,1806.0970,0.1145,0
1865,0,1805.7737,1806.6754,1807.0931,0.1114,0
1866,0,1806.8180,1807.5665,1807.9399,0.1548,0
1867,0,1807.7536,1808.6314,1808.9855,0.1090,0
1868,0,1808.7937,1809.5587,1809.8435,0.1149,0
1869,0,1809.7061,1810.4107,1810.7815,0.1040,0
1870,0,1810.5698,1811.5059,1811.8112,0.1132,0
1871,0,1811.6553,1812.3784,1812.6953,0.1147,0
1872,0,1812.5484,1813.2880,1813.9866,0.1130,0
1873,0,1813.4879,1814.6379,1814.9340,0.1144,0
1874,0,1814.7865,1815.5157,1816.7114,0.1311,0
1875,0,1815.6910,1816.7041,1817.2420,0.1155,0
1876,0,1816.8458,1817.4673,1817.8173,0.0837,0
1877,0,1817.5872,1818.3869,1818.8013,0.1128,0
1878,0,1818.5296,1819.6391,1819.9177,0.1140,0
1879,0,1819.7823,1820.4883,1820.8557,0.1142,0
1880,0,1820.6536,1821.4252,1821.7846,0.1840,0
1881,0,1821.6628,1822.5343,1822.9714,0.1160,0
1882,0,1822.6891,1823.5420,1823.9374,0.1058,0
1883,0,1823.6809,1824.4780,1824.9746,0.2175,0
1884,0,1824.7716,1825.5374,1825.8474,0.1141,0
1885,0,1825.6919,1826.4260,1826.8052,0.1153,0
1886,0,1826.5725,1827.6016,1827.9131,0.1331,0
1887,0,1827.7674,1828.4755,1828.7585,0.1033,0
1888,0,1828.6188,1829.4675,1829.8945,0.1131,0
1889,0,1829.6164,1830.7124,1831.2209,0.1165,0
1890,0,1830.8713,1831.7931,1832.0852,0.1118,0
1891,0,1831.9399,1832.6593,1834.9743,0.1134,0
1892,0,1832.8128,1833.5535,1836.0219,0.0470,0
1893,0,1835.0447,1836.0102,1836.7266,0.0510,0
1894,0,1836.1143,1836.7942,1837.0392,0.0629,0
1895,0,1836.8906,1837.6184,1837.9224,0.1097,0
1896,0,1837.7614,1838.7516,1839.1119,0.1144,0
1897,0,1838.9005,1839.6377,1839.9296,0.1096,0
1898,0,1839.7794,1840.5079,1840.8120,0.1147,0
1899,0,1840.6645,1841.7520,1842.0447,0.1148,0
1900,0,1841.9002,1842.6081,1842.8966,0.1119,0
1901,0,1842.7536,1843.4620,1843.8476,0.1100,0
1902,0,1843.6044,1844.7189,1845.0111,0.1151,0
1903,0,1844.8626,1845.5717,1845.8567,0.1133,0
1904,0,1845.7169,1846.4232,1846.7764,0.1712,0
1905,0,1846.6396,1847.6449,1847.9470,0.1126,0
1906,0,1847.7994,1848.5814,1848.9295,0.1175,0
1907,0,1848.7458,1849.5280,1850.0359,0.3300,0
1908,0,1849.8928,1850.6722,1851.9768,1.1071,0
1909,0,1851.8159,1853.1630,1853.5270,0.1171,0
1910,0,1853.3229,1854.9147,1855.2499,0.1247,0
1911,0,1855.0807,1856.0781,1856.4009,0.1165,0
1912,0,1856.2479,1857.0131,1857.3007,0.1112,0
1913,0,1857.1587,1858.1204,1858.4292,0.1198,0
1914,0,1858.2752,1859.0009,1859.2831,0.1116,0
1915,0,1859.1415,1859.8450,1860.1322,0.1122,0
1916,0,1859.9933,1860.9662,1861.2781,0.1309,0
1917,0,1861.1353,1861.8501,1862.1278,0.1103,0
1918,0,1861.9895,1862.7381,1863.2517,0.1121,0
1919,0,1862.9028,1864.0375,1864.3618,0.1312,0
1920,0,1864.2082,1864.9389,1865.2379,0.1243,0
1921,0,1865.0939,1865.8422,1866.1945,0.1565,0
1922,0,1866.0439,1866.9808,1867.3224,0.1144,0
1923,0,1867.1351,1867.9082,1868.3776,0.1098,0
1924,0,1868.1392,1870.8245,1871.7334,0.6883,0
1925,0,1871.5563,1873.2169,1873.7072,0.2329,0
1926,0,1873.4947,1874.5875,1875.0189,0.2294,0
1927,0,1874.8572,1875.5946,1875.9102,0.1242,0
1928,0,1875.7559,1876.4981,1876.9340,0.1279,0
1929,0,1876.6913,1878.1872,1878.5556,0.1151,0
1930,0,1878.3414,1879.2358,1879.6318,0.1175,0
1931,0,1879.3969,1880.5101,1880.8672,0.1224,0
1932,0,1880.6754,1881.4526,1881.8212,0.1252,0
1933,0,1881.6173,1882.4015,1884.0358,0.1370,0
1934,0,1882.5765,1883.4687,1884.2443,0.0457,0
1935,0,1884.1013,1884.8258,1885.4453,0.1201,0
1936,0,1884.9807,1886.3163,1887.0887,0.2839,0
1937,0,1887.0550,1887.7103,1888.0325,0.1121,0
1938,0,1887.8654,1888.9438,1889.2520,0.1148,0
1939,0,1889.1001,1889.8672,1890.1903,0.1094,0
1940,0,1890.0122,1890.8245,1891.1776,0.1611,0
1941,0,1891.0270,1891.8995,1892.2049,0.1187,0
1942,0,1892.0523,1892.7781,1893.1168,0.1251,0
1943,0,1892.9417,1893.6851,1893.9850,0.1127,0
1944,0,1893.8355,1894.7260,1895.0502,0.1367,0
1945,0,1894.8983,1895.6460,1895.9562,0.1236,0
1946,0,1895.8038,1896.5616,1896.8809,0.1123,0
1947,0,1896.7149,1897.5296,1897.8323,0.1141,0
1948,0,1897.6801,1898.4353,1898.8068,0.1165,0
1949,0,1898.5870,1899.3646,1899.6695,0.1094,0
1950,0,1899.5099,1900.3374,1900.6487,0.1128,0
1951,0,1900.4917,1901.2368,1901.6945,0.2635,0
1952,0,1901.5374,1902.3520,1903.1693,0.5274,0
1953,0,1902.9269,1903.7410,1904.0619,0.1140,0
1954,0,1903.8911,1904.6360,1905.0019,0.1090,0
1955,0,1904.7777,1905.7045,1906.0078,0.1217,0
1956,0,1905.8630,1906.5713,1907.0887,0.1124,0
1957,0,1906.7194,1907.3164,1907.8295,0.0847,0
1958,0,1907.4418,1908.5724,1908.8712,0.1065,0
1959,0,1908.7278,1909.5789,1910.3733,0.1118,0
1960,0,1909.7366,1910.4004,1910.7413,0.0805,0
1961,0,1910.5197,1911.3682,1911.8638,0.1087,0
1962,0,1911.5343,1912.6220,1912.9634,0.1116,0
1963,0,1912.8028,1914.2337,1914.5457,0.1208,0
1964,0,1914.3916,1915.1702,1915.5268,0.1103,0
1965,0,1915.3191,1916.1626,1916.7150,0.3608,0
1966,0,1916.5589,1917.3187,1917.6160,0.1139,0
1967,0,1917.4681,1918.2091,1919.4897,0.9288,0
1968,0,1919.1751,1920.0601,1920.4611,0.1147,0
1969,0,1920.2377,1921.0464,1922.2022,0.1153,0
1970,0,1921.1987,1922.1961,1922.9028,0.0500,0
1971,0,1922.2761,1923.4932,1923.9330,0.1101,0
1972,0,1923.6440,1924.4730,1925.1827,0.3324,0
1973,0,1924.8503,1925.4685,1926.0055,0.0801,0
1974,0,1925.5895,1926.2586,1926.6793,0.0958,0
1975,0,1926.3921,1927.2631,1927.7411,0.1548,0
1976,0,1927.4595,1928.3593,1928.7318,0.1101,0
1977,0,1928.5151,1929.2718,1929.5738,0.1210,0
1978,0,1929.4264,1930.4023,1930.8094,0.1133,0
1979,0,1930.5609,1931.3838,1931.8197,0.1766,0
1980,0,1931.6149,1932.4301,1932.7446,0.1221,0
1981,0,1932.5923,1933.5808,1934.0811,0.1123,0
1982,0,1933.7332,1934.6564,1934.9692,0.1136,0
1983,0,1934.8065,1935.5400,1937.3075,0.3513,0
1984,0,1935.9253,1937.3011,1938.0168,0.0478,0
1985,0,1937.3752,1938.0136,1938.7085,0.2776,0
1986,0,1938.3202,1939.5129,1940.2606,0.2138,0
1987,0,1940.0861,1940.9116,1941.6119,0.1457,0
1988,0,1941.0973,1942.0217,1942.4742,0.0896,0
1989,0,1942.1474,1943.0517,1943.4440,0.1095,0
1990,0,1943.2029,1944.2133,1944.5451,0.1364,0
1991,0,1944.3872,1945.1623,1945.6213,0.1118,0
1992,0,1945.3067,1946.1272,1946.6842,0.1107,0
1993,0,1946.2686,1947.4972,1947.8092,0.1114,0
1994,0,1947.6462,1948.7652,1949.2868,0.1172,0
1995,0,1948.9194,1950.1052,1950.5529,0.1355,0
1996,0,1950.2878,1951.1664,1951.5442,0.1100,0
1997,0,1951.3169,1952.1194,1952.6796,0.1131,0
1998,0,1952.2795,1953.2632,1953.6459,0.1167,0
1999,0,1953.4610,1954.2742,1954.7261,0.1152,0
2000,0,1954.4233,1955.4934,1955.8105,0.1225,0
2001,0,1955.6605,1956.3846,1956.8261,0.1124,0
2002,0,1956.5340,1957.4043,1957.7774,0.1110,0
2003,0,1957.5447,1958.5665,1959.0079,0.1135,0
2004,0,1958.7114,1959.5784,1960.0297,0.1132,0
2005,0,1959.7313,1960.6236,1961.0711,0.2383,0
2006,0,1960.9198,1961.6528,1962.0882,0.1174,0
2007,0,1961.8167,1962.6642,1963.0935,0.1118,0
2008,0,1962.8137,1963.9453,1964.2515,0.1306,0
2009,0,1964.1077,1964.8147,1965.1965,0.1138,0
2010,0,1964.9607,1965.7615,1966.3021,0.1087,0
2011,0,1965.9020,1966.8815,1967.1656,0.1155,0
2012,0,1967.0292,1967.7326,1968.0941,0.1129,0
2013,0,1967.8749,1968.5760,1968.9902,0.1514,0
2014,0,1968.7695,1969.6235,1969.9385,0.1120,0
2015,0,1969.7836,1970.5159,1970.9389,0.1138,0
2016,0,1970.6636,1971.5136,1972.2889,0.1241,0
2017,0,1971.6873,1972.4246,1972.8276,0.0810,0
2018,0,1972.5495,1973.3513,1973.6781,0.1133,0
2019,0,1973.5170,1974.2564,1974.6462,0.1285,0
2020,0,1974.4378,1975.3145,1975.7506,0.1151,0
2021,0,1975.4867,1976.3260,1976.6208,0.1138,0
2022,0,1976.4735,1977.2278,1977.9774,0.3528,0
2023,0,1977.6338,1978.5746,1978.9640,0.1135,0
2024,0,1978.7189,1979.5291,1979.9832,0.1147,0
2025,0,1979.6729,1980.7530,1981.2285,0.1128,0
2026,0,1980.9000,1981.8464,1982.3082,0.1154,0
2027,0,1981.9904,1983.2404,1983.5591,0.1117,0
2028,0,1983.4029,1984.1249,1984.4022,0.1132,0
2029,0,1984.2682,1984.9688,1985.2452,0.1126,0
2030,0,1985.1104,1986.0808,1986.5471,0.1394,0
2031,0,1986.2520,1987.1114,1987.4196,0.1140,0
2032,0,1987.2606,1988.0019,1988.4346,0.1083,0
2033,0,1988.1451,1989.1749,1989.6850,0.1258,0
2034,0,1989.3662,1990.3651,1990.7032,0.1188,0
2035,0,1990.5265,1991.5455,1991.9271,0.1718,0
2036,0,1991.7582,1992.5045,1992.9058,0.1141,0
2037,0,1992.6561,1993.4324,1993.8638,0.1128,0
2038,0,1993.6008,1994.6688,1995.1144,0.1137,0
2039,0,1994.8141,1995.6770,1996.1728,0.1118,0
2040,0,1995.8248,1996.9623,1997.2650,0.1142,0
2041,0,1997.1155,1997.8420,1998.3293,0.1131,0
2042,0,1997.9896,1998.9211,1999.4855,0.1133,0
2043,0,1999.0719,2000.1399,2000.4517,0.1155,0
2044,0,2000.3053,2001.0433,2001.4678,0.1102,0
2045,0,2001.1875,2002.0460,2002.3167,0.1036,0
2046,0,2002.2071,2003.0968,2003.5824,0.1167,0
2047,0,2003.2618,2004.1468,2004.5250,0.1130,0
2048,0,2004.2952,2005.3451,2005.6867,0.1228,0
2049,0,2006.0188,2006.6992,2007.3278,0.1115,0
2050,0,2007.0878,2007.9172,2008.2197,0.1141,0
2051,0,2008.0691,2008.8831,2009.3070,0.1085,0
2052,0,2009.0312,2009.8788,2010.3345,0.1185,0
2053,0,2010.0265,2011.1620,2011.6122,0.1121,0
2054,0,2011.3107,2012.1903,2012.5011,0.1101,0
2055,0,2012.3388,2013.0718,2013.7931,0.1964,0
2056,0,2013.3254,2014.4150,2014.8444,0.1170,0
2057,0,2014.5847,2015.4588,2015.7642,0.1153,0
2058,0,2015.6085,2016.5831,2017.0329,0.1160,0
2059,0,2016.7620,2017.5548,2017.8976,0.1141,0
2060,0,2017.7005,2018.4677,2019.0659,0.1126,0
2061,0,2018.6090,2019.7540,2020.5159,0.1167,0
2062,0,2019.9028,2020.5198,2020.9151,0.0680,0
2063,0,2020.6430,2021.4410,2021.8114,0.1776,0
2064,0,2021.6759,2022.5316,2022.8398,0.1132,0
2065,0,2022.6862,2023.4114,2023.8477,0.1149,0
2066,0,2023.5994,2024.4252,2024.9919,0.3494,0
2067,0,2024.8384,2025.5725,2025.9927,0.1142,0
2068,0,2025.7198,2026.5621,2026.9651,0.1086,0
2069,0,2026.7026,2027.8775,2028.1790,0.1157,0
2070,0,2028.0306,2028.7538,2029.2310,0.1130,0
2071,0,2028.9063,2029.7266,2030.1169,0.2042,0
2072,0,2029.9840,2030.8128,2031.1212,0.1163,0
2073,0,2030.9681,2031.6944,2031.9932,0.1139,0
2074,0,2031.8466,2032.5712,2032.8717,0.1078,0
2075,0,2032.7408,2033.6248,2033.9600,0.1163,0
2076,0,2033.7760,2034.5075,2034.8064,0.1167,0
2077,0,2034.6601,2035.3770,2036.0118,0.1500,0
2078,0,2035.5897,2036.3144,2036.6537,0.0796,0
2079,0,2036.4345,2037.2217,2037.6154,0.1150,0
2080,0,2037.3683,2038.1860,2038.4745,0.1054,0
2081,0,2038.3966,2039.2450,2039.7378,0.1149,0
2082,0,2039.3964,2040.3175,2040.6909,0.1170,0
2083,0,2040.4680,2041.5055,2041.9133,0.1145,0
2084,0,2041.6547,2042.4830,2042.8810,0.1105,0
2085,0,2042.6296,2043.4496,2043.8984,0.1105,0
2086,0,2043.5912,2044.5986,2044.9014,0.1123,0
2087,0,2044.7433,2045.4713,2045.8775,0.1121,0
2088,0,2045.6203,2046.4446,2046.8195,0.1940,0
2089,0,2046.6709,2047.5379,2047.8498,0.1156,0
2090,0,2047.6904,2048.4177,2048.7922,0.1083,0
2091,0,2048.5722,2049.4812,2050.1075,0.3571,0
2092,0,2049.8756,2050.6598,2051.2994,0.1131,0
2093,0,2050.8310,2051.4787,2051.7165,0.0632,0
2094,0,2051.5755,2052.2976,2052.8005,0.2558,0
2095,0,2052.5944,2053.3432,2053.6557,0.1127,0
2096,0,2053.4950,2054.2307,2054.5397,0.1123,0
2097,0,2054.4205,2055.5014,2055.9545,0.1138,0
2098,0,2055.6697,2056.5808,2056.8897,0.1157,0
2099,0,2056.7562,2057.4739,2057.7745,0.1133,0
2100,0,2057.6196,2058.5661,2058.8998,0.1289,0
2101,0,2058.7363,2059.4602,2059.9201,0.1130,0
2102,0,2059.6085,2060.4142,2060.7378,0.1142,0
2103,0,2060.5919,2061.3892,2061.6988,0.1170,0
2104,0,2061.5452,2062.2755,2062.7374,0.1212,0
2105,0,2062.4402,2063.3357,2063.8879,0.3611,0
2106,0,2063.7375,2064.4677,2064.7658,0.1165,0
2107,0,2064.6190,2065.3295,2065.7885,0.1139,0
2108,0,2065.4759,2066.5268,2066.9772,0.1144,0
2109,0,2066.6816,2067.5030,2067.7875,0.1132,0
2110,0,2067.6468,2068.3564,2068.8315,0.1092,0
2111,0,2068.5056,2069.6255,2070.1057,0.1151,0
2112,0,2069.7742,2070.6547,2070.9333,0.1132,0
2113,0,2070.7947,2071.5040,2071.7914,0.1050,0
2114,0,2071.6687,2072.5452,2072.9686,0.1160,0
2115,0,2072.7018,2073.5445,2073.9196,0.1152,0
2116,0,2073.6891,2074.4842,2074.9226,0.2457,0
2117,0,2074.7709,2075.5157,2075.8784,0.1112,0
2118,0,2075.6688,2076.4113,2076.7863,0.1140,0
2119,0,2076.5568,2077.5842,2077.9237,0.1302,0
2120,0,2077.7511,2078.4836,2078.7914,0.1208,0
2121,0,2078.6354,2079.3380,2079.6623,0.1125,0
2122,0,2079.4802,2080.4769,2080.8345,0.1135,0
2123,0,2080.6223,2081.4106,2081.7732,0.1259,0
2124,0,2081.5866,2082.3467,2082.7069,0.1122,0
2125,0,2082.5019,2083.5103,2083.9399,0.1113,0
2126,0,2083.6557,2084.4450,2084.7327,0.1156,0
2127,0,2084.5901,2085.2942,2085.6902,0.1572,0
2128,0,2085.5071,2086.3912,2086.8374,0.1134,0
2129,0,2086.5439,2087.3541,2087.6412,0.1148,0
2130,0,2087.4983,2088.2189,2088.5765,0.1017,0
2131,0,2088.3802,2089.2800,2089.7035,0.1139,0
2132,0,2089.4292,2090.2311,2090.5113,0.1075,0
2133,0,2090.3788,2091.4725,2091.9296,0.1162,0
2134,0,2091.6312,2092.5096,2092.9206,0.1171,0
2135,0,2092.6680,2093.4851,2093.8845,0.1129,0
2136,0,2093.6595,2094.6951,2094.9861,0.1143,0
2137,0,2094.8402,2095.5492,2095.9589,0.1122,0
2138,0,2095.6906,2096.4728,2096.7840,0.1525,0
2139,0,2096.6802,2097.5311,2098.3357,0.1163,0
2140,0,2097.6858,2098.8328,2099.2018,0.1185,0
2141,0,2098.9843,2100.0470,2100.3437,0.1165,0
2142,0,2100.2005,2100.9139,2101.2168,0.1131,0
2143,0,2101.0563,2101.7603,2102.1335,0.1105,0
2144,0,2101.9010,2102.9848,2103.3214,0.1204,0
2145,0,2103.1589,2103.9536,2104.2436,0.1150,0
2146,0,2104.1019,2104.8196,2105.0927,0.1009,0
2147,0,2104.9756,2105.8469,2106.1571,0.1172,0
2148,0,2106.0237,2106.7403,2107.0195,0.1142,0
2149,0,2106.8854,2107.5853,2107.9251,0.1482,0
2150,0,2107.7916,2108.6954,2109.0838,0.1160,0
2151,0,2108.8603,2109.7146,2110.0400,0.1161,0
2152,0,2109.8691,2110.6191,2111.2096,0.2432,0
2153,0,2110.9029,2111.7289,2112.1764,0.1166,0
2154,0,2111.8786,2112.8194,2113.7449,0.1140,0
2155,0,2113.0200,2114.3468,2115.1904,0.1152,0
2156,0,2114.7362,2115.7807,2116.4864,0.1082,0
2157,0,2116.1105,2117.2405,2117.8427,0.1148,0
2158,0,2117.5857,2118.4179,2118.9145,0.1127,0
2159,0,2118.5654,2119.6935,2120.1779,0.1126,0
2160,0,2119.8389,2120.6740,2121.1080,0.1134,0
2161,0,2120.8268,2121.7051,2122.7635,0.4231,0
2162,0,2122.1688,2122.8837,2123.5099,0.0604,0
2163,0,2123.0591,2124.1031,2124.4772,0.1094,0
2164,0,2124.2500,2125.1524,2126.1506,0.1495,0
2165,0,2125.3473,2126.1439,2126.3683,0.0502,0
2166,0,2126.2167,2126.9230,2127.5892,0.1385,0
2167,0,2127.1805,2127.7932,2128.4072,0.3104,0
2168,0,2128.1640,2128.9490,2129.3280,0.1099,0
2169,0,2129.1136,2129.9616,2130.6519,0.3547,0
2170,0,2130.3563,2131.1934,2131.7394,0.1165,0
2171,0,2131.3490,2132.2052,2132.5341,0.1591,0
2172,0,2132.4173,2133.3979,2133.7207,0.1136,0
2173,0,2133.5519,2134.2925,2134.7041,0.1144,0
2174,0,2134.4393,2135.2679,2135.6750,0.1068,0
2175,0,2135.4065,2136.5065,2136.7961,0.1196,0
2176,0,2136.6559,2137.3720,2137.6625,0.1126,0
2177,0,2137.5169,2138.2258,2138.6562,0.1125,0
2178,0,2138.3690,2139.2511,2139.5596,0.1139,0
2179,0,2139.4011,2140.1353,2140.4281,0.1131,0
2180,0,2140.2787,2141.0075,2141.5656,0.1108,0
2181,0,2141.1753,2142.1561,2142.4786,0.1129,0
2182,0,2142.3250,2143.1048,2143.4607,0.1091,0
2183,0,2143.2549,2144.2506,2144.8635,0.1155,0
2184,0,2144.4021,2145.0199,2145.2850,0.0867,0
2185,0,2145.1402,2145.8528,2146.1361,0.1088,0
2186,0,2145.9917,2146.9498,2147.4084,0.1145,0
2187,0,2147.0995,2147.9740,2148.3486,0.1132,0
2188,0,2148.1162,2148.9146,2149.2983,0.1154,0
2189,0,2149.0609,2150.1357,2150.5204,0.1181,0
2190,0,2150.2898,2151.1017,2151.4045,0.1100,0
2191,0,2151.2456,2151.9752,2152.3165,0.1483,0
2192,0,2152.1830,2153.0369,2153.4062,0.1301,0
2193,0,2153.2091,2153.9777,2154.2624,0.1161,0
2194,0,2154.1249,2154.8407,2155.1564,0.1194,0
2195,0,2154.9969,2155.7509,2156.2402,0.1153,0
2196,0,2155.9020,2156.7926,2157.0732,0.1150,0
2197,0,2156.9354,2157.6346,2158.0503,0.1072,0
2198,0,2157.8003,2158.7902,2159.2003,0.1176,0
2199,0,2158.9497,2159.7609,2160.0753,0.1114,0
2200,0,2159.9035,2160.9117,2161.3314,0.1213,0
2201,0,2161.0734,2161.9097,2162.4499,0.1101,0
2202,0,2162.0550,2162.9659,2163.3141,0.1107,0
2203,0,2163.1097,2164.1179,2164.4905,0.1115,0
2204,0,2164.2614,2165.0427,2165.5161,0.1115,0
2205,0,2165.1873,2166.0104,2166.7189,0.3743,0
2206,0,2166.4564,2167.2832,2167.5812,0.1153,0
2207,0,2167.4303,2168.1393,2168.5666,0.1101,0
2208,0,2168.2953,2169.6700,2170.0994,0.1176,0
2209,0,2169.8267,2170.6751,2171.1535,0.1103,0
2210,0,2170.8246,2171.7240,2172.4135,0.3472,0
2211,0,2172.1103,2173.0026,2173.3197,0.1166,0
2212,0,2173.2341,2173.9324,2174.4455,0.1127,0
2213,0,2174.0974,2175.1340,2175.5479,0.1149,0
2214,0,2175.2879,2176.1012,2176.6637,0.1138,0
2215,0,2176.2820,2176.9276,2177.4987,0.0506,0
2216,0,2177.2700,2178.2315,2178.6524,0.1160,0
2217,0,2178.4042,2179.2265,2179.5340,0.1127,0
2218,0,2179.3710,2180.3706,2180.6723,0.1201,0
2219,0,2180.5311,2181.2408,2181.6568,0.1114,0
2220,0,2181.3847,2182.1676,2182.7411,0.1152,0
2221,0,2182.3387,2183.5942,2184.1398,0.1224,0
2222,0,2183.7542,2184.6854,2185.0903,0.1116,0
2223,0,2184.8306,2185.9051,2186.2005,0.1115,0
2224,0,2186.0533,2186.7795,2187.1512,0.1139,0
2225,0,2186.9244,2187.7111,2188.1087,0.1123,0
2226,0,2187.8545,2188.9782,2189.2761,0.1149,0
2227,0,2189.1298,2189.8542,2190.2408,0.1134,0
2228,0,2189.9961,2190.8062,2191.1988,0.1091,0
2229,0,2190.9452,2191.9895,2192.3026,0.1148,0
2230,0,2192.1475,2192.8801,2193.2833,0.1170,0
2231,0,2193.0281,2193.8460,2194.4266,0.3517,0
2232,0,2194.2615,2195.0021,2195.3032,0.1100,0
2233,0,2195.1515,2195.8772,2196.2222,0.1157,0
2234,0,2196.0255,2196.9940,2197.4357,0.1132,0
2235,0,2197.1423,2198.0173,2198.3184,0.1140,0
2236,0,2198.1665,2198.8943,2199.1817,0.1166,0
2237,0,2199.0657,2200.0727,2200.3711,0.1163,0
2238,0,2200.2247,2200.9347,2201.3820,0.1132,0
2239,0,2201.0764,2201.9440,2202.4570,0.2066,0
2240,0,2202.2858,2203.1164,2203.5836,0.1099,0
2241,0,2203.2811,2204.1214,2204.5265,0.1127,0
2242,0,2204.2895,2205.3453,2206.4791,0.1156,0
2243,0,2205.4938,2206.1244,2207.1602,0.0447,0
2244,0,2206.5416,2207.1555,2207.9037,0.0974,0
2245,0,2207.2809,2207.8953,2208.8433,0.3287,0
2246,0,2208.2538,2208.8770,2209.5904,0.0892,0
2247,0,2209.0403,2210.1335,2210.8878,0.1145,0
2248,0,2210.2770,2211.0437,2212.0202,0.3298,0
2249,0,2211.4048,2212.0138,2212.7754,0.0966,0
2250,0,2212.1320,2212.7684,2213.5189,0.0548,0
2251,0,2212.8443,2213.5111,2214.4011,0.2553,0
2252,0,2213.7989,2214.4177,2215.1252,0.0886,0
2253,0,2214.5381,2215.1343,2215.8232,0.0906,0
2254,0,2215.2533,2215.8426,2216.5965,0.0933,0
2255,0,2215.9635,2216.8210,2217.5411,0.0955,0
2256,0,2216.9441,2217.5356,2218.2636,0.0995,0
2257,0,2217.6550,2218.2556,2219.0942,0.0887,0
2258,0,2218.3661,2219.0861,2220.0122,0.2132,0
2259,0,2219.3320,2220.0048,2220.6723,0.0442,0
2260,0,2220.0715,2220.6682,2221.3849,0.1004,0
2261,0,2220.7873,2221.3767,2222.2498,0.0949,0
2262,0,2221.4938,2222.3560,2223.0155,0.0850,0
2263,0,2222.4975,2223.4804,2224.4891,0.1002,0
2264,0,2223.6195,2224.4818,2225.2080,0.0530,0
2265,0,2224.5574,2225.2665,2226.0162,0.0924,0
2266,0,2225.3895,2226.0084,2226.6866,0.0770,0
2267,0,2226.1081,2226.6910,2227.4910,0.0869,0
2268,0,2226.8103,2227.4798,2228.4037,0.2411,0
2269,0,2227.7613,2228.3958,2229.1370,0.0877,0
2270,0,2228.5065,2229.1353,2229.9092,0.0687,0
2271,0,2229.2207,2229.9023,2230.6534,0.0436,0
2272,0,2229.9672,2230.6680,2231.3924,0.0879,0
2273,0,2230.7905,2231.3842,2232.0170,0.0946,0
2274,0,2231.5018,2232.0936,2232.4144,0.1200,0
2275,0,2232.2536,2233.0300,2240.9052,7.6043,0
2276,0,2240.6846,2241.7006,2242.2491,0.3452,0
2277,0,2242.0922,2243.0685,2243.4300,0.1115,0
2278,0,2243.2197,2244.2106,2245.0454,0.5765,0
2279,0,2244.8285,2245.8545,2246.1613,0.1161,0
2280,0,2246.0082,2246.7374,2247.3150,0.3951,0
2281,0,2247.1670,2247.8763,2248.1852,0.1105,0
2282,0,2248.0182,2248.7523,2249.0742,0.1178,0
2283,0,2248.9044,2249.8995,2250.2123,0.1179,0
2284,0,2250.0496,2250.7734,2251.0818,0.1116,0
2285,0,2250.9161,2251.6321,2251.9354,0.1143,0
2286,0,2251.7784,2252.8402,2253.1736,0.1203,0
2287,0,2252.9971,2253.7331,2254.0234,0.1129,0
2288,0,2253.8757,2254.5826,2254.9665,0.1127,0
2289,0,2254.7265,2255.7711,2256.0679,0.1105,0
2290,0,2255.9175,2256.6667,2256.9587,0.1139,0
2291,0,2256.8162,2257.5381,2257.8609,0.1564,0
2292,0,2257.7236,2258.6518,2258.9317,0.1163,0
2293,0,2258.7975,2259.4933,2259.7989,0.1110,0
2294,0,2259.6381,2260.3570,2260.6875,0.1055,0
2295,0,2260.5206,2261.5576,2261.8596,0.1118,0
2296,0,2261.7028,2262.4518,2262.7519,0.1133,0
2297,0,2262.6046,2263.3392,2263.8451,0.3326,0
2298,0,2263.7057,2264.4093,2264.6894,0.1108,0
2299,0,2264.5488,2265.2480,2265.5299,0.1129,0
2300,0,2265.3914,2266.0906,2266.6538,0.3750,0
2301,0,2266.4968,2267.2170,2267.5269,0.1136,0
2302,0,2267.3620,2268.0881,2268.4192,0.1118,0
2303,0,2268.2666,2269.5209,2269.8431,0.1165,0
2304,0,2269.6739,2270.4126,2270.7146,0.1124,0
2305,0,2270.5552,2271.2730,2271.6284,0.1125,0
2306,0,2271.4167,2272.4459,2272.7737,0.1182,0
2307,0,2272.6038,2273.3284,2273.6583,0.1163,0
2308,0,2273.4766,2274.2201,2274.5410,0.1424,0
2309,0,2274.3938,2275.2521,2275.5356,0.1143,0
2310,0,2275.3982,2276.1041,2276.3801,0.1148,0
2311,0,2276.2484,2276.9447,2277.2738,0.1133,0
2312,0,2277.1097,2278.1313,2278.4531,0.1147,0
2313,0,2278.2844,2279.0262,2279.3064,0.1127,0
2314,0,2279.1689,2279.8736,2280.1811,0.1124,0
2315,0,2280.0159,2280.9388,2281.2413,0.1151,0
2316,0,2281.0857,2281.7968,2282.0907,0.1098,0
2317,0,2281.9375,2282.6456,2282.9621,0.1156,0
2318,0,2282.7935,2283.6603,2283.9550,0.1073,0
2319,0,2283.8061,2284.5267,2284.8256,0.1122,0
2320,0,2284.6741,2285.4016,2285.7378,0.1065,0
2321,0,2285.5957,2286.3447,2286.6240,0.1130,0
2322,0,2286.4888,2287.1898,2287.4612,0.1124,0
2323,0,2287.3300,2288.0244,2288.3202,0.1055,0
2324,0,2288.1608,2289.1297,2289.4347,0.1210,0
2325,0,2289.2816,2290.0080,2290.3137,0.1130,0
2326,0,2290.1727,2290.8825,2291.2052,0.1352,0
2327,0,2291.0499,2291.9716,2292.2452,0.1146,0
2328,0,2292.1158,2292.8129,2293.0841,0.1143,0
2329,0,2292.9551,2293.6449,2294.0397,0.1492,0
2330,0,2293.8571,2294.8890,2295.1782,0.1111,0
2331,0,2295.0336,2295.7534,2296.0350,0.1142,0
2332,0,2295.8995,2296.6100,2297.1113,0.3391,0
2333,0,2296.9780,2297.6804,2297.9936,0.1142,0
2334,0,2297.8302,2298.5539,2298.8318,0.1109,0
2335,0,2298.6927,2299.3890,2299.9954,0.3865,0
2336,0,2299.8256,2300.5682,2300.8393,0.1115,0
2337,0,2300.7092,2301.4056,2301.7025,0.1126,0
2338,0,2301.5464,2302.2660,2302.7375,0.2600,0
2339,0,2302.5864,2303.3396,2303.6422,0.1075,0
2340,0,2303.4865,2304.2139,2304.5005,0.1142,0
2341,0,2304.3600,2305.0614,2305.5756,0.3484,0
2342,0,2305.4408,2306.1416,2306.4188,0.1098,0
2343,0,2306.2826,2306.9780,2307.2493,0.1126,0
2344,0,2307.1178,2307.8126,2308.2702,0.2674,0
2345,0,2308.1111,2308.8297,2309.1347,0.1144,0
2346,0,2308.9839,2309.7523,2310.0730,0.1167,0
2347,0,2309.9029,2310.8748,2311.3390,0.2548,0
2348,0,2311.1697,2311.9057,2312.1803,0.1115,0
2349,0,2312.0471,2312.7410,2313.0546,0.1163,0
2350,0,2312.8902,2313.9418,2314.2261,0.1141,0
2351,0,2314.0875,2314.7860,2315.0882,0.1146,0
2352,0,2314.9327,2315.6528,2315.9934,0.1161,0
2353,0,2315.8112,2316.8613,2317.1352,0.1163,0
2354,0,2317.0057,2317.7018,2317.9741,0.1122,0
2355,0,2317.8417,2318.5351,2318.8320,0.1125,0
2356,0,2318.6749,2319.6907,2320.0001,0.1215,0
2357,0,2319.8426,2320.5558,2320.8537,0.1103,0
2358,0,2320.6972,2321.4114,2321.7679,0.1620,0
2359,0,2321.6062,2322.5352,2322.8569,0.1210,0
2360,0,2322.6932,2323.4180,2323.7336,0.1186,0
2361,0,2323.5717,2324.2868,2324.6402,0.1112,0
2362,0,2324.4873,2325.2370,2325.5536,0.1073,0
2363,0,2325.3810,2326.1240,2326.4292,0.1131,0
2364,0,2326.2697,2326.9968,2327.3397,0.1447,0
2365,0,2327.1973,2328.1736,2328.4712,0.1160,0
2366,0,2328.3186,2329.0477,2329.3328,0.1042,0
2367,0,2329.1855,2329.9065,2330.3733,0.2527,0
2368,0,2330.2216,2331.0665,2331.3655,0.1118,0
2369,0,2331.2141,2331.9343,2332.2300,0.1126,0
2370,0,2332.0803,2332.8038,2333.3719,0.3561,0
2371,0,2333.2042,2333.9749,2334.2691,0.1094,0
2372,0,2334.1190,2334.8542,2335.1503,0.1150,0
2373,0,2335.0035,2336.0131,2336.3274,0.1144,0
2374,0,2336.1647,2336.9096,2337.2118,0.1103,0
2375,0,2337.0516,2337.7701,2338.0742,0.1131,0
2376,0,2337.9147,2338.9483,2339.2497,0.1129,0
2377,0,2339.0924,2339.8036,2340.0994,0.1114,0
2378,0,2339.9447,2340.6561,2340.9764,0.1107,0
2379,0,2340.7963,2341.8371,2342.1360,0.1119,0
2380,0,2341.9794,2342.6946,2343.0170,0.1199,0
2381,0,2342.8525,2343.5622,2343.8434,0.1034,0
2382,0,2343.6928,2344.7066,2344.9769,0.1149,0
2383,0,2344.8488,2345.5350,2345.8090,0.1116,0
2384,0,2345.6736,2346.3650,2346.7143,0.0997,0
2385,0,2346.4933,2347.5585,2347.8673,0.1158,0
2386,0,2347.7098,2348.4562,2348.7697,0.1114,0
2387,0,2348.6039,2349.3424,2349.6535,0.1484,0
2388,0,2349.5211,2350.3995,2350.6822,0.1165,0
2389,0,2350.5463,2351.2419,2351.5166,0.1135,0
2390,0,2351.3832,2352.0820,2352.3994,0.1142,0
2391,0,2352.3086,2353.1521,2353.4676,0.1143,0
2392,0,2353.3102,2354.0625,2354.3606,0.1124,0
2393,0,2354.2113,2354.9290,2355.5319,0.3958,0
2394,0,2355.3619,2356.1265,2356.4324,0.1099,0
2395,0,2356.2724,2357.0062,2357.2766,0.1131,0
2396,0,2357.1481,2357.8387,2358.3171,0.2900,0
2397,0,2358.1594,2358.8746,2359.1699,0.1102,0
2398,0,2359.0151,2359.7205,2360.0213,0.1153,0
2399,0,2359.8662,2360.5759,2361.1152,0.3477,0
2400,0,2360.9546,2361.6702,2361.9472,0.1158,0
2401,0,2361.8137,2362.5020,2362.7911,0.1114,0
2402,0,2362.6518,2363.5551,2363.9733,0.2437,0
2403,0,2363.8335,2364.5319,2364.8198,0.1106,0
2404,0,2364.6752,2365.3792,2365.6692,0.1146,0
2405,0,2365.5221,2366.4652,2366.8144,0.1628,0
2406,0,2366.6569,2367.3737,2367.6693,0.1101,0
2407,0,2367.5144,2368.2239,2368.5211,0.1093,0
2408,0,2368.3643,2369.3509,2369.6544,0.1122,0
2409,0,2369.5057,2370.2511,2370.5871,0.1186,0
2410,0,2370.4107,2371.1539,2371.4589,0.1135,0
2411,0,2371.2993,2372.3161,2372.6158,0.1132,0
2412,0,2372.4717,2373.2158,2373.5608,0.1194,0
2413,0,2373.3810,2374.1376,2374.4258,0.1080,0
2414,0,2374.2774,2375.2718,2375.5621,0.1167,0
2415,0,2375.4457,2376.1339,2376.4142,0.1139,0
2416,0,2376.2797,2376.9741,2377.3027,0.1690,0
2417,0,2377.1725,2378.0009,2378.2692,0.1063,0
2418,0,2378.1366,2378.8320,2379.1277,0.1098,0
2419,0,2378.9727,2379.6825,2380.0922,0.1064,0
2420,0,2379.8194,2380.9271,2381.2484,0.1204,0
2421,0,2381.0804,2381.8055,2382.0871,0.1136,0
2422,0,2381.9501,2382.6449,2382.9555,0.1130,0
2423,0,2382.7911,2383.7385,2384.0358,0.1145,0
2424,0,2383.8838,2384.5943,2384.8912,0.1100,0
2425,0,2384.7347,2385.4467,2385.7439,0.1113,0
2426,0,2385.5881,2386.4421,2386.7186,0.1126,0
2427,0,2386.5856,2387.2775,2387.5519,0.1121,0
2428,0,2387.4164,2388.1121,2388.4142,0.1459,0
2429,0,2388.2861,2389.1551,2389.4577,0.1141,0
2430,0,2389.3020,2390.0155,2390.3091,0.1112,0
2431,0,2390.1572,2390.8661,2391.2853,0.1674,0
2432,0,2391.0776,2392.0043,2392.3330,0.1196,0
2433,0,2392.1627,2392.9099,2393.2132,0.1135,0
2434,0,2393.0539,2393.7710,2394.0658,0.1125,0
2435,0,2393.9180,2394.7746,2395.0682,0.1146,0
2436,0,2394.9197,2395.6323,2395.9285,0.1122,0
2437,0,2395.7794,2396.4914,2396.7948,0.1073,0
2438,0,2396.6543,2397.6271,2397.9212,0.1103,0
2439,0,2397.7688,2398.4901,2398.7744,0.1026,0
2440,0,2398.6263,2399.3490,2399.6379,0.1209,0
2441,0,2399.4995,2400.3161,2400.6033,0.1069,0
2442,0,2400.4523,2401.1683,2401.4748,0.1110,0
2443,0,2401.3118,2402.0365,2402.3295,0.1048,0
2444,0,2402.1714,2403.0953,2403.4377,0.1174,0
2445,0,2403.2530,2403.9985,2404.2911,0.1134,0
2446,0,2404.1434,2404.8672,2405.1761,0.1150,0
2447,0,2405.0143,2405.8370,2406.1095,0.1090,0
2448,0,2405.9760,2406.6736,2406.9731,0.1113,0
2449,0,2406.8144,2407.5271,2407.8713,0.1580,0
2450,0,2407.7167,2408.6328,2408.9733,0.1168,0
2451,0,2408.7914,2409.5600,2409.8568,0.1166,0
2452,0,2409.7112,2410.4396,2410.7215,0.1126,0
2453,0,2410.5826,2411.4443,2411.7889,0.1155,0
2454,0,2411.6028,2412.3575,2412.6825,0.1186,0
2455,0,2412.5083,2413.2390,2413.8018,0.3256,0
2456,0,2413.6366,2414.3772,2414.6661,0.1093,0
2457,0,2414.5254,2415.2289,2415.5191,0.1121,0
2458,0,2415.3738,2416.0897,2416.5965,0.3446,0
2459,0,2416.4636,2417.1615,2417.4502,0.1168,0
2460,0,2417.3100,2418.0060,2418.2747,0.1144,0
2461,0,2418.1477,2418.8365,2419.3907,0.3688,0
2462,0,2419.2355,2419.9518,2420.2202,0.1125,0
2463,0,2420.0915,2420.7762,2421.0707,0.1121,0
2464,0,2420.9181,2421.6320,2422.1666,0.3754,0
2465,0,2422.0347,2422.7277,2423.0176,0.1172,0
2466,0,2422.8780,2423.5747,2423.8480,0.1054,0
2467,0,2423.7110,2424.4189,2424.9873,0.3821,0
2468,0,2424.8300,2425.5542,2425.8217,0.1111,0
2469,0,2425.6925,2426.3801,2426.6581,0.1116,0
2470,0,2426.5187,2427.2198,2427.8017,0.3773,0
2471,0,2427.6339,2428.3780,2428.6792,0.1079,0
2472,0,2428.5292,2429.2702,2429.5541,0.1038,0
2473,0,2429.4066,2430.3384,2430.7729,0.2482,0
2474,0,2430.6303,2431.3493,2431.6321,0.1126,0
2475,0,2431.4930,2432.1952,2432.4765,0.1155,0
2476,0,2432.3409,2433.4035,2433.7102,0.1146,0
2477,0,2433.5597,2434.2793,2434.5822,0.1125,0
2478,0,2434.4271,2435.1506,2435.5001,0.1136,0
2479,0,2435.2951,2436.3664,2436.6664,0.1195,0
2480,0,2436.5186,2437.2231,2437.5078,0.1153,0
2481,0,2437.3699,2438.0632,2438.3370,0.1090,0
2482,0,2438.2005,2439.1606,2439.4483,0.1176,0
2483,0,2439.3091,2440.0102,2440.3094,0.1120,0
2484,0,2440.1538,2440.8712,2441.2133,0.1483,0
2485,0,2441.0516,2441.9802,2442.2827,0.1161,0
2486,0,2442.1268,2442.8383,2443.1928,0.1192,0
2487,0,2443.0051,2443.8014,2444.3748,0.3910,0
2488,0,2444.2234,2444.9571,2445.2567,0.1105,0
2489,0,2445.1041,2445.8161,2446.1015,0.1125,0
2490,0,2445.9580,2446.8457,2447.2413,0.2156,0
2491,0,2447.1015,2447.8456,2448.2095,0.1763,0
2492,0,2448.0593,2448.7832,2449.0785,0.1146,0
2493,0,2448.9319,2449.9127,2450.2867,0.1618,0
2494,0,2450.1175,2450.8581,2451.1344,0.1114,0
2495,0,2450.9987,2451.6941,2451.9805,0.1178,0
2496,0,2451.8429,2452.8130,2453.1398,0.1187,0
2497,0,2452.9722,2453.6878,2454.0076,0.1163,0
2498,0,2453.8385,2454.5606,2454.8688,0.1145,0
2499,0,2454.7036,2455.7247,2456.0212,0.1111,0
2500,0,2455.8661,2456.5800,2456.8763,0.1131,0
2501,0,2456.7226,2457.4286,2457.7475,0.1111,0
2502,0,2457.5713,2458.5508,2458.9009,0.1397,0
2503,0,2458.7271,2459.4584,2459.7669,0.1108,0
2504,0,2459.6199,2460.3281,2460.6481,0.1280,0
2505,0,2460.4884,2461.3587,2461.6864,0.1316,0
2506,0,2461.5234,2462.2434,2462.5620,0.1175,0
2507,0,2462.3935,2463.1164,2463.4684,0.1386,0
2508,0,2463.3142,2464.2966,2464.6085,0.1154,0
2509,0,2464.4517,2465.1664,2465.4449,0.1107,0
2510,0,2465.3092,2466.0044,2466.2748,0.1137,0
2511,0,2466.1475,2466.9962,2467.2915,0.1099,0
2512,0,2467.1372,2467.8417,2468.1392,0.1102,0
2513,0,2467.9817,2468.6806,2469.0629,0.1698,0
2514,0,2468.8884,2469.8998,2470.2032,0.1118,0
2515,0,2470.0457,2470.7631,2471.0695,0.1130,0
2516,0,2470.9071,2471.6160,2471.9126,0.1123,0
2517,0,2471.7591,2472.4880,2472.7836,0.1208,0
2518,0,2472.6448,2473.3322,2473.6319,0.1133,0
2519,0,2473.4805,2474.2110,2474.5464,0.1413,0
2520,0,2474.3915,2475.2540,2475.5649,0.1151,0
2521,0,2475.4020,2476.1082,2476.4041,0.1106,0
2522,0,2476.2490,2476.9507,2477.2380,0.1037,0
2523,0,2477.0854,2478.0255,2478.3243,0.1115,0
2524,0,2478.1677,2478.8671,2479.1590,0.1100,0
2525,0,2479.0073,2479.7042,2480.0708,0.1099,0
2526,0,2479.8442,2480.8893,2481.1963,0.1145,0
2527,0,2481.0342,2481.7371,2482.0424,0.1123,0
2528,0,2481.8815,2482.5742,2482.8853,0.1341,0
2529,0,2482.7422,2483.6051,2483.9297,0.1191,0
2530,0,2483.7617,2484.4687,2484.7626,0.1260,0
2531,0,2484.6261,2485.3051,2485.6427,0.1595,0
2532,0,2485.4926,2486.4001,2486.7004,0.1120,0
2533,0,2486.5466,2487.2365,2487.5815,0.1121,0
2534,0,2487.3788,2488.1308,2488.4502,0.1270,0
2535,0,2488.2915,2489.2042,2489.4944,0.1134,0
2536,0,2489.3514,2490.0573,2490.4314,0.1215,0
2537,0,2490.2523,2490.9774,2491.2617,0.1063,0
2538,0,2491.1178,2491.9538,2492.2354,0.1155,0
2539,0,2492.1001,2492.7771,2493.0593,0.1121,0
2540,0,2492.9233,2493.6066,2493.9351,0.1136,0
2541,0,2493.7605,2494.7038,2494.9975,0.1138,0
2542,0,2494.8561,2495.5581,2495.8563,0.1108,0
2543,0,2495.7008,2496.3982,2496.7278,0.1056,0
2544,0,2496.5586,2497.5701,2497.8700,0.1107,0
2545,0,2497.7155,2498.4192,2498.7076,0.1042,0
2546,0,2498.5580,2499.2614,2499.5340,0.1029,0
2547,0,2499.3971,2500.2796,2500.5778,0.1121,0
2548,0,2500.4252,2501.1161,2501.4189,0.1115,0
2549,0,2501.2588,2501.9587,2502.2542,0.1047,0
2550,0,2502.0946,2502.9129,2503.2597,0.1208,0
2551,0,2503.0805,2503.8316,2504.1309,0.1113,0
2552,0,2503.9752,2504.6714,2504.9526,0.1059,0
2553,0,2504.8113,2505.7352,2506.0149,0.1134,0
2554,0,2506.3297,2506.9167,2507.2815,0.1115,0
2555,0,2507.1060,2508.0083,2508.4397,0.2642,0
2556,0,2508.3067,2508.9824,2509.2577,0.1091,0
2557,0,2509.1207,2509.7941,2510.0679,0.1133,0
2558,0,2509.9353,2510.6056,2510.8710,0.1111,0
2559,0,2510.7444,2511.5780,2511.8780,0.1114,0
2560,0,2511.7211,2512.4118,2512.7326,0.1193,0
2561,0,2512.5708,2513.2654,2513.7773,0.3291,0
2562,0,2513.6263,2514.3340,2514.6403,0.1134,0
2563,0,2514.4833,2515.1853,2515.4544,0.1040,0
2564,0,2515.3200,2516.0034,2516.2758,0.1129,0
2565,0,2516.1461,2516.9849,2517.2589,0.1161,0
2566,0,2517.1295,2517.8039,2518.1007,0.1092,0
2567,0,2517.9435,2518.6362,2518.9850,0.1627,0
2568,0,2518.8295,2519.7348,2520.0329,0.1144,0
2569,0,2519.8802,2520.5710,2520.8670,0.1102,0
2570,0,2520.7111,2521.4049,2521.7157,0.1091,0
2571,0,2521.5483,2522.3643,2522.6749,0.1148,0
2572,0,2522.5253,2523.2300,2523.5295,0.1080,0
2573,0,2523.3747,2524.0688,2524.3904,0.1102,0
2574,0,2524.2089,2525.2000,2525.5335,0.1648,0
2575,0,2525.3931,2526.0658,2526.3653,0.1123,0
2576,0,2526.2082,2526.9020,2527.1923,0.1054,0
2577,0,2527.0370,2527.9857,2528.2844,0.1117,0
2578,0,2528.1269,2528.8124,2529.1195,0.1131,0
2579,0,2528.9592,2529.6562,2529.9493,0.1110,0
2580,0,2529.7954,2530.8811,2531.1613,0.1157,0
2581,0,2531.0256,2531.7025,2531.9674,0.1094,0
2582,0,2531.8398,2532.5108,2532.8639,0.1717,0
2583,0,2532.7229,2533.5675,2533.8514,0.1163,0
2584,0,2533.7140,2534.3897,2534.6964,0.1124,0
2585,0,2534.5359,2535.2758,2535.5920,0.1114,0
2586,0,2535.4211,2536.2849,2536.6077,0.1185,0
2587,0,2536.4407,2537.1415,2537.5140,0.1114,0
2588,0,2537.2905,2538.0904,2538.4583,0.1759,0
2589,0,2538.3027,2539.2206,2539.5278,0.1211,0
2590,0,2539.3769,2540.0800,2540.3606,0.1145,0
2591,0,2540.2240,2540.9005,2541.1851,0.1233,0
2592,0,2541.0543,2542.0148,2542.2982,0.1149,0
2593,0,2542.1776,2542.8475,2543.1491,0.1120,0
2594,0,2542.9911,2543.6913,2543.9988,0.1158,0
2595,0,2543.8514,2544.6051,2544.9099,0.1134,0
2596,0,2544.7555,2545.4567,2545.7876,0.1142,0
2597,0,2545.6236,2546.3253,2546.7113,0.1085,0
2598,0,2546.4636,2547.5059,2547.7996,0.1131,0
2599,0,2547.6511,2548.3514,2548.6706,0.1112,0
2600,0,2548.4950,2549.2281,2549.5626,0.1352,0
2601,0,2549.3967,2550.3150,2550.5907,0.1137,0
2602,0,2550.4577,2551.1362,2551.4017,0.1119,0
2603,0,2551.2756,2551.9431,2552.2527,0.1122,0
2604,0,2552.0957,2552.9168,2553.2620,0.1215,0
2605,0,2553.0847,2553.8334,2554.1210,0.1114,0
2606,0,2553.9802,2554.6676,2554.9776,0.1076,0
2607,0,2554.8086,2555.7974,2556.0784,0.1063,0
2608,0,2555.9376,2556.6400,2556.9087,0.1120,0
2609,0,2556.7803,2557.4497,2557.7346,0.1074,0
2610,0,2557.5919,2558.5646,2558.8684,0.1137,0
2611,0,2558.7090,2559.4005,2559.7037,0.1118,0
2612,0,2559.5432,2560.2394,2560.5337,0.1057,0
2613,0,2560.3747,2561.3259,2561.6265,0.1114,0
2614,0,2561.4677,2562.1615,2562.4771,0.1096,0
2615,0,2562.3090,2563.0514,2563.3855,0.1092,0
2616,0,2563.1972,2564.2123,2564.5319,0.1145,0
2617,0,2564.3641,2565.0817,2565.3747,0.1104,0
2618,0,2565.2257,2565.9239,2566.2354,0.1109,0
2619,0,2566.1180,2566.9260,2567.2091,0.1148,0
2620,0,2567.0728,2567.7586,2568.0793,0.1164,0
2621,0,2567.9082,2568.6622,2568.9622,0.1068,0
2622,0,2568.8060,2569.6862,2570.0118,0.1184,0
2623,0,2569.8389,2570.5518,2570.8585,0.1090,0
2624,0,2570.6922,2571.3969,2571.7175,0.1094,0
2625,0,2571.5446,2572.5048,2572.8426,0.1204,0
2626,0,2572.6710,2573.3936,2573.7021,0.1139,0
2627,0,2573.5481,2574.2529,2574.5600,0.1127,0
2628,0,2574.3998,2575.3053,2575.5873,0.1161,0
2629,0,2575.4533,2576.1468,2576.4295,0.1128,0
2630,0,2576.2921,2576.9885,2577.3019,0.1488,0
2631,0,2577.1660,2577.9768,2578.2961,0.1122,0
2632,0,2578.1279,2578.8678,2579.2475,0.1759,0
2633,0,2579.0819,2579.7953,2580.1664,0.1231,0
2634,0,2579.9817,2580.9072,2581.2215,0.1108,0
2635,0,2581.0561,2581.7689,2582.0923,0.1102,0
2636,0,2581.9199,2582.6654,2582.9680,0.1165,0
2637,0,2582.8198,2583.6609,2583.9711,0.1106,0
2638,0,2583.8161,2584.5674,2584.9032,0.1154,0
2639,0,2584.7485,2585.4672,2585.7540,0.1134,0
2640,0,2585.6123,2586.3441,2586.6418,0.1159,0
2641,0,2586.4893,2587.1841,2587.4850,0.1112,0
2642,0,2587.3259,2588.0285,2588.3228,0.1077,0
2643,0,2588.1659,2589.0911,2589.4417,0.1634,0
2644,0,2589.2859,2589.9766,2590.2713,0.1098,0
2645,0,2590.1168,2590.8058,2591.0760,0.1021,0
2646,0,2590.9366,2591.9074,2592.1833,0.1125,0
2647,0,2592.0474,2592.7189,2593.0001,0.1113,0
2648,0,2592.8633,2593.5434,2593.8410,0.1089,0
2649,0,2593.6866,2594.6641,2594.9714,0.1210,0
2650,0,2594.8150,2595.5087,2595.8081,0.1155,0
2651,0,2595.6546,2596.3419,2596.6940,0.1066,0
2652,0,2596.4780,2597.5077,2597.8077,0.1098,0
2653,0,2597.6531,2598.3759,2598.6895,0.1088,0
2654,0,2598.5200,2599.2377,2599.5966,0.1517,0
2655,0,2599.4285,2600.3474,2600.6262,0.1157,0
2656,0,2600.4938,2601.1701,2601.4402,0.1124,0
2657,0,2601.3103,2601.9861,2602.3084,0.1588,0
2658,0,2602.1728,2603.0074,2603.3263,0.1146,0
2659,0,2603.1662,2603.9018,2604.2263,0.1118,0
2660,0,2604.0506,2604.7991,2605.1369,0.1292,0
2661,0,2604.9649,2605.9094,2606.1885,0.1169,0
2662,0,2606.0582,2606.7383,2607.0336,0.1097,0
2663,0,2606.8788,2607.5719,2607.8889,0.1214,0
2664,0,2607.7257,2608.6236,2608.9425,0.1167,0
2665,0,2608.7763,2609.4775,2609.7886,0.1184,0
2666,0,2609.6250,2610.3326,2610.6630,0.1422,0
2667,0,2610.5055,2611.3670,2611.6738,0.1130,0
2668,0,2611.5117,2612.2112,2612.5246,0.1102,0
2669,0,2612.3572,2613.0952,2613.4926,0.1515,0
2670,0,2613.3146,2614.2943,2614.6048,0.1155,0
2671,0,2614.4497,2615.1847,2615.6950,0.1276,0
2672,0,2615.3618,2616.4809,2616.8664,0.1198,0
2673,0,2616.6767,2617.4129,2617.8679,0.1203,0
2674,0,2617.6073,2618.4076,2618.9096,0.1147,0
2675,0,2618.5868,2619.6861,2620.0617,0.1161,0
2676,0,2619.8336,2620.5781,2620.9435,0.1127,0
2677,0,2620.7193,2621.4342,2621.9512,0.1707,0
2678,0,2621.6580,2622.6352,2623.0327,0.1411,0
2679,0,2622.8283,2623.6047,2623.9583,0.1094,0
2680,0,2623.7474,2624.4724,2624.8872,0.1173,0
2681,0,2624.6195,2625.3892,2625.7169,0.1120,0
2682,0,2625.5390,2626.2560,2626.5499,0.1140,0
2683,0,2626.4296,2627.1256,2627.4155,0.1121,0
2684,0,2627.2695,2628.1914,2628.5602,0.1527,0
2685,0,2628.3841,2629.1050,2629.3951,0.1064,0
2686,0,2629.2433,2629.9469,2630.4147,0.2556,0
2687,0,2630.2363,2631.1119,2631.4371,0.1081,0
2688,0,2631.2568,2632.0284,2632.3099,0.1133,0
2689,0,2632.1719,2632.8546,2633.4125,0.3736,0
2690,0,2633.2648,2633.9942,2634.3079,0.1135,0
2691,0,2634.1440,2634.8553,2635.1621,0.1124,0
2692,0,2635.0003,2635.9679,2636.2436,0.1149,0
2693,0,2636.1112,2636.7832,2637.1010,0.1169,0
2694,0,2636.9352,2637.6379,2637.9335,0.1108,0
2695,0,2637.7788,2638.4649,2639.0288,0.3944,0
2696,0,2638.8910,2639.5675,2639.8446,0.1109,0
2697,0,2639.7085,2640.3822,2640.6541,0.1120,0
2698,0,2640.5217,2641.1933,2641.7715,0.3812,0
2699,0,2641.6088,2642.3264,2642.6769,0.1184,0
2700,0,2642.4910,2643.2504,2643.7623,0.1204,0
2701,0,2643.4138,2644.6286,2644.9407,0.1153,0
2702,0,2644.7732,2645.4833,2645.7909,0.1134,0
2703,0,2645.6294,2646.3231,2646.7622,0.1085,0
2704,0,2646.4615,2647.6330,2647.9509,0.1176,0
2705,0,2647.7829,2648.4864,2648.8116,0.1115,0
2706,0,2648.6377,2649.3866,2649.6943,0.1124,0
2707,0,2649.5513,2650.3800,2650.7131,0.1177,0
2708,0,2650.5418,2651.2637,2651.5691,0.1105,0
2709,0,2651.4068,2652.1036,2652.4064,0.1108,0
2710,0,2652.2449,2653.2184,2653.5637,0.1229,0
2711,0,2653.3867,2654.1143,2654.4252,0.1123,0
2712,0,2654.2801,2654.9794,2655.5178,0.3763,0
2713,0,2655.3864,2656.0682,2656.3475,0.1106,0
2714,0,2656.2099,2656.8895,2657.1550,0.1106,0
2715,0,2657.0273,2657.6992,2657.9950,0.1127,0
2716,0,2657.8414,2658.5759,2658.8758,0.1109,0
2717,0,2658.7171,2659.4107,2659.7022,0.1096,0
2718,0,2659.5519,2660.2421,2660.5317,0.1057,0
2719,0,2660.3779,2661.3225,2661.6123,0.1149,0
2720,0,2661.4649,2662.1538,2662.5031,0.1201,0
2721,0,2662.3114,2663.0705,2663.4633,0.1039,0
2722,0,2663.2217,2664.2950,2664.6043,0.1176,0
2723,0,2664.4475,2665.1707,2665.4952,0.1153,0
2724,0,2665.3248,2666.0573,2666.6374,0.3940,0
2725,0,2666.4813,2667.1895,2667.4941,0.1157,0
2726,0,2667.3361,2668.0366,2668.3288,0.1100,0
2727,0,2668.1779,2668.8711,2669.4072,0.3338,0
2728,0,2669.2575,2669.9790,2670.3029,0.1163,0
2729,0,2670.1318,2670.8556,2671.1364,0.1147,0
2730,0,2671.0029,2671.6940,2672.2384,0.3829,0
2731,0,2672.1053,2672.7836,2673.0651,0.1108,0
2732,0,2672.9271,2673.6047,2673.8833,0.1148,0
2733,0,2673.7471,2674.4241,2674.9602,0.3737,0
2734,0,2674.8254,2675.5028,2675.7786,0.1104,0
2735,0,2675.6448,2676.3209,2676.5987,0.1139,0
2736,0,2676.4633,2677.1455,2677.4229,0.1124,0
2737,0,2677.2850,2678.0116,2678.4736,0.1806,0
2738,0,2678.2734,2679.1150,2679.3986,0.1130,0
2739,0,2679.2571,2679.9473,2680.3567,0.2071,0
2740,0,2680.2093,2680.9240,2681.2168,0.1124,0
2741,0,2681.1010,2681.8308,2682.1300,0.1134,0
2742,0,2681.9803,2682.6894,2682.9854,0.1094,0
2743,0,2682.8330,2683.5663,2683.8578,0.1016,0
2744,0,2683.7036,2684.4055,2684.6851,0.1134,0
2745,0,2684.5489,2685.2324,2685.5126,0.1133,0
2746,0,2685.3727,2686.3197,2686.6476,0.1656,0
2747,0,2686.5133,2687.1911,2687.4633,0.1133,0
2748,0,2687.3313,2688.0070,2688.3046,0.1111,0
2749,0,2688.1456,2689.1001,2689.3978,0.1131,0
2750,0,2689.2430,2689.9390,2690.2335,0.1123,0
2751,0,2690.0812,2690.7726,2691.0907,0.1065,0
2752,0,2690.9112,2691.8927,2692.1642,0.1138,0
2753,0,2692.0349,2692.7054,2693.0250,0.1174,0
2754,0,2692.8638,2693.5658,2693.8528,0.1061,0
2755,0,2693.6994,2694.6484,2694.9410,0.1145,0
2756,0,2694.7966,2695.4952,2695.7723,0.1173,0
2757,0,2695.6408,2696.3169,2696.7042,0.1103,0
2758,0,2696.4548,2697.5124,2697.8180,0.1084,0
2759,0,2697.6720,2698.3962,2698.6938,0.1081,0
2760,0,2698.5407,2699.2503,2699.5319,0.1184,0
2761,0,2699.3983,2700.2061,2700.5195,0.1117,0
2762,0,2700.3583,2701.0665,2701.3662,0.1107,0
2763,0,2701.2092,2701.9042,2702.1968,0.1057,0
2764,0,2702.0399,2703.1280,2703.4228,0.1022,0
2765,0,2703.2663,2703.9655,2704.2672,0.1205,0
2766,0,2704.1215,2704.8232,2705.0891,0.1020,0
2767,0,2704.9546,2705.7946,2706.0807,0.1212,0
2768,0,2705.9453,2706.6243,2706.9203,0.1106,0
2769,0,2706.7650,2707.4629,2707.7563,0.1065,0
2770,0,2707.5995,2708.5571,2708.8594,0.1121,0
2771,0,2708.7093,2709.4426,2709.7712,0.1137,0
2772,0,2709.6110,2710.3244,2710.6964,0.1554,0
2773,0,2710.5200,2711.4460,2711.7193,0.1121,0
2774,0,2711.5890,2712.2683,2712.5766,0.1130,0
2775,0,2712.4207,2713.1302,2713.5423,0.1328,0
2776,0,2713.3238,2714.2698,2714.5686,0.1106,0
2777,0,2714.4141,2715.1280,2715.4226,0.1117,0
2778,0,2715.2752,2715.9830,2716.2564,0.1027,0
2779,0,2716.1213,2716.9939,2717.2681,0.1136,0
2780,0,2717.1371,2717.8164,2718.1196,0.1119,0
2781,0,2717.9639,2718.6672,2718.9958,0.1391,0
2782,0,2718.8382,2719.7148,2720.0379,0.1639,0
2783,0,2719.9081,2720.5809,2720.8470,0.1122,0
2784,0,2720.7207,2721.4002,2721.6798,0.1069,0
2785,0,2721.5358,2722.3685,2722.6891,0.1160,0
2786,0,2722.5249,2723.2644,2723.5961,0.1196,0
2787,0,2723.4237,2724.1494,2724.4312,0.1023,0
2788,0,2724.2811,2725.2311,2725.5336,0.1162,0
2789,0,2725.3845,2726.1143,2726.4397,0.1086,0
2790,0,2726.2608,2726.9938,2727.3163,0.1451,0
2791,0,2727.1743,2727.9953,2728.2684,0.1131,0
2792,0,2728.1381,2728.8190,2729.0868,0.1058,0
2793,0,2728.9541,2729.6366,2729.9523,0.1102,0
2794,0,2729.7746,2730.6129,2731.0481,0.2674,0
2795,0,2730.9093,2731.5900,2731.8591,0.1116,0
2796,0,2731.7286,2732.4075,2732.7629,0.1126,0
2797,0,2732.5554,2733.5610,2733.8418,0.1138,0
2798,0,2733.7051,2734.3876,2734.6767,0.1063,0
2799,0,2734.5301,2735.2420,2735.5196,0.1033,0
2800,0,2735.3744,2736.3902,2736.6854,0.1193,0
2801,0,2736.5459,2737.2438,2737.5252,0.1129,0
2802,0,2737.3889,2738.0765,2738.3565,0.1020,0
2803,0,2738.2092,2739.0521,2739.3336,0.1139,0
2804,0,2739.1987,2739.8828,2740.1779,0.1150,0
2805,0,2740.0284,2740.7215,2741.0777,0.1154,0
2806,0,2740.8667,2741.9385,2742.2541,0.1189,0
2807,0,2742.0925,2742.7996,2743.1014,0.1119,0
2808,0,2742.9439,2743.6439,2743.9955,0.1580,0
2809,0,2743.8360,2744.7512,2745.0500,0.1133,0
2810,0,2744.8947,2745.6013,2745.8985,0.1110,0
2811,0,2745.7421,2746.4404,2746.7797,0.1431,0
2812,0,2746.6407,2747.5535,2747.8470,0.1129,0
2813,0,2747.6967,2748.4015,2748.6961,0.1099,0
2814,0,2748.5437,2749.2523,2749.5440,0.1169,0
2815,0,2749.3990,2750.2550,2750.5295,0.1162,0
2816,0,2750.4010,2751.0812,2751.3762,0.1111,0
2817,0,2751.2237,2751.9198,2752.2105,0.1046,0
2818,0,2752.0546,2753.1769,2753.5317,0.1181,0
2819,0,2753.3380,2754.1079,2754.4177,0.1149,0
2820,0,2754.2623,2755.0047,2755.5462,0.3544,0
2821,0,2755.3940,2756.1220,2756.4095,0.1149,0
2822,0,2756.2712,2756.9859,2757.3204,0.1115,0
2823,0,2757.1621,2758.1999,2758.5033,0.1144,0
2824,0,2758.3559,2759.0830,2759.3728,0.1119,0
2825,0,2759.2311,2759.9353,2760.2124,0.1147,0
2826,0,2760.0799,2761.0339,2761.3108,0.1159,0
2827,0,2761.1778,2761.8596,2762.1386,0.1112,0
2828,0,2762.0010,2762.6831,2762.9680,0.1138,0
2829,0,2762.8298,2763.7116,2764.1635,0.2619,0
2830,0,2764.0132,2764.7357,2765.0305,0.1097,0
2831,0,2764.8807,2765.5884,2765.8682,0.1161,0
2832,0,2765.7342,2766.7186,2767.0244,0.1191,0
2833,0,2766.8688,2767.5704,2767.8763,0.1144,0
2834,0,2767.7170,2768.4239,2768.7655,0.1148,0
2835,0,2768.5718,2769.5599,2769.8927,0.1618,0
2836,0,2769.7551,2770.4440,2770.7122,0.1109,0
2837,0,2770.5832,2771.2598,2771.5626,0.1121,0
2838,0,2771.3990,2772.4061,2772.8848,0.1166,0
2839,0,2772.5729,2773.4323,2773.7307,0.1121,0
2840,0,2773.5826,2774.2917,2774.5850,0.1029,0
2841,0,2774.4295,2775.3531,2775.6380,0.1130,0
2842,0,2775.4990,2776.1945,2776.5283,0.1734,0
2843,0,2776.3970,2777.0849,2777.4112,0.1167,0
2844,0,2777.2415,2778.1358,2778.4571,0.1146,0
2845,0,2778.2883,2779.0019,2779.2831,0.1172,0
2846,0,2779.1485,2779.8372,2780.1307,0.1015,0
2847,0,2779.9950,2780.8890,2781.1875,0.1101,0
2848,0,2781.0314,2781.7452,2782.0633,0.1117,0
2849,0,2781.8927,2782.6185,2782.9090,0.1108,0
2850,0,2782.7630,2783.6701,2783.9578,0.1148,0
2851,0,2783.8178,2784.5015,2784.7756,0.1137,0
2852,0,2784.6435,2785.3238,2785.6622,0.1494,0
2853,0,2785.5038,2786.3743,2786.7337,0.1656,0
2854,0,2786.5756,2787.2792,2787.5770,0.1104,0
2855,0,2787.4196,2788.1232,2788.6076,0.1302,0
2856,0,2788.2955,2789.1906,2789.4996,0.1180,0
2857,0,2789.3502,2790.0741,2790.3835,0.1112,0
2858,0,2790.2224,2790.9614,2791.2322,0.1109,0
2859,0,2791.1028,2791.9229,2792.2229,0.1116,0
2860,0,2792.0747,2792.8153,2793.1461,0.1141,0
2861,0,2792.9866,2793.6994,2793.9827,0.1135,0
2862,0,2793.8463,2794.6958,2794.9727,0.1156,0
2863,0,2794.8411,2795.5226,2795.8124,0.1067,0
2864,0,2795.6573,2796.3638,2796.7063,0.1096,0
2865,0,2796.5034,2797.5317,2797.8296,0.1107,0
2866,0,2797.6809,2798.3887,2798.6804,0.1081,0
2867,0,2798.5293,2799.2476,2799.6472,0.1259,0
2868,0,2799.4321,2800.3704,2800.6562,0.1052,0
2869,0,2800.5066,2801.2167,2801.5532,0.1155,0
2870,0,2801.3647,2802.1018,2802.4000,0.1165,0
2871,0,2802.2501,2803.0889,2803.4063,0.1150,0
2872,0,2803.2464,2803.9469,2804.2465,0.1130,0
2873,0,2804.0908,2804.7934,2805.1331,0.1383,0
2874,0,2804.9674,2805.8795,2806.1647,0.1176,0
2875,0,2806.0293,2806.7151,2807.0238,0.1167,0
2876,0,2806.9040,2807.7207,2808.3337,0.3852,0
2877,0,2808.1491,2808.9065,2809.2000,0.1130,0
2878,0,2809.0551,2809.7480,2810.0322,0.1154,0
2879,0,2809.8921,2810.5826,2811.0243,0.2778,0
2880,0,2810.8901,2811.5784,2811.8606,0.1132,0
2881,0,2811.7229,2812.4046,2812.7058,0.1107,0
2882,0,2812.5582,2813.2686,2813.7329,0.2902,0
2883,0,2813.5867,2814.3117,2814.6053,0.1117,0
2884,0,2814.4615,2815.1560,2815.4395,0.1139,0
2885,0,2815.2983,2815.9819,2816.2746,0.1036,0
2886,0,2816.1231,2817.0713,2817.3614,0.1166,0
2887,0,2817.2239,2817.9308,2818.1999,0.1118,0
2888,0,2818.0707,2818.7541,2819.0188,0.1097,0
2889,0,2818.8929,2819.6920,2819.9943,0.1117,0
2890,0,2819.8347,2820.5419,2820.8796,0.1186,0
2891,0,2820.7064,2821.4266,2821.7868,0.1612,0
2892,0,2821.6227,2822.5408,2822.8286,0.1150,0
2893,0,2822.6936,2823.3799,2823.6556,0.1107,0
2894,0,2823.5229,2824.2110,2824.5494,0.1634,0
2895,0,2824.4108,2825.3104,2825.6130,0.1133,0
2896,0,2825.4636,2826.1745,2826.4486,0.1111,0
2897,0,2826.3146,2826.9966,2827.3258,0.1395,0
2898,0,2827.1681,2828.0888,2828.4049,0.1213,0
2899,0,2828.2462,2828.9491,2829.2654,0.1165,0
2900,0,2829.0981,2829.8128,2830.1419,0.1081,0
2901,0,2829.9773,2830.8677,2831.1680,0.1101,0
2902,0,2831.0158,2831.7379,2832.0282,0.1084,0
2903,0,2831.8842,2832.5864,2832.8775,0.1155,0
2904,0,2832.7377,2833.5935,2833.8942,0.1340,0
2905,0,2833.7570,2834.4426,2834.7310,0.1067,0
2906,0,2834.5850,2835.3209,2835.6993,0.1754,0
2907,0,2835.5422,2836.4494,2836.7369,0.1134,0
2908,0,2836.5991,2837.2927,2837.5849,0.1156,0
2909,0,2837.4405,2838.1347,2838.4263,0.1270,0
2910,0,2838.2899,2839.1326,2839.4355,0.1134,0
2911,0,2839.2784,2839.9844,2840.2775,0.1097,0
2912,0,2840.1244,2840.8270,2841.1486,0.1114,0
2913,0,2840.9735,2841.9266,2842.2049,0.1160,0
2914,0,2842.0703,2842.7550,2843.0406,0.1139,0
2915,0,2842.9023,2843.5863,2843.8654,0.1086,0
2916,0,2843.7278,2844.6776,2844.9835,0.1182,0
2917,0,2844.8268,2845.5332,2845.8323,0.1096,0
2918,0,2845.6761,2846.3789,2846.7393,0.1097,0
2919,0,2846.5192,2847.5310,2847.8308,0.1089,0
2920,0,2847.6757,2848.4058,2848.7014,0.1161,0
2921,0,2848.5584,2849.2674,2849.6282,0.1221,0
2922,0,2849.4229,2850.3921,2850.6883,0.1118,0
2923,0,2850.5360,2851.2399,2851.5653,0.1094,0
2924,0,2851.3904,2852.1336,2852.4413,0.1096,0
2925,0,2852.3000,2853.1598,2853.4662,0.1160,0
2926,0,2853.3192,2854.0289,2854.2972,0.1063,0
2927,0,2854.1655,2854.8488,2855.1225,0.1075,0
2928,0,2854.9853,2855.8372,2856.1413,0.1130,0
2929,0,2855.9819,2856.6846,2856.9824,0.1118,0
2930,0,2856.8260,2857.5262,2857.8823,0.1711,0
2931,0,2857.7280,2858.6341,2858.9446,0.1172,0
2932,0,2858.7871,2859.4916,2859.7886,0.1112,0
2933,0,2859.6331,2860.3340,2860.6521,0.1449,0
2934,0,2860.5113,2861.3599,2861.6512,0.1130,0
2935,0,2861.5026,2862.1998,2862.4942,0.1116,0
2936,0,2862.3404,2863.0477,2863.4412,0.1132,0
2937,0,2863.2006,2864.2430,2864.5691,0.1105,0
2938,0,2864.3967,2865.1509,2865.4814,0.1107,0
2939,0,2865.3033,2866.0621,2866.6998,0.3861,0
2940,0,2866.4936,2867.2581,2867.5622,0.1188,0
2941,0,2867.4124,2868.1454,2868.4657,0.1103,0
2942,0,2868.2917,2869.3064,2869.6220,0.1169,0
2943,0,2869.4677,2870.1823,2870.4827,0.1145,0
2944,0,2870.3311,2871.0513,2871.3691,0.1084,0
2945,0,2871.1951,2872.2584,2872.5435,0.1129,0
2946,0,2872.4025,2873.1201,2873.4488,0.1183,0
2947,0,2873.2765,2874.0078,2874.3569,0.1109,0
2948,0,2874.1574,2875.2045,2875.5272,0.1110,0
2949,0,2875.3513,2876.0782,2876.3948,0.1135,0
2950,0,2876.2639,2876.9600,2877.2327,0.1039,0
2951,0,2877.1088,2877.9437,2878.2219,0.1122,0
2952,0,2878.0893,2878.7755,2879.0461,0.1124,0
2953,0,2878.9165,2879.5962,2879.9584,0.1148,0
2954,0,2879.7416,2880.8596,2881.1618,0.1121,0
2955,0,2881.0032,2881.7105,2882.0569,0.1286,0
2956,0,2881.8804,2882.6143,2882.9298,0.1131,0
2957,0,2882.7649,2883.6376,2883.9654,0.1574,0
2958,0,2883.8284,2884.5158,2884.8243,0.1162,0
2959,0,2884.6629,2885.3657,2885.6515,0.1121,0
2960,0,2885.5095,2886.3587,2886.6419,0.1160,0
2961,0,2886.5052,2887.1892,2887.4565,0.1112,0
2962,0,2887.3280,2888.0094,2888.2977,0.1084,0
2963,0,2888.1451,2889.1342,2889.4312,0.1119,0
2964,0,2889.2766,2889.9805,2890.2759,0.1109,0
2965,0,2890.1219,2890.8204,2891.1254,0.1115,0
2966,0,2890.9628,2891.9192,2892.2212,0.1157,0
2967,0,2892.0663,2892.7634,2893.0767,0.1154,0
2968,0,2892.9178,2893.6212,2893.8954,0.1068,0
2969,0,2893.7558,2894.7004,2894.9877,0.1152,0
2970,0,2894.8446,2895.5276,2895.8038,0.1173,0
2971,0,2895.6727,2896.3470,2896.7022,0.1101,0
2972,0,2896.4845,2897.4865,2897.8253,0.1132,0
2973,0,2897.6516,2898.3979,2898.6901,0.1110,0
2974,0,2898.5454,2899.2769,2899.5606,0.1116,0
2975,0,2899.4233,2900.3226,2900.6178,0.1115,0
2976,0,2900.4668,2901.1781,2901.4605,0.1163,0
2977,0,2901.3268,2902.0105,2902.3175,0.1397,0
2978,0,2902.1837,2903.0106,2903.3343,0.1082,0
2979,0,2903.1595,2903.9014,2904.2011,0.1151,0
2980,0,2904.0493,2904.7526,2905.1011,0.1782,0
2981,0,2904.9618,2905.8121,2906.0954,0.1126,0
2982,0,2905.9569,2906.6394,2906.9501,0.1159,0
2983,0,2906.7888,2907.4859,2907.7886,0.1109,0
2984,0,2907.6291,2908.5950,2908.9029,0.1131,0
2985,0,2908.7490,2909.4779,2909.7705,0.1145,0
2986,0,2909.6311,2910.3583,2910.6885,0.1199,0
2987,0,2910.5142,2911.3865,2911.6878,0.1187,0
2988,0,2911.5439,2912.2350,2912.6646,0.1131,0
2989,0,2912.3806,2913.2450,2913.7222,0.2986,0
2990,0,2913.5740,2914.2965,2914.5983,0.1131,0
2991,0,2914.4415,2915.1441,2915.4595,0.1156,0
2992,0,2915.2924,2916.0044,2916.3081,0.1100,0
2993,0,2916.1457,2917.0622,2917.3790,0.1154,0
2994,0,2917.2147,2917.9270,2918.2281,0.1111,0
2995,0,2918.0681,2918.7701,2919.0783,0.1129,0
2996,0,2918.9129,2919.7444,2920.0505,0.1134,0
2997,0,2919.8905,2920.5917,2920.8857,0.1105,0
2998,0,2920.7322,2921.4326,2921.7725,0.1540,0
2999,0,2921.6173,2922.5372,2922.8588,0.1207,0
3000,0,2922.6943,2923.4041,2923.7182,0.1188,0
3001,0,2923.5577,2924.2620,2924.5680,0.1100,0
3002,0,2924.4123,2925.2521,2925.5381,0.1056,0
3003,0,2925.3937,2926.0889,2926.3665,0.1120,0
3004,0,2926.2287,2926.9150,2927.2195,0.1012,0
3005,0,2927.0438,2928.0422,2928.3819,0.1244,0
3006,0,2928.2049,2928.9624,2929.2778,0.1139,0
3007,0,2929.1212,2929.8545,2930.2141,0.1039,0
3008,0,2930.0005,2931.0172,2931.3458,0.1142,0
3009,0,2931.1705,2931.9034,2932.1837,0.1056,0
3010,0,2932.0390,2932.7372,2933.3244,0.3783,0
3011,0,2933.1541,2933.8831,2934.2135,0.1159,0
3012,0,2934.0431,2934.7756,2935.0976,0.1121,0
3013,0,2934.9293,2935.9508,2936.2460,0.1138,0
3014,0,2936.1025,2936.8190,2937.0947,0.1133,0
3015,0,2936.9612,2937.6429,2937.9539,0.1186,0
3016,0,2937.7956,2938.7700,2939.0719,0.1126,0
3017,0,2938.9137,2939.6191,2939.9248,0.1133,0
3018,0,2939.7648,2940.4760,2940.7700,0.1099,0
3019,0,2940.6155,2941.5899,2941.8702,0.1128,0
3020,0,2941.7331,2942.4178,2942.7050,0.1152,0
3021,0,2942.5671,2943.2473,2943.6723,0.1063,0
3022,0,2943.4086,2944.5315,2944.8322,0.1137,0
3023,0,2944.6830,2945.3938,2945.6861,0.1153,0
3024,0,2945.5404,2946.2366,2946.5470,0.1126,0
3025,0,2946.3770,2947.2828,2947.6720,0.2265,0
3026,0,2947.5396,2948.2308,2948.5044,0.1108,0
3027,0,2948.3705,2949.0533,2949.4587,0.1147,0
3028,0,2949.1985,2950.2522,2950.5520,0.1113,0
3029,0,2950.3979,2951.1270,2951.4143,0.1144,0
3030,0,2951.2763,2951.9851,2952.3214,0.1670,0
3031,0,2952.1811,2953.0276,2953.3544,0.1146,0
3032,0,2953.1791,2953.9371,2954.2395,0.1114,0
3033,0,2954.0875,2954.7928,2955.1034,0.1462,0
3034,0,2954.9689,2955.8200,2956.1451,0.1129,0
3035,0,2955.9763,2956.7223,2957.0327,0.1140,0
3036,0,2956.8719,2957.5979,2957.9140,0.1102,0
3037,0,2957.7490,2958.6642,2959.0185,0.1188,0
3038,0,2958.8152,2959.6004,2959.9043,0.1116,0
3039,0,2959.7721,2960.4877,2960.7856,0.1120,0
3040,0,2960.6364,2961.3805,2961.6742,0.1150,0
3041,0,2961.5288,2962.2140,2962.4974,0.1094,0
3042,0,2962.3597,2963.0908,2963.4797,0.1649,0
3043,0,2963.3173,2964.2673,2964.6079,0.1596,0
3044,0,2964.4605,2965.1921,2965.4775,0.1133,0
3045,0,2965.3388,2966.0454,2966.3162,0.1134,0
3046,0,2966.1867,2966.9261,2967.2128,0.1168,0
3047,0,2967.0741,2967.7558,2968.0545,0.1115,0
3048,0,2967.8967,2968.6006,2968.9183,0.1046,0
3049,0,2968.7433,2969.7549,2970.0573,0.1155,0
3050,0,2969.9101,2970.6421,2970.9296,0.1139,0
3051,0,2970.7906,2971.4968,2971.7768,0.1060,0
3052,0,2971.6347,2972.4852,2972.8186,0.1185,0
3053,0,2972.6552,2973.3642,2973.6725,0.1124,0
3054,0,2973.5170,2974.2367,2974.5824,0.1390,0
3055,0,2974.4260,2975.3550,2975.6847,0.1156,0
3056,0,2975.5099,2976.2456,2976.5463,0.1108,0
3057,0,2976.3876,2977.0939,2977.3913,0.1102,0
3058,0,2977.2355,2978.2070,2978.5234,0.1197,0
3059,0,2978.3598,2979.0808,2979.3652,0.1150,0
3060,0,2979.2256,2979.9123,2980.3411,0.2314,0
3061,0,2980.1992,2980.9317,2981.2112,0.1093,0
3062,0,2981.0744,2981.7642,2982.0440,0.1101,0
3063,0,2981.9025,2982.5900,2982.8918,0.1303,0
3064,0,2982.7508,2983.5769,2983.8626,0.1138,0
3065,0,2983.7225,2984.4079,2984.6845,0.1149,0
3066,0,2984.5503,2985.2328,2985.5137,0.1099,0
3067,0,2985.3706,2986.3341,2986.6192,0.1106,0
3068,0,2986.4753,2987.1613,2987.4405,0.1145,0
3069,0,2987.3046,2987.9884,2988.3281,0.1121,0
3070,0,2988.1300,2989.1241,2989.4008,0.1177,0
3071,0,2989.2695,2989.9459,2990.3520,0.1118,0
3072,0,2990.0843,2990.9007,2991.2289,0.1409,0
3073,0,2991.0789,2991.9324,2992.2535,0.1201,0
3074,0,2992.0991,2992.8467,2993.1410,0.1116,0
3075,0,2992.9980,2993.7092,2993.9851,0.1122,0
3076,0,2993.8495,2994.8100,2995.0986,0.1186,0
3077,0,2994.9579,2995.6402,2995.9114,0.1113,0
3078,0,2995.7803,2996.4592,2996.7984,0.1404,0
3079,0,2996.6553,2997.5633,2997.8693,0.1110,0
3080,0,2997.7117,2998.4466,2998.7276,0.1145,0
3081,0,2998.5918,2999.2725,2999.5499,0.1128,0
3082,0,2999.4140,3000.2750,3000.5471,0.1131,0
3083,0,3000.4171,3001.0942,3001.3893,0.1100,0
3084,0,3001.2330,3001.9337,3002.2360,0.1132,0
3085,0,3002.0759,3003.0154,3003.3753,0.1165,0
3086,0,3003.1705,3003.9523,3004.2673,0.1140,0
3087,0,3004.0989,3004.8232,3005.1434,0.1226,0
3088,0,3004.9774,3005.9268,3006.1989,0.1141,0
3089,0,3006.5028,3007.0976,3007.4704,0.1119,0
3090,0,3007.3277,3008.2782,3008.7040,0.2322,0
3091,0,3008.5513,3009.2804,3009.5803,0.1116,0
3092,0,3009.4362,3010.1484,3010.4721,0.1119,0
3093,0,3010.2931,3011.3623,3011.6490,0.1129,0
3094,0,3011.5078,3012.2258,3012.5146,0.1103,0
3095,0,3012.3715,3013.0923,3013.4832,0.1627,0
3096,0,3013.3231,3014.3245,3014.6251,0.1106,0
3097,0,3014.4705,3015.1840,3015.4637,0.1135,0
3098,0,3015.3271,3016.0168,3016.3163,0.1111,0
3099,0,3016.1568,3016.9790,3017.2500,0.1115,0
3100,0,3017.1191,3017.8036,3018.0974,0.1137,0
3101,0,3017.9460,3018.6422,3018.9310,0.1043,0
3102,0,3018.7756,3019.5898,3019.8877,0.1143,0
3103,0,3019.7336,3020.4288,3020.7287,0.1122,0
3104,0,3020.5691,3021.2679,3021.7836,0.1100,0
3105,0,3021.4144,3022.4622,3022.7603,0.1161,0
3106,0,3022.6095,3023.3220,3023.6168,0.1142,0
3107,0,3023.4726,3024.1652,3024.4443,0.1099,0
3108,0,3024.3031,3025.2496,3025.5823,0.1669,0
3109,0,3025.4443,3026.1260,3026.4177,0.1093,0
3110,0,3026.2635,3026.9633,3027.2840,0.1069,0
3111,0,3027.1135,3027.9346,3028.2352,0.1136,0
3112,0,3028.0768,3028.7796,3029.0832,0.1107,0
3113,0,3028.9289,3029.6621,3030.0093,0.1115,0
3114,0,3029.8111,3030.8208,3031.1112,0.1098,0
3115,0,3030.9659,3031.6745,3031.9639,0.1137,0
3116,0,3031.8231,3032.5616,3032.8857,0.1416,0
3117,0,3032.7444,3033.6007,3033.8969,0.1208,0
3118,0,3033.7524,3034.4421,3034.7388,0.1129,0
3119,0,3034.5876,3035.2978,3035.5719,0.1035,0
3120,0,3035.4301,3036.2715,3036.5513,0.1152,0
3121,0,3036.4199,3037.1062,3037.4008,0.1133,0
3122,0,3037.2557,3037.9591,3038.3022,0.1056,0
3123,0,3038.0943,3039.0956,3039.3722,0.1137,0
3124,0,3039.2374,3039.9186,3040.1865,0.1114,0
3125,0,3040.0573,3040.7369,3041.0646,0.1135,0
3126,0,3040.8770,3042.0503,3042.3557,0.1181,0
3127,0,3042.1995,3042.9016,3043.2042,0.1110,0
3128,0,3043.0613,3043.7601,3044.0560,0.1096,0
3129,0,3043.9004,3044.7995,3045.1146,0.1183,0
3130,0,3044.9515,3045.6603,3045.9702,0.1185,0
3131,0,3045.8114,3046.5136,3046.8473,0.1053,0
3132,0,3046.6812,3047.5647,3047.8586,0.1100,0
3133,0,3047.7073,3048.4152,3048.6930,0.1135,0
3134,0,3048.5615,3049.2452,3049.5435,0.1367,0
3135,0,3049.4109,3050.2575,3050.5333,0.1155,0
3136,0,3050.4017,3051.0880,3051.3581,0.1127,0
3137,0,3051.2276,3051.9049,3052.1943,0.1122,0
3138,0,3052.0447,3053.0364,3053.3881,0.1199,0
3139,0,3053.1950,3053.9644,3054.2638,0.1166,0
3140,0,3054.1138,3054.8243,3055.1449,0.1150,0
3141,0,3054.9736,3055.8204,3056.1370,0.1170,0
3142,0,3055.9720,3056.6913,3057.0096,0.1119,0
3143,0,3056.8327,3057.5614,3057.8763,0.1491,0
3144,0,3057.7395,3058.5321,3058.8794,0.1622,0
3145,0,3058.7309,3059.4414,3059.7278,0.1134,0
3146,0,3059.5908,3060.2811,3060.5895,0.1108,0
3147,0,3060.4316,3061.3910,3061.6882,0.1144,0
3148,0,3061.5424,3062.2355,3062.5246,0.1098,0
3149,0,3062.3794,3063.1110,3063.5177,0.1560,0
3150,0,3063.3317,3064.2726,3064.5994,0.1144,0
3151,0,3064.4220,3065.1758,3065.4971,0.1148,0
3152,0,3065.3268,3066.0695,3066.3686,0.1103,0
3153,0,3066.2134,3066.9504,3067.2617,0.1143,0
3154,0,3067.0987,3067.8131,3068.0832,0.1119,0
3155,0,3067.9521,3068.6276,3068.9225,0.1084,0
3156,0,3068.7955,3069.6338,3069.9372,0.1148,0
3157,0,3069.7884,3070.5229,3070.8049,0.1118,0
3158,0,3070.6686,3071.3744,3071.6627,0.1080,0
3159,0,3071.5162,3072.4622,3072.7611,0.1213,0
3160,0,3072.6168,3073.3055,3073.6720,0.1140,0
3161,0,3073.4542,3074.2202,3074.5367,0.1615,0
3162,0,3074.4952,3075.2833,3075.5910,0.1212,0
3163,0,3075.4377,3076.1467,3076.4503,0.1103,0
3164,0,3076.2886,3076.9959,3077.3377,0.1548,0
3165,0,3077.1829,3078.1050,3078.4032,0.1137,0
3166,0,3078.2496,3078.9490,3079.2468,0.1107,0
3167,0,3079.0908,3079.7892,3080.1444,0.1349,0
3168,0,3079.9843,3080.8867,3081.2061,0.1101,0
3169,0,3081.0342,3081.7540,3082.0962,0.1126,0
3170,0,3081.9076,3082.6678,3082.9685,0.1202,0
3171,0,3082.8228,3083.6748,3083.9555,0.1090,0
3172,0,3083.8135,3084.5020,3084.7809,0.1115,0
3173,0,3084.6444,3085.3270,3085.6630,0.1594,0
3174,0,3085.5174,3086.3743,3086.6700,0.1138,0
3175,0,3086.5190,3087.2201,3087.5319,0.1177,0
3176,0,3087.3684,3088.0821,3088.4253,0.1575,0
3177,0,3088.2705,3089.1785,3089.4909,0.1173,0
3178,0,3089.3301,3090.0376,3090.3288,0.1105,0
3179,0,3090.1764,3090.8736,3091.2087,0.1475,0
3180,0,3091.0505,3091.9510,3092.2381,0.1154,0
3181,0,3092.0949,3092.7840,3093.0655,0.1106,0
3182,0,3092.9277,3093.6174,3093.8921,0.1085,0
3183,0,3093.7541,3094.8487,3095.1361,0.1261,0
3184,0,3095.0022,3095.6869,3095.9824,0.1114,0
3185,0,3095.8262,3096.5293,3096.8483,0.1063,0
3186,0,3096.6684,3097.5599,3097.8658,0.1164,0
3187,0,3097.7186,3098.4487,3098.7281,0.1070,0
3188,0,3098.5898,3099.3029,3099.6967,0.1163,0
3189,0,3099.5017,3100.3208,3100.6177,0.1172,0
3190,0,3100.4675,3101.1788,3101.4641,0.1167,0
3191,0,3101.3266,3102.0155,3102.3379,0.1472,0
3192,0,3102.1955,3103.1061,3103.4088,0.1079,0
3193,0,3103.2547,3103.9854,3104.2761,0.1137,0
3194,0,3104.1363,3104.8427,3105.1167,0.1084,0
3195,0,3104.9804,3105.8330,3106.1327,0.1140,0
3196,0,3105.9774,3106.6896,3106.9876,0.1104,0
3197,0,3106.8282,3107.5223,3107.8182,0.1037,0
3198,0,3107.6639,3108.4859,3108.7952,0.1121,0
3199,0,3108.6404,3109.3723,3109.6654,0.1051,0
3200,0,3109.5123,3110.2502,3110.5305,0.1085,0
3201,0,3110.3934,3111.3036,3111.6575,0.1621,0
3202,0,3111.4974,3112.2046,3112.5261,0.1094,0
3203,0,3112.3509,3113.1012,3113.4941,0.1585,0
3204,0,3113.3246,3114.3085,3114.6583,0.1176,0
3205,0,3114.4693,3115.2306,3115.6262,0.1199,0
3206,0,3115.3892,3116.1725,3116.8879,0.3505,0
3207,0,3116.6284,3117.4494,3117.8883,0.1206,0
3208,0,3117.6331,3118.4351,3118.9436,0.1150,0
3209,0,3118.6141,3119.6202,3120.0319,0.1134,0
3210,0,3119.7717,3120.6091,3120.9660,0.1138,0
3211,0,3120.7546,3121.5181,3121.9490,0.1099,0
3212,0,3121.6588,3122.4997,3122.8703,0.1552,0
3213,0,3122.6948,3123.4161,3123.7698,0.1197,0
3214,0,3123.5787,3124.3211,3124.6872,0.1111,0
3215,0,3124.4613,3125.3750,3125.7025,0.1186,0
3216,0,3125.5314,3126.2565,3126.5483,0.1137,0
3217,0,3126.4270,3127.1239,3127.4126,0.1137,0
3218,0,3127.2696,3128.1114,3128.5550,0.2539,0
3219,0,3128.3958,3129.1108,3129.4173,0.1108,0
3220,0,3129.2586,3129.9982,3130.4079,0.2237,0
3221,0,3130.2564,3130.9900,3131.2680,0.1117,0
3222,0,3131.1345,3131.8279,3132.1648,0.1156,0
3223,0,3131.9871,3132.7434,3133.3107,0.3747,0
3224,0,3133.1606,3133.8984,3134.1888,0.1142,0
3225,0,3134.0481,3134.7431,3135.0359,0.1149,0
3226,0,3134.8894,3135.5835,3136.1513,0.3733,0
3227,0,3135.9939,3136.7277,3137.0886,0.1839,0
3228,0,3136.9469,3137.6609,3137.9397,0.1136,0
3229,0,3137.8034,3138.7578,3139.0439,0.1172,0
3230,0,3138.9054,3139.5925,3139.8799,0.1151,0
3231,0,3139.7416,3140.4282,3140.7375,0.1157,0
3232,0,3140.5725,3141.5192,3141.8788,0.1602,0
3233,0,3141.7154,3142.4241,3142.7666,0.1173,0
3234,0,3142.5838,3143.3488,3143.6509,0.1144,0
3235,0,3143.5006,3144.3795,3144.7128,0.1657,0
3236,0,3144.5785,3145.2679,3145.5434,0.1136,0
3237,0,3145.4095,3146.0934,3146.3866,0.1098,0
3238,0,3146.2323,3147.4082,3147.6990,0.1120,0
3239,0,3147.5528,3148.2540,3148.5389,0.1093,0
3240,0,3148.3954,3149.0864,3149.4536,0.1211,0
3241,0,3149.2375,3150.2510,3150.5499,0.1123,0
3242,0,3150.3934,3151.1040,3151.3765,0.1134,0
3243,0,3151.2444,3151.9194,3152.2095,0.1074,0
3244,0,3152.0563,3153.0116,3153.3130,0.1126,0
3245,0,3153.1687,3153.8963,3154.2048,0.1170,0
3246,0,3154.0513,3154.7700,3155.1048,0.1611,0
3247,0,3154.9667,3155.8572,3156.1366,0.1181,0
3248,0,3156.0048,3156.6920,3156.9899,0.1105,0
3249,0,3156.8347,3157.5348,3157.8012,0.1042,0
3250,0,3157.6701,3158.6105,3158.8844,0.1152,0
3251,0,3158.7546,3159.4312,3159.7068,0.1141,0
3252,0,3159.5742,3160.2631,3160.6550,0.1466,0
3253,0,3160.5088,3161.2639,3161.5965,0.1151,0
3254,0,3161.4219,3162.1712,3162.4609,0.1147,0
3255,0,3162.3205,3163.0184,3163.3449,0.1097,0
3256,0,3163.1679,3163.9865,3164.4697,0.2566,0
3257,0,3164.2927,3165.0527,3165.3599,0.1103,0
3258,0,3165.1960,3165.9098,3166.2365,0.1339,0
3259,0,3166.0768,3166.9425,3167.2214,0.1079,0
3260,0,3167.0854,3167.7915,3168.0692,0.1137,0
3261,0,3167.9335,3168.6123,3168.9580,0.1046,0
3262,0,3168.7487,3169.8030,3170.1275,0.1181,0
3263,0,3169.9595,3170.6672,3170.9389,0.1128,0
3264,0,3170.8075,3171.4895,3171.7962,0.1276,0
3265,0,3171.6456,3172.5547,3172.8832,0.1236,0
3266,0,3172.7192,3173.4326,3173.7339,0.1117,0
3267,0,3173.5859,3174.2951,3174.5661,0.1034,0
3268,0,3174.4288,3175.2911,3175.6414,0.1618,0
3269,0,3175.4859,3176.1819,3176.4920,0.1154,0
3270,0,3176.3316,3177.0367,3177.3344,0.1126,0
3271,0,3177.1809,3178.1024,3178.4311,0.1211,0
3272,0,3178.2620,3178.9886,3179.2723,0.1118,0
3273,0,3179.1305,3179.8206,3180.1531,0.1060,0
3274,0,3179.9815,3180.9011,3181.1958,0.1112,0
3275,0,3181.0475,3181.7594,3182.0855,0.1139,0
3276,0,3181.9152,3182.6476,3183.0232,0.1102,0
3277,0,3182.8565,3183.6130,3183.8961,0.1087,0
3278,0,3183.7562,3184.4401,3184.7193,0.1150,0
3279,0,3184.5828,3185.2682,3185.5992,0.1561,0
3280,0,3185.4628,3186.2517,3186.5460,0.1169,0
3281,0,3186.4066,3187.1119,3187.4118,0.1101,0
3282,0,3187.2536,3187.9627,3188.3151,0.1097,0
3283,0,3188.1034,3189.0826,3189.4302,0.1632,0
3284,0,3189.2773,3189.9830,3190.2833,0.1105,0
3285,0,3190.1253,3190.8264,3191.1221,0.1109,0
3286,0,3190.9678,3191.9138,3192.1964,0.1173,0
3287,0,3192.0610,3192.7424,3193.0265,0.1122,0
3288,0,3192.8882,3193.5777,3193.8817,0.1085,0
3289,0,3193.7298,3194.6839,3194.9757,0.1140,0
3290,0,3194.8329,3195.5240,3195.8254,0.1136,0
3291,0,3195.6660,3196.3709,3196.7221,0.1047,0
3292,0,3196.5073,3197.5265,3197.8221,0.1096,0
3293,0,3197.6729,3198.4079,3198.7219,0.1055,0
3294,0,3198.5507,3199.2789,3199.5938,0.1127,0
3295,0,3199.4252,3200.3398,3200.6333,0.1231,0
3296,0,3200.4931,3201.1844,3201.4712,0.1156,0
3297,0,3201.3306,3202.0159,3202.3401,0.1391,0
3298,0,3202.1865,3203.0483,3203.3605,0.1122,0
3299,0,3203.1976,3203.9370,3204.2385,0.1125,0
3300,0,3204.0844,3204.8088,3205.1375,0.1303,0
3301,0,3204.9729,3205.8809,3206.2139,0.1298,0
3302,0,3206.0479,3206.7606,3207.0650,0.1113,0
3303,0,3206.9048,3207.6063,3207.9112,0.1098,0
3304,0,3207.7491,3208.5927,3208.9157,0.1136,0
3305,0,3208.7502,3209.5136,3209.8430,0.1188,0
3306,0,3209.6706,3210.3996,3210.6920,0.1063,0
3307,0,3210.5568,3211.4123,3211.7138,0.1152,0
3308,0,3211.5587,3212.2621,3212.5674,0.1112,0
3309,0,3212.4088,3213.1443,3213.4858,0.1178,0
3310,0,3213.3144,3214.2400,3214.5423,0.1117,0
3311,0,3214.3951,3215.1189,3215.4186,0.1131,0
3312,0,3215.2676,3215.9850,3216.2534,0.1050,0
3313,0,3216.1191,3217.0012,3217.3211,0.1208,0
3314,0,3217.1595,3217.8695,3218.1655,0.1091,0
3315,0,3218.0093,3218.7085,3218.9892,0.1215,0
3316,0,3218.8592,3219.7119,3219.9825,0.1128,0
3317,0,3219.8537,3220.5386,3220.8166,0.1113,0
3318,0,3220.6810,3221.3690,3221.6421,0.1018,0
3319,0,3221.4988,3222.6062,3222.9254,0.1181,0
3320,0,3222.7595,3223.4822,3223.7956,0.1178,0
3321,0,3223.6369,3224.3558,3224.7798,0.1292,0
3322,0,3224.5464,3225.4395,3225.7553,0.1144,0
3323,0,3225.5978,3226.3155,3226.6248,0.1125,0
3324,0,3226.4618,3227.1899,3227.5039,0.1123,0
3325,0,3227.3336,3228.0740,3228.3723,0.1050,0
3326,0,3228.2152,3228.9373,3229.2301,0.1066,0
3327,0,3229.0776,3229.7830,3230.0965,0.1518,0
3328,0,3229.9927,3231.0035,3231.3008,0.1115,0
3329,0,3231.1545,3231.8633,3232.1497,0.1071,0
3330,0,3232.0027,3232.7036,3233.0512,0.1179,0
3331,0,3232.8577,3233.6019,3233.8977,0.1087,0
3332,0,3233.7430,3234.4569,3234.8304,0.1704,0
3333,0,3234.6634,3235.3881,3235.6892,0.1160,0
3334,0,3235.5374,3236.4353,3236.7569,0.1582,0
3335,0,3236.6266,3237.3316,3237.6188,0.1138,0
3336,0,3237.4782,3238.1743,3238.4338,0.1013,0
3337,0,3238.3045,3239.1411,3239.4135,0.1150,0
3338,0,3239.2848,3239.9729,3240.2987,0.1177,0
3339,0,3240.1282,3240.8485,3241.1190,0.1087,0
3340,0,3240.9854,3241.9396,3242.2379,0.1126,0
3341,0,3242.0828,3242.7820,3243.0968,0.1157,0
3342,0,3242.9373,3243.6388,3243.9015,0.1016,0
3343,0,3243.7678,3244.7077,3244.9842,0.1169,0
3344,0,3244.8523,3245.5367,3245.8103,0.1130,0
3345,0,3245.6777,3246.3570,3246.7125,0.1112,0
3346,0,3246.4954,3247.5098,3247.8102,0.1113,0
3347,0,3247.6571,3248.3878,3248.7000,0.1081,0
3348,0,3248.5647,3249.4114,3249.9733,0.3668,0
3349,0,3249.8200,3250.5641,3250.8487,0.1118,0
3350,0,3250.7089,3251.3992,3251.6779,0.1156,0
3351,0,3251.5432,3252.2263,3252.7537,0.3376,0
3352,0,3252.5992,3253.3157,3253.6414,0.1168,0
3353,0,3253.4754,3254.1999,3254.5009,0.1171,0
3354,0,3254.3514,3255.0733,3255.6364,0.3472,0
3355,0,3255.4796,3256.1945,3256.4747,0.1162,0
3356,0,3256.3406,3257.0270,3257.3036,0.1127,0
3357,0,3257.1691,3257.8503,3258.3296,0.3231,0
3358,0,3258.2010,3258.8834,3259.1595,0.1109,0
3359,0,3259.0266,3259.7039,3259.9821,0.1129,0
3360,0,3259.8438,3260.5222,3261.0882,0.3840,0
3361,0,3260.9341,3261.6336,3261.9384,0.1149,0
3362,0,3261.7829,3262.4840,3262.7967,0.1165,0
3363,0,3262.6403,3263.3429,3263.7352,0.2015,0
3364,0,3263.5914,3264.3196,3264.6080,0.1102,0
3365,0,3264.4651,3265.1586,3265.4321,0.1177,0
3366,0,3265.2991,3265.9824,3266.2873,0.1081,0
3367,0,3266.1255,3267.0265,3267.3106,0.1163,0
3368,0,3267.1753,3267.8583,3268.1764,0.1149,0
3369,0,3268.0080,3268.7154,3269.0287,0.1143,0
3370,0,3268.8695,3269.8028,3270.1183,0.1163,0
3371,0,3269.9552,3270.6710,3270.9820,0.1095,0
3372,0,3270.8154,3271.5420,3271.8840,0.1121,0
3373,0,3271.7401,3272.5751,3272.8991,0.1171,0
3374,0,3272.7320,3273.4415,3273.7408,0.1119,0
3375,0,3273.5933,3274.3048,3274.5978,0.1065,0
3376,0,3274.4477,3275.3225,3275.6273,0.1148,0
3377,0,3275.4757,3276.1854,3276.4631,0.1131,0
3378,0,3276.3275,3277.0122,3277.3445,0.1457,0
3379,0,3277.1896,3278.0551,3278.3365,0.1155,0
3380,0,3278.2005,3278.8776,3279.1560,0.1138,0
3381,0,3279.0191,3279.7001,3280.0062,0.1036,0
3382,0,3279.8332,3280.8711,3281.1504,0.1132,0
3383,0,3281.0132,3281.6926,3281.9942,0.1082,0
3384,0,3281.8349,3282.5439,3282.9089,0.1652,0
3385,0,3282.7462,3283.6729,3283.9582,0.1157,0
3386,0,3283.8202,3284.5002,3284.7799,0.1160,0
3387,0,3284.6439,3285.3241,3285.5956,0.1024,0
3388,0,3285.4551,3286.4011,3286.6786,0.1109,0
3389,0,3286.5429,3287.2222,3287.5560,0.1119,0
3390,0,3287.4068,3288.1102,3288.4722,0.1689,0
3391,0,3288.3127,3289.1886,3289.4606,0.1123,0
3392,0,3289.3310,3290.0081,3290.3031,0.1092,0
3393,0,3290.1486,3290.8499,3291.1736,0.1089,0
3394,0,3290.9974,3291.8213,3292.1395,0.1120,0
3395,0,3291.9732,3292.6910,3293.0253,0.1193,0
3396,0,3292.8700,3293.5790,3293.8674,0.1082,0
3397,0,3293.7173,3294.6634,3294.9460,0.1169,0
3398,0,3294.8088,3295.4920,3295.7581,0.1112,0
3399,0,3295.6305,3296.3077,3296.6373,0.1102,0
3400,0,3296.4451,3297.5370,3297.8206,0.1214,0
3401,0,3297.6877,3298.3690,3298.6591,0.1037,0
3402,0,3298.5061,3299.2227,3299.5740,0.1620,0
3403,0,3299.4175,3300.2746,3300.5733,0.1128,0
3404,0,3300.4191,3301.1144,3301.4120,0.1162,0
3405,0,3301.2608,3301.9556,3302.2508,0.1089,0
3406,0,3302.0948,3303.0126,3303.4554,0.1306,0
3407,0,3303.1884,3304.0359,3304.3669,0.1179,0
3408,0,3304.1971,3304.9369,3305.2126,0.1140,0
3409,0,3305.0800,3305.8800,3306.1788,0.1123,0
3410,0,3306.0313,3306.7334,3307.0175,0.1150,0
3411,0,3306.8795,3307.5906,3307.9737,0.1351,0
3412,0,3307.7577,3308.6374,3308.9422,0.1148,0
3413,0,3308.7957,3309.4806,3309.7566,0.1140,0
3414,0,3309.6236,3310.3124,3310.6150,0.1094,0
3415,0,3310.4705,3311.2718,3311.5611,0.1147,0
3416,0,3311.4256,3312.1335,3312.4262,0.1116,0
3417,0,3312.2837,3313.0091,3313.3028,0.1110,0
3418,0,3313.1521,3313.9880,3314.4341,0.2661,0
3419,0,3314.2888,3314.9867,3315.2737,0.1117,0
3420,0,3315.1292,3315.8184,3316.1301,0.1051,0
3421,0,3315.9557,3316.9491,3317.2444,0.1105,0
3422,0,3317.0903,3317.7841,3318.0809,0.1105,0
3423,0,3317.9247,3318.6230,3318.9148,0.1092,0
3424,0,3318.7618,3319.6897,3320.0559,0.1575,0
3425,0,3319.8878,3320.6032,3320.9126,0.1187,0
3426,0,3320.7518,3321.4534,3321.7626,0.1474,0
3427,0,3321.6314,3322.4391,3322.7316,0.1148,0
3428,0,3322.5917,3323.2758,3323.5631,0.1138,0
3429,0,3323.4244,3324.1050,3324.4188,0.1124,0
3430,0,3324.2453,3325.2204,3325.5178,0.1140,0
3431,0,3325.3643,3326.0609,3326.3533,0.1101,0
3432,0,3326.2001,3326.8980,3327.2153,0.1089,0
3433,0,3327.0366,3328.0094,3328.3014,0.1122,0
3434,0,3328.1515,3328.8486,3329.1460,0.1105,0
3435,0,3328.9902,3329.6945,3329.9711,0.1094,0
3436,0,3329.8324,3330.6138,3331.0473,0.2652,0
3437,0,3330.9090,3331.5891,3331.8654,0.1126,0
3438,0,3331.7300,3332.4070,3332.7821,0.1117,0
3439,0,3332.5570,3333.5782,3333.8924,0.1176,0
3440,0,3333.7308,3334.4391,3334.7442,0.1157,0
3441,0,3334.5856,3335.2911,3335.6126,0.1139,0
3442,0,3335.4465,3336.5048,3336.7862,0.1142,0
3443,0,3336.6498,3337.3321,3337.6179,0.1108,0
3444,0,3337.4715,3338.1615,3338.4658,0.1109,0
3445,0,3338.3090,3339.2260,3339.5306,0.1163,0
3446,0,3339.3739,3340.0758,3340.3594,0.1157,0
3447,0,3340.2238,3340.9010,3341.2034,0.1411,0
3448,0,3341.0699,3341.9097,3342.2130,0.1175,0
3449,0,3342.0584,3342.7529,3343.0673,0.1161,0
3450,0,3342.9087,3343.6075,3343.9107,0.1116,0
3451,0,3343.7517,3344.7070,3345.0048,0.1135,0
3452,0,3344.8501,3345.5460,3345.8469,0.1146,0
3453,0,3345.6907,3346.3897,3346.7468,0.1052,0
3454,0,3346.5253,3347.5581,3347.8505,0.1091,0
3455,0,3347.7002,3348.4035,3348.7308,0.1136,0
3456,0,3348.5520,3349.2838,3349.5785,0.1051,0
3457,0,3349.4205,3350.3231,3350.6149,0.1145,0
3458,0,3350.4669,3351.1509,3351.4451,0.1086,0
3459,0,3351.2899,3352.0112,3352.3860,0.1646,0
3460,0,3352.2131,3353.1843,3353.5389,0.1189,0
3461,0,3353.3399,3354.0626,3354.3909,0.1131,0
3462,0,3354.2162,3354.9728,3355.5521,0.3722,0
3463,0,3355.3817,3356.1062,3356.3924,0.1125,0
3464,0,3356.2519,3356.9361,3357.2449,0.1114,0
3465,0,3357.0792,3357.7822,3358.3238,0.3800,0
3466,0,3358.1902,3358.8681,3359.1492,0.1110,0
3467,0,3359.0117,3359.6908,3359.9555,0.1100,0
3468,0,3359.8284,3360.5021,3360.7937,0.1139,0
3469,0,3360.6439,3361.3718,3361.6912,0.1105,0
3470,0,3361.5184,3362.2380,3362.5630,0.1120,0
3471,0,3362.3902,3363.1335,3363.5313,0.1291,0
3472,0,3363.3031,3364.2424,3364.5469,0.1104,0
3473,0,3364.3900,3365.1147,3365.4069,0.1133,0
3474,0,3365.2631,3365.9623,3366.2786,0.1037,0
3475,0,3366.1026,3366.9318,3367.2711,0.1577,0
3476,0,3367.1239,3367.8275,3368.1197,0.1171,0
3477,0,3367.9763,3368.6609,3368.9847,0.1535,0
3478,0,3368.8838,3369.6768,3369.9846,0.1171,0
3479,0,3369.8287,3370.5363,3370.8327,0.1097,0
3480,0,3370.6767,3371.3785,3371.6763,0.1121,0
3481,0,3371.5200,3372.4753,3372.7709,0.1190,0
3482,0,3372.6338,3373.3123,3373.5987,0.1104,0
3483,0,3373.4568,3374.1438,3374.4219,0.1077,0
3484,0,3374.2796,3375.2256,3375.5153,0.1211,0
3485,0,3375.3937,3376.0690,3376.3715,0.1140,0
3486,0,3376.2137,3376.9149,3377.2125,0.1057,0
3487,0,3377.0504,3378.0004,3378.2993,0.1170,0
3488,0,3378.1471,3378.8421,3379.1334,0.1098,0
3489,0,3378.9814,3379.6755,3380.0536,0.1075,0
3490,0,3379.8127,3380.8415,3381.1327,0.1095,0
3491,0,3380.9829,3381.6919,3381.9826,0.1134,0
3492,0,3381.8421,3382.5556,3383.0834,0.1568,0
3493,0,3382.8040,3383.7859,3384.0860,0.1119,0
3494,0,3383.9349,3384.6433,3384.9752,0.1253,0
3495,0,3384.8020,3385.5144,3385.7920,0.1107,0
3496,0,3385.6566,3386.3837,3386.6640,0.1135,0
3497,0,3386.5259,3387.2054,3387.4808,0.1114,0
3498,0,3387.3447,3388.0228,3388.3259,0.1082,0
3499,0,3388.1620,3389.1256,3389.4232,0.1131,0
3500,0,3389.2690,3389.9696,3390.2681,0.1141,0
3501,0,3390.1155,3390.8076,3391.1659,0.1211,0
3502,0,3390.9622,3391.9434,3392.2617,0.1184,0
3503,0,3392.0958,3392.8017,3393.0908,0.1125,0
3504,0,3392.9490,3393.6345,3393.9312,0.1058,0
3505,0,3393.7782,3394.6200,3394.9237,0.1155,0
3506,0,3394.7706,3395.4833,3395.7834,0.1126,0
3507,0,3395.6254,3396.3258,3396.7264,0.1076,0
3508,0,3396.4636,3397.5115,3397.8014,0.1095,0
3509,0,3397.6536,3398.3651,3398.6952,0.1107,0
3510,0,3398.5207,3399.2464,3399.5778,0.1402,0
3511,0,3399.4184,3400.2565,3400.5480,0.1331,0
3512,0,3400.4193,3401.0969,3401.3643,0.1116,0
3513,0,3401.2368,3401.9106,3402.1942,0.1109,0
3514,0,3402.0485,3403.0480,3403.4206,0.1158,0
3515,0,3403.2110,3403.9942,3404.3035,0.1136,0
3516,0,3404.1450,3404.8830,3405.1624,0.1078,0
3517,0,3405.0265,3405.8526,3406.1305,0.1135,0
3518,0,3405.9952,3406.6810,3406.9824,0.1111,0
3519,0,3406.8242,3407.5234,3407.8489,0.1087,0
3520,0,3407.6706,3408.5471,3408.8342,0.1138,0
3521,0,3408.6990,3409.3831,3409.6617,0.1128,0
3522,0,3409.5246,3410.2064,3410.5366,0.1097,0
3523,0,3410.3440,3411.3845,3411.6910,0.1114,0
3524,0,3411.5340,3412.2401,3412.5616,0.1106,0
3525,0,3412.3883,3413.1371,3413.5029,0.1359,0
3526,0,3413.3186,3414.3608,3414.6935,0.1191,0
3527,0,3414.5180,3415.2460,3415.5654,0.1184,0
3528,0,3415.3994,3416.1172,3416.7099,0.3908,0
3529,0,3416.5425,3417.2521,3417.5545,0.1122,0
3530,0,3417.3989,3418.1022,3418.4092,0.1124,0
3531,0,3418.2445,3418.9472,3419.4088,0.2776,0
3532,0,3419.2552,3419.9515,3420.2224,0.1120,0
3533,0,3420.0909,3420.7631,3421.0292,0.1064,0
3534,0,3420.8964,3421.5703,3421.8626,0.1125,0
3535,0,3421.7103,3422.5484,3422.8734,0.1213,0
3536,0,3422.7089,3423.4122,3423.7245,0.1157,0
3537,0,3423.5631,3424.2612,3424.6687,0.1154,0
3538,0,3424.4844,3425.3329,3425.6263,0.1122,0
3539,0,3425.4834,3426.1896,3426.4669,0.1123,0
3540,0,3426.3337,3427.0377,3427.3268,0.1276,0
3541,0,3427.1934,3428.0032,3428.2750,0.1139,0
3542,0,3428.1457,3428.8242,3429.1227,0.1118,0
3543,0,3428.9670,3429.6662,3430.0926,0.1099,0
3544,0,3429.8158,3430.8970,3431.2047,0.1129,0
3545,0,3431.0485,3431.7838,3432.0857,0.1197,0
3546,0,3431.9420,3432.6565,3433.0111,0.1129,0
3547,0,3432.8636,3433.7440,3434.0310,0.1130,0
3548,0,3433.8893,3434.5755,3434.8512,0.1131,0
3549,0,3434.7165,3435.3961,3435.7137,0.1451,0
3550,0,3435.5708,3436.4136,3436.6963,0.1155,0
3551,0,3436.5589,3437.2384,3437.5084,0.1114,0
3552,0,3437.3776,3438.0589,3438.3547,0.1098,0
3553,0,3438.1987,3439.1640,3439.4645,0.1171,0
3554,0,3439.3110,3440.0070,3440.2995,0.1101,0
3555,0,3440.1483,3440.8427,3441.1479,0.1171,0
3556,0,3440.9896,3441.9420,3442.2113,0.1123,0
3557,0,3442.0824,3442.7520,3443.0348,0.1111,0
3558,0,3442.8971,3443.5780,3443.8653,0.1077,0
3559,0,3443.7145,3444.7066,3444.9877,0.1168,0
3560,0,3444.8524,3445.5355,3445.8772,0.1193,0
3561,0,3445.6935,3446.4606,3446.8175,0.1360,0
3562,0,3446.6588,3447.5816,3447.8733,0.1136,0
3563,0,3447.7259,3448.4261,3448.7147,0.1131,0
3564,0,3448.5709,3449.2638,3449.5397,0.1115,0
3565,0,3449.4054,3450.3231,3450.6300,0.1147,0
3566,0,3450.4711,3451.1764,3451.4492,0.1122,0
3567,0,3451.3169,3451.9926,3452.3172,0.1645,0
3568,0,3452.1853,3453.0219,3453.3204,0.1176,0
3569,0,3453.1775,3453.9019,3454.2142,0.1126,0
3570,0,3454.0486,3454.7733,3455.1299,0.1678,0
3571,0,3454.9725,3455.8780,3456.1741,0.1119,0
3572,0,3456.0208,3456.7260,3457.0232,0.1096,0
3573,0,3456.8668,3457.5617,3457.9073,0.1530,0
3574,0,3457.7644,3458.5822,3458.8566,0.1131,0
3575,0,3458.7256,3459.4009,3459.6733,0.1139,0
3576,0,3459.5435,3460.2286,3460.5312,0.1085,0
3577,0,3460.3645,3461.3767,3461.7607,0.1369,0
3578,0,3461.5702,3462.3440,3462.6871,0.1176,0
3579,0,3462.5010,3463.2266,3463.5011,0.1008,0
3580,0,3463.3572,3464.2494,3464.5403,0.1155,0
3581,0,3464.4008,3465.0986,3465.4794,0.1708,0
3582,0,3465.3087,3466.0393,3466.3498,0.1098,0
3583,0,3466.1809,3467.0640,3467.3834,0.1158,0
3584,0,3467.2170,3467.9297,3468.2290,0.1108,0
3585,0,3468.0712,3468.7709,3469.0351,0.1040,0
3586,0,3468.9216,3469.7648,3470.0769,0.1146,0
3587,0,3469.9120,3470.6149,3470.9239,0.1141,0
3588,0,3470.7614,3471.4709,3471.8048,0.1479,0
3589,0,3471.6496,3472.5609,3472.8822,0.1185,0
3590,0,3472.7182,3473.4249,3473.7394,0.1144,0
3591,0,3473.5816,3474.3259,3474.6324,0.1058,0
3592,0,3474.4674,3475.2970,3475.6325,0.1189,0
3593,0,3475.4612,3476.2100,3476.4934,0.1156,0
3594,0,3476.3585,3477.0527,3477.3691,0.1411,0
3595,0,3477.2296,3478.0769,3478.3525,0.1159,0
3596,0,3478.2227,3478.8991,3479.1853,0.1106,0
3597,0,3479.0431,3479.7406,3480.0945,0.1064,0
3598,0,3479.8806,3480.8995,3481.2148,0.1155,0
3599,0,3481.0475,3481.7581,3482.0709,0.1148,0
3600,0,3481.9086,3482.6232,3482.9475,0.1166,0
3601,0,3482.7799,3483.6603,3483.9884,0.1560,0
3602,0,3483.8490,3484.5406,3484.8165,0.1131,0
3603,0,3484.6814,3485.3579,3485.6654,0.1451,0
3604,0,3485.5317,3486.3459,3486.6206,0.1130,0
3605,0,3486.4882,3487.1640,3487.4394,0.1151,0
3606,0,3487.3065,3487.9822,3488.3183,0.1085,0
3607,0,3488.1208,3489.1185,3489.4271,0.1155,0
3608,0,3489.2664,3489.9675,3490.2650,0.1097,0
3609,0,3490.1082,3490.8025,3491.1436,0.1124,0
3610,0,3490.9550,3491.9708,3492.2704,0.1204,0
3611,0,3492.1280,3492.8373,3493.1665,0.1183,0
3612,0,3492.9978,3493.7325,3494.0043,0.1055,0
3613,0,3493.8677,3494.6842,3494.9632,0.1130,0
3614,0,3494.8272,3495.5092,3495.7875,0.1152,0
3615,0,3495.6525,3496.3250,3496.6478,0.1138,0
3616,0,3496.4657,3497.5800,3497.8598,0.1129,0
3617,0,3497.7229,3498.4027,3498.6730,0.1048,0
3618,0,3498.5358,3499.2202,3499.5458,0.1688,0
3619,0,3499.4173,3500.3610,3500.6832,0.1187,0
3620,0,3500.5196,3501.2300,3501.5298,0.1132,0
3621,0,3501.3726,3502.0689,3502.3606,0.1059,0
3622,0,3502.2061,3503.1301,3503.4322,0.1033,0
3623,0,3503.2787,3504.0063,3504.2886,0.1118,0
3624,0,3504.1511,3504.8566,3505.1193,0.1024,0
3625,0,3504.9887,3505.8359,3506.1260,0.1193,0
3626,0,3505.9877,3506.6715,3506.9393,0.1101,0
3627,0,3507.2437,3507.8362,3508.4614,0.2766,0
3628,0,3508.1892,3509.2348,3509.5239,0.1001,0
3629,0,3509.3770,3510.0973,3510.4652,0.1154,0
3630,0,3510.2453,3511.2655,3511.5952,0.1668,0
3631,0,3511.4610,3512.1445,3512.4258,0.1057,0
3632,0,3512.2855,3513.0128,3513.3250,0.1106,0
3633,0,3513.1612,3513.9869,3514.4367,0.2675,0
3634,0,3514.2891,3514.9984,3515.3165,0.1096,0
3635,0,3515.1490,3515.8661,3516.1933,0.1098,0
3636,0,3516.0166,3516.8554,3517.1688,0.1123,0
3637,0,3517.0012,3517.7089,3518.0167,0.1110,0
3638,0,3517.8545,3518.5796,3518.8646,0.1135,0
3639,0,3518.7243,3519.7112,3519.9861,0.1135,0
3640,0,3519.8540,3520.5386,3520.8072,0.1091,0
3641,0,3520.6753,3521.3501,3521.6670,0.1099,0
3642,0,3521.4875,3522.4889,3522.8123,0.1207,0
3643,0,3522.6495,3523.3535,3523.7127,0.1167,0
3644,0,3523.5353,3524.2664,3524.5644,0.1112,0
3645,0,3524.4349,3525.3095,3525.6243,0.1146,0
3646,0,3525.4613,3526.1863,3526.4849,0.1099,0
3647,0,3526.3271,3527.0262,3527.3402,0.1285,0
3648,0,3527.1857,3528.1566,3528.4682,0.1178,0
3649,0,3528.3103,3529.0096,3529.2803,0.1117,0
3650,0,3529.1492,3529.8281,3530.1628,0.1164,0
3651,0,3529.9998,3530.8979,3531.1795,0.1114,0
3652,0,3531.0396,3531.7363,3532.0382,0.1122,0
3653,0,3531.8799,3532.5823,3532.9118,0.1220,0
3654,0,3532.7513,3533.6642,3533.9513,0.1179,0
3655,0,3533.8111,3534.4920,3534.7912,0.1148,0
3656,0,3534.6349,3535.3371,3535.6909,0.1596,0
3657,0,3535.5275,3536.4382,3536.7291,0.1159,0
3658,0,3536.5884,3537.2717,3537.5434,0.1134,0
3659,0,3537.4122,3538.0899,3538.3545,0.1004,0
3660,0,3538.2312,3539.0569,3539.3974,0.1136,0
3661,0,3539.2023,3539.9792,3540.2870,0.1120,0
3662,0,3540.1267,3540.8668,3541.1543,0.1036,0
3663,0,3541.0230,3541.8285,3542.1035,0.1135,0
3664,0,3541.9732,3542.6597,3542.9837,0.1169,0
3665,0,3542.8167,3543.5200,3543.8596,0.1137,0
3666,0,3543.6635,3544.6656,3544.9968,0.1684,0
3667,0,3544.8618,3545.5399,3545.8103,0.1130,0
3668,0,3545.6804,3546.3554,3546.6763,0.1120,0
3669,0,3546.4945,3547.2952,3547.7604,0.2710,0
3670,0,3547.5987,3548.3135,3548.6331,0.1120,0
3671,0,3548.4606,3549.1801,3549.4879,0.1079,0
3672,0,3549.3203,3550.2831,3550.5859,0.1130,0
3673,0,3550.4272,3551.1315,3551.4197,0.1093,0
3674,0,3551.2707,3551.9670,3552.2594,0.1045,0
3675,0,3552.1013,3553.0359,3553.3605,0.1183,0
3676,0,3553.1939,3553.9402,3554.2369,0.1127,0
3677,0,3554.0858,3554.7959,3555.1367,0.1574,0
3678,0,3554.9914,3555.8212,3556.0983,0.1148,0
3679,0,3555.9668,3556.6491,3556.9488,0.1128,0
3680,0,3556.7922,3557.4946,3557.7973,0.1189,0
3681,0,3557.6448,3558.5962,3558.8926,0.1122,0
3682,0,3558.7386,3559.4359,3559.7279,0.1105,0
3683,0,3559.5760,3560.2732,3560.5609,0.1064,0
3684,0,3560.4090,3561.3321,3561.6644,0.1654,0
3685,0,3561.5280,3562.2062,3562.5007,0.1133,0
3686,0,3562.3541,3563.0879,3563.4652,0.1105,0
3687,0,3563.2607,3564.3310,3564.6422,0.1091,0
3688,0,3564.4799,3565.1967,3565.5200,0.1135,0
3689,0,3565.3441,3566.0803,3566.6412,0.3758,0
3690,0,3566.4885,3567.1916,3567.4909,0.1125,0
3691,0,3567.3348,3568.0331,3568.2928,0.1041,0
3692,0,3568.1648,3568.8442,3569.3365,0.2703,0
3693,0,3569.1557,3569.9185,3570.2366,0.1089,0
3694,0,3570.0641,3570.7962,3571.0899,0.1125,0
3695,0,3570.9440,3571.6436,3571.9279,0.1174,0
3696,0,3571.7891,3572.5185,3572.8405,0.1333,0
3697,0,3572.6901,3573.3977,3573.6933,0.1120,0
3698,0,3573.5452,3574.2534,3574.5521,0.1344,0
3699,0,3574.4186,3575.3185,3575.5924,0.1132,0
3700,0,3575.4614,3576.1402,3576.4404,0.1134,0
3701,0,3576.2834,3576.9820,3577.2808,0.1079,0
3702,0,3577.1212,3578.0739,3578.3721,0.1131,0
3703,0,3578.2176,3578.9114,3579.2161,0.1244,0
3704,0,3579.0658,3579.7624,3580.0610,0.1017,0
3705,0,3579.9160,3580.8662,3581.1751,0.1121,0
3706,0,3581.0173,3581.7476,3582.0389,0.1104,0
3707,0,3581.8899,3582.5963,3582.8947,0.1172,0
3708,0,3582.7522,3583.5831,3583.8705,0.1112,0
3709,0,3583.7305,3584.4090,3584.6890,0.1148,0
3710,0,3584.5519,3585.2341,3585.5422,0.1116,0
3711,0,3585.3733,3586.3491,3586.6617,0.1198,0
3712,0,3586.5019,3587.2219,3587.4927,0.1127,0
3713,0,3587.3620,3588.0426,3588.3063,0.1068,0
3714,0,3588.1768,3589.1179,3589.4017,0.1131,0
3715,0,3589.2634,3589.9412,3590.2621,0.1211,0
3716,0,3590.0951,3590.8155,3591.0914,0.1086,0
3717,0,3590.9526,3591.9369,3592.2415,0.1111,0
3718,0,3592.0782,3592.7823,3593.1080,0.1185,0
3719,0,3592.9390,3593.6482,3593.9494,0.1127,0
3720,0,3593.7902,3594.7135,3595.0468,0.1625,0
3721,0,3594.9094,3595.5901,3595.8847,0.1103,0
3722,0,3595.7285,3596.4347,3596.7502,0.1082,0
3723,0,3596.5961,3597.5531,3597.8434,0.1128,0
3724,0,3597.6966,3598.4060,3598.6934,0.1121,0
3725,0,3598.5498,3599.2526,3599.5514,0.1386,0
3726,0,3599.4217,3600.2793,3600.5963,0.1147,0
3727,0,3600.4228,3601.1433,3601.4591,0.1136,0
3728,0,3601.2968,3602.0350,3602.3806,0.1368,0
3729,0,3602.2073,3603.1216,3603.4231,0.1103,0
3730,0,3603.2677,3603.9675,3604.2704,0.1161,0
3731,0,3604.1172,3604.8482,3605.1580,0.1031,0
3732,0,3604.9868,3605.8381,3606.1289,0.1227,0
3733,0,3605.9922,3606.6755,3606.9434,0.1105,0
3734,0,3606.8131,3607.4921,3607.7854,0.1033,0
3735,0,3607.6237,3608.5781,3608.8848,0.1156,0
3736,0,3608.7324,3609.4707,3609.7953,0.1184,0
3737,0,3609.6230,3610.3497,3610.6851,0.1371,0
3738,0,3610.5194,3611.4020,3611.7545,0.1617,0
3739,0,3611.5956,3612.2955,3612.6018,0.1120,0
3740,0,3612.4462,3613.1855,3613.5334,0.1167,0
3741,0,3613.3422,3614.2695,3614.5696,0.1109,0
3742,0,3614.4150,3615.1286,3615.4218,0.1112,0
3743,0,3615.2749,3615.9742,3616.2711,0.1090,0
3744,0,3616.1150,3617.0445,3617.4756,0.1145,0
3745,0,3617.2392,3618.0286,3618.3833,0.1167,0
3746,0,3618.2203,3618.9359,3619.5353,0.3794,0
3747,0,3619.3892,3620.0936,3620.4351,0.1083,0
3748,0,3620.2367,3621.0231,3621.3416,0.1105,0
3749,0,3621.1684,3622.1481,3622.4321,0.1115,0
3750,0,3622.3104,3623.0937,3623.4769,0.1255,0
3751,0,3623.2680,3624.0580,3624.3860,0.1150,0
3752,0,3624.2856,3625.4214,3625.7425,0.1143,0
3753,0,3625.5713,3626.2943,3626.6395,0.1128,0
3754,0,3626.4404,3627.2013,3627.8004,0.3709,0
3755,0,3627.6034,3628.3384,3628.6538,0.1223,0
3756,0,3628.4939,3629.2092,3629.5093,0.1091,0
3757,0,3629.3507,3630.2604,3630.7047,0.2694,0
3758,0,3630.5603,3631.2614,3631.5436,0.1098,0
3759,0,3631.4002,3632.0913,3632.7440,0.1113,0
3760,0,3632.2309,3633.5662,3633.8655,0.1144,0
3761,0,3633.7129,3634.4256,3634.7226,0.1126,0
3762,0,3634.5747,3635.2701,3635.5481,0.1036,0
3763,0,3635.4031,3636.3539,3636.6449,0.1149,0
3764,0,3636.4967,3637.1874,3637.4851,0.1101,0
3765,0,3637.3285,3638.0292,3638.3286,0.1091,0
3766,0,3638.1692,3639.1310,3639.4482,0.1109,0
3767,0,3639.2725,3639.9879,3640.2841,0.1104,0
3768,0,3640.1303,3640.8312,3641.1789,0.1467,0
3769,0,3641.0199,3641.9504,3642.2661,0.1142,0
3770,0,3642.1085,3642.8465,3643.1425,0.1147,0
3771,0,3643.0001,3643.7089,3644.0049,0.1249,0
3772,0,3643.8628,3644.6739,3644.9503,0.1168,0
3773,0,3644.8197,3645.4996,3645.8062,0.1135,0
3774,0,3645.6408,3646.3505,3646.7935,0.1076,0
3775,0,3646.4868,3647.6860,3647.9668,0.1113,0
3776,0,3647.8259,3648.5305,3648.8651,0.1096,0
3777,0,3648.6853,3649.4412,3650.0190,0.3869,0
3778,0,3649.8691,3650.5862,3650.9100,0.1173,0
3779,0,3650.7423,3651.4557,3651.7740,0.1134,0
3780,0,3651.6021,3652.3149,3652.8000,0.2776,0
3781,0,3652.6256,3653.3394,3653.6282,0.1148,0
3782,0,3653.5135,3654.2750,3654.5807,0.1125,0
3783,0,3654.4242,3655.3848,3655.7512,0.1557,0
3784,0,3655.5810,3656.3002,3656.6059,0.1146,0
3785,0,3656.4485,3657.1466,3657.4172,0.1146,0
3786,0,3657.2882,3658.2568,3658.5540,0.1120,0
3787,0,3658.3970,3659.1026,3659.4086,0.1153,0
3788,0,3659.2485,3659.9542,3660.2514,0.1127,0
3789,0,3660.0967,3661.0627,3661.3512,0.1177,0
3790,0,3661.2103,3661.8925,3662.1742,0.1136,0
3791,0,3662.0376,3662.7181,3662.9983,0.1100,0
3792,0,3662.8610,3663.7275,3664.3229,0.2592,0
3793,0,3664.0151,3664.8952,3665.1842,0.1100,0
3794,0,3665.0366,3665.7454,3666.0855,0.1139,0
3795,0,3665.8955,3666.8833,3667.1777,0.1145,0
3796,0,3667.0311,3667.7353,3668.0145,0.1119,0
3797,0,3667.8802,3668.5809,3668.8817,0.1029,0
3798,0,3668.7251,3669.7292,3670.0059,0.1076,0
3799,0,3669.8669,3670.5593,3670.8530,0.1118,0
3800,0,3670.6999,3671.4020,3671.7002,0.1103,0
3801,0,3671.5412,3672.5016,3672.7957,0.1185,0
3802,0,3672.6577,3673.3384,3673.6705,0.1113,0
3803,0,3673.4794,3674.2010,3674.5014,0.1047,0
3804,0,3674.3393,3675.3439,3675.6583,0.1220,0
3805,0,3675.4960,3676.2018,3676.5032,0.1125,0
3806,0,3676.3437,3677.0576,3677.3374,0.1122,0
3807,0,3677.2041,3678.0651,3678.3618,0.1125,0
3808,0,3678.2070,3678.9064,3679.1986,0.1108,0
3809,0,3679.0454,3679.7694,3680.1125,0.1111,0
3810,0,3679.9350,3680.9273,3681.2302,0.1106,0
3811,0,3681.0759,3681.8109,3682.1283,0.1064,0
3812,0,3681.9537,3682.6862,3682.9800,0.1162,0
3813,0,3682.8363,3683.6899,3683.9722,0.1114,0
3814,0,3683.8321,3684.5174,3684.7928,0.1125,0
3815,0,3684.6578,3685.3411,3685.6736,0.1542,0
3816,0,3685.5250,3686.3519,3686.6574,0.1123,0
3817,0,3686.4946,3687.1940,3687.4907,0.1102,0
3818,0,3687.3322,3688.0300,3688.3357,0.1084,0
3819,0,3688.1665,3689.2715,3689.5802,0.1134,0
3820,0,3689.4243,3690.1579,3690.4846,0.1155,0
3821,0,3690.3081,3691.0336,3691.3155,0.1159,0
3822,0,3691.1798,3692.0193,3692.2954,0.1151,0
3823,0,3692.1634,3692.8409,3693.1191,0.1148,0
3824,0,3692.9834,3693.6641,3693.9310,0.1059,0
3825,0,3693.7988,3694.6245,3694.9336,0.1186,0
3826,0,3694.7736,3695.5292,3695.8144,0.1092,0
3827,0,3695.6651,3696.3717,3696.7281,0.1101,0
3828,0,3696.5146,3697.4378,3697.8806,0.2600,0
3829,0,3697.7313,3698.4400,3698.7597,0.1114,0
3830,0,3698.5860,3699.3118,3699.6002,0.1086,0
3831,0,3699.4757,3700.3236,3700.5998,0.1144,0
3832,0,3700.4649,3701.1505,3701.4250,0.1108,0
3833,0,3701.2890,3701.9701,3702.2492,0.1079,0
3834,0,3702.1224,3702.9521,3703.2921,0.1178,0
3835,0,3703.1174,3703.8665,3704.1800,0.1151,0
3836,0,3704.0143,3704.7386,3705.0399,0.1106,0
3837,0,3704.8794,3705.8649,3706.1648,0.1158,0
3838,0,3706.0099,3706.7078,3707.0054,0.1120,0
3839,0,3706.8485,3707.5457,3707.8394,0.1068,0
3840,0,3707.6820,3708.4940,3708.7886,0.1089,0
3841,0,3708.6658,3709.3924,3709.7040,0.1160,0
3842,0,3709.5489,3710.2800,3710.5999,0.1082,0
3843,0,3710.4252,3711.4068,3711.7972,0.1274,0
3844,0,3711.5782,3712.3731,3712.6823,0.1091,0
3845,0,3712.5203,3713.2383,3713.5386,0.1021,0
3846,0,3713.3712,3714.2181,3714.5306,0.1137,0
3847,0,3714.3763,3715.1134,3715.4177,0.1136,0
3848,0,3715.2795,3715.9975,3716.2915,0.1038,0
3849,0,3716.1393,3716.9869,3717.2709,0.1108,0
3850,0,3717.1328,3717.8450,3718.1287,0.1171,0
3851,0,3717.9920,3718.6711,3718.9931,0.1580,0
3852,0,3718.8583,3719.6971,3719.9682,0.1124,0
3853,0,3719.8386,3720.5122,3720.8015,0.1122,0
3854,0,3720.6515,3721.3510,3721.6717,0.1119,0
3855,0,3721.4911,3722.6089,3722.9294,0.1189,0
3856,0,3722.7659,3723.4744,3723.7579,0.1141,0
3857,0,3723.6218,3724.2990,3724.5627,0.1030,0
3858,0,3724.4302,3725.2609,3725.6230,0.1117,0
3859,0,3725.4015,3726.1600,3726.4336,0.1133,0
3860,0,3726.2992,3726.9827,3727.2851,0.1105,0
3861,0,3727.1361,3727.9566,3728.2484,0.1141,0
3862,0,3728.1079,3728.8086,3729.1166,0.1130,0
3863,0,3728.9527,3729.6619,3730.0546,0.1092,0
3864,0,3729.8002,3730.8548,3731.1732,0.1165,0
3865,0,3731.0105,3731.7171,3732.0280,0.1182,0
3866,0,3731.8678,3732.5822,3732.9416,0.1534,0
3867,0,3732.7751,3733.6955,3733.9807,0.1193,0
3868,0,3733.8436,3734.5244,3734.7999,0.1137,0
3869,0,3734.6655,3735.3421,3735.6609,0.1563,0
3870,0,3735.5279,3736.3476,3736.6257,0.1140,0
3871,0,3736.4899,3737.1682,3737.4626,0.1092,0
3872,0,3737.3057,3738.0054,3738.3256,0.1085,0
3873,0,3738.1417,3739.0842,3739.4313,0.1657,0
3874,0,3739.2783,3739.9764,3740.2700,0.1118,0
3875,0,3740.1159,3740.8173,3741.1182,0.1090,0
3876,0,3740.9546,3741.9121,3742.1845,0.1145,0
3877,0,3742.0536,3742.7291,3743.0313,0.1135,0
3878,0,3742.8781,3743.5827,3743.8912,0.1081,0
3879,0,3743.7291,3744.6948,3744.9817,0.1170,0
3880,0,3744.8411,3745.5285,3745.8286,0.1150,0
3881,0,3745.6713,3746.3652,3746.7631,0.1085,0
3882,0,3746.5022,3747.5695,3747.8783,0.1143,0
3883,0,3747.7150,3748.4209,3748.7490,0.1115,0
3884,0,3748.5703,3749.3218,3749.6456,0.1073,0
3885,0,3749.4707,3750.3333,3750.6606,0.1114,0
3886,0,3750.4844,3751.2370,3751.5514,0.1131,0
3887,0,3751.3866,3752.1104,3752.3854,0.1099,0
3888,0,3752.2493,3753.1209,3753.4502,0.1130,0
3889,0,3753.2690,3753.9895,3754.2839,0.1110,0
3890,0,3754.1309,3754.8426,3755.1433,0.1107,0
3891,0,3754.9906,3755.8677,3756.2042,0.1640,0
3892,0,3756.0637,3756.7509,3757.0434,0.1113,0
3893,0,3756.8910,3757.5903,3757.9121,0.1297,0
3894,0,3757.7547,3758.6612,3758.9936,0.1185,0
3895,0,3758.8143,3759.5360,3759.8397,0.1128,0
3896,0,3759.6794,3760.3862,3760.6845,0.1206,0
3897,0,3760.5374,3761.3946,3761.7049,0.1178,0
3898,0,3761.5431,3762.2438,3762.5589,0.1075,0
3899,0,3762.3873,3763.1342,3763.5294,0.1365,0
3900,0,3763.3099,3764.2707,3764.6053,0.1186,0
3901,0,3764.4307,3765.1535,3765.4893,0.1206,0
3902,0,3765.3243,3766.0332,3766.3243,0.1109,0
3903,0,3766.1726,3767.0129,3767.3107,0.1129,0
3904,0,3767.1554,3767.8560,3768.1487,0.1114,0
3905,0,3767.9955,3768.6921,3769.0452,0.1435,0
3906,0,3768.8855,3769.7932,3770.0637,0.1012,0
3907,0,3769.9266,3770.6209,3770.8906,0.1119,0
3908,0,3770.7607,3771.4392,3771.7255,0.1088,0
3909,0,3771.5753,3772.3891,3772.7115,0.1184,0
3910,0,3772.5457,3773.2590,3773.6094,0.1179,0
3911,0,3773.4176,3774.1887,3774.6209,0.1457,0
3912,0,3774.4414,3775.2972,3775.6085,0.1148,0
3913,0,3775.4451,3776.1545,3776.4373,0.1157,0
3914,0,3776.2981,3776.9854,3777.3009,0.1056,0
3915,0,3777.1284,3777.9508,3778.2407,0.1142,0
3916,0,3778.1016,3778.8024,3779.1019,0.1161,0
3917,0,3778.9477,3779.6525,3780.0606,0.1100,0
3918,0,3779.7909,3780.8915,3781.1949,0.1092,0
3919,0,3781.0353,3781.7699,3782.0934,0.1157,0
3920,0,3781.9213,3782.6613,3783.0201,0.1164,0
3921,0,3782.8678,3783.6884,3783.9741,0.1116,0
3922,0,3783.8333,3784.5286,3784.8281,0.1131,0
3923,0,3784.6694,3785.3745,3785.6837,0.1292,0
3924,0,3785.5344,3786.3550,3786.6969,0.1753,0
3925,0,3786.5597,3787.2431,3787.5143,0.1134,0
3926,0,3787.3834,3788.0640,3788.3379,0.1020,0
3927,0,3788.1930,3789.1265,3789.4453,0.1177,0
3928,0,3789.2824,3790.0156,3790.3248,0.1145,0
3929,0,3790.1618,3790.8695,3791.1608,0.1071,0
3930,0,3791.0049,3791.9492,3792.2622,0.1153,0
3931,0,3792.1294,3792.8513,3793.2641,0.2080,0
3932,0,3793.0999,3793.8396,3794.1341,0.1135,0
3933,0,3793.9847,3794.8341,3795.1406,0.1130,0
3934,0,3794.9855,3795.6939,3795.9788,0.1128,0
3935,0,3795.8409,3796.5438,3796.8149,0.1069,0
3936,0,3796.7357,3797.5792,3797.8956,0.1157,0
3937,0,3797.7276,3798.4499,3798.7612,0.1128,0
3938,0,3798.6034,3799.3380,3799.6434,0.1051,0
3939,0,3799.4786,3800.3505,3800.6395,0.1066,0
3940,0,3800.4914,3801.1860,3801.4861,0.1124,0
3941,0,3801.3306,3802.0302,3802.3538,0.1348,0
3942,0,3802.1978,3803.1034,3803.4139,0.1022,0
3943,0,3803.2481,3803.9807,3804.2757,0.1101,0
3944,0,3804.1256,3804.8481,3805.1645,0.1122,0
3945,0,3804.9980,3805.9022,3806.1847,0.1134,0
3946,0,3806.0484,3806.7220,3807.0171,0.1129,0
3947,0,3806.8684,3807.5583,3807.9389,0.1727,0
3948,0,3807.7627,3808.6080,3808.9339,0.1177,0
3949,0,3808.7680,3809.4626,3809.7498,0.1140,0
3950,0,3809.6098,3810.2867,3810.5604,0.1112,0
3951,0,3810.4268,3811.3531,3811.6297,0.1147,0
3952,0,3811.4978,3812.1688,3812.4567,0.1113,0
3953,0,3812.3159,3813.0338,3813.3184,0.1117,0
3954,0,3813.1782,3813.9890,3814.4593,0.2644,0
3955,0,3814.2893,3815.0023,3815.3019,0.1111,0
3956,0,3815.1445,3815.8346,3816.1275,0.1055,0
3957,0,3815.9701,3816.8732,3817.2270,0.1580,0
3958,0,3817.0725,3817.7932,3818.0762,0.1125,0
3959,0,3817.9398,3818.6249,3818.8991,0.1009,0
3960,0,3818.7558,3819.6946,3820.0368,0.1156,0
3961,0,3819.8420,3820.5785,3820.9096,0.1171,0
3962,0,3820.7346,3821.4354,3821.8038,0.1785,0
3963,0,3821.6580,3822.4813,3822.7959,0.1205,0
3964,0,3822.6432,3823.3311,3823.6360,0.1110,0
3965,0,3823.4774,3824.1718,3824.4649,0.1096,0
3966,0,3824.3196,3825.1408,3825.4638,0.1150,0
3967,0,3825.2911,3825.9869,3826.2966,0.1117,0
3968,0,3826.1335,3826.8394,3827.1540,0.1119,0
3969,0,3826.9808,3827.9725,3828.2559,0.1207,0
3970,0,3828.1212,3828.7735,3829.1081,0.1179,0
3971,0,3828.9310,3829.6364,3830.0256,0.1099,0
3972,0,3829.7787,3830.7877,3831.0796,0.1094,0
3973,0,3830.9301,3831.6073,3831.9090,0.1123,0
3974,0,3831.7529,3832.4420,3832.7682,0.1108,0
3975,0,3832.5880,3833.5042,3833.8387,0.1633,0
3976,0,3833.6996,3834.3516,3834.6291,0.1141,0
3977,0,3834.4943,3835.1444,3835.5424,0.1173,0
3978,0,3835.4058,3836.4072,3836.7066,0.1122,0
3979,0,3836.5538,3837.2386,3837.5243,0.1149,0
3980,0,3837.3849,3838.0445,3838.3263,0.1111,0
3981,0,3838.1878,3839.1172,3839.3870,0.1135,0
3982,0,3839.2583,3839.9051,3840.1981,0.1103,0
3983,0,3840.0453,3840.7139,3841.0956,0.1104,0
3984,0,3840.8547,3841.9254,3842.2352,0.1181,0
3985,0,3842.0791,3842.7472,3843.0594,0.1172,0
3986,0,3842.8993,3843.5721,3843.9008,0.1164,0
3987,0,3843.7220,3844.6738,3844.9518,0.1156,0
3988,0,3844.8171,3845.4645,3845.7341,0.1129,0
3989,0,3845.6044,3846.2461,3846.5713,0.1113,0
3990,0,3846.3845,3847.2769,3847.7200,0.2608,0
3991,0,3847.5657,3848.2290,3848.5693,0.1078,0
3992,0,3848.3663,3849.0875,3849.4513,0.1118,0
3993,0,3849.2370,3850.2469,3850.5760,0.1179,0
3994,0,3850.4022,3851.0964,3851.6383,0.1108,0
3995,0,3851.2546,3852.1576,3852.4493,0.1146,0
3996,0,3852.3354,3853.1424,3853.4989,0.1192,0
3997,0,3853.3110,3854.0282,3854.3493,0.1114,0
3998,0,3854.1788,3854.8873,3855.2194,0.1132,0
3999,0,3855.0810,3855.8400,3856.1238,0.1116,0
4000,0,3855.9839,3856.6291,3856.9028,0.1129,0
4001,0,3856.7696,3857.4045,3857.7867,0.1123,0
4002,0,3857.5438,3858.5545,3858.8532,0.1123,0
4003,0,3858.6972,3859.3502,3859.6476,0.1087,0
4004,0,3859.4885,3860.1463,3860.4694,0.1096,0
4005,0,3860.2874,3861.2636,3861.5625,0.1120,0
4006,0,3861.4068,3862.0667,3862.3338,0.1102,0
4007,0,3862.2041,3862.8316,3863.1279,0.1111,0
4008,0,3862.9731,3863.8443,3864.2388,0.2198,0
4009,0,3864.1016,3864.7528,3865.0415,0.1094,0
4010,0,3864.8955,3865.5500,3865.8438,0.1107,0
4011,0,3865.6891,3866.6791,3867.0050,0.1197,0
4012,0,3866.8363,3867.5203,3867.7940,0.1105,0
4013,0,3867.6614,3868.2960,3868.5730,0.1082,0
4014,0,3868.4363,3869.3394,3869.6179,0.1219,0
4015,0,3869.4886,3870.1251,3870.4058,0.1136,0
4016,0,3870.2706,3870.9067,3871.1720,0.1109,0
4017,0,3871.0447,3871.6751,3872.2492,0.3761,0
4018,0,3872.0890,3872.7459,3873.0313,0.1132,0
4019,0,3872.8931,3873.5302,3873.8186,0.1195,0
4020,0,3873.6963,3874.3380,3874.6042,0.1046,0
4021,0,3874.4724,3875.3006,3875.5820,0.1160,0
4022,0,3875.4476,3876.0878,3876.3820,0.1098,0
4023,0,3876.2288,3876.8802,3877.2287,0.1141,0
4024,0,3877.0262,3877.9877,3878.2942,0.1134,0
4025,0,3878.1337,3878.7904,3879.0838,0.1120,0
4026,0,3878.9324,3879.5861,3879.8933,0.1106,0
4027,0,3879.7263,3880.5904,3880.9986,0.2247,0
4028,0,3880.8434,3881.4946,3881.8074,0.1146,0
4029,0,3881.6474,3882.3389,3882.6989,0.1105,0
4030,0,3882.4907,3883.5232,3883.8126,0.1115,0
4031,0,3883.6684,3884.3189,3884.6324,0.1152,0
4032,0,3884.4690,3885.1715,3885.4762,0.1122,0
4033,0,3885.3148,3886.2769,3886.5750,0.1202,0
4034,0,3886.4321,3887.1081,3887.3803,0.1109,0
4035,0,3887.2480,3887.8830,3888.1613,0.1152,0
4036,0,3888.0271,3888.9689,3889.2515,0.1191,0
4037,0,3889.1171,3889.7561,3890.0287,0.1134,0
4038,0,3889.8971,3890.5332,3890.8495,0.1129,0
4039,0,3890.6846,3891.6283,3891.9955,0.1536,0
4040,0,3891.8238,3892.5139,3892.8209,0.1202,0
4041,0,3892.6764,3893.3201,3893.6105,0.1094,0
4042,0,3893.4653,3894.4185,3894.7588,0.1651,0
4043,0,3894.6157,3895.2708,3895.5521,0.1106,0
4044,0,3895.4144,3896.0628,3896.3449,0.1117,0
4045,0,3896.2073,3897.0543,3897.4825,0.2630,0
4046,0,3897.3457,3897.9866,3898.3294,0.1091,0
4047,0,3898.1279,3898.8716,3899.1756,0.1122,0
4048,0,3899.0211,3900.0261,3900.3497,0.1141,0
4049,0,3900.1782,3900.8563,3901.1345,0.1129,0
4050,0,3900.9997,3901.6432,3901.9494,0.1147,0
4051,0,3901.7886,3902.7175,3903.0096,0.1180,0
4052,0,3902.8703,3903.5169,3903.8015,0.1109,0
4053,0,3903.6634,3904.3019,3904.5838,0.1174,0
4054,0,3904.4469,3905.0851,3905.5314,0.2852,0
4055,0,3905.3981,3906.0310,3906.3480,0.1174,0
4056,0,3906.1855,3906.8462,3907.1416,0.1093,0
4057,0,3906.9855,3907.6378,3907.8985,0.1010,0
4058,0,3907.7667,3908.5672,3908.8716,0.1043,0
4059,0,3908.7138,3909.4313,3909.7469,0.1167,0
4060,0,3909.5880,3910.2831,3910.5712,0.1173,0
4061,0,3910.4355,3911.4794,3911.7667,0.1187,0
4062,0,3911.6266,3912.2679,3912.5908,0.1176,0
4063,0,3912.4195,3913.0899,3913.4743,0.1061,0
4064,0,3913.2385,3914.3159,3914.6360,0.1100,0
4065,0,3914.4654,3915.1527,3915.4413,0.1170,0
4066,0,3915.3021,3915.9429,3916.2627,0.1256,0
4067,0,3916.1008,3916.9808,3917.2568,0.1146,0
4068,0,3917.1265,3917.7671,3918.0426,0.1122,0
4069,0,3917.9075,3918.5405,3918.8812,0.1112,0
4070,0,3918.6793,3919.6364,3919.9371,0.1160,0
4071,0,3919.7832,3920.4318,3920.7271,0.1117,0
4072,0,3920.5738,3921.2271,3921.5862,0.1098,0
4073,0,3921.3673,3922.3902,3922.7253,0.1270,0
4074,0,3922.5559,3923.2272,3923.5489,0.1152,0
4075,0,3923.3835,3924.0432,3924.3540,0.1145,0
4076,0,3924.1859,3925.3145,3925.6617,0.1605,0
4077,0,3925.5080,3926.1714,3926.4777,0.1104,0
4078,0,3926.3131,3926.9771,3927.2503,0.1104,0
4079,0,3927.1148,3927.9986,3928.3010,0.1141,0
4080,0,3928.1428,3928.8069,3929.1787,0.1163,0
4081,0,3929.0058,3929.7159,3930.0916,0.1123,0
4082,0,3929.8705,3930.8380,3931.1305,0.1097,0
4083,0,3930.9831,3931.6416,3931.9332,0.1095,0
4084,0,3931.7835,3932.4475,3932.7679,0.1141,0
4085,0,3932.5971,3933.5218,3933.8111,0.1160,0
4086,0,3933.6708,3934.3132,3934.5924,0.1150,0
4087,0,3934.4556,3935.0932,3935.4651,0.1109,0
4088,0,3935.2418,3936.3028,3936.6336,0.1193,0
4089,0,3936.4587,3937.1485,3937.4694,0.1171,0
4090,0,3937.3014,3937.9725,3938.3395,0.1181,0
4091,0,3938.1187,3939.0924,3939.4011,0.1171,0
4092,0,3939.2411,3939.9015,3940.1923,0.1087,0
4093,0,3940.0410,3940.6953,3941.0127,0.1101,0
4094,0,3940.8357,3941.9436,3942.2638,0.1182,0
4095,0,3942.0970,3942.7541,3943.0376,0.1132,0
4096,0,3942.9010,3943.5366,3943.8812,0.1078,0
4097,0,3943.6752,3944.6353,3944.9291,0.1140,0
4098,0,3944.7830,3945.4430,3945.7503,0.1156,0
4099,0,3945.5911,3946.2508,3946.5783,0.1121,0
4100,0,3946.3934,3947.2662,3947.7206,0.2582,0
4101,0,3947.5572,3948.2221,3948.5240,0.1083,0
4102,0,3948.3602,3949.0176,3949.3625,0.1104,0
4103,0,3949.1671,3950.1569,3950.4395,0.1196,0
4104,0,3950.3080,3950.9481,3951.2174,0.1123,0
4105,0,3951.0880,3951.7232,3951.9968,0.1191,0
4106,0,3951.8693,3952.8031,3953.1204,0.1189,0
4107,0,3952.9559,3953.6183,3953.9234,0.1148,0
4108,0,3953.7630,3954.4302,3954.7266,0.1153,0
4109,0,3954.5957,3955.5660,3955.8372,0.1126,0
4110,0,3955.7074,3956.3467,3956.6449,0.1134,0
4111,0,3956.4970,3957.1529,3957.4192,0.1105,0
4112,0,3957.2915,3958.1613,3958.5116,0.1612,0
4113,0,3958.3541,3959.0102,3959.3111,0.1142,0
4114,0,3959.2033,3959.8704,3960.1907,0.1162,0
4115,0,3960.0267,3960.9609,3961.2354,0.1141,0
4116,0,3961.1026,3961.7389,3962.0202,0.1102,0
4117,0,3961.8811,3962.5239,3962.8065,0.1125,0
4118,0,3962.6690,3963.3093,3964.0242,0.5206,0
4119,0,3963.8693,3964.5459,3964.8398,0.1114,0
4120,0,3964.6912,3965.3527,3965.6302,0.1152,0
4121,0,3965.4968,3966.1391,3966.6781,0.3774,0
4122,0,3966.5454,3967.1882,3967.4700,0.1105,0
4123,0,3967.3314,3967.9726,3968.2455,0.1124,0
4124,0,3968.1125,3968.7520,3969.0186,0.1012,0
4125,0,3968.8816,3969.7052,3969.9782,0.1146,0
4126,0,3969.8488,3970.4890,3970.7831,0.1118,0
4127,0,3970.6288,3971.2840,3971.6085,0.1098,0
4128,0,3971.4250,3972.4121,3972.7104,0.1149,0
4129,0,3972.5671,3973.2334,3973.5464,0.1110,0
4130,0,3973.3827,3974.0705,3974.4490,0.1115,0
4131,0,3974.2144,3975.1773,3975.5461,0.1649,0
4132,0,3975.3713,3976.1554,3976.4344,0.1106,0
4133,0,3976.2953,3976.9453,3977.2259,0.1032,0
4134,0,3977.0807,3977.9935,3978.2677,0.1132,0
4135,0,3978.1358,3978.7721,3979.0506,0.1165,0
4136,0,3978.9171,3979.5572,3979.9203,0.1121,0
4137,0,3979.6974,3980.8551,3981.1395,0.1173,0
4138,0,3981.0021,3981.6479,3981.9415,0.1085,0
4139,0,3981.7876,3982.4440,3982.8048,0.1169,0
4140,0,3982.6099,3983.5705,3983.8575,0.1049,0
4141,0,3983.7109,3984.3685,3984.6485,0.1142,0
4142,0,3984.5118,3985.1615,3985.4762,0.1131,0
4143,0,3985.3048,3986.2736,3986.5806,0.1159,0
4144,0,3986.4217,3987.0874,3987.3853,0.1105,0
4145,0,3987.2293,3987.8896,3988.2515,0.1123,0
4146,0,3988.0327,3989.0618,3989.3341,0.1141,0
4147,0,3989.2033,3989.8395,3990.1330,0.1106,0
4148,0,3989.9804,3990.6376,3990.9078,0.1119,0
4149,0,3990.7777,3991.6435,3992.0053,0.1613,0
4150,0,3991.8389,3992.5206,3992.8601,0.1217,0
4151,0,3992.6832,3993.3620,3993.6818,0.1164,0
4152,0,3993.5123,3994.4662,3994.7840,0.1174,0
4153,0,3994.6230,3995.3133,3995.6123,0.1138,0
4154,0,3995.4653,3996.1225,3996.4190,0.1161,0
4155,0,3996.2720,3997.3971,3997.7123,0.1202,0
4156,0,3997.5594,3998.2324,3998.5345,0.1104,0
4157,0,3998.3941,3999.0418,3999.3728,0.1142,0
4158,0,3999.1852,4000.1873,4000.4614,0.1133,0
4159,0,4000.3294,4000.9675,4001.2331,0.1112,0
4160,0,4001.1062,4001.7458,4002.0182,0.1140,0
4161,0,4001.8876,4002.7932,4003.1107,0.1171,0
4162,0,4002.9480,4003.6105,4003.8806,0.1044,0
4163,0,4003.7428,4004.3827,4004.6745,0.1142,0
4164,0,4004.5272,4005.4522,4005.7529,0.1367,0
4165,0,4005.6203,4006.2579,4006.6570,0.1210,0
4166,0,4006.4737,4007.1796,4007.4518,0.1108,0
4167,0,4007.7614,4008.4694,4008.8407,0.1137,0
4168,0,4008.6851,4009.5531,4009.8373,0.1140,0
4169,0,4009.6990,4010.3486,4010.6870,0.1598,0
4170,0,4010.5432,4011.4930,4011.7795,0.1194,0
4171,0,4011.6413,4012.2826,4012.5747,0.1121,0
4172,0,4012.4285,4013.0834,4013.4873,0.1074,0
4173,0,4013.2219,4014.2976,4014.5897,0.1151,0
4174,0,4014.4416,4015.0944,4015.3782,0.1141,0
4175,0,4015.2391,4015.8765,4016.1455,0.1055,0
4176,0,4016.0108,4016.9051,4017.2040,0.1122,0
4177,0,4017.0488,4017.7041,4018.0038,0.1160,0
4178,0,4017.8504,4018.5075,4018.8221,0.1100,0
4179,0,4018.6479,4019.7549,4020.0330,0.1126,0
4180,0,4019.8949,4020.5384,4020.8080,0.1139,0
4181,0,4020.6799,4021.3151,4021.6652,0.1114,0
4182,0,4021.4535,4022.4707,4022.8319,0.1747,0
4183,0,4022.6870,4023.3477,4023.6364,0.1084,0
4184,0,4023.4913,4024.1420,4024.4838,0.1130,0
4185,0,4024.2847,4025.2931,4025.5947,0.1152,0
4186,0,4025.4395,4026.1111,4026.4060,0.1093,0
4187,0,4026.2512,4026.9050,4027.2337,0.1107,0
4188,0,4027.0459,4027.9926,4028.2664,0.1133,0
4189,0,4028.1348,4028.7701,4029.0872,0.1175,0
4190,0,4028.9195,4029.5897,4029.9139,0.1186,0
4191,0,4029.7372,4030.6079,4031.0596,0.2581,0
4192,0,4030.8979,4031.5631,4031.8625,0.1095,0
4193,0,4031.7045,4032.3598,4032.7137,0.1149,0
4194,0,4032.5088,4033.5141,4033.8628,0.1222,0
4195,0,4033.6749,4034.3534,4034.6397,0.1137,0
4196,0,4034.4974,4035.1424,4035.4695,0.1143,0
4197,0,4035.2866,4036.2402,4036.5810,0.1672,0
4198,0,4036.4540,4037.0916,4037.4329,0.1234,0
4199,0,4037.2592,4037.9563,4038.3436,0.1178,0
4200,0,4038.1085,4039.0839,4039.3830,0.1145,0
4201,0,4039.2300,4039.8866,4040.1812,0.1095,0
4202,0,4040.0262,4040.6868,4041.0359,0.1095,0
4203,0,4040.8280,4041.8367,4042.1239,0.1141,0
4204,0,4041.9830,4042.6346,4042.9519,0.1173,0
4205,0,4042.7900,4043.4523,4043.8033,0.1195,0
4206,0,4043.6065,4044.6108,4044.9068,0.1164,0
4207,0,4044.7625,4045.4059,4045.6830,0.1158,0
4208,0,4045.5497,4046.1925,4046.4680,0.1126,0
4209,0,4046.3329,4047.2050,4047.6374,0.2615,0
4210,0,4047.4954,4048.1492,4048.4223,0.1079,0
4211,0,4048.2851,4048.9215,4049.2437,0.1178,0
4212,0,4049.0788,4050.0178,4050.3213,0.1098,0
4213,0,4050.1598,4050.8265,4051.1343,0.1155,0
4214,0,4050.9746,4051.6419,4051.9206,0.1127,0
4215,0,4051.7816,4052.6918,4053.0461,0.1146,0
4216,0,4052.8460,4053.5915,4053.8901,0.1149,0
4217,0,4053.7412,4054.4066,4054.7089,0.1169,0
4218,0,4054.5543,4055.4790,4055.7824,0.1148,0
4219,0,4055.6253,4056.2891,4056.5878,0.1136,0
4220,0,4056.4383,4057.0886,4057.3711,0.1173,0
4221,0,4057.2350,4057.8742,4058.4462,0.3617,0
4222,0,4058.3007,4059.0893,4059.3927,0.1137,0
4223,0,4059.2371,4059.9064,4060.1919,0.1140,0
4224,0,4060.0547,4060.9912,4061.2991,0.1143,0
4225,0,4061.1443,4061.8140,4062.1253,0.1166,0
4226,0,4061.9632,4062.6358,4062.9552,0.1177,0
4227,0,4062.7935,4063.6564,4064.0831,0.2619,0
4228,0,4063.9472,4064.5920,4064.8767,0.1139,0
4229,0,4064.7358,4065.3803,4065.6668,0.1079,0
4230,0,4065.5175,4066.1745,4066.7790,0.4226,0
4231,0,4066.6331,4067.2970,4067.5796,0.1121,0
4232,0,4067.4391,4068.0836,4068.3518,0.1119,0
4233,0,4068.2238,4068.8620,4069.5129,0.3975,0
4234,0,4069.2954,4070.0458,4070.3585,0.1149,0
4235,0,4070.1924,4070.8575,4071.1560,0.1129,0
4236,0,4071.0003,4071.6593,4071.9537,0.1115,0
4237,0,4071.8020,4072.4951,4072.7951,0.1178,0
4238,0,4072.6528,4073.3073,4073.5992,0.1115,0
4239,0,4073.4502,4074.1025,4074.4385,0.1124,0
4240,0,4074.2451,4075.2469,4075.5598,0.1195,0
4241,0,4075.3979,4076.0629,4076.3578,0.1103,0
4242,0,4076.2038,4076.8609,4077.2310,0.1151,0
4243,0,4077.0105,4077.9968,4078.2946,0.1129,0
4244,0,4078.1394,4078.7992,4079.1067,0.1152,0
4245,0,4078.9485,4079.6087,4079.9181,0.1153,0
4246,0,4079.7543,4080.8464,4081.1692,0.1309,0
4247,0,4081.0086,4081.6714,4081.9413,0.1096,0
4248,0,4081.8094,4082.4475,4082.8007,0.1105,0
4249,0,4082.5914,4083.5551,4083.8709,0.1169,0
4250,0,4083.7074,4084.3739,4084.7147,0.1151,0
4251,0,4084.5590,4085.2323,4085.5516,0.1104,0
4252,0,4085.3767,4086.3109,4086.5862,0.1153,0
4253,0,4086.4554,4087.0960,4087.3674,0.1122,0
4254,0,4087.2357,4087.8838,4088.1513,0.1141,0
4255,0,4088.0253,4088.9489,4089.2361,0.1150,0
4256,0,4089.0980,4089.7619,4090.0354,0.1123,0
4257,0,4089.9037,4090.5436,4090.8595,0.1170,0
4258,0,4090.6942,4091.6314,4091.9426,0.1178,0
4259,0,4091.7817,4092.4456,4092.7595,0.1157,0
4260,0,4092.6005,4093.2646,4093.5948,0.1168,0
4261,0,4093.4237,4094.4672,4094.7812,0.1182,0
4262,0,4094.6244,4095.3083,4095.6059,0.1115,0
4263,0,4095.4546,4096.1206,4096.4189,0.1104,0
4264,0,4096.2636,4097.1893,4097.5795,0.2236,0
4265,0,4097.4443,4098.0937,4098.3737,0.1198,0
4266,0,4098.2427,4098.8831,4099.1581,0.1141,0
4267,0,4099.0250,4099.9330,4100.2654,0.1118,0
4268,0,4100.0745,4100.8191,4101.1271,0.1117,0
4269,0,4100.9687,4101.6592,4101.9754,0.1103,0
4270,0,4101.8053,4102.8173,4103.1099,0.1155,0
4271,0,4102.9674,4103.6152,4103.8902,0.1060,0
4272,0,4103.7528,4104.3942,4104.6735,0.1143,0
4273,0,4104.5367,4105.4470,4105.7548,0.1180,0
4274,0,4105.5929,4106.2635,4106.5819,0.1169,0
4275,0,4106.4174,4107.0849,4107.3851,0.1185,0
4276,0,4107.2331,4108.1700,4108.4917,0.1195,0
4277,0,4108.3217,4108.9939,4109.3048,0.1126,0
4278,0,4109.1397,4109.8059,4110.0796,0.1140,0
4279,0,4109.9484,4110.5849,4111.1050,0.3520,0
4280,0,4110.9662,4111.6058,4111.8882,0.1175,0
4281,0,4111.7517,4112.3898,4112.6763,0.1117,0
4282,0,4112.5357,4113.1838,4113.5844,0.1113,0
4283,0,4113.3300,4114.3862,4114.6839,0.1096,0
4284,0,4114.5313,4115.2011,4115.4899,0.1150,0
4285,0,4115.3466,4115.9899,4116.4369,0.1030,0
4286,0,4116.1215,4116.9636,4117.3563,0.1220,0
4287,0,4117.2127,4117.8777,4118.2564,0.1083,0
4288,0,4118.0631,4118.7761,4119.1539,0.1071,0
4289,0,4118.9563,4119.6801,4120.1715,0.1165,0
4290,0,4119.8345,4120.6812,4120.9818,0.1172,0
4291,0,4120.8342,4121.5090,4121.8436,0.1108,0
4292,0,4121.6521,4122.4599,4122.8152,0.1455,0
4293,0,4122.6625,4123.3379,4123.8640,0.1061,0
4294,0,4123.4964,4124.0577,4124.4796,0.0714,0
4295,0,4124.1828,4125.2711,4125.6328,0.1147,0
4296,0,4125.4180,4126.1012,4126.3951,0.1101,0
4297,0,4126.2427,4126.9121,4127.2511,0.1134,0
4298,0,4127.0608,4127.9942,4128.4313,0.2586,0
4299,0,4128.2836,4128.9506,4129.2360,0.1120,0
4300,0,4129.0942,4129.7441,4130.0274,0.1119,0
4301,0,4129.8862,4130.9813,4131.2567,0.1086,0
4302,0,4131.1203,4131.7703,4132.0674,0.1107,0
4303,0,4131.9154,4132.5798,4132.9241,0.1627,0
4304,0,4132.7812,4133.5590,4133.8472,0.1155,0
4305,0,4133.7065,4134.3500,4134.6304,0.1175,0
4306,0,4134.4949,4135.1402,4135.5186,0.1179,0
4307,0,4135.2923,4136.3309,4136.6137,0.1222,0
4308,0,4136.4814,4137.1238,4137.4293,0.1132,0
4309,0,4137.2679,4137.9301,4138.2365,0.1112,0
4310,0,4138.0691,4139.0493,4139.3317,0.1156,0
4311,0,4139.1938,4139.8371,4140.1361,0.1108,0
4312,0,4139.9796,4140.6432,4140.9371,0.1114,0
4313,0,4140.7854,4141.7110,4142.0348,0.1213,0
4314,0,4141.8680,4142.5365,4142.8286,0.1158,0
4315,0,4142.6888,4143.3291,4143.6115,0.1097,0
4316,0,4143.4701,4144.3485,4144.7438,0.1640,0
4317,0,4144.5688,4145.3405,4145.6607,0.1170,0
4318,0,4145.4991,4146.1860,4146.4680,0.1127,0
4319,0,4146.3284,4147.4421,4147.7968,0.1192,0
4320,0,4147.6331,4148.3299,4148.6580,0.1132,0
4321,0,4148.5231,4149.2139,4149.4959,0.1037,0
4322,0,4149.3606,4150.2013,4150.5196,0.1217,0
4323,0,4150.3653,4151.0407,4151.3240,0.1134,0
4324,0,4151.1842,4151.8380,4152.1491,0.1112,0
4325,0,4151.9775,4152.9565,4153.2755,0.1171,0
4326,0,4153.1178,4153.8188,4154.1204,0.1155,0
4327,0,4153.9679,4154.6302,4154.9848,0.1122,0
4328,0,4154.7718,4155.7459,4156.0381,0.1106,0
4329,0,4155.8881,4156.5588,4156.8362,0.1102,0
4330,0,4156.6994,4157.3511,4157.6887,0.1151,0
4331,0,4157.4964,4158.4950,4158.7651,0.1140,0
4332,0,4158.6370,4159.2751,4159.5418,0.1122,0
4333,0,4159.4147,4160.0511,4160.3490,0.1101,0
4334,0,4160.1913,4161.0989,4161.4563,0.1631,0
4335,0,4161.2945,4161.9620,4162.3264,0.1231,0
4336,0,4162.1168,4162.8428,4163.1370,0.1111,0
4337,0,4162.9910,4164.0885,4164.3963,0.1177,0
4338,0,4164.2525,4164.9465,4165.2337,0.1104,0
4339,0,4165.0910,4165.7562,4166.1095,0.1146,0
4340,0,4165.8996,4166.9229,4167.2185,0.1126,0
4341,0,4167.0694,4167.7414,4168.0336,0.1144,0
4342,0,4167.8937,4168.5675,4168.8826,0.1023,0
4343,0,4168.7067,4169.6915,4169.9871,0.1173,0
4344,0,4169.8430,4170.5159,4170.8238,0.1157,0
4345,0,4170.6631,4171.3519,4171.6750,0.1120,0
4346,0,4171.4982,4172.4346,4172.7240,0.1140,0
4347,0,4172.5843,4173.2364,4173.5203,0.1110,0
4348,0,4173.4025,4174.1506,4174.4944,0.1114,0
4349,0,4174.2934,4175.2801,4175.5810,0.1171,0
4350,0,4175.4358,4176.1026,4176.3784,0.1150,0
4351,0,4176.2465,4176.8931,4177.2145,0.1126,0
4352,0,4177.0334,4178.1135,4178.4470,0.1198,0
4353,0,4178.2718,4178.9572,4179.2392,0.1100,0
4354,0,4179.0987,4179.7490,4180.1080,0.1078,0
4355,0,4179.8884,4180.8578,4181.1593,0.1100,0
4356,0,4181.0080,4181.7031,4181.9925,0.1134,0
4357,0,4181.8527,4182.5246,4182.8085,0.1095,0
4358,0,4182.6687,4183.5699,4183.8485,0.1089,0
4359,0,4183.7110,4184.3521,4184.6439,0.1124,0
4360,0,4184.4986,4185.1960,4185.5555,0.1127,0
4361,0,4185.3429,4186.3322,4186.6228,0.1214,0
4362,0,4186.4817,4187.1355,4187.4806,0.1756,0
4363,0,4187.3426,4187.9956,4188.3185,0.1112,0
4364,0,4188.1349,4189.1250,4189.3991,0.1138,0
4365,0,4189.2673,4189.9060,4190.2009,0.1110,0
4366,0,4190.0454,4190.7121,4191.0188,0.1105,0
4367,0,4190.8498,4191.8165,4192.0955,0.1091,0
4368,0,4191.9533,4192.6059,4192.9126,0.1097,0
4369,0,4192.7630,4193.4255,4193.7966,0.1139,0
4370,0,4193.5785,4194.6019,4194.9336,0.1578,0
4371,0,4194.7959,4195.4476,4195.7615,0.1125,0
4372,0,4195.5942,4196.2674,4196.5774,0.1154,0
4373,0,4196.4144,4197.2652,4197.6993,0.2641,0
4374,0,4197.5607,4198.2101,4198.4788,0.1102,0
4375,0,4198.3474,4198.9868,4199.3669,0.1159,0
4376,0,4199.1493,4200.1962,4200.5229,0.1247,0
4377,0,4200.3592,4201.0260,4201.3211,0.1103,0
4378,0,4201.1650,4201.8295,4202.1439,0.1108,0
4379,0,4201.9684,4202.9469,4203.2861,0.1187,0
4380,0,4203.1086,4203.8220,4204.1292,0.1111,0
4381,0,4203.9667,4204.6484,4205.0132,0.1113,0
4382,0,4204.7895,4205.7737,4206.0501,0.1125,0
4383,0,4205.9148,4206.5550,4206.8294,0.1141,0
4384,0,4206.6968,4207.3423,4207.6129,0.1126,0
4385,0,4207.4823,4208.4072,4208.7133,0.1092,0
4386,0,4208.5597,4209.2360,4209.5165,0.1104,0
4387,0,4209.3800,4210.0280,4210.3036,0.1162,0
4388,0,4210.1720,4211.1657,4211.4577,0.1191,0
4389,0,4211.3177,4211.9665,4212.2791,0.1169,0
4390,0,4212.1210,4212.7909,4213.0689,0.1153,0
4391,0,4212.9338,4213.7648,4214.1903,0.2578,0
4392,0,4214.0532,4214.6996,4214.9829,0.1101,0
4393,0,4214.8410,4215.4770,4215.7564,0.1144,0
4394,0,4215.6220,4216.5326,4216.8331,0.1153,0
4395,0,4216.6755,4217.3357,4217.6495,0.1211,0
4396,0,4217.4869,4218.1576,4218.4637,0.1114,0
4397,0,4218.2973,4218.9658,4219.4287,0.2774,0
4398,0,4219.2714,4219.9394,4220.2112,0.1123,0
4399,0,4220.0783,4220.7144,4220.9894,0.1099,0
4400,0,4220.8531,4221.4974,4221.8149,0.1337,0
4401,0,4221.6603,4222.5319,4222.8489,0.1233,0
4402,0,4222.6892,4223.3611,4223.6599,0.1133,0
4403,0,4223.5077,4224.1655,4224.4659,0.1081,0
4404,0,4224.3068,4225.3942,4225.7044,0.1170,0
4405,0,4225.6138,4226.3004,4226.5866,0.1135,0
4406,0,4226.4465,4227.1095,4227.3752,0.1029,0
4407,0,4227.2422,4228.0561,4228.3277,0.1146,0
4408,0,4228.1997,4228.8399,4229.1439,0.1113,0
4409,0,4228.9829,4229.6521,4230.0120,0.1103,0
4410,0,4229.7926,4230.9634,4231.2427,0.1179,0
4411,0,4231.1087,4231.7541,4232.0485,0.1095,0
4412,0,4231.8917,4232.5594,4232.8498,0.1115,0
4413,0,4232.7098,4233.5116,4233.7947,0.1128,0
4414,0,4233.6571,4234.3156,4234.5864,0.1131,0
4415,0,4234.4558,4235.0978,4235.4645,0.1194,0
4416,0,4235.2509,4236.2775,4236.5984,0.1194,0
4417,0,4236.4355,4237.1068,4237.3783,0.1124,0
4418,0,4237.2466,4237.9005,4238.2596,0.1125,0
4419,0,4238.0447,4239.2042,4239.4783,0.1136,0
4420,0,4239.3456,4239.9950,4240.3635,0.1132,0
4421,0,4240.1467,4240.8966,4241.1928,0.1046,0
4422,0,4241.0426,4241.8154,4242.1057,0.1133,0
4423,0,4241.9649,4242.6314,4242.9102,0.1115,0
4424,0,4242.7749,4243.4302,4243.7132,0.1123,0
4425,0,4243.5733,4244.5165,4244.8051,0.1157,0
4426,0,4244.6661,4245.3202,4245.5985,0.1094,0
4427,0,4245.4604,4246.1090,4246.3971,0.1167,0
4428,0,4246.2577,4247.0968,4247.5259,0.2542,0
4429,0,4247.3865,4248.0449,4248.3184,0.1090,0
4430,0,4248.1837,4248.8331,4249.1511,0.1183,0
4431,0,4248.9839,4249.9271,4250.2112,0.1118,0
4432,0,4250.0689,4250.7257,4251.0339,0.1150,0
4433,0,4250.8781,4251.5482,4251.8468,0.1092,0
4434,0,4251.6884,4252.6236,4252.9892,0.1614,0
4435,0,4252.8222,4253.5046,4253.8167,0.1207,0
4436,0,4253.6651,4254.3393,4254.6243,0.1160,0
4437,0,4254.4874,4255.3745,4255.7058,0.1635,0
4438,0,4255.5666,4256.2236,4256.6444,0.1410,0
4439,0,4256.4288,4257.1889,4257.4763,0.1116,0
4440,0,4257.3297,4258.2782,4258.6011,0.1157,0
4441,0,4258.4284,4259.1342,4259.4197,0.1115,0
4442,0,4259.2772,4259.9341,4260.2169,0.1162,0
4443,0,4260.0805,4260.9947,4261.3166,0.1119,0
4444,0,4261.1495,4261.8716,4262.1961,0.1151,0
4445,0,4262.0269,4262.7140,4263.0447,0.1190,0
4446,0,4262.8763,4263.9652,4264.2496,0.1153,0
4447,0,4264.1091,4264.7656,4265.0471,0.1104,0
4448,0,4264.9089,4265.5629,4265.8429,0.1150,0
4449,0,4265.7059,4266.6248,4266.9174,0.1133,0
4450,0,4266.7773,4267.4349,4267.7388,0.1132,0
4451,0,4267.5807,4268.2538,4268.5499,0.1101,0
4452,0,4268.3936,4269.3242,4269.6525,0.1358,0
4453,0,4269.4915,4270.1717,4270.4730,0.1105,0
4454,0,4270.3137,4270.9927,4271.2960,0.1119,0
4455,0,4271.1356,4272.1266,4272.4517,0.1193,0
4456,0,4272.2798,4272.9764,4273.2782,0.1172,0
4457,0,4273.1326,4273.8362,4274.1276,0.1151,0
4458,0,4273.9839,4274.9236,4275.2038,0.1173,0
4459,0,4275.0700,4275.7304,4276.0105,0.1098,0
4460,0,4275.8725,4276.5312,4276.8333,0.1159,0
4461,0,4276.6751,4277.6114,4277.9091,0.1152,0
4462,0,4277.7565,4278.4370,4278.7468,0.1149,0
4463,0,4278.5866,4279.2710,4279.5634,0.1091,0
4464,0,4279.4113,4280.2804,4280.7266,0.2613,0
4465,0,4280.5889,4281.2608,4281.5691,0.1155,0
4466,0,4281.4090,4282.0865,4282.3612,0.1136,0
4467,0,4282.2277,4282.8820,4283.3906,0.2757,0
4468,0,4283.1982,4283.9481,4284.2579,0.1094,0
4469,0,4284.0938,4284.7873,4285.1010,0.1140,0
4470,0,4284.9334,4285.6225,4286.2183,0.4053,0
4471,0,4286.0601,4286.7418,4287.0374,0.1118,0
4472,0,4286.8890,4287.5671,4287.8413,0.1125,0
4473,0,4287.7092,4288.3638,4288.8992,0.3742,0
4474,0,4288.7656,4289.4245,4289.7096,0.1111,0
4475,0,4289.5679,4290.2282,4290.4954,0.1130,0
4476,0,4290.3684,4291.0235,4291.3224,0.1102,0
4477,0,4291.1663,4291.9854,4292.2913,0.1147,0
4478,0,4292.1355,4292.8199,4293.0987,0.1167,0
4479,0,4292.9647,4293.6222,4293.9035,0.1053,0
4480,0,4293.7543,4294.6836,4294.9739,0.1145,0
4481,0,4294.8329,4295.4956,4295.7912,0.1120,0
4482,0,4295.6369,4296.3233,4296.7444,0.1117,0
4483,0,4296.4645,4297.3250,4297.7902,0.2658,0
4484,0,4297.6267,4298.3499,4298.6649,0.1078,0
4485,0,4298.4927,4299.1939,4299.4977,0.1100,0
4486,0,4299.3353,4300.2779,4300.5475,0.1132,0
4487,0,4300.4199,4301.0770,4301.3496,0.1132,0
4488,0,4301.2179,4301.8764,4302.2598,0.1123,0
4489,0,4302.0159,4303.0695,4303.3825,0.1105,0
4490,0,4303.2201,4303.9200,4304.2150,0.1107,0
4491,0,4304.0659,4304.7544,4305.0293,0.0994,0
4492,0,4304.8865,4305.8288,4306.1240,0.1257,0
4493,0,4305.9833,4306.6537,4306.9480,0.1116,0
4494,0,4306.7956,4307.4794,4307.8027,0.1138,0
4495,0,4307.6252,4308.5765,4308.8603,0.1104,0
4496,0,4308.7235,4309.4269,4309.7021,0.1039,0
4497,0,4309.5614,4310.2381,4310.5596,0.1083,0
4498,0,4310.3749,4311.3826,4311.6538,0.1129,0
4499,0,4311.5239,4312.1857,4312.4933,0.1102,0
4500,0,4312.3317,4313.0516,4313.3611,0.1089,0
4501,0,4313.1944,4314.0038,4314.4706,0.2722,0
4502,0,4314.3128,4315.0433,4315.3627,0.1091,0
4503,0,4315.1895,4315.9013,4316.1733,0.1037,0
4504,0,4316.0347,4316.8590,4317.1377,0.1143,0
4505,0,4317.0060,4317.6716,4317.9443,0.1138,0
4506,0,4317.8137,4318.4848,4318.7979,0.1067,0
4507,0,4318.7847,4319.6321,4319.9760,0.1631,0
4508,0,4319.8276,4320.5193,4320.7928,0.1121,0
4509,0,4320.6622,4321.3243,4321.6801,0.1114,0
4510,0,4321.4643,4322.4737,4322.8123,0.1196,0
4511,0,4322.6351,4323.3358,4323.6501,0.1182,0
4512,0,4323.4897,4324.1811,4324.4733,0.1078,0
4513,0,4324.3188,4325.2531,4325.5521,0.1135,0
4514,0,4325.3966,4326.0798,4326.3743,0.1088,0
4515,0,4326.2184,4326.8975,4327.2377,0.1118,0
4516,0,4327.0392,4328.0425,4328.3178,0.1177,0
4517,0,4328.1874,4328.8544,4329.1576,0.1127,0
4518,0,4328.9990,4329.6896,4329.9925,0.1095,0
4519,0,4329.8278,4330.6282,4331.0806,0.2656,0
4520,0,4330.9255,4331.6135,4331.9246,0.1189,0
4521,0,4331.7626,4332.4492,4332.8128,0.1152,0
4522,0,4332.6166,4333.6002,4333.8873,0.1126,0
4523,0,4333.7470,4334.4163,4334.7356,0.1137,0
4524,0,4334.5907,4335.2753,4335.5848,0.1094,0
4525,0,4335.4229,4336.4569,4336.7776,0.1225,0
4526,0,4336.6118,4337.3265,4337.6344,0.1098,0
4527,0,4337.4686,4338.1788,4338.4744,0.1277,0
4528,0,4338.3397,4339.1685,4339.4824,0.1165,0
4529,0,4339.3213,4340.0070,4340.3056,0.1103,0
4530,0,4340.1474,4340.8349,4341.1305,0.1129,0
4531,0,4340.9775,4341.9136,4342.2103,0.1135,0
4532,0,4342.0570,4342.7408,4343.0521,0.1153,0
4533,0,4342.8956,4343.5780,4343.8959,0.1111,0
4534,0,4343.7225,4344.6784,4344.9524,0.1148,0
4535,0,4344.8215,4345.4827,4345.7673,0.1176,0
4536,0,4345.6326,4346.2994,4346.6021,0.1115,0
4537,0,4346.4382,4347.5440,4347.8509,0.1139,0
4538,0,4347.6886,4348.3756,4348.6937,0.1117,0
4539,0,4348.5243,4349.2585,4349.5995,0.1595,0
4540,0,4349.4802,4350.3354,4350.6722,0.1248,0
4541,0,4350.5012,4351.2375,4351.5833,0.1188,0
4542,0,4351.4008,4352.1364,4352.4137,0.1115,0
4543,0,4352.2776,4353.1333,4353.4386,0.1190,0
4544,0,4353.2857,4353.9699,4354.2624,0.1097,0
4545,0,4354.1126,4354.8076,4355.1425,0.1603,0
4546,0,4354.9998,4355.8268,4356.1002,0.1127,0
4547,0,4355.9701,4356.6328,4356.9253,0.1099,0
4548,0,4356.7731,4357.4607,4357.7956,0.1081,0
4549,0,4357.5990,4358.5739,4358.8792,0.1148,0
4550,0,4358.7209,4359.4105,4359.7096,0.1122,0
4551,0,4359.5536,4360.2377,4360.5707,0.1096,0
4552,0,4360.3776,4361.3569,4361.6538,0.1127,0
4553,0,4361.4997,4362.1871,4362.4724,0.1105,0
4554,0,4362.3334,4363.0419,4363.3768,0.1094,0
4555,0,4363.2082,4364.2333,4364.5373,0.1116,0
4556,0,4364.3812,4365.1123,4365.4635,0.1250,0
4557,0,4365.2783,4366.0286,4366.3314,0.1078,0
4558,0,4366.1689,4366.9758,4367.2792,0.1137,0
4559,0,4367.1296,4367.8307,4368.1313,0.1117,0
4560,0,4367.9730,4368.6631,4368.9662,0.1050,0
4561,0,4368.8070,4369.7982,4370.1158,0.1166,0
4562,0,4369.9515,4370.6553,4370.9700,0.1106,0
4563,0,4370.8025,4371.5109,4371.7983,0.1226,0
4564,0,4371.6661,4372.4537,4372.7783,0.1201,0
4565,0,4372.6097,4373.3052,4373.6054,0.1116,0
4566,0,4373.4526,4374.1643,4374.4733,0.1050,0
4567,0,4374.3122,4375.2980,4375.6244,0.1100,0
4568,0,4375.4486,4376.1798,4376.4661,0.1141,0
4569,0,4376.3281,4377.0094,4377.3101,0.1099,0
4570,0,4377.1505,4377.9708,4378.2418,0.1139,0
4571,0,4378.1146,4378.7753,4379.0449,0.1114,0
4572,0,4378.9157,4379.5808,4379.9186,0.1113,0
4573,0,4379.7201,4380.6368,4381.0828,0.2586,0
4574,0,4380.9267,4381.6686,4381.9909,0.1158,0
4575,0,4381.8189,4382.5136,4382.8149,0.1162,0
4576,0,4382.6654,4383.7269,4384.0102,0.1125,0
4577,0,4383.8707,4384.5368,4384.8110,0.1130,0
4578,0,4384.6777,4385.3405,4385.6192,0.0999,0
4579,0,4385.4802,4386.4239,4386.7313,0.1121,0
4580,0,4386.5709,4387.2911,4387.6042,0.1127,0
4581,0,4387.4398,4388.1380,4388.4533,0.1381,0
4582,0,4388.3155,4389.1742,4389.4463,0.1128,0
4583,0,4389.3173,4389.9786,4390.2737,0.1104,0
4584,0,4390.1195,4390.8011,4391.1254,0.1096,0
4585,0,4390.9410,4391.9361,4392.2389,0.1095,0
4586,0,4392.0774,4392.7689,4393.0886,0.1157,0
4587,0,4392.9209,4393.6139,4393.9322,0.1119,0
4588,0,4393.7611,4394.7031,4394.9779,0.1141,0
4589,0,4394.8447,4395.5049,4395.7827,0.1115,0
4590,0,4395.6450,4396.3146,4396.7302,0.1207,0
4591,0,4396.4788,4397.5046,4397.8039,0.1106,0
4592,0,4397.6533,4398.3452,4398.6482,0.1155,0
4593,0,4398.4954,4399.1884,4399.5077,0.1502,0
4594,0,4399.3705,4400.1669,4400.4823,0.1122,0
4595,0,4400.3182,4401.0244,4401.3285,0.1123,0
4596,0,4401.1683,4401.8595,4402.2236,0.1099,0
4597,0,4402.0000,4402.9731,4403.3187,0.1610,0
4598,0,4403.1699,4403.8717,4404.1639,0.1127,0
4599,0,4404.0177,4404.7023,4405.0005,0.1131,0
4600,0,4404.8445,4405.7986,4406.0758,0.1162,0
4601,0,4405.9431,4406.6067,4406.9018,0.1119,0
4602,0,4406.7466,4407.4310,4407.7844,0.1124,0
4603,0,4407.5739,4408.5592,4408.8930,0.1138,0
4604,0,4408.7113,4409.4558,4409.7671,0.1087,0
4605,0,4409.6000,4410.3057,4410.6088,0.1117,0
4606,0,4410.4507,4411.3960,4411.6711,0.1137,0
4607,0,4411.5387,4412.2010,4412.5412,0.1113,0
4608,0,4412.3474,4413.1157,4413.5867,0.1404,0
4609,0,4413.3679,4414.2897,4414.5883,0.1104,0
4610,0,4414.4359,4415.1340,4415.4350,0.1131,0
4611,0,4415.2877,4415.9986,4416.3891,0.1330,0
4612,0,4416.1817,4417.0383,4417.3393,0.1111,0
4613,0,4417.1891,4417.9064,4418.1845,0.1129,0
4614,0,4418.0524,4418.7382,4419.0467,0.1222,0
4615,0,4418.8913,4419.7492,4420.1062,0.1584,0
4616,0,4419.9442,4420.6432,4420.9395,0.1102,0
4617,0,4420.7846,4421.4658,4421.8031,0.1617,0
4618,0,4421.6629,4422.5474,4422.8363,0.1182,0
4619,0,4422.7013,4423.3692,4423.6494,0.1106,0
4620,0,4423.5106,4424.1823,4424.4815,0.1132,0
4621,0,4424.3330,4425.2828,4425.6041,0.1171,0
4622,0,4425.4353,4426.1600,4426.4456,0.1145,0
4623,0,4426.3070,4426.9790,4427.2777,0.1065,0
4624,0,4427.1161,4428.0594,4428.4588,0.1193,0
4625,0,4428.2915,4429.0231,4429.3531,0.1202,0
4626,0,4429.1824,4429.8957,4430.1861,0.1078,0
4627,0,4430.0697,4430.9808,4431.2668,0.1107,0
4628,0,4431.1260,4431.8091,4432.1041,0.1140,0
4629,0,4431.9592,4432.6561,4432.9363,0.1075,0
4630,0,4432.7981,4433.6862,4433.9733,0.1141,0
4631,0,4433.8327,4434.5006,4434.8011,0.1134,0
4632,0,4434.6422,4435.3360,4435.7350,0.1701,0
4633,0,4435.5479,4436.4354,4436.7531,0.1088,0
4634,0,4436.5813,4437.2921,4437.6105,0.1132,0
4635,0,4437.4407,4438.1461,4438.4619,0.1566,0
4636,0,4438.3319,4439.1271,4439.3974,0.1126,0
4637,0,4439.2689,4439.9310,4440.2035,0.1104,0
4638,0,4440.0687,4440.7369,4441.0425,0.1111,0
4639,0,4440.8756,4441.8571,4442.1602,0.1162,0
4640,0,4442.0037,4442.6925,4443.0121,0.1184,0
4641,0,4442.8468,4443.5393,4443.9255,0.1121,0
4642,0,4443.6840,4444.6911,4444.9917,0.1140,0
4643,0,4444.8396,4445.5261,4445.8212,0.1104,0
4644,0,4445.6948,4446.4141,4446.7891,0.1037,0
4645,0,4446.5535,4447.5626,4447.8475,0.1158,0
4646,0,4447.7086,4448.3796,4448.6751,0.1088,0
4647,0,4448.5246,4449.2375,4449.5111,0.1041,0
4648,0,4449.3740,4450.1858,4450.4879,0.1121,0
4649,0,4450.3296,4451.0121,4451.3089,0.1106,0
4650,0,4451.1540,4451.8415,4452.1637,0.1153,0
4651,0,4451.9870,4452.9442,4453.3228,0.1550,0
4652,0,4453.1491,4453.8851,4454.2017,0.1131,0
4653,0,4454.0366,4454.7397,4455.0007,0.1010,0
4654,0,4454.8700,4455.7981,4456.0704,0.1138,0
4655,0,4455.9398,4456.6041,4456.8883,0.1180,0
4656,0,4456.7497,4457.4270,4457.7827,0.1126,0
4657,0,4457.5668,4458.5791,4458.8764,0.1124,0
4658,0,4458.7220,4459.4159,4459.7129,0.1116,0
4659,0,4459.5584,4460.2419,4460.8473,0.1389,0
4660,0,4460.4198,4461.4185,4461.7247,0.1098,0
4661,0,4461.5670,4462.2674,4462.5639,0.1146,0
4662,0,4462.4202,4463.1428,4463.5464,0.1408,0
4663,0,4463.3300,4464.2783,4464.5961,0.1158,0
4664,0,4464.4320,4465.1478,4465.4355,0.1099,0
4665,0,4465.2938,4466.0032,4466.2721,0.1031,0
4666,0,4466.1370,4466.9702,4467.2441,0.1142,0
4667,0,4467.1154,4467.7849,4468.0778,0.1110,0
4668,0,4467.9264,4468.6175,4468.9195,0.1125,0
4669,0,4468.7605,4469.8374,4470.1452,0.1190,0
4670,0,4469.9879,4470.6760,4470.9723,0.1109,0
4671,0,4470.8183,4471.5011,4471.8394,0.1501,0
4672,0,4471.6821,4472.5936,4472.9180,0.1218,0
4673,0,4472.7558,4473.4457,4473.7512,0.1152,0
4674,0,4473.5981,4474.2907,4474.5930,0.1302,0
4675,0,4474.4514,4475.2955,4475.6034,0.1145,0
4676,0,4475.4469,4476.1507,4476.4477,0.1113,0
4677,0,4476.2952,4476.9845,4477.2781,0.1078,0
4678,0,4477.1227,4478.0783,4478.3728,0.1109,0
4679,0,4478.2209,4478.9053,4479.2044,0.1107,0
4680,0,4479.0486,4479.7404,4480.1222,0.1171,0
4681,0,4479.8982,4481.0080,4481.3034,0.1092,0
4682,0,4481.1521,4481.8491,4482.1399,0.1145,0
4683,0,4481.9991,4482.6941,4483.0342,0.1178,0
4684,0,4482.8507,4483.6833,4484.0255,0.1612,0
4685,0,4483.8803,4484.5640,4484.8592,0.1129,0
4686,0,4484.7122,4485.4116,4485.6991,0.1234,0
4687,0,4485.5655,4486.4660,4486.7468,0.1190,0
4688,0,4486.6149,4487.2901,4487.5614,0.1127,0
4689,0,4487.4322,4488.0983,4488.3689,0.1086,0
4690,0,4488.2346,4489.1471,4489.4442,0.1134,0
4691,0,4489.2911,4489.9736,4490.2760,0.1134,0
4692,0,4490.1173,4490.8068,4491.1804,0.1112,0
4693,0,4490.9605,4491.9639,4492.2401,0.1119,0
4694,0,4492.1052,4492.7784,4493.0921,0.1121,0
4695,0,4492.9187,4493.6156,4493.9163,0.1097,0
4696,0,4493.7635,4494.7272,4495.0112,0.1171,0
4697,0,4494.8753,4495.5472,4495.8218,0.1132,0
4698,0,4495.6907,4496.3610,4496.6618,0.1091,0
4699,0,4496.4991,4497.3005,4497.7405,0.2661,0
4700,0,4497.5998,4498.2803,4498.5492,0.1116,0
4701,0,4498.4202,4499.0827,4499.4414,0.1187,0
4702,0,4499.2310,4500.2621,4500.5583,0.1117,0
4703,0,4500.4076,4501.1079,4501.3878,0.1127,0
4704,0,4501.2542,4501.9441,4502.2178,0.1106,0
4705,0,4502.0825,4503.1415,4503.4767,0.1152,0
4706,0,4503.2932,4504.0119,4504.3082,0.1101,0
4707,0,4504.1573,4504.8708,4505.1524,0.1062,0
4708,0,4505.0087,4505.8525,4506.2084,0.1134,0
4709,0,4506.0008,4506.7405,4507.0367,0.1083,0
4710,0,4506.8824,4507.6009,4507.9100,0.1528,0
4711,0,4508.3159,4508.9003,4509.3791,0.1169,0
4712,0,4509.1207,4510.0591,4510.3818,0.1193,0
4713,0,4510.2148,4510.9123,4511.3693,0.2661,0
4714,0,4511.2102,4511.9013,4512.1994,0.1105,0
4715,0,4512.0430,4512.7309,4513.0504,0.1183,0
4716,0,4512.8841,4513.7681,4514.2115,0.2490,0
4717,0,4514.0692,4514.7998,4515.0969,0.1114,0
4718,0,4514.9441,4515.6345,4515.9245,0.1147,0
4719,0,4515.7860,4516.7251,4517.1146,0.1949,0
4720,0,4516.9513,4517.6430,4517.9425,0.1117,0
4721,0,4517.7884,4518.4719,4518.8174,0.1089,0
4722,0,4518.6105,4519.6309,4519.9331,0.1151,0
4723,0,4519.7772,4520.4635,4520.7580,0.1104,0
4724,0,4520.6042,4521.2906,4521.6104,0.1086,0
4725,0,4521.4307,4522.4467,4522.8044,0.1264,0
4726,0,4522.6196,4523.3415,4523.6541,0.1126,0
4727,0,4523.4895,4524.1826,4524.5149,0.1170,0
4728,0,4524.3381,4525.2818,4525.5695,0.1156,0
4729,0,4525.4289,4526.1122,4526.3944,0.1145,0
4730,0,4526.2555,4526.9292,4527.2210,0.1120,0
4731,0,4527.0691,4528.0069,4528.2783,0.1132,0
4732,0,4528.1484,4528.8142,4529.1309,0.1099,0
4733,0,4528.9760,4529.6711,4529.9928,0.1159,0
4734,0,4529.8178,4530.6447,4531.0974,0.2611,0
4735,0,4530.9405,4531.6314,4531.9260,0.1117,0
4736,0,4531.7731,4532.4549,4532.8194,0.1156,0
4737,0,4532.6117,4533.5660,4533.9068,0.1653,0
4738,0,4533.7623,4534.4336,4534.7076,0.1123,0
4739,0,4534.5733,4535.2384,4535.5745,0.1141,0
4740,0,4535.3833,4536.3623,4536.6400,0.1171,0
4741,0,4536.5068,4537.1699,4537.5614,0.1254,0
4742,0,4537.3399,4538.1111,4538.4309,0.1051,0
4743,0,4538.2568,4539.1080,4539.3823,0.1137,0
4744,0,4539.2518,4539.9226,4540.2264,0.1111,0
4745,0,4540.0652,4540.7545,4541.1496,0.1129,0
4746,0,4540.8985,4541.9301,4542.2508,0.1194,0
4747,0,4542.0844,4542.7771,4543.0962,0.1178,0
4748,0,4542.9323,4543.6206,4543.9133,0.1046,0
4749,0,4543.7595,4544.6929,4544.9815,0.1210,0
4750,0,4544.8449,4545.5146,4545.7895,0.1148,0
4751,0,4545.6573,4546.3269,4546.6674,0.1132,0
4752,0,4546.4695,4547.5521,4547.8578,0.1143,0
4753,0,4547.6982,4548.3864,4548.6973,0.1117,0
4754,0,4548.5284,4549.2266,4549.5303,0.1052,0
4755,0,4549.3782,4550.3317,4550.6432,0.1186,0
4756,0,4550.4847,4551.1815,4551.4778,0.1095,0
4757,0,4551.3205,4552.0043,4552.3957,0.1070,0
4758,0,4552.1430,4553.0104,4553.3682,0.1188,0
4759,0,4553.1695,4553.9262,4554.2362,0.1144,0
4760,0,4554.0734,4554.7869,4555.1511,0.1657,0
4761,0,4554.9861,4555.8826,4556.1817,0.1132,0
4762,0,4556.0268,4556.7181,4557.0169,0.1107,0
4763,0,4556.8601,4557.5443,4557.8621,0.1147,0
4764,0,4557.6944,4558.6235,4558.9080,0.1178,0
4765,0,4558.7727,4559.4341,4559.7240,0.1136,0
4766,0,4559.5754,4560.2565,4560.5750,0.1076,0
4767,0,4560.3946,4561.3772,4561.6525,0.1138,0
4768,0,4561.5185,4562.1817,4562.4708,0.1125,0
4769,0,4562.3292,4563.0410,4563.3924,0.1123,0
4770,0,4563.1927,4564.2360,4564.5634,0.1152,0
4771,0,4564.3870,4565.1064,4565.4194,0.1095,0
4772,0,4565.2527,4565.9751,4566.2747,0.1135,0
4773,0,4566.1190,4566.9566,4567.2756,0.1307,0
4774,0,4567.1199,4567.8113,4568.1383,0.1162,0
4775,0,4567.9653,4568.6709,4569.0037,0.1078,0
4776,0,4568.8190,4569.8027,4570.0801,0.1136,0
4777,0,4569.9462,4570.6200,4570.8922,0.1125,0
4778,0,4570.7607,4571.4256,4571.7241,0.1080,0
4779,0,4571.5629,4572.5108,4572.8270,0.1180,0
4780,0,4572.6683,4573.3618,4573.6833,0.1206,0
4781,0,4573.5068,4574.2050,4574.5175,0.1118,0
4782,0,4574.3485,4575.1836,4575.4829,0.1149,0
4783,0,4575.3296,4576.0071,4576.3032,0.1100,0
4784,0,4576.1478,4576.8330,4577.1463,0.1102,0
4785,0,4576.9733,4577.9584,4578.2620,0.1197,0
4786,0,4578.1082,4578.7897,4579.0664,0.1122,0
4787,0,4578.9296,4579.5970,4579.9267,0.1119,0
4788,0,4579.7376,4580.6460,4581.0983,0.2565,0
4789,0,4580.9338,4581.6191,4581.9156,0.1082,0
4790,0,4581.7575,4582.4499,4582.8184,0.1221,0
4791,0,4582.6059,4583.6654,4583.9549,0.1143,0
4792,0,4583.8152,4584.4911,4584.7943,0.1138,0
4793,0,4584.6325,4585.3221,4585.6175,0.1075,0
4794,0,4585.4589,4586.3869,4586.6813,0.1114,0
4795,0,4586.5289,4587.2113,4587.4839,0.1164,0
4796,0,4587.3557,4588.0217,4588.3393,0.1086,0
4797,0,4588.1595,4589.1589,4589.4708,0.1147,0
4798,0,4589.3146,4590.0385,4590.3476,0.1054,0
4799,0,4590.1784,4590.8847,4591.1899,0.0995,0
4800,0,4591.0204,4592.0189,4592.3231,0.1148,0
4801,0,4592.1650,4592.8603,4593.1647,0.1129,0
4802,0,4593.0077,4593.7268,4594.0559,0.1396,0
4803,0,4593.8975,4594.7641,4595.0447,0.1170,0
4804,0,4594.9102,4595.5792,4595.8538,0.1123,0
4805,0,4595.7190,4596.3823,4596.7039,0.1116,0
4806,0,4596.5232,4597.3059,4597.8613,0.3903,0
4807,0,4597.7256,4598.3918,4598.6743,0.1100,0
4808,0,4598.5342,4599.2109,4599.4860,0.1115,0
4809,0,4599.3522,4600.2708,4600.5702,0.1137,0
4810,0,4600.4136,4601.1016,4601.3958,0.1130,0
4811,0,4601.2443,4601.9252,4602.2460,0.1129,0
4812,0,4602.0673,4603.0248,4603.3232,0.1202,0
4813,0,4603.1801,4603.8932,4604.1840,0.1115,0
4814,0,4604.0384,4604.7246,4605.0140,0.1088,0
4815,0,4604.8637,4605.8012,4606.1066,0.1166,0
4816,0,4605.9477,4606.6352,4606.9433,0.1099,0
4817,0,4606.7787,4607.4671,4607.7934,0.1083,0
4818,0,4607.6052,4608.4880,4608.8523,0.1669,0
4819,0,4608.6895,4609.4068,4609.7124,0.1161,0
4820,0,4609.5541,4610.2554,4610.5785,0.1102,0
4821,0,4610.3959,4611.3770,4611.6834,0.1119,0
4822,0,4611.5389,4612.2272,4612.5103,0.1117,0
4823,0,4612.3720,4613.0657,4613.6475,0.1642,0
4824,0,4613.2724,4614.5044,4614.9384,0.1122,0
4825,0,4614.6934,4615.4775,4615.8823,0.1139,0
4826,0,4615.6725,4616.7333,4617.0947,0.1110,0
4827,0,4616.9171,4617.6340,4618.0253,0.1236,0
4828,0,4617.7843,4618.5274,4618.8341,0.1140,0
4829,0,4618.6709,4619.6584,4620.0435,0.1163,0
4830,0,4619.8066,4620.5777,4620.8649,0.1152,0
4831,0,4620.7200,4621.4162,4621.7687,0.1046,0
4832,0,4621.5541,4622.6087,4623.0045,0.1146,0
4833,0,4622.7570,4623.5217,4623.8533,0.1074,0
4834,0,4623.6598,4624.3870,4624.7229,0.1152,0
4835,0,4624.5356,4625.3111,4625.6502,0.1136,0
4836,0,4625.4697,4626.2255,4626.5411,0.1145,0
4837,0,4626.3775,4627.1056,4627.4288,0.1012,0
4838,0,4627.2464,4628.2366,4628.5553,0.1122,0
4839,0,4628.3885,4629.0999,4629.4665,0.1066,0
4840,0,4629.2438,4630.0441,4630.6869,0.4240,0
4841,0,4630.5093,4631.2338,4631.5336,0.1090,0
4842,0,4631.3757,4632.0751,4632.3791,0.1121,0
4843,0,4632.2172,4632.9115,4633.4146,0.3003,0
4844,0,4633.2476,4633.9814,4634.2784,0.1101,0
4845,0,4634.1247,4634.8225,4635.1143,0.1123,0
4846,0,4634.9673,4635.6506,4636.1653,0.2723,0
4847,0,4635.9660,4636.7056,4636.9835,0.1104,0
4848,0,4636.8460,4637.5317,4637.8297,0.1125,0
4849,0,4637.6728,4638.3592,4638.9509,0.4084,0
4850,0,4638.7978,4639.4917,4639.8018,0.1147,0
4851,0,4639.6376,4640.3322,4640.6372,0.1102,0
4852,0,4640.4746,4641.1765,4641.7258,0.3769,0
4853,0,4641.5838,4642.2620,4642.6532,0.1164,0
4854,0,4642.4114,4643.2173,4643.5104,0.1047,0
4855,0,4643.3615,4644.2874,4644.8059,0.1620,0
4856,0,4644.4886,4645.2959,4645.6142,0.1124,0
4857,0,4645.4440,4646.1548,4646.4283,0.1120,0
4858,0,4646.2966,4647.4342,4647.7247,0.1128,0
4859,0,4647.5813,4648.2545,4648.5412,0.1086,0
4860,0,4648.3951,4649.0736,4649.3441,0.1165,0
4861,0,4649.2177,4650.1818,4650.5034,0.1193,0
4862,0,4650.3391,4651.0424,4651.3217,0.1156,0
4863,0,4651.1861,4651.8690,4652.2282,0.1097,0
4864,0,4652.0089,4653.0152,4653.3814,0.1191,0
4865,0,4653.1777,4653.9499,4654.2816,0.1210,0
4866,0,4654.1067,4654.8268,4655.1751,0.1498,0
4867,0,4655.0092,4655.9214,4656.2089,0.1127,0
4868,0,4656.0671,4656.7422,4657.0187,0.1135,0
4869,0,4656.8858,4657.5577,4657.8589,0.1110,0
4870,0,4657.7045,4658.6125,4658.9016,0.1196,0
4871,0,4658.7620,4659.4320,4659.7125,0.1126,0
4872,0,4659.5725,4660.2472,4660.7882,0.1107,0
4873,0,4660.3909,4661.4845,4661.8022,0.1167,0
4874,0,4661.6395,4662.3445,4662.6464,0.1100,0
4875,0,4662.4884,4663.1905,4663.5254,0.1179,0
4876,0,4663.3480,4664.2829,4664.6395,0.1373,0
4877,0,4664.4808,4665.2092,4665.5635,0.1102,0
4878,0,4665.3741,4666.1083,4666.6685,0.3793,0
4879,0,4666.5207,4667.2112,4667.5003,0.1136,0
4880,0,4667.3609,4668.0462,4668.3543,0.1174,0
4881,0,4668.1986,4668.8954,4669.5120,0.4287,0
4882,0,4669.3557,4670.0918,4670.3993,0.1146,0
4883,0,4670.2481,4670.9554,4671.2562,0.1123,0
4884,0,4671.1043,4671.8021,4672.3606,0.3860,0
4885,0,4672.2182,4672.8956,4673.1851,0.1153,0
4886,0,4673.0415,4673.7199,4674.0020,0.1158,0
4887,0,4673.8645,4674.5313,4675.0702,0.3700,0
4888,0,4674.9293,4675.6076,4675.9111,0.1120,0
4889,0,4675.7598,4676.4566,4676.7423,0.1140,0
4890,0,4676.6006,4677.2876,4677.8596,0.3792,0
4891,0,4677.6964,4678.3918,4678.6898,0.1111,0
4892,0,4678.5340,4679.2253,4679.5028,0.1116,0
4893,0,4679.3662,4680.0371,4680.5195,0.2197,0
4894,0,4680.3080,4681.0795,4681.3846,0.1170,0
4895,0,4681.2341,4681.9226,4682.2058,0.1162,0
4896,0,4682.0695,4682.7470,4683.0283,0.1115,0
4897,0,4682.8882,4683.7533,4684.0424,0.1147,0
4898,0,4683.9008,4684.5820,4684.8635,0.1165,0
4899,0,4684.7270,4685.3970,4685.7048,0.1316,0
4900,0,4685.5585,4686.3435,4686.6233,0.1160,0
4901,0,4686.4892,4687.1522,4687.4331,0.1145,0
4902,0,4687.2953,4687.9679,4688.2992,0.1105,0
4903,0,4688.1088,4689.0842,4689.5688,0.2624,0
4904,0,4689.3808,4690.1089,4690.4687,0.1110,0
4905,0,4690.2560,4691.0134,4691.3169,0.1213,0
4906,0,4691.1697,4692.0797,4692.3768,0.1132,0
4907,0,4692.2232,4692.9166,4693.1907,0.1080,0
4908,0,4693.0538,4693.7306,4694.0420,0.1411,0
4909,0,4693.9017,4694.6832,4694.9682,0.1164,0
4910,0,4694.8294,4695.4996,4695.7868,0.1145,0
4911,0,4695.6640,4696.3266,4696.6717,0.1140,0
4912,0,4696.4708,4697.3964,4697.8276,0.2566,0
4913,0,4697.6846,4698.3571,4698.6331,0.1100,0
4914,0,4698.4957,4699.1662,4699.4911,0.1117,0
4915,0,4699.3175,4700.3302,4700.6474,0.1197,0
4916,0,4700.4854,4701.2003,4701.4969,0.1097,0
4917,0,4701.3423,4702.0324,4702.3985,0.1670,0
4918,0,4702.2315,4703.0602,4703.4216,0.1112,0
4919,0,4703.2128,4703.9864,4704.2766,0.1071,0
4920,0,4704.1266,4704.8299,4705.1447,0.1374,0
4921,0,4705.0031,4705.9117,4706.1910,0.1146,0
4922,0,4706.0560,4706.7274,4707.0279,0.1116,0
4923,0,4706.8751,4707.5760,4707.8527,0.1033,0
4924,0,4707.7117,4708.6438,4708.9545,0.1083,0
4925,0,4708.7937,4709.5289,4709.8291,0.1163,0
4926,0,4709.6821,4710.4011,4710.7068,0.1281,0
4927,0,4710.5643,4711.3538,4711.6360,0.1165,0
4928,0,4711.5006,4712.1777,4712.4730,0.1125,0
4929,0,4712.3277,4713.0405,4713.4210,0.1179,0
4930,0,4713.1929,4714.2096,4714.5035,0.1152,0
4931,0,4714.3564,4715.0367,4715.3108,0.1047,0
4932,0,4715.1718,4715.8510,4716.1170,0.1031,0
4933,0,4715.9835,4716.9181,4717.2224,0.1111,0
4934,0,4717.0615,4717.7521,4718.0571,0.1095,0
4935,0,4717.8993,4718.5840,4718.9307,0.1211,0
4936,0,4718.7399,4719.7731,4720.0969,0.1151,0
4937,0,4719.9240,4720.6383,4720.9297,0.1200,0
4938,0,4720.7903,4721.4672,4721.7300,0.1030,0
4939,0,4721.5948,4722.5042,4722.9172,0.1727,0
4940,0,4722.7087,4723.4638,4723.7693,0.1164,0
4941,0,4723.6132,4724.3126,4724.6189,0.1247,0
4942,0,4724.4663,4725.3347,4725.7224,0.2055,0
4943,0,4725.5660,4726.2751,4726.5693,0.1077,0
4944,0,4726.4117,4727.1122,4727.3974,0.1179,0
4945,0,4727.2545,4728.0616,4728.3444,0.1228,0
4946,0,4728.2115,4728.8826,4729.1957,0.1141,0
4947,0,4729.0310,4729.7217,4730.0617,0.1116,0
4948,0,4729.8622,4730.7495,4731.1937,0.2768,0
4949,0,4731.0563,4731.7282,4732.0003,0.1098,0
4950,0,4731.8671,4732.5322,4732.8234,0.1158,0
4951,0,4732.6855,4733.6024,4733.8875,0.1147,0
4952,0,4733.7451,4734.4170,4734.6941,0.1129,0
4953,0,4734.5580,4735.2295,4735.5726,0.1067,0
4954,0,4735.3737,4736.3889,4736.6996,0.1127,0
4955,0,4736.5338,4737.2294,4737.5324,0.1122,0
4956,0,4737.3740,4738.0676,4738.3615,0.1076,0
4957,0,4738.2064,4739.1493,4739.5212,0.1619,0
4958,0,4739.3466,4740.0500,4740.3224,0.1124,0
4959,0,4740.1918,4740.8659,4741.1941,0.1485,0
4960,0,4741.0500,4741.8419,4742.1382,0.1165,0
4961,0,4741.9978,4742.6808,4743.0075,0.1188,0
4962,0,4742.8412,4743.5386,4743.9088,0.1137,0
4963,0,4743.6883,4744.6901,4744.9921,0.1114,0
4964,0,4744.8377,4745.5588,4745.8400,0.1121,0
4965,0,4745.7034,4746.3715,4746.6792,0.1120,0
4966,0,4746.5117,4747.5761,4747.8790,0.1099,0
4967,0,4747.7158,4748.4046,4748.7250,0.1053,0
4968,0,4748.5549,4749.3255,4749.6366,0.1115,0
4969,0,4749.4743,4750.3077,4750.5924,0.1147,0
4970,0,4750.4574,4751.1546,4751.4375,0.1148,0
4971,0,4751.3024,4751.9871,4752.2902,0.1130,0
4972,0,4752.1313,4753.0654,4753.4277,0.1268,0
4973,0,4753.2357,4753.9960,4754.3051,0.1138,0
4974,0,4754.1581,4754.8790,4755.1572,0.1020,0
4975,0,4755.0176,4755.8485,4756.2140,0.1738,0
4976,0,4756.0543,4756.7441,4757.0456,0.1113,0
4977,0,4756.8879,4757.5720,4757.8635,0.1058,0
4978,0,4757.7088,4758.5064,4758.7992,0.1181,0
4979,0,4758.6604,4759.3295,4759.5978,0.1126,0
4980,0,4759.4693,4760.1362,4760.4850,0.1145,0
4981,0,4760.2782,4761.3210,4761.6500,0.1208,0
4982,0,4761.4839,4762.1835,4762.4789,0.1125,0
4983,0,4762.3310,4763.0440,4763.3840,0.1089,0
4984,0,4763.1941,4764.0136,4764.4879,0.2644,0
4985,0,4764.3181,4765.0395,4765.3186,0.1097,0
4986,0,4765.1835,4765.8537,4766.1801,0.1065,0
4987,0,4765.9920,4766.9744,4767.2426,0.1133,0
4988,0,4767.1134,4767.7803,4768.0530,0.1126,0
4989,0,4767.9216,4768.5865,4768.9852,0.1129,0
4990,0,4768.7278,4769.9220,4770.2218,0.1156,0
4991,0,4770.0758,4770.7657,4771.0746,0.1175,0
4992,0,4770.9082,4771.6063,4771.9056,0.1079,0
4993,0,4771.7387,4772.6404,4772.9608,0.1209,0
4994,0,4772.7937,4773.4930,4773.7893,0.1178,0
4995,0,4773.6362,4774.3245,4774.6021,0.1172,0
4996,0,4774.4649,4775.2566,4775.5574,0.1151,0
4997,0,4775.4036,4776.0878,4776.3691,0.1107,0
4998,0,4776.2283,4776.9047,4777.2317,0.1116,0
4999,0,4777.0431,4778.0133,4778.2909,0.1131,0
5000,0,4778.1739,4778.8336,4779.1148,0.1210,0
5001,0,4778.9838,4779.6490,4779.9434,0.1094,0
5002,0,4779.7869,4780.6676,4781.1187,0.2578,0
5003,0,4780.9604,4781.6510,4781.9536,0.1137,0
5004,0,4781.7983,4782.4846,4782.7925,0.1092,0
5005,0,4782.6288,4783.6070,4783.8989,0.1102,0
5006,0,4783.7540,4784.4440,4784.7372,0.1119,0
5007,0,4784.5893,4785.2819,4785.6951,0.1056,0
5008,0,4785.4633,4786.5908,4786.8931,0.1139,0
5009,0,4786.7380,4787.4352,4787.7365,0.1117,0
5010,0,4787.5790,4788.2899,4788.5621,0.1065,0
5011,0,4788.4257,4789.2140,4789.4940,0.1137,0
5012,0,4789.3589,4790.0397,4790.3493,0.1106,0
5013,0,4790.1834,4790.8787,4791.1779,0.1143,0
5014,0,4791.0244,4791.9672,4792.2791,0.1183,0
5015,0,4792.1113,4792.8119,4793.1322,0.1202,0
5016,0,4792.9701,4793.6616,4793.9425,0.1128,0
5017,0,4793.8029,4794.7190,4794.9982,0.1162,0
5018,0,4794.8625,4795.5345,4795.8081,0.1132,0
5019,0,4795.6755,4796.3380,4796.6609,0.1114,0
5020,0,4796.4776,4797.3832,4797.8430,0.2641,0
5021,0,4797.6809,4798.3735,4798.6744,0.1124,0
5022,0,4798.5140,4799.2019,4799.5121,0.1156,0
5023,0,4799.3502,4800.2942,4800.6387,0.1119,0
5024,0,4800.4470,4801.1816,4801.4846,0.1111,0
5025,0,4801.3260,4802.0155,4802.3142,0.1096,0
5026,0,4802.1573,4803.1057,4803.4206,0.1052,0
5027,0,4803.2518,4803.9794,4804.3007,0.1082,0
5028,0,4804.1244,4804.8456,4805.1768,0.1395,0
5029,0,4805.0188,4805.9214,4806.2626,0.1181,0
5030,0,4806.0833,4806.8141,4807.1279,0.1120,0
5031,0,4806.9673,4807.6816,4807.9768,0.1003,0
5032,0,4807.8191,4808.7147,4809.0528,0.1592,0
5033,0,4808.9119,4809.5897,4809.9067,0.1142,0
5034,0,4809.7375,4810.4368,4810.7355,0.1086,0
5035,0,4810.5780,4811.4760,4811.7848,0.1153,0
5036,0,4811.6234,4812.3262,4812.6251,0.1173,0
5037,0,4812.4780,4813.1580,4813.5270,0.1490,0
5038,0,4813.3455,4814.3212,4814.6440,0.1080,0
5039,0,4814.4679,4815.1883,4815.4839,0.1096,0
5040,0,4815.3299,4816.0239,4816.4313,0.1270,0
5041,0,4816.1926,4817.0967,4817.3912,0.1112,0
5042,0,4817.2430,4817.9362,4818.2162,0.1118,0
5043,0,4818.0820,4818.7751,4819.0471,0.1015,0
5044,0,4818.9086,4819.7092,4820.0394,0.1622,0
5045,0,4819.9038,4820.5732,4820.8488,0.1156,0
5046,0,4820.7168,4821.3831,4821.6915,0.1103,0
5047,0,4821.5229,4822.4956,4822.8163,0.1174,0
5048,0,4822.6529,4823.3464,4823.6615,0.1168,0
5049,0,4823.5000,4824.1932,4824.4995,0.1149,0
5050,0,4824.3390,4825.2852,4825.5615,0.1206,0
5051,0,4825.4337,4826.0975,4826.3981,0.1116,0
5052,0,4826.2399,4826.9281,4827.2325,0.1088,0
5053,0,4827.0642,4828.0496,4828.3205,0.1129,0
5054,0,4828.1896,4828.8549,4829.1287,0.1136,0
5055,0,4828.9954,4829.6572,4829.9925,0.1163,0
5056,0,4829.8006,4830.8939,4831.1968,0.1121,0
5057,0,4831.0374,4831.7256,4832.0692,0.1166,0
5058,0,4831.8908,4832.6275,4832.9758,0.1335,0
5059,0,4832.7973,4833.6687,4834.0252,0.1545,0
5060,0,4833.8609,4834.5600,4834.8329,0.1136,0
5061,0,4834.7034,4835.3681,4835.7244,0.1558,0
5062,0,4835.5576,4836.4431,4836.7540,0.1151,0
5063,0,4836.5893,4837.2831,4837.5812,0.1109,0
5064,0,4837.4247,4838.1145,4838.4078,0.1058,0
5065,0,4838.2501,4839.1800,4839.4770,0.1123,0
5066,0,4839.3229,4840.0114,4840.3179,0.1169,0
5067,0,4840.1632,4840.8469,4841.1394,0.1065,0
5068,0,4840.9831,4841.9231,4842.2168,0.1129,0
5069,0,4842.0654,4842.7452,4843.0608,0.1162,0
5070,0,4842.8995,4843.5884,4843.9081,0.1131,0
5071,0,4843.7363,4844.6875,4844.9655,0.1164,0
5072,0,4844.8314,4845.4999,4845.7740,0.1135,0
5073,0,4845.6405,4846.3062,4846.6196,0.1115,0
5074,0,4846.4492,4847.6919,4848.0316,0.1258,0
5075,0,4847.8569,4848.5823,4848.8621,0.1083,0
5076,0,4848.7238,4849.4054,4849.6888,0.1010,0
5077,0,4849.5473,4850.3706,4850.6932,0.1163,0
5078,0,4850.5230,4851.2255,4851.5225,0.1109,0
5079,0,4851.3672,4852.0501,4852.3818,0.1327,0
5080,0,4852.2195,4853.1108,4853.4570,0.1195,0
5081,0,4853.2770,4854.0230,4854.3603,0.1220,0
5082,0,4854.1815,4854.9098,4855.1732,0.1025,0
5083,0,4855.0426,4855.8656,4856.1512,0.1123,0
5084,0,4856.0073,4856.6976,4856.9706,0.1112,0
5085,0,4856.8374,4857.5011,4857.8120,0.1113,0
5086,0,4857.6397,4858.5929,4858.9048,0.1171,0
5087,0,4858.7446,4859.4305,4859.7254,0.1090,0
5088,0,4859.5697,4860.2558,4860.5846,0.1095,0
5089,0,4860.4151,4861.4099,4861.7025,0.1118,0
5090,0,4861.5522,4862.2360,4862.5242,0.1129,0
5091,0,4862.3839,4863.1432,4863.4805,0.1065,0
5092,0,4863.3105,4864.4643,4864.7929,0.1146,0
5093,0,4864.6143,4865.3296,4865.6393,0.1162,0
5094,0,4865.4783,4866.1769,4866.7184,0.3775,0
5095,0,4866.5835,4867.2580,4867.5420,0.1175,0
5096,0,4867.4042,4868.0815,4868.3592,0.1108,0
5097,0,4868.2225,4868.8911,4869.4562,0.3708,0
5098,0,4869.2949,4869.9937,4870.3091,0.1121,0
5099,0,4870.1414,4870.8455,4871.1430,0.1095,0
5100,0,4870.9876,4871.6773,4872.2567,0.3940,0
5101,0,4872.1013,4872.7898,4873.0714,0.1118,0
5102,0,4872.9343,4873.6053,4873.8836,0.1103,0
5103,0,4873.7474,4874.4162,4874.6847,0.1124,0
5104,0,4874.5552,4875.3557,4875.6399,0.1119,0
5105,0,4875.4994,4876.1714,4876.4749,0.1123,0
5106,0,4876.3134,4877.0103,4877.3000,0.1055,0
5107,0,4877.1458,4878.0769,4878.3823,0.1118,0
5108,0,4878.2188,4878.9471,4879.2591,0.1138,0
5109,0,4879.0955,4879.7911,4880.1228,0.1101,0
5110,0,4879.9290,4880.9175,4881.2077,0.1104,0
5111,0,4881.0591,4881.7573,4882.0440,0.1079,0
5112,0,4881.8972,4882.5918,4882.9312,0.1646,0
5113,0,4882.7894,4883.7034,4884.0005,0.1203,0
5114,0,4883.8555,4884.5430,4884.8139,0.1124,0
5115,0,4884.6832,4885.3505,4885.6167,0.1041,0
5116,0,4885.4956,4886.3172,4886.6235,0.1123,0
5117,0,4886.4636,4887.1543,4887.4299,0.1135,0
5118,0,4887.2958,4887.9655,4888.2719,0.1107,0
5119,0,4888.1061,4889.0886,4889.3631,0.1153,0
5120,0,4889.2310,4889.9048,4890.2072,0.1120,0
5121,0,4890.0486,4890.7395,4891.0685,0.1142,0
5122,0,4890.8886,4891.8858,4892.2066,0.1229,0
5123,0,4892.0460,4892.7370,4893.0503,0.1168,0
5124,0,4892.8892,4893.5874,4893.9441,0.1292,0
5125,0,4893.7634,4894.7455,4895.0398,0.1142,0
5126,0,4894.8909,4895.5725,4895.8473,0.1130,0
5127,0,4895.7136,4896.3790,4896.7391,0.1093,0
5128,0,4896.5214,4897.4925,4897.7917,0.1151,0
5129,0,4897.6411,4898.3365,4898.6177,0.1098,0
5130,0,4898.4775,4899.1693,4899.4575,0.1115,0
5131,0,4899.3087,4900.2499,4900.6041,0.1618,0
5132,0,4900.4441,4901.1425,4901.4391,0.1111,0
5133,0,4901.2835,4901.9693,4902.2580,0.1068,0
5134,0,4902.1056,4903.0564,4903.4194,0.1139,0
5135,0,4903.2134,4903.9552,4904.2587,0.1140,0
5136,0,4904.0996,4904.7941,4905.0924,0.1069,0
5137,0,4904.9310,4905.8842,4906.2254,0.1713,0
5138,0,4906.0855,4906.7604,4907.0270,0.1107,0
5139,0,4906.8999,4907.5669,4907.8797,0.1063,0
5140,0,4907.7104,4908.6445,4909.0233,0.1104,0
5141,0,4908.7929,4909.5932,4909.9096,0.1153,0
5142,0,4909.7441,4910.4606,4910.7764,0.1133,0
5143,0,4910.6103,4911.4406,4911.7581,0.1178,0
5144,0,4911.5919,4912.2959,4912.6136,0.1186,0
5145,0,4912.4393,4913.1456,4913.5368,0.1599,0
5146,0,4913.3448,4914.2537,4914.5445,0.1079,0
5147,0,4914.3877,4915.0890,4915.3750,0.1105,0
5148,0,4915.2326,4915.9371,4916.2671,0.1588,0
5149,0,4916.1265,4917.0894,4917.4121,0.1168,0
5150,0,4917.2466,4917.9700,4918.2845,0.1182,0
5151,0,4918.1232,4918.8164,4919.1187,0.1137,0
5152,0,4918.9603,4919.7616,4920.0600,0.1127,0
5153,0,4919.9046,4920.5915,4920.8831,0.1091,0
5154,0,4920.7302,4921.4169,4921.7163,0.1084,0
5155,0,4921.5554,4922.4940,4922.8027,0.1200,0
5156,0,4922.6535,4923.3372,4923.6237,0.1142,0
5157,0,4923.4841,4924.1597,4924.6078,0.1110,0
5158,0,4924.3104,4925.4103,4925.7453,0.1189,0
5159,0,4925.5651,4926.3051,4926.6129,0.1112,0
5160,0,4926.4523,4927.1684,4927.4697,0.1130,0
5161,0,4927.3116,4928.1591,4928.4588,0.1106,0
5162,0,4928.3010,4928.9911,4929.3007,0.1114,0
5163,0,4929.1328,4929.8442,4930.1996,0.1407,0
5164,0,4930.0260,4930.9180,4931.2260,0.1180,0
5165,0,4931.0705,4931.7712,4932.0984,0.1166,0
5166,0,4931.9254,4932.6442,4932.9356,0.1115,0
5167,0,4932.7974,4933.7472,4934.0322,0.1135,0
5168,0,4933.8908,4934.5659,4934.8462,0.1144,0
5169,0,4934.7079,4935.3809,4935.6789,0.1062,0
5170,0,4935.5266,4936.4619,4936.7764,0.1155,0
5171,0,4936.6122,4937.3186,4937.6233,0.1099,0
5172,0,4937.4594,4938.1675,4938.5390,0.1484,0
5173,0,4938.3630,4939.2564,4939.5793,0.1159,0
5174,0,4939.4098,4940.1143,4940.4931,0.1115,0
5175,0,4940.2582,4941.0675,4941.3870,0.1192,0
5176,0,4941.2205,4941.9529,4942.2966,0.1213,0
5177,0,4942.1058,4942.8261,4943.1201,0.1137,0
5178,0,4942.9743,4943.6569,4943.9810,0.1156,0
5179,0,4943.8271,4944.6788,4944.9704,0.1145,0
5180,0,4944.8256,4945.5051,4945.8084,0.1155,0
5181,0,4945.6488,4946.3398,4946.7553,0.1110,0
5182,0,4946.4876,4947.5473,4947.8328,0.1097,0
5183,0,4947.6898,4948.3884,4948.6787,0.1127,0
5184,0,4948.5356,4949.2165,4949.4962,0.1092,0
5185,0,4949.3543,4950.2438,4950.6038,0.1632,0
5186,0,4950.4428,4951.1522,4951.4512,0.1104,0
5187,0,4951.2939,4951.9829,4952.2786,0.1079,0
5188,0,4952.1223,4953.0729,4953.3999,0.1140,0
5189,0,4953.2279,4953.9649,4954.2634,0.1123,0
5190,0,4954.1114,4954.8123,4955.1572,0.1684,0
5191,0,4955.0163,4955.8527,4956.1374,0.1176,0
5192,0,4956.0000,4956.6768,4956.9793,0.1124,0
5193,0,4956.8305,4957.5268,4957.7963,0.1037,0
5194,0,4957.6594,4958.5835,4958.8618,0.1185,0
5195,0,4958.7304,4959.4020,4959.7096,0.1116,0
5196,0,4959.5581,4960.2789,4960.5711,0.1109,0
5197,0,4960.4234,4961.3916,4961.6727,0.1135,0
5198,0,4961.5388,4962.2203,4962.5302,0.1080,0
5199,0,4962.3660,4963.0968,4963.4873,0.1038,0
5200,0,4963.2368,4964.1328,4964.5777,0.2612,0
5201,0,4964.4331,4965.1257,4965.3959,0.1093,0
5202,0,4965.2653,4965.9371,4966.2598,0.1569,0
5203,0,4966.1242,4966.9239,4967.2511,0.1641,0
5204,0,4967.1176,4967.7905,4968.0664,0.1114,0
5205,0,4967.9295,4968.5930,4968.9255,0.1179,0
5206,0,4968.7493,4969.7241,4970.0278,0.1162,0
5207,0,4969.8701,4970.5615,4970.8567,0.1119,0
5208,0,4970.7033,4971.3930,4971.7395,0.1094,0
5209,0,4971.5370,4972.5519,4972.9007,0.1190,0
5210,0,4972.7145,4973.4701,4973.8020,0.1135,0
5211,0,4973.6217,4974.3466,4974.6614,0.1122,0
5212,0,4974.4926,4975.3391,4975.6127,0.1143,0
5213,0,4975.4829,4976.1561,4976.4279,0.1116,0
5214,0,4976.2956,4976.9674,4977.2352,0.1074,0
5215,0,4977.1020,4978.0535,4978.3519,0.1137,0
5216,0,4978.1973,4978.8840,4979.1773,0.1090,0
5217,0,4979.0226,4979.7118,4980.0952,0.1069,0
5218,0,4979.8482,4981.0619,4981.3500,0.1090,0
5219,0,4981.2022,4981.8974,4982.1889,0.1136,0
5220,0,4982.0469,4982.7515,4983.0362,0.1141,0
5221,0,4982.8947,4983.7200,4984.0141,0.1145,0
5222,0,4983.8704,4984.5501,4984.8428,0.1069,0
5223,0,4984.6854,4985.3740,4985.7232,0.1561,0
5224,0,4985.5609,4986.4726,4986.7960,0.1203,0
5225,0,4986.6296,4987.3266,4987.6357,0.1122,0
5226,0,4987.4690,4988.3216,4988.6458,0.1177,0
5227,0,4988.4721,4989.2960,4989.6347,0.1191,0
5228,0,4989.4580,4990.1700,4990.4415,0.1129,0
5229,0,4990.3120,4990.9787,4991.2773,0.1132,0
5230,0,4991.1380,4991.9534,4992.2450,0.1199,0
5231,0,4992.1070,4992.7864,4993.1106,0.1191,0
5232,0,4992.9445,4993.6491,4993.9296,0.1122,0
5233,0,4993.7930,4994.7202,4995.0088,0.1159,0
5234,0,4994.8643,4995.5420,4995.8407,0.1143,0
5235,0,4995.6847,4996.3732,4996.7624,0.1092,0
5236,0,4996.5127,4997.5805,4997.8716,0.1102,0
5237,0,4997.7228,4998.4176,4998.7018,0.1078,0
5238,0,4998.5605,4999.2637,4999.5952,0.1593,0
5239,0,4999.4571,5000.3612,5000.6452,0.1172,0
5240,0,5000.5077,5001.1861,5001.4589,0.1136,0
5241,0,5001.3280,5002.0006,5002.2715,0.1074,0
5242,0,5002.1360,5003.0758,5003.4433,0.1193,0
5243,0,5003.2356,5004.0002,5004.4127,0.1114,0
5244,0,5004.1426,5004.9634,5005.2882,0.1104,0
5245,0,5005.1114,5005.8489,5006.1529,0.1164,0
5246,0,5006.0043,5006.7126,5006.9899,0.1123,0
5247,0,5006.8541,5007.5240,5007.7983,0.1085,0
5248,0,5007.6603,5008.5919,5008.9028,0.1192,0
5249,0,5009.1809,5009.7607,5010.1518,0.1152,0
5250,0,5009.9603,5010.8601,5011.3008,0.2729,0
5251,0,5011.1635,5011.8412,5012.1420,0.1146,0
5252,0,5011.9906,5012.6771,5012.9650,0.1123,0
5253,0,5012.8246,5013.6907,5013.9819,0.1124,0
5254,0,5013.8363,5014.6165,5014.8942,0.1079,0
5255,0,5014.7540,5015.4282,5015.7160,0.1149,0
5256,0,5015.5722,5016.5206,5016.8253,0.1167,0
5257,0,5016.6689,5017.3592,5017.6731,0.1164,0
5258,0,5017.5081,5018.2049,5018.5009,0.1095,0
5259,0,5018.3447,5019.2995,5019.5698,0.1122,0
5260,0,5019.4396,5020.1468,5020.4755,0.1199,0
5261,0,5020.3047,5021.0212,5021.2955,0.1113,0
5262,0,5021.1611,5022.0982,5022.3723,0.1129,0
5263,0,5022.2394,5022.9080,5023.2243,0.1176,0
5264,0,5023.0630,5023.7545,5024.0508,0.1075,0
5265,0,5023.8937,5024.8555,5025.1605,0.1133,0
5266,0,5024.9991,5025.6934,5025.9875,0.1100,0
5267,0,5025.8336,5026.5251,5026.8363,0.1124,0
5268,0,5026.6908,5027.6625,5027.9360,0.1160,0
5269,0,5027.8077,5028.4756,5028.7732,0.1107,0
5270,0,5028.6275,5029.3489,5029.6252,0.1074,0
5271,0,5029.4870,5030.3630,5030.7541,0.2268,0
5272,0,5030.6192,5031.3016,5031.5849,0.1118,0
5273,0,5031.4466,5032.1230,5032.4257,0.1122,0
5274,0,5032.2652,5033.2235,5033.5577,0.1204,0
5275,0,5033.3828,5034.0888,5034.4149,0.1222,0
5276,0,5034.2505,5034.9616,5035.2631,0.1127,0
5277,0,5035.1045,5035.7972,5036.4128,0.3869,0
5278,0,5036.2212,5036.9640,5037.2657,0.1127,0
5279,0,5037.1161,5037.8265,5038.1257,0.1111,0
5280,0,5037.9686,5038.9680,5039.3185,0.1740,0
5281,0,5039.1741,5039.8599,5040.1581,0.1104,0
5282,0,5040.0016,5040.7035,5040.9773,0.1121,0
5283,0,5040.8446,5041.7831,5042.0575,0.1150,0
5284,0,5041.9256,5042.5960,5042.8818,0.1108,0
5285,0,5042.7407,5043.4141,5043.6997,0.1139,0
5286,0,5043.5603,5044.5362,5044.8632,0.1193,0
5287,0,5044.6970,5045.3945,5045.7016,0.1140,0
5288,0,5045.5389,5046.2361,5046.6231,0.1120,0
5289,0,5046.3790,5047.3660,5047.7779,0.2172,0
5290,0,5047.6239,5048.3171,5048.6461,0.1110,0
5291,0,5048.4656,5049.2119,5049.5206,0.1080,0
5292,0,5049.3586,5050.3088,5050.5964,0.1144,0
5293,0,5050.4581,5051.1574,5051.4356,0.1117,0
5294,0,5051.3022,5052.0474,5052.3926,0.1661,0
5295,0,5052.2465,5053.0999,5053.4438,0.1218,0
5296,0,5053.2698,5053.9940,5054.2830,0.1103,0
5297,0,5054.1425,5054.8400,5055.1621,0.1571,0
5298,0,5055.0257,5055.8334,5056.1149,0.1240,0
5299,0,5055.9865,5056.6511,5056.9716,0.1173,0
5300,0,5056.8088,5057.5078,5057.8322,0.1146,0
5301,0,5057.6572,5058.6351,5058.9212,0.1218,0
5302,0,5058.7875,5059.4643,5059.7416,0.1112,0
5303,0,5059.6039,5060.2738,5060.5768,0.1093,0
5304,0,5060.4106,5061.3872,5061.6790,0.1156,0
5305,0,5061.5364,5062.2172,5062.5130,0.1142,0
5306,0,5062.3653,5063.0813,5063.3886,0.1104,0
5307,0,5063.2351,5064.2242,5064.5338,0.1120,0
5308,0,5064.3732,5065.0926,5065.4186,0.1107,0
5309,0,5065.2416,5065.9801,5066.2789,0.1218,0
5310,0,5066.1362,5066.9243,5067.2783,0.1577,0
5311,0,5067.1212,5067.8380,5068.1173,0.1122,0
5312,0,5067.9800,5068.6596,5068.9911,0.1200,0
5313,0,5068.8192,5069.6756,5069.9817,0.1154,0
5314,0,5069.8228,5070.5160,5070.8170,0.1102,0
5315,0,5070.6566,5071.3476,5071.6973,0.1108,0
5316,0,5071.4889,5072.4815,5072.8019,0.1179,0
5317,0,5072.6398,5073.3343,5073.6799,0.1172,0
5318,0,5073.4913,5074.2492,5074.6112,0.1704,0
5319,0,5074.4548,5075.3648,5075.6406,0.1129,0
5320,0,5075.5084,5076.1852,5076.4597,0.1145,0
5321,0,5076.3284,5076.9969,5077.2567,0.1028,0
5322,0,5077.1274,5078.0721,5078.3979,0.1314,0
5323,0,5078.2389,5078.9310,5079.2319,0.1121,0
5324,0,5079.0741,5079.7666,5080.1275,0.1108,0
5325,0,5079.9089,5080.9351,5081.2373,0.1099,0
5326,0,5081.0812,5081.8084,5082.0969,0.1127,0
5327,0,5081.9568,5082.6546,5083.1673,0.1100,0
5328,0,5082.8008,5083.7915,5084.0898,0.1095,0
5329,0,5083.9404,5084.6396,5084.9350,0.1197,0
5330,0,5084.7908,5085.4977,5085.7934,0.1111,0
5331,0,5085.6420,5086.4849,5086.7770,0.1129,0
5332,0,5086.6269,5087.3200,5087.6191,0.1116,0
5333,0,5087.4621,5088.1579,5088.4933,0.1521,0
5334,0,5088.3404,5089.2369,5089.5356,0.1120,0
5335,0,5089.3819,5090.0761,5090.3793,0.1128,0
5336,0,5090.2196,5090.9082,5091.2111,0.1079,0
5337,0,5091.0613,5091.8861,5092.1668,0.1135,0
5338,0,5092.0305,5092.7088,5092.9918,0.1115,0
5339,0,5092.8545,5093.5270,5093.8393,0.1115,0
5340,0,5093.6676,5094.6299,5094.9867,0.1671,0
5341,0,5094.8265,5095.5192,5095.8206,0.1118,0
5342,0,5095.6612,5096.3584,5096.7580,0.1096,0
5343,0,5096.4979,5097.3440,5097.8028,0.2688,0
5344,0,5097.6492,5098.3836,5098.7106,0.1120,0
5345,0,5098.5424,5099.2869,5099.6372,0.1424,0
5346,0,5099.4671,5100.3912,5100.6813,0.1187,0
5347,0,5100.5450,5101.2284,5101.5001,0.1110,0
5348,0,5101.3671,5102.0523,5102.3665,0.1544,0
5349,0,5102.2348,5103.0445,5103.3478,0.1120,0
5350,0,5103.1936,5103.9279,5104.2316,0.1127,0
5351,0,5104.0774,5104.8030,5105.0898,0.1088,0
5352,0,5104.9467,5105.8684,5106.1688,0.1136,0
5353,0,5106.0218,5106.7152,5107.0174,0.1113,0
5354,0,5106.8575,5107.5570,5107.8657,0.1081,0
5355,0,5107.6972,5108.6591,5109.0054,0.1204,0
5356,0,5108.8284,5109.5494,5109.8426,0.1133,0
5357,0,5109.7167,5110.4095,5110.7256,0.1404,0
5358,0,5110.5879,5111.5367,5111.8169,0.1154,0
5359,0,5111.6836,5112.3530,5112.6406,0.1117,0
5360,0,5112.4991,5113.1971,5113.5412,0.1189,0
5361,0,5113.3558,5114.3315,5114.6635,0.1158,0
5362,0,5114.4885,5115.2185,5115.4923,0.1061,0
5363,0,5115.3573,5116.0320,5116.3124,0.1003,0
5364,0,5116.1662,5117.0129,5117.3054,0.1168,0
5365,0,5117.1666,5117.8605,5118.1422,0.1153,0
5366,0,5118.0044,5118.6779,5118.9598,0.1120,0
5367,0,5118.8265,5119.6402,5119.9424,0.1143,0
5368,0,5119.7845,5120.4728,5120.7665,0.1095,0
5369,0,5120.6124,5121.2995,5121.6238,0.1093,0
5370,0,5121.4385,5122.4478,5122.8041,0.1307,0
5371,0,5122.6223,5123.3664,5123.6520,0.1092,0
5372,0,5123.5110,5124.2074,5124.4863,0.1078,0
5373,0,5124.3488,5125.4340,5125.7170,0.1140,0
5374,0,5125.5757,5126.2544,5126.5513,0.1104,0
5375,0,5126.3939,5127.0818,5127.4067,0.1320,0
5376,0,5127.2491,5128.1476,5128.4252,0.1152,0
5377,0,5128.2940,5128.9590,5129.2279,0.1120,0
5378,0,5129.0988,5129.7635,5130.0903,0.1041,0
5379,0,5129.8957,5130.8558,5131.2287,0.1100,0
5380,0,5131.0489,5131.7862,5132.2076,0.1162,0
5381,0,5131.9820,5132.7547,5133.1674,0.1083,0
5382,0,5132.9391,5133.7107,5134.0438,0.1104,0
5383,0,5133.8524,5134.5753,5134.9166,0.1169,0
5384,0,5134.7226,5135.4591,5135.8417,0.1006,0
5385,0,5135.6000,5136.5114,5136.8314,0.1190,0
5386,0,5136.6655,5137.4286,5137.8598,0.1157,0
5387,0,5137.5836,5138.3522,5138.6950,0.1111,0
5388,0,5138.4932,5139.4356,5139.7691,0.1154,0
5389,0,5139.5878,5140.3051,5140.6143,0.1146,0
5390,0,5140.4555,5141.1673,5141.7487,0.3490,0
5391,0,5141.5474,5142.2840,5142.5730,0.1114,0
5392,0,5142.4269,5143.1207,5143.4152,0.1083,0
5393,0,5143.2676,5143.9620,5144.2579,0.1120,0
5394,0,5144.1130,5144.9322,5145.2809,0.1134,0
5395,0,5145.0802,5145.8273,5146.1287,0.1224,0
5396,0,5145.9848,5146.6929,5147.3875,0.4784,0
5397,0,5147.2117,5147.9356,5148.2272,0.1106,0
5398,0,5148.0827,5148.7869,5149.1093,0.1160,0
5399,0,5148.9425,5149.9050,5150.2224,0.1178,0
5400,0,5150.0563,5150.7591,5151.0701,0.1174,0
5401,0,5150.9090,5151.6002,5151.8746,0.1111,0
5402,0,5151.7434,5152.6852,5153.0164,0.1291,0
5403,0,5152.8541,5153.5484,5153.8442,0.1124,0
5404,0,5153.6947,5154.3960,5154.6821,0.1146,0
5405,0,5154.5406,5155.4935,5155.7725,0.1149,0
5406,0,5155.6373,5156.3120,5156.5933,0.1107,0
5407,0,5156.4553,5157.1240,5157.3912,0.1111,0
5408,0,5157.2623,5158.1680,5158.4888,0.1626,0
5409,0,5158.3595,5159.0246,5159.3349,0.1148,0
5410,0,5159.1767,5159.8711,5160.1395,0.1131,0
5411,0,5160.0116,5160.9348,5161.3389,0.1118,0
5412,0,5161.0763,5161.8714,5162.1709,0.1086,0
5413,0,5162.0150,5162.7376,5163.0359,0.1121,0
5414,0,5162.8869,5164.0410,5164.3237,0.1125,0
5415,0,5164.1820,5164.8607,5165.1426,0.1108,0
5416,0,5165.0029,5165.6773,5166.0655,0.1149,0
5417,0,5165.8199,5166.8896,5167.1909,0.1139,0
5418,0,5167.0355,5167.7253,5168.0295,0.1145,0
5419,0,5167.8704,5168.5556,5168.9256,0.1175,0
5420,0,5168.6979,5169.7189,5170.0317,0.1181,0
5421,0,5169.8689,5170.5717,5170.8676,0.1102,0
5422,0,5170.7125,5171.4001,5171.7107,0.1106,0
5423,0,5171.5414,5172.6326,5172.9490,0.1183,0
5424,0,5172.7827,5173.4794,5173.7835,0.1127,0
5425,0,5173.6364,5174.3367,5174.6784,0.1046,0
5426,0,5174.4687,5175.4293,5175.7311,0.1112,0
5427,0,5175.5746,5176.2892,5176.7120,0.1114,0
5428,0,5176.4403,5177.2881,5177.8944,0.3959,0
5429,0,5177.7175,5178.4474,5178.7451,0.1113,0
5430,0,5178.5905,5179.2759,5179.5457,0.1135,0
5431,0,5179.4177,5180.2707,5180.7210,0.2586,0
5432,0,5180.5615,5181.2577,5181.5391,0.1099,0
5433,0,5181.3987,5182.0739,5182.3715,0.1110,0
5434,0,5182.2141,5182.9105,5183.4216,0.3036,0
5435,0,5183.2527,5183.9875,5184.2757,0.1107,0
5436,0,5184.1346,5184.8409,5185.1149,0.1122,0
5437,0,5184.9815,5185.6509,5186.1460,0.3065,0
5438,0,5185.9902,5186.7163,5187.0302,0.1169,0
5439,0,5186.8669,5187.5648,5187.8621,0.1107,0
5440,0,5187.7068,5188.3982,5188.9475,0.3635,0
5441,0,5188.7932,5189.4819,5189.7927,0.1137,0
5442,0,5189.6266,5190.3291,5190.6295,0.1110,0
5443,0,5190.4716,5191.1677,5191.7502,0.3827,0
5444,0,5191.5876,5192.2990,5192.6554,0.1089,0
5445,0,5192.4447,5193.2360,5193.5770,0.1099,0
5446,0,5193.3990,5194.4073,5194.6941,0.1169,0
5447,0,5194.5558,5195.2395,5195.5219,0.1104,0
5448,0,5195.3807,5196.0596,5196.3277,0.1111,0
5449,0,5196.1989,5197.0558,5197.5131,0.2625,0
5450,0,5197.3501,5198.0476,5198.3247,0.1163,0
5451,0,5198.1919,5198.8571,5199.1626,0.1146,0
5452,0,5199.0027,5199.9616,5200.2787,0.1173,0
5453,0,5200.1108,5200.8103,5201.1112,0.1108,0
5454,0,5200.9529,5201.6422,5201.9366,0.1097,0
5455,0,5201.7824,5202.7440,5203.0223,0.1093,0
5456,0,5202.8838,5203.5515,5203.8249,0.1057,0
5457,0,5203.6870,5204.3567,5204.6276,0.1122,0
5458,0,5204.4960,5205.4355,5205.7121,0.1147,0
5459,0,5205.5778,5206.2493,5206.6566,0.1148,0
5460,0,5206.3946,5207.1952,5207.5099,0.1231,0
5461,0,5207.3491,5208.3112,5208.6336,0.1146,0
5462,0,5208.4642,5209.1808,5209.4808,0.1109,0
5463,0,5209.3228,5210.0131,5210.3052,0.1098,0
5464,0,5210.1531,5211.1097,5211.3790,0.1132,0
5465,0,5211.2503,5211.9187,5212.2018,0.1169,0
5466,0,5212.0649,5212.7320,5213.0137,0.1120,0
5467,0,5212.8781,5213.7445,5214.1865,0.2722,0
5468,0,5214.0473,5214.7267,5215.0078,0.1089,0
5469,0,5214.8665,5215.5399,5215.8261,0.1115,0
5470,0,5215.6855,5216.6206,5216.9251,0.1172,0
5471,0,5216.7657,5217.4547,5217.7617,0.1142,0
5472,0,5217.6015,5218.2955,5218.5898,0.1093,0
5473,0,5218.4350,5219.3550,5219.7037,0.1648,0
5474,0,5219.5504,5220.2385,5220.5121,0.1123,0
5475,0,5220.3781,5221.0455,5221.3161,0.1132,0
5476,0,5221.1860,5222.1210,5222.4012,0.1140,0
5477,0,5222.2620,5222.9540,5223.2483,0.1099,0
5478,0,5223.0945,5223.8242,5224.1475,0.1174,0
5479,0,5223.9813,5224.9479,5225.2488,0.1125,0
5480,0,5225.0899,5225.7851,5226.0904,0.1172,0
5481,0,5225.9354,5226.6264,5226.9328,0.1158,0
5482,0,5226.7740,5227.7376,5228.0087,0.1147,0
5483,0,5227.8796,5228.5491,5228.8430,0.1073,0
5484,0,5228.6973,5229.4202,5229.6976,0.1114,0
5485,0,5229.5625,5230.7001,5230.9879,0.1183,0
5486,0,5230.8486,5231.5332,5231.8056,0.1111,0
5487,0,5231.6723,5232.3415,5232.7311,0.1206,0
5488,0,5232.4884,5233.5245,5233.8788,0.1606,0
5489,0,5233.7248,5234.4479,5234.7584,0.1088,0
5490,0,5234.5942,5235.3039,5235.5782,0.1070,0
5491,0,5235.4401,5236.4071,5236.7068,0.1135,0
5492,0,5236.5509,5237.2481,5237.5445,0.1116,0
5493,0,5237.3899,5238.0744,5238.3812,0.1096,0
5494,0,5238.2148,5239.1667,5239.7184,0.1151,0
5495,0,5239.3351,5240.2715,5240.5560,0.1125,0
5496,0,5240.4143,5241.1210,5241.4371,0.1134,0
5497,0,5241.2683,5241.9983,5242.3136,0.1155,0
5498,0,5242.1498,5242.8481,5243.1327,0.1145,0
5499,0,5242.9920,5243.6627,5243.9448,0.1081,0
5500,0,5243.8036,5244.7569,5245.0606,0.1150,0
5501,0,5244.9019,5245.5901,5245.8821,0.1108,0
5502,0,5245.7309,5246.4242,5246.7832,0.1009,0
5503,0,5246.5651,5247.5767,5247.8694,0.1137,0
5504,0,5247.7286,5248.4274,5248.7283,0.1160,0
5505,0,5248.5771,5249.2619,5249.5273,0.1058,0
5506,0,5249.3958,5250.3485,5250.6232,0.1139,0
5507,0,5250.4912,5251.1661,5251.4930,0.1103,0
5508,0,5251.3093,5252.0342,5252.3245,0.0986,0
5509,0,5252.1695,5253.0173,5253.3504,0.1199,0
5510,0,5253.1840,5253.9052,5254.2241,0.1123,0
5511,0,5254.0522,5254.7660,5255.0785,0.1075,0
5512,0,5254.9138,5255.8899,5256.1733,0.1147,0
5513,0,5256.0364,5256.7128,5257.0020,0.1125,0
5514,0,5256.8563,5257.5432,5257.8107,0.1039,0
5515,0,5257.6752,5258.6136,5258.9216,0.1177,0
5516,0,5258.7598,5259.4550,5259.7624,0.1101,0
5517,0,5259.5978,5260.2971,5260.6039,0.1076,0
5518,0,5260.4378,5261.3952,5261.7033,0.1167,0
5519,0,5261.5429,5262.2337,5262.5565,0.1095,0
5520,0,5262.3836,5263.1450,5263.4906,0.1045,0
5521,0,5263.3066,5264.3491,5264.6445,0.1097,0
5522,0,5264.4972,5265.1992,5265.5102,0.1125,0
5523,0,5265.3439,5266.0451,5266.3413,0.1034,0
5524,0,5266.1865,5267.0433,5267.4858,0.2578,0
5525,0,5267.3392,5268.0387,5268.3196,0.1163,0
5526,0,5268.1862,5268.8643,5269.1876,0.1126,0
5527,0,5269.0150,5269.8868,5270.2799,0.1117,0
5528,0,5270.0409,5270.8341,5271.1270,0.1141,0
5529,0,5270.9851,5271.6988,5272.2671,0.3905,0
5530,0,5272.1272,5272.8317,5273.1563,0.1200,0
5531,0,5272.9916,5273.6895,5273.9742,0.1163,0
5532,0,5273.8343,5274.5170,5275.0629,0.3808,0
5533,0,5274.9261,5275.5981,5275.8756,0.1100,0
5534,0,5275.7365,5276.4130,5276.6882,0.1115,0
5535,0,5276.5730,5277.2412,5277.7782,0.3743,0
5536,0,5277.6449,5278.3194,5278.6012,0.1115,0
5537,0,5278.4619,5279.1337,5279.4066,0.1131,0
5538,0,5279.2741,5279.9444,5280.4232,0.2971,0
5539,0,5280.2789,5281.0483,5281.3375,0.1119,0
5540,0,5281.1965,5281.8938,5282.1721,0.1089,0
5541,0,5282.0330,5282.7065,5282.9926,0.1063,0
5542,0,5282.8466,5283.6678,5283.9623,0.1147,0
5543,0,5283.8194,5284.4965,5284.7748,0.1139,0
5544,0,5284.6397,5285.3206,5285.6463,0.1102,0
5545,0,5285.4698,5286.3477,5286.6360,0.1118,0
5546,0,5286.4916,5287.2050,5287.4855,0.1119,0
5547,0,5287.3506,5288.0447,5288.3553,0.1082,0
5548,0,5288.1869,5289.1843,5289.4864,0.1164,0
5549,0,5289.3317,5290.0199,5290.3153,0.1102,0
5550,0,5290.1602,5290.8546,5291.1792,0.1121,0
5551,0,5290.9942,5291.9740,5292.2543,0.1153,0
5552,0,5292.1168,5292.7863,5293.0652,0.1131,0
5553,0,5292.9284,5293.6029,5293.9240,0.1100,0
5554,0,5293.7414,5294.7040,5294.9877,0.1171,0
5555,0,5294.8490,5295.5205,5295.8129,0.1137,0
5556,0,5295.6616,5296.3474,5296.7608,0.1099,0
5557,0,5296.4870,5297.5602,5297.8588,0.1090,0
5558,0,5297.7042,5298.4239,5298.7200,0.1146,0
5559,0,5298.5742,5299.2756,5299.6108,0.1654,0
5560,0,5299.4741,5300.3735,5300.6455,0.1141,0
5561,0,5300.5169,5301.1845,5301.4589,0.1132,0
5562,0,5301.3266,5302.0438,5302.3345,0.1092,0
5563,0,5302.1873,5303.0134,5303.3020,0.1100,0
5564,0,5303.1633,5303.8773,5304.1985,0.1139,0
5565,0,5304.0271,5304.7380,5305.0533,0.1109,0
5566,0,5304.8824,5305.8480,5306.1209,0.1153,0
5567,0,5305.9918,5306.6581,5306.9263,0.1122,0
5568,0,5306.7988,5307.4671,5307.7998,0.1068,0
5569,0,5307.6030,5308.6225,5308.9274,0.1126,0
5570,0,5308.7590,5309.4565,5309.7647,0.1179,0
5571,0,5309.6071,5310.2955,5310.6071,0.1086,0
5572,0,5310.4348,5311.3922,5311.6941,0.1124,0
5573,0,5311.5373,5312.2271,5312.5472,0.1159,0
5574,0,5312.3792,5313.1098,5313.5232,0.1020,0
5575,0,5313.2491,5314.4175,5314.7346,0.1115,0
5576,0,5314.5687,5315.2883,5315.5683,0.1151,0
5577,0,5315.4337,5316.1054,5316.3752,0.1114,0
5578,0,5316.2459,5317.0577,5317.4377,0.1274,0
5579,0,5317.2288,5317.9911,5318.2860,0.1118,0
5580,0,5318.1384,5318.8224,5319.1007,0.1063,0
5581,0,5318.9625,5319.8332,5320.1206,0.1141,0
5582,0,5319.9792,5320.6561,5320.9366,0.1156,0
5583,0,5320.8001,5321.4687,5321.7591,0.1004,0
5584,0,5321.6044,5322.4179,5322.7298,0.1120,0
5585,0,5322.5634,5323.2681,5323.5754,0.1137,0
5586,0,5323.4172,5324.1098,5324.4788,0.1158,0
5587,0,5324.2611,5325.2659,5325.5641,0.1116,0
5588,0,5325.4082,5326.0956,5326.3684,0.1120,0
5589,0,5326.2360,5326.9011,5327.2557,0.1139,0
5590,0,5327.0445,5328.0457,5328.3443,0.1144,0
5591,0,5328.1895,5328.8766,5329.1967,0.1147,0
5592,0,5329.0270,5329.7285,5330.1012,0.1119,0
5593,0,5329.8716,5330.8730,5331.1710,0.1094,0
5594,0,5331.0177,5331.7327,5332.0474,0.1156,0
5595,0,5331.8926,5332.6099,5332.9475,0.1610,0
5596,0,5332.8060,5333.6674,5333.9774,0.1153,0
5597,0,5333.8223,5334.5539,5334.8417,0.1084,0
5598,0,5334.6980,5335.3781,5335.7236,0.1793,0
5599,0,5335.5870,5336.3915,5336.6732,0.1210,0
5600,0,5336.5419,5337.2156,5337.4998,0.1150,0
5601,0,5337.3594,5338.0291,5338.3723,0.1109,0
5602,0,5338.1705,5339.1452,5339.4160,0.1140,0
5603,0,5339.2872,5339.9499,5340.2190,0.1121,0
5604,0,5340.0905,5340.7604,5341.0634,0.1108,0
5605,0,5340.8991,5341.8808,5342.1814,0.1135,0
5606,0,5342.0259,5342.7169,5343.0017,0.1119,0
5607,0,5342.8641,5343.5334,5343.8478,0.1070,0
5608,0,5343.6709,5344.6649,5344.9435,0.1175,0
5609,0,5344.8110,5345.4871,5345.7821,0.1126,0
5610,0,5345.6273,5346.3166,5346.6418,0.1134,0
5611,0,5346.4608,5347.7090,5347.9895,0.1158,0
5612,0,5347.8529,5348.5275,5348.8772,0.1179,0
5613,0,5348.6911,5349.5006,5350.0858,0.3916,0
5614,0,5349.9365,5350.6661,5350.9511,0.1131,0
5615,0,5350.8155,5351.4923,5351.7794,0.1134,0
5616,0,5351.6382,5352.3151,5352.8740,0.3640,0
5617,0,5352.7197,5353.4460,5353.7386,0.1139,0
5618,0,5353.5972,5354.2788,5354.5549,0.1131,0
5619,0,5354.4202,5355.0900,5355.6321,0.3760,0
5620,0,5355.4940,5356.1729,5356.4558,0.1136,0
5621,0,5356.3190,5356.9869,5357.2572,0.1110,0
5622,0,5357.1264,5357.8020,5358.3717,0.3738,0
5623,0,5358.2063,5358.9076,5359.1906,0.1159,0
5624,0,5359.0706,5359.7425,5360.0440,0.1114,0
5625,0,5359.8868,5360.5788,5361.1100,0.3734,0
5626,0,5360.9826,5361.6600,5361.9460,0.1135,0
5627,0,5361.8085,5362.4826,5362.7736,0.1119,0
5628,0,5362.6293,5363.3090,5363.7710,0.2927,0
5629,0,5363.6279,5364.3920,5364.7408,0.1095,0
5630,0,5364.5375,5365.2766,5365.5693,0.1097,0
5631,0,5365.4176,5366.1122,5366.4084,0.1123,0
5632,0,5366.2591,5366.9811,5367.3377,0.1769,0
5633,0,5367.1928,5367.8819,5368.1531,0.1119,0
5634,0,5368.0232,5368.6987,5368.9986,0.0981,0
5635,0,5368.8365,5369.8028,5370.1155,0.1208,0
5636,0,5369.9645,5370.6904,5370.9668,0.1116,0
5637,0,5370.8318,5371.5065,5371.8095,0.1401,0
5638,0,5371.6757,5372.4785,5372.7870,0.1140,0
5639,0,5372.6275,5373.3197,5373.6506,0.1160,0
5640,0,5373.4752,5374.2097,5374.5020,0.1117,0
5641,0,5374.3552,5375.3035,5375.5956,0.1130,0
5642,0,5375.4536,5376.1570,5376.4279,0.1121,0
5643,0,5376.2984,5376.9665,5377.2510,0.1104,0
5644,0,5377.1045,5378.0550,5378.3315,0.1100,0
5645,0,5378.1928,5378.8631,5379.1642,0.1122,0
5646,0,5379.0045,5379.7021,5380.1669,0.1092,0
5647,0,5379.8406,5380.9493,5381.2737,0.1198,0
5648,0,5381.1103,5381.8174,5382.1323,0.1109,0
5649,0,5381.9578,5382.6583,5382.9858,0.1166,0
5650,0,5382.8090,5383.7878,5384.0767,0.1175,0
5651,0,5383.9368,5384.6111,5384.8865,0.1134,0
5652,0,5384.7533,5385.4242,5385.7066,0.1235,0
5653,0,5385.5758,5386.3710,5386.6420,0.1133,0
5654,0,5386.5125,5387.1831,5387.4843,0.1109,0
5655,0,5387.3229,5388.0135,5388.3703,0.1133,0
5656,0,5388.1552,5389.1731,5389.4717,0.1141,0
5657,0,5389.3155,5390.0029,5390.3041,0.1082,0
5658,0,5390.1517,5390.8730,5391.1457,0.1079,0
5659,0,5391.0146,5391.9529,5392.2777,0.1240,0
5660,0,5392.1072,5392.8115,5393.1007,0.1146,0
5661,0,5392.9615,5393.6332,5393.9656,0.1086,0
5662,0,5393.7703,5394.6643,5395.0258,0.1722,0
5663,0,5394.8665,5395.5999,5395.9022,0.1126,0
5664,0,5395.7475,5396.4579,5396.7776,0.1085,0
5665,0,5396.6018,5397.7867,5398.1443,0.1212,0
5666,0,5397.9604,5398.7146,5399.0140,0.1145,0
5667,0,5398.8647,5399.5699,5400.1509,0.3808,0
5668,0,5399.9844,5400.6992,5401.0058,0.1126,0
5669,0,5400.8479,5401.5360,5401.8420,0.1108,0
5670,0,5401.6804,5402.3810,5402.8602,0.2760,0
5671,0,5402.6900,5403.3915,5403.7191,0.1194,0
5672,0,5403.5529,5404.2582,5404.5695,0.1150,0
5673,0,5404.4123,5405.1149,5405.5881,0.3019,0
5674,0,5405.4461,5406.1275,5406.4077,0.1127,0
5675,0,5406.2689,5406.9415,5407.2151,0.1144,0
5676,0,5407.0840,5407.7559,5408.0250,0.1117,0
5677,0,5407.8954,5408.7079,5409.0292,0.1166,0
5678,0,5408.8651,5409.5652,5409.8831,0.1153,0
5679,0,5409.7137,5410.4166,5410.7395,0.1338,0
5680,0,5410.5806,5411.5014,5411.8168,0.1076,0
5681,0,5411.6462,5412.3534,5412.6923,0.1163,0
5682,0,5412.5140,5413.2490,5413.5792,0.1066,0
5683,0,5413.3974,5414.3019,5414.6029,0.1159,0
5684,0,5414.4543,5415.1585,5415.4523,0.1134,0
5685,0,5415.3080,5416.0051,5416.2755,0.1109,0
5686,0,5416.1453,5416.9539,5417.2572,0.1131,0
5687,0,5417.0979,5417.7904,5418.0904,0.1108,0
5688,0,5417.9336,5418.6234,5418.9373,0.1094,0
5689,0,5418.7638,5419.7189,5419.9976,0.1136,0
5690,0,5419.8602,5420.5349,5420.8185,0.1171,0
5691,0,5420.6802,5421.3494,5421.6443,0.1118,0
5692,0,5421.4897,5422.4771,5422.7796,0.1129,0
5693,0,5422.6247,5423.3110,5423.6021,0.0983,0
5694,0,5423.4474,5424.1734,5424.5011,0.1067,0
5695,0,5424.3154,5425.3001,5425.5750,0.1154,0
5696,0,5425.4447,5426.1165,5426.4176,0.1120,0
5697,0,5426.2614,5426.9486,5427.3125,0.1129,0
5698,0,5427.1148,5428.0773,5428.4047,0.1662,0
5699,0,5428.2738,5428.9391,5429.2425,0.1126,0
5700,0,5429.0826,5429.7806,5430.1296,0.1222,0
5701,0,5429.9312,5430.9355,5431.2107,0.1145,0
5702,0,5431.0785,5431.7527,5432.0286,0.1112,0
5703,0,5431.8912,5432.5604,5432.8485,0.1082,0
5704,0,5432.7030,5433.6364,5433.9158,0.1131,0
5705,0,5433.7799,5434.4502,5434.7282,0.1159,0
5706,0,5434.5944,5435.2665,5435.5836,0.1108,0
5707,0,5435.4047,5436.4047,5436.7349,0.1143,0
5708,0,5436.5564,5437.3008,5437.5757,0.1117,0
5709,0,5437.4422,5438.1182,5438.3824,0.1002,0
5710,0,5438.2473,5439.1727,5439.4430,0.1142,0
5711,0,5439.3148,5440.0010,5440.3001,0.1106,0
5712,0,5440.1419,5440.8336,5441.1616,0.1066,0
5713,0,5441.0434,5441.9645,5442.2667,0.1144,0
5714,0,5442.1114,5442.7989,5443.1809,0.1171,0
5715,0,5442.9568,5443.7403,5444.0989,0.1554,0
5716,0,5443.9349,5444.8592,5445.1709,0.1160,0
5717,0,5445.0191,5445.7446,5446.0405,0.1102,0
5718,0,5445.8897,5446.5874,5446.8698,0.1029,0
5719,0,5446.7290,5447.5933,5447.9167,0.1191,0
5720,0,5447.7593,5448.4916,5448.8184,0.1083,0
5721,0,5448.6365,5449.3771,5449.7114,0.1039,0
5722,0,5449.5297,5450.4541,5450.8083,0.1194,0
5723,0,5450.6124,5451.4191,5451.7286,0.1146,0
5724,0,5451.5693,5452.2815,5452.8656,0.3805,0
5725,0,5452.6927,5453.4127,5453.7313,0.1176,0
5726,0,5453.5671,5454.2963,5454.6048,0.1148,0
5727,0,5454.4399,5455.4122,5455.7044,0.1143,0
5728,0,5455.5516,5456.2437,5456.5565,0.1118,0
5729,0,5456.3911,5457.1222,5457.4197,0.1139,0
5730,0,5457.2703,5458.2411,5458.5506,0.1162,0
5731,0,5458.3953,5459.1017,5459.4217,0.1157,0
5732,0,5459.2646,5459.9640,5460.2629,0.1123,0
5733,0,5460.1113,5461.0410,5461.3695,0.1622,0
5734,0,5461.2338,5461.9099,5462.1921,0.1125,0
5735,0,5462.0517,5462.7274,5463.0205,0.1135,0
5736,0,5462.8763,5463.7376,5464.1681,0.2575,0
5737,0,5464.0288,5464.7120,5465.0179,0.1125,0
5738,0,5464.8657,5465.5670,5465.8718,0.1114,0
5739,0,5465.7205,5466.7808,5467.0855,0.1143,0
5740,0,5466.9345,5467.6505,5467.9549,0.1185,0
5741,0,5467.8045,5468.4976,5468.8199,0.1111,0
5742,0,5468.6418,5469.6656,5469.9752,0.1142,0
5743,0,5469.8240,5470.5255,5470.8812,0.1758,0
5744,0,5470.7340,5471.4182,5471.6941,0.1048,0
5745,0,5471.5524,5472.5285,5472.8534,0.1179,0
5746,0,5472.6828,5473.3988,5473.7373,0.1189,0
5747,0,5473.5508,5474.2565,5474.5755,0.1110,0
5748,0,5474.4011,5475.3262,5475.6511,0.1192,0
5749,0,5475.4822,5476.1950,5476.5101,0.1108,0
5750,0,5476.3377,5477.0488,5477.4014,0.1655,0
5751,0,5477.2472,5478.1631,5478.4625,0.1128,0
5752,0,5478.3078,5478.9960,5479.2908,0.1105,0
5753,0,5479.1369,5479.8271,5480.2030,0.1735,0
5754,0,5480.0417,5480.9297,5481.2396,0.1102,0
5755,0,5481.0779,5481.7826,5482.0918,0.1144,0
5756,0,5481.9296,5482.6303,5482.9967,0.1509,0
5757,0,5482.8169,5483.6767,5483.9730,0.1188,0
5758,0,5483.8312,5484.5109,5484.7967,0.1157,0
5759,0,5484.6553,5485.3278,5485.5992,0.1046,0
5760,0,5485.4621,5486.3792,5486.6840,0.1140,0
5761,0,5486.5245,5487.2163,5487.5220,0.1139,0
5762,0,5487.3581,5488.0700,5488.3762,0.1077,0
5763,0,5488.2077,5489.1734,5489.4497,0.1139,0
5764,0,5489.3170,5489.9901,5490.2617,0.1121,0
5765,0,5490.1311,5490.7970,5491.1801,0.1151,0
5766,0,5490.9395,5491.9522,5492.2560,0.1193,0
5767,0,5492.1098,5492.7954,5493.0688,0.1132,0
5768,0,5492.9372,5493.6060,5493.9234,0.1102,0
5769,0,5493.7461,5494.8421,5495.1173,0.1137,0
5770,0,5494.9834,5495.6534,5495.9428,0.1085,0
5771,0,5495.7893,5496.4719,5496.8379,0.1041,0
5772,0,5496.6306,5497.5885,5497.8880,0.1130,0
5773,0,5497.7378,5498.4241,5498.6989,0.1093,0
5774,0,5498.5634,5499.2391,5499.5435,0.1089,0
5775,0,5499.3804,5500.2176,5500.4907,0.1139,0
5776,0,5500.3601,5501.0303,5501.3234,0.1089,0
5777,0,5501.1688,5501.8504,5502.1679,0.1125,0
5778,0,5501.9941,5502.9834,5503.3209,0.1187,0
5779,0,5503.1463,5503.8861,5504.1884,0.1145,0
5780,0,5504.0392,5504.7490,5505.0511,0.1097,0
5781,0,5504.8937,5505.8540,5506.1434,0.1141,0
5782,0,5506.0039,5506.7046,5506.9797,0.1121,0
5783,0,5506.8448,5507.5180,5507.8139,0.1090,0
5784,0,5507.6608,5508.6009,5508.9112,0.1205,0
5785,0,5509.1819,5509.7578,5510.1830,0.1191,0
5786,0,5509.9584,5510.9047,5511.3245,0.2319,0
5787,0,5511.1767,5511.8962,5512.1811,0.1137,0
5788,0,5512.0405,5512.7214,5513.0030,0.1113,0
5789,0,5512.8643,5513.7264,5514.0194,0.1110,0
5790,0,5513.8665,5514.5772,5514.8639,0.1132,0
5791,0,5514.7188,5515.3910,5515.6729,0.1146,0
5792,0,5515.5336,5516.2097,5516.7868,0.3876,0
5793,0,5516.6277,5517.3279,5517.6338,0.1146,0
5794,0,5517.4746,5518.1690,5518.4428,0.1148,0
5795,0,5518.3116,5518.9866,5519.5059,0.3499,0
5796,0,5519.3661,5520.0375,5520.3165,0.1142,0
5797,0,5520.1802,5520.8471,5521.1277,0.1158,0
5798,0,5520.9909,5521.6592,5521.9468,0.1075,0
5799,0,5521.7943,5522.5199,5522.9696,0.1255,0
5800,0,5522.6975,5523.5373,5523.8422,0.1144,0
5801,0,5523.6902,5524.3804,5524.6456,0.1042,0
5802,0,5524.5146,5525.3811,5525.6995,0.1129,0
5803,0,5525.5428,5526.2291,5526.4992,0.1112,0
5804,0,5526.3694,5527.0381,5527.3169,0.1001,0
5805,0,5527.1826,5528.1322,5528.4343,0.1121,0
5806,0,5528.2783,5528.9705,5529.2860,0.1116,0
5807,0,5529.1131,5529.8205,5530.1465,0.1062,0
5808,0,5529.9763,5530.9233,5531.2315,0.1118,0
5809,0,5531.0703,5531.7775,5532.0595,0.1151,0
5810,0,5531.9238,5532.6015,5532.9249,0.1516,0
5811,0,5532.7889,5533.5893,5533.8744,0.1156,0
5812,0,5533.7348,5534.4111,5534.6819,0.1130,0
5813,0,5534.5518,5535.2197,5535.5305,0.1126,0
5814,0,5535.3619,5536.3442,5536.6536,0.1157,0
5815,0,5536.4906,5537.1844,5537.4789,0.1112,0
5816,0,5537.3251,5538.0088,5538.4861,0.1116,0
5817,0,5538.1622,5539.1744,5539.4744,0.1183,0
5818,0,5539.3272,5540.0244,5540.3255,0.1116,0
5819,0,5540.1670,5540.8532,5541.1476,0.1086,0
5820,0,5540.9894,5541.9657,5542.2693,0.1164,0
5821,0,5542.1123,5542.7972,5543.0825,0.1123,0
5822,0,5542.9426,5543.6120,5543.9436,0.1090,0
5823,0,5543.7544,5544.8576,5545.1589,0.1142,0
5824,0,5545.0016,5545.6933,5545.9947,0.1122,0
5825,0,5545.8374,5546.5232,5546.8844,0.1390,0
5826,0,5546.7064,5547.6038,5547.9153,0.1121,0
5827,0,5547.7518,5548.4602,5548.8125,0.1221,0
5828,0,5548.6223,5549.3790,5549.6906,0.1014,0
5829,0,5549.5171,5550.3256,5550.6368,0.1186,0
5830,0,5550.4791,5551.1722,5551.4458,0.1144,0
5831,0,5551.3150,5551.9817,5552.2625,0.1090,0
5832,0,5552.1191,5553.0780,5553.4296,0.1243,0
5833,0,5553.2400,5553.9945,5554.4009,0.1131,0
5834,0,5554.1420,5554.9464,5555.2589,0.1141,0
5835,0,5555.0982,5555.8320,5556.1574,0.1153,0
5836,0,5555.9836,5556.7033,5556.9781,0.1122,0
5837,0,5556.8443,5557.5095,5557.8171,0.1096,0
5838,0,5557.6474,5558.6327,5558.9050,0.1133,0
5839,0,5558.7742,5559.4404,5559.7182,0.1132,0
5840,0,5559.5822,5560.2591,5560.5909,0.1122,0
5841,0,5560.4002,5561.5395,5561.8355,0.1115,0
5842,0,5561.6808,5562.3678,5562.6904,0.1177,0
5843,0,5562.5196,5563.2195,5563.5671,0.1125,0
5844,0,5563.3757,5564.3283,5564.6494,0.1069,0
5845,0,5564.4755,5565.1925,5565.4729,0.1167,0
5846,0,5565.3390,5566.0092,5566.3029,0.1049,0
5847,0,5566.1453,5566.9926,5567.2697,0.1157,0
5848,0,5567.1380,5567.8069,5568.1748,0.1134,0
5849,0,5567.9475,5568.7140,5569.0099,0.1040,0
5850,0,5568.8485,5569.8306,5570.2078,0.1211,0
5851,0,5570.0021,5570.7654,5571.0714,0.1161,0
5852,0,5570.9172,5571.6202,5571.9075,0.1146,0
5853,0,5571.7673,5572.5967,5572.8921,0.1148,0
5854,0,5572.7479,5573.4260,5573.7522,0.1161,0
5855,0,5573.5713,5574.2937,5574.6050,0.1092,0
5856,0,5574.4433,5575.2572,5575.5645,0.1144,0
5857,0,5575.4137,5576.1074,5576.3854,0.1132,0
5858,0,5576.2502,5576.9221,5577.2482,0.1067,0
5859,0,5577.0588,5578.0399,5578.5079,0.1701,0
5860,0,5578.2414,5579.1883,5579.5653,0.1242,0
5861,0,5579.3584,5580.3319,5580.7917,0.2653,0
5862,0,5580.6326,5581.3405,5581.6298,0.1111,0
5863,0,5581.4849,5582.1622,5582.4760,0.1145,0
5864,0,5582.3051,5583.2797,5583.5772,0.1132,0
5865,0,5583.4290,5584.1204,5584.4041,0.1079,0
5866,0,5584.2641,5584.9460,5585.2247,0.1131,0
5867,0,5585.0923,5585.7612,5586.2300,0.2872,0
5868,0,5586.0841,5586.7820,5587.0649,0.1116,0
5869,0,5586.9273,5587.5990,5587.8725,0.1110,0
5870,0,5587.7380,5588.4084,5588.9660,0.3703,0
5871,0,5588.8069,5589.5000,5589.8057,0.1116,0
5872,0,5589.6433,5590.3369,5590.6499,0.1109,0
5873,0,5590.4842,5591.1933,5591.7728,0.3877,0
5874,0,5591.6160,5592.3162,5592.6378,0.1179,0
5875,0,5592.4735,5593.1741,5593.4812,0.1099,0
5876,0,5593.3157,5594.0096,5594.4375,0.2565,0
5877,0,5594.2985,5594.9716,5595.2509,0.1156,0
5878,0,5595.1150,5595.7849,5596.0544,0.1113,0
5879,0,5595.9235,5596.5872,5596.8943,0.1047,0
5880,0,5596.7322,5597.6111,5597.9256,0.1101,0
5881,0,5597.7596,5598.4600,5598.7694,0.1122,0
5882,0,5598.6034,5599.3052,5599.6257,0.1283,0
5883,0,5599.4650,5600.3570,5600.6397,0.1129,0
5884,0,5600.5031,5601.1852,5601.5299,0.1754,0
5885,0,5601.3909,5602.1053,5602.4195,0.1277,0
5886,0,5602.2681,5603.0621,5603.3987,0.1119,0
5887,0,5603.2144,5603.9682,5604.2714,0.1103,0
5888,0,5604.1173,5604.8409,5605.1820,0.1605,0
5889,0,5605.0372,5605.8485,5606.1576,0.1174,0
5890,0,5605.9977,5606.6895,5606.9906,0.1098,0
5891,0,5606.8334,5607.5174,5607.8371,0.1095,0
5892,0,5607.6756,5608.5941,5608.9562,0.1597,0
5893,0,5608.7881,5609.5030,5609.8071,0.1177,0
5894,0,5609.6487,5610.3383,5610.6324,0.1061,0
5895,0,5610.4760,5611.4210,5611.6892,0.1127,0
5896,0,5611.5617,5612.2291,5612.5523,0.1120,0
5897,0,5612.3790,5613.1195,5613.5319,0.1080,0
5898,0,5613.2639,5614.3168,5614.6384,0.1134,0
5899,0,5614.4663,5615.1863,5615.4927,0.1116,0
5900,0,5615.3303,5616.0370,5616.3316,0.1057,0
5901,0,5616.1787,5616.9992,5617.4201,0.1128,0
5902,0,5617.1620,5617.9570,5618.2465,0.1115,0
5903,0,5618.0994,5618.7878,5619.0798,0.1105,0
5904,0,5618.9300,5619.7341,5620.0191,0.1171,0
5905,0,5619.8822,5620.5552,5620.8266,0.1117,0
5906,0,5620.6948,5621.3616,5621.7595,0.1106,0
5907,0,5621.4998,5622.5374,5622.8607,0.1205,0
5908,0,5622.6984,5623.3962,5623.7108,0.1171,0
5909,0,5623.5474,5624.2392,5624.5401,0.1075,0
5910,0,5624.3781,5625.2701,5625.6203,0.1632,0
5911,0,5625.4641,5626.1454,5626.4383,0.1095,0
5912,0,5626.2849,5626.9694,5627.2854,0.1134,0
5913,0,5627.1133,5628.0686,5628.3374,0.1136,0
5914,0,5628.2096,5628.8726,5629.1762,0.1134,0
5915,0,5629.0167,5629.7004,5630.0352,0.1112,0
5916,0,5629.8427,5630.6823,5631.1339,0.2665,0
5917,0,5630.9796,5631.6652,5631.9609,0.1098,0
5918,0,5631.8044,5632.4888,5632.8375,0.1141,0
5919,0,5632.6397,5633.6315,5634.0898,0.1231,0
5920,0,5633.8607,5634.6495,5635.0904,0.1097,0
5921,0,5634.8369,5635.6299,5636.2470,0.3831,0
5922,0,5636.1012,5636.8245,5637.1767,0.1104,0
5923,0,5636.9695,5637.7211,5638.0751,0.1133,0
5924,0,5637.8648,5638.8433,5639.2303,0.1110,0
5925,0,5638.9900,5639.7670,5640.0646,0.1172,0
5926,0,5639.9128,5640.6286,5641.1840,0.1128,0
5927,0,5640.7774,5641.9651,5642.3637,0.1625,0
5928,0,5642.1672,5642.9055,5643.2266,0.1117,0
5929,0,5643.0503,5643.7636,5644.0727,0.1248,0
5930,0,5643.9213,5644.8228,5645.1616,0.1471,0
5931,0,5645.0101,5645.7106,5645.9887,0.1078,0
5932,0,5645.8484,5646.5262,5646.9466,0.1392,0
5933,0,5646.7020,5647.7525,5648.0462,0.1125,0
5934,0,5647.8984,5648.5897,5648.8746,0.1126,0
5935,0,5648.7350,5649.4323,5649.7649,0.1141,0
5936,0,5649.5892,5650.4112,5650.7002,0.1116,0
5937,0,5650.5535,5651.2287,5651.5286,0.1123,0
5938,0,5651.3720,5652.0678,5652.4252,0.1581,0
5939,0,5652.2565,5653.0730,5653.3933,0.1164,0
5940,0,5653.2270,5653.9565,5654.2566,0.1139,0
5941,0,5654.1038,5654.7988,5655.0736,0.1127,0
5942,0,5654.9417,5655.8781,5656.1763,0.1129,0
5943,0,5656.0209,5656.7062,5657.0302,0.1170,0
5944,0,5656.8656,5657.5670,5657.8647,0.1103,0
5945,0,5657.7079,5658.6135,5658.9588,0.1619,0
5946,0,5658.8057,5659.4906,5659.7912,0.1109,0
5947,0,5659.6313,5660.3169,5660.6092,0.1062,0
5948,0,5660.4524,5661.4036,5661.7173,0.1143,0
5949,0,5661.5493,5662.2422,5662.5433,0.1129,0
5950,0,5662.3904,5663.1084,5663.4582,0.1081,0
5951,0,5663.2558,5664.3124,5664.7922,0.1269,0
5952,0,5664.4808,5665.3080,5665.6302,0.1164,0
5953,0,5665.4602,5666.1717,5666.7157,0.3789,0
5954,0,5666.5812,5667.2579,5667.5570,0.1106,0
5955,0,5667.3985,5668.0845,5668.3505,0.1114,0
5956,0,5668.2235,5668.8820,5669.1966,0.1104,0
5957,0,5669.0246,5669.8397,5670.1528,0.1166,0
5958,0,5669.9893,5670.6898,5670.9643,0.1115,0
5959,0,5670.8334,5671.4950,5671.7798,0.1024,0
5960,0,5671.6363,5672.6048,5672.9150,0.1155,0
5961,0,5672.7559,5673.4563,5673.8080,0.1188,0
5962,0,5673.6081,5674.3242,5674.6367,0.1216,0
5963,0,5674.4766,5675.3807,5675.6796,0.1122,0
5964,0,5675.5237,5676.2134,5676.5200,0.1090,0
5965,0,5676.3522,5677.0508,5677.3425,0.1081,0
5966,0,5677.1891,5677.9843,5678.3030,0.1202,0
5967,0,5678.1386,5678.8305,5679.1104,0.1125,0
5968,0,5678.9703,5679.6363,5679.9551,0.1110,0
5969,0,5679.7748,5680.6825,5681.1468,0.2520,0
5970,0,5680.9746,5681.6925,5682.0000,0.1101,0
5971,0,5681.8373,5682.5285,5682.8494,0.1166,0
5972,0,5682.6810,5683.6345,5683.9212,0.1141,0
5973,0,5683.7805,5684.4421,5684.7270,0.1145,0
5974,0,5684.5837,5685.2575,5685.6120,0.1117,0
5975,0,5685.3987,5686.2875,5686.6157,0.1688,0
5976,0,5686.4845,5687.1479,5687.4122,0.1105,0
5977,0,5687.2857,5687.9479,5688.2141,0.1117,0
5978,0,5688.0866,5689.1617,5689.4605,0.1137,0
5979,0,5689.3058,5689.9903,5690.2963,0.1140,0
5980,0,5690.1360,5690.8251,5691.1739,0.1150,0
5981,0,5690.9966,5691.9653,5692.2735,0.1162,0
5982,0,5692.1130,5692.8051,5693.1205,0.1153,0
5983,0,5692.9599,5693.6472,5693.9492,0.1118,0
5984,0,5693.7902,5694.7274,5695.0103,0.1163,0
5985,0,5694.8726,5695.5442,5695.8253,0.1123,0
5986,0,5695.6861,5696.3669,5696.7012,0.1121,0
5987,0,5696.5073,5697.3403,5697.7780,0.2658,0
5988,0,5697.6469,5698.3216,5698.5922,0.1106,0
5989,0,5698.4610,5699.1288,5699.4236,0.1094,0
5990,0,5699.2681,5700.2385,5700.6031,0.1637,0
5991,0,5700.4460,5701.1466,5701.4139,0.1064,0
5992,0,5701.2814,5701.9492,5702.2825,0.1064,0
5993,0,5702.0852,5703.0640,5703.3831,0.1091,0
5994,0,5703.2124,5703.9452,5704.2277,0.1119,0
5995,0,5704.0887,5704.7728,5705.0977,0.1538,0
5996,0,5704.9585,5705.8604,5706.1567,0.1152,0
5997,0,5706.0123,5706.6971,5706.9763,0.1143,0
5998,0,5706.8410,5707.5116,5707.8375,0.1107,0
5999,0,5707.6504,5708.6232,5708.9288,0.1141,0
6000,0,5708.7696,5709.4664,5709.7707,0.1127,0
6001,0,5709.6099,5710.3004,5710.6182,0.1107,0
6002,0,5710.4408,5711.4082,5711.7987,0.1115,0
6003,0,5711.5713,5712.3546,5712.7125,0.1431,0
6004,0,5712.5376,5713.2493,5713.5688,0.1170,0
6005,0,5713.4031,5714.3051,5714.7354,0.2445,0
6006,0,5714.5851,5715.2892,5715.5764,0.1065,0
6007,0,5715.4312,5716.1071,5716.3759,0.1137,0
6008,0,5716.2488,5717.0698,5717.3412,0.1125,0
6009,0,5717.2111,5717.8752,5718.1762,0.1094,0
6010,0,5718.0148,5718.7031,5719.0203,0.1062,0
6011,0,5718.8528,5719.6675,5719.9688,0.1129,0
6012,0,5719.8149,5720.5099,5720.8113,0.1096,0
6013,0,5720.6507,5721.3424,5721.7013,0.1113,0
6014,0,5721.4836,5722.4530,5722.8065,0.1604,0
6015,0,5722.6483,5723.3335,5723.6633,0.1115,0
6016,0,5723.4876,5724.2347,5724.5223,0.1100,0
6017,0,5724.3782,5725.3090,5725.6200,0.1137,0
6018,0,5725.4589,5726.1576,5726.4537,0.1110,0
6019,0,5726.2988,5726.9835,5727.2815,0.1131,0
6020,0,5727.1264,5728.1229,5728.5150,0.1801,0
6021,0,5728.3416,5729.1264,5729.4708,0.1769,0
6022,0,5729.3347,5730.0072,5730.4989,0.3117,0
6023,0,5730.3523,5731.0671,5731.3468,0.1129,0
6024,0,5731.2117,5731.8853,5732.2188,0.1191,0
6025,0,5732.0465,5732.7572,5733.0438,0.1123,0
6026,0,5732.9027,5733.7380,5734.0240,0.1115,0
6027,0,5733.8798,5734.5480,5734.8501,0.1127,0
6028,0,5734.6888,5735.3815,5735.7480,0.1710,0
6029,0,5735.5834,5736.3919,5736.6987,0.1178,0
6030,0,5736.5418,5737.2270,5737.5219,0.1109,0
6031,0,5737.3680,5738.0486,5738.3787,0.1079,0
6032,0,5738.1859,5739.1302,5739.4633,0.1648,0
6033,0,5739.3228,5739.9941,5740.2607,0.1114,0
6034,0,5740.1337,5740.7993,5741.1259,0.1122,0
6035,0,5740.9393,5741.9421,5742.2404,0.1126,0
6036,0,5742.0853,5742.7710,5743.0920,0.1188,0
6037,0,5742.9309,5743.6480,5743.9472,0.1075,0
6038,0,5743.7894,5744.6384,5744.9929,0.1658,0
6039,0,5744.8393,5745.6972,5746.0361,0.1500,0
6040,0,5745.8854,5746.6029,5746.9359,0.1156,0
6041,0,5746.7584,5747.6281,5747.9319,0.1106,0
6042,0,5747.7769,5748.4762,5748.7860,0.1013,0
6043,0,5748.6149,5749.3498,5749.6653,0.1087,0
6044,0,5749.4921,5750.3219,5750.6238,0.1128,0
6045,0,5750.4723,5751.1681,5751.4662,0.1105,0
6046,0,5751.3088,5751.9985,5752.3046,0.1139,0
6047,0,5752.1448,5753.0906,5753.4531,0.1193,0
6048,0,5753.2520,5754.0063,5754.3237,0.1134,0
6049,0,5754.1548,5754.8666,5755.2016,0.1410,0
6050,0,5755.0395,5756.0060,5756.3091,0.1125,0
6051,0,5756.1510,5756.8401,5757.1443,0.1115,0
6052,0,5756.9814,5757.6723,5757.9429,0.1071,0
6053,0,5757.8103,5758.6158,5758.9290,0.1139,0
6054,0,5758.7728,5759.4939,5759.7772,0.1067,0
6055,0,5759.6361,5760.3104,5760.5965,0.1105,0
6056,0,5760.4489,5761.4105,5761.7184,0.1140,0
6057,0,5761.5575,5762.2490,5762.5410,0.1284,0
6058,0,5762.4060,5763.2259,5763.7345,0.1423,0
6059,0,5763.4033,5764.4254,5764.7306,0.1144,0
6060,0,5764.5759,5765.2823,5765.5654,0.1128,0
6061,0,5765.4320,5766.1035,5766.4029,0.1116,0
6062,0,5766.2450,5767.0678,5767.3425,0.1115,0
6063,0,5767.2082,5767.8741,5768.1425,0.1107,0
6064,0,5768.0120,5768.6784,5769.0026,0.1141,0
6065,0,5768.8316,5769.6831,5769.9951,0.1185,0
6066,0,5769.8346,5770.5319,5770.8243,0.1103,0
6067,0,5770.6723,5771.3520,5771.7085,0.1088,0
6068,0,5771.4925,5772.4737,5772.8219,0.1621,0
6069,0,5772.6733,5773.3549,5773.6439,0.1123,0
6070,0,5773.5165,5774.1875,5774.5953,0.1055,0
6071,0,5774.3326,5775.3984,5775.6902,0.1134,0
6072,0,5775.5441,5776.2378,5776.5419,0.1128,0
6073,0,5776.3826,5777.0783,5777.4255,0.1541,0
6074,0,5777.2636,5778.1191,5778.4369,0.1178,0
6075,0,5778.2734,5778.9742,5779.2470,0.1070,0
6076,0,5779.1112,5779.7842,5780.1393,0.1126,0
6077,0,5779.9270,5780.9213,5781.2141,0.1091,0
6078,0,5781.0659,5781.8454,5782.2106,0.1774,0
6079,0,5782.0619,5782.7661,5783.0417,0.1150,0
6080,0,5782.9093,5783.7448,5784.0280,0.1122,0
6081,0,5783.8882,5784.5604,5784.8408,0.1116,0
6082,0,5784.7014,5785.3788,5785.6435,0.1032,0
6083,0,5785.5105,5786.3169,5786.6210,0.1211,0
6084,0,5786.4743,5787.1502,5787.4262,0.1122,0
6085,0,5787.2905,5787.9564,5788.2892,0.1114,0
6086,0,5788.0957,5789.0652,5789.4022,0.1637,0
6087,0,5789.2618,5789.9292,5790.2275,0.1109,0
6088,0,5790.0707,5790.7973,5791.1861,0.1116,0
6089,0,5790.9453,5791.9839,5792.3111,0.1060,0
6090,0,5792.1288,5792.8742,5793.1993,0.1124,0
6091,0,5793.0284,5793.7323,5794.0950,0.1639,0
6092,0,5793.9304,5794.7468,5795.0961,0.1149,0
6093,0,5794.8924,5795.6282,5796.0182,0.1981,0
6094,0,5795.8541,5796.5511,5796.8882,0.1251,0
6095,0,5796.7261,5797.6169,5797.9264,0.1113,0
6096,0,5797.7661,5798.4694,5798.8738,0.1188,0
6097,0,5798.6271,5799.3967,5799.7780,0.1768,0
6098,0,5799.6148,5800.4756,5800.7833,0.1157,0
6099,0,5800.6293,5801.3486,5801.6389,0.1126,0
6100,0,5801.4957,5802.1912,5802.5287,0.1136,0
6101,0,5802.3400,5803.1707,5803.5261,0.1168,0
6102,0,5803.3435,5804.0973,5804.4477,0.1191,0
6103,0,5804.2564,5805.0080,5805.5537,0.3408,0
6104,0,5805.3905,5806.1090,5806.4578,0.1296,0
6105,0,5806.2768,5806.9875,5807.3100,0.1174,0
6106,0,5807.1399,5807.8549,5808.4135,0.3784,0
6107,0,5808.2641,5808.9492,5809.2446,0.1148,0
6108,0,5809.0975,5809.7883,5810.0908,0.1138,0
6109,0,5809.9400,5810.6335,5811.1808,0.3795,0
6110,0,5811.0447,5811.7365,5812.1032,0.1113,0
6111,0,5811.8812,5812.6334,5813.0127,0.1971,0
6112,0,5812.8652,5813.7610,5814.2064,0.2579,0
6113,0,5814.0505,5814.7422,5815.0146,0.1118,0
6114,0,5814.8828,5815.6082,5815.9588,0.1833,0
6115,0,5815.8199,5816.7654,5817.0727,0.1174,0
6116,0,5816.9134,5817.6020,5817.9044,0.1125,0
6117,0,5817.7451,5818.4337,5818.7331,0.1098,0
6118,0,5818.5736,5819.5621,5819.8555,0.1095,0
6119,0,5819.7015,5820.3829,5820.6840,0.1124,0
6120,0,5820.5262,5821.2074,5821.5048,0.1152,0
6121,0,5821.3524,5822.3215,5822.6619,0.1216,0
6122,0,5822.4870,5823.2000,5823.5183,0.1111,0
6123,0,5823.3493,5824.0420,5824.4090,0.1128,0
6124,0,5824.1891,5825.2326,5825.5413,0.1174,0
6125,0,5825.3818,5826.0697,5826.3493,0.1107,0
6126,0,5826.2101,5826.8821,5827.1914,0.1120,0
6127,0,5827.0215,5828.0121,5828.3687,0.1212,0
6128,0,5828.1671,5828.9392,5829.2864,0.1535,0
6129,0,5829.1322,5829.8289,5830.1981,0.1596,0
6130,0,5830.0311,5831.0215,5831.3157,0.1106,0
6131,0,5831.1709,5831.8593,5832.1918,0.1168,0
6132,0,5832.0182,5832.7369,5833.0295,0.1120,0
6133,0,5832.8817,5833.6779,5833.9644,0.1141,0
6134,0,5833.8240,5834.4992,5834.7776,0.1130,0
6135,0,5834.6400,5835.3086,5835.5962,0.1095,0
6136,0,5835.4455,5836.3483,5836.7022,0.1661,0
6137,0,5836.5446,5837.2326,5837.6974,0.1134,0
6138,0,5837.3929,5838.2208,5838.5812,0.1425,0
6139,0,5838.4060,5839.2321,5839.5525,0.1170,0
6140,0,5839.3865,5840.0961,5840.3946,0.1089,0
6141,0,5840.2367,5840.9312,5841.2278,0.1053,0
6142,0,5841.0717,5841.8796,5842.1902,0.1170,0
6143,0,5842.0320,5842.7200,5843.0051,0.1124,0
6144,0,5842.8664,5843.5390,5843.8599,0.1109,0
6145,0,5843.6789,5844.6681,5844.9689,0.1132,0
6146,0,5844.8123,5845.4980,5845.8077,0.1138,0
6147,0,5845.6434,5846.3501,5846.7153,0.1165,0
6148,0,5846.4983,5847.6520,5848.0296,0.2040,0
6149,0,5847.8891,5848.5732,5848.9153,0.1192,0
6150,0,5848.7272,5849.4516,5849.7576,0.1123,0
6151,0,5849.5976,5850.4018,5850.7117,0.1176,0
6152,0,5850.5512,5851.2431,5851.5392,0.1102,0
6153,0,5851.3838,5852.0669,5852.3837,0.1600,0
6154,0,5852.2552,5853.2194,5853.6012,0.1657,0
6155,0,5853.4288,5854.1327,5854.4239,0.1128,0
6156,0,5854.2761,5854.9555,5855.2589,0.1151,0
6157,0,5855.1006,5855.9124,5856.2152,0.1122,0
6158,0,5856.0546,5856.7427,5857.0447,0.1101,0
6159,0,5856.8998,5857.5815,5857.8684,0.1061,0
6160,0,5857.7176,5858.6691,5858.9494,0.1202,0
6161,0,5858.8185,5859.4782,5859.7433,0.1099,0
6162,0,5859.6158,5860.2817,5860.6041,0.1090,0
6163,0,5860.4178,5861.3849,5861.6684,0.1137,0
6164,0,5861.5282,5862.3431,5862.6382,0.1134,0
6165,0,5862.4885,5863.1695,5863.5540,0.1650,0
6166,0,5863.3756,5864.2878,5864.6697,0.1826,0
6167,0,5864.5131,5865.2196,5865.5028,0.1140,0
6168,0,5865.3628,5866.0339,5866.2954,0.1011,0
6169,0,5866.1640,5866.9286,5867.2524,0.1629,0
6170,0,5867.1209,5867.7884,5868.1505,0.1116,0
6171,0,5867.9273,5868.6925,5868.9852,0.1103,0
6172,0,5868.8364,5869.6755,5869.9647,0.1135,0
6173,0,5869.8251,5870.5115,5870.8076,0.1111,0
6174,0,5870.6564,5871.3439,5871.7040,0.1108,0
6175,0,5871.4869,5872.4959,5872.8330,0.1233,0
6176,0,5872.6621,5873.3592,5873.6788,0.1181,0
6177,0,5873.5142,5874.2131,5874.5279,0.1114,0
6178,0,5874.3544,5875.3122,5875.6351,0.1228,0
6179,0,5875.4707,5876.1610,5876.4637,0.1123,0
6180,0,5876.3036,5876.9956,5877.2763,0.1035,0
6181,0,5877.1267,5878.0580,5878.3777,0.1155,0
6182,0,5878.2183,5879.0566,5879.3998,0.1511,0
6183,0,5879.2478,5879.9660,5880.4472,0.3005,0
6184,0,5880.3000,5881.0755,5881.3512,0.1109,0
6185,0,5881.2173,5881.8827,5882.1615,0.1119,0
6186,0,5882.0229,5882.6923,5882.9992,0.1129,0
6187,0,5882.8354,5883.6583,5883.9650,0.1160,0
6188,0,5883.8213,5884.4991,5884.7715,0.1131,0
6189,0,5884.6404,5885.3045,5885.6016,0.1089,0
6190,0,5885.4412,5886.4072,5886.6774,0.1133,0
6191,0,5886.5483,5887.2121,5887.5107,0.1105,0
6192,0,5887.3544,5888.0431,5888.3892,0.1096,0
6193,0,5888.1824,5889.1698,5889.4861,0.1115,0
6194,0,5889.3112,5890.0063,5890.3012,0.1099,0
6195,0,5890.1465,5890.8280,5891.1718,0.1089,0
6196,0,5890.9706,5891.9565,5892.2278,0.1151,0
6197,0,5892.0999,5892.7620,5893.0775,0.1165,0
6198,0,5892.9179,5893.6068,5893.9343,0.1118,0
6199,0,5893.7488,5894.7474,5895.3002,0.1164,0
6200,0,5894.8912,5895.7860,5896.1649,0.2074,0
6201,0,5896.0219,5896.6966,5897.1287,0.2544,0
6202,0,5896.9856,5897.8303,5898.1278,0.1089,0
6203,0,5897.9750,5898.6893,5899.0088,0.1063,0
6204,0,5898.8235,5899.5403,5900.0010,0.2784,0
6205,0,5899.8555,5900.5487,5900.8433,0.1130,0
6206,0,5900.6952,5901.3761,5901.6502,0.1128,0
6207,0,5901.5174,5902.1904,5902.4838,0.1131,0
6208,0,5902.3427,5903.1698,5903.4972,0.1122,0
6209,0,5903.3319,5904.0580,5904.3520,0.1101,0
6210,0,5904.2031,5904.9054,5905.2200,0.1065,0
6211,0,5905.0539,5905.8536,5906.1644,0.1122,0
6212,0,5906.0029,5906.7093,5907.0202,0.1098,0
6213,0,5906.8567,5907.5681,5907.8650,0.1073,0
6214,0,5907.7087,5908.6276,5908.9553,0.1184,0
6215,0,5908.7870,5909.4872,5909.7947,0.1139,0
6216,0,5909.6316,5910.3232,5910.6260,0.1087,0
6217,0,5910.4622,5911.4087,5911.7036,0.1144,0
6218,0,5911.5613,5912.2780,5912.5953,0.1153,0
6219,0,5912.4333,5913.2427,5913.8655,0.4139,0
6220,0,5913.6956,5914.4745,5914.7706,0.1125,0
6221,0,5914.6198,5915.3005,5915.5905,0.1099,0
6222,0,5915.4435,5916.1319,5916.4265,0.1106,0
6223,0,5916.2735,5917.0262,5917.3298,0.1154,0
6224,0,5917.1726,5917.8594,5918.1564,0.1109,0
6225,0,5918.0001,5918.6795,5918.9584,0.1155,0
6226,0,5918.8242,5919.7420,5920.0146,0.1152,0
6227,0,5919.8848,5920.5486,5920.8171,0.1109,0
6228,0,5920.6881,5921.3512,5921.6797,0.1119,0
6229,0,5921.4906,5922.4953,5922.8196,0.1188,0
6230,0,5922.6559,5923.3449,5923.6607,0.1123,0
6231,0,5923.4944,5924.1779,5924.5014,0.1067,0
6232,0,5924.3174,5925.2914,5925.5893,0.1126,0
6233,0,5925.4348,5926.1181,5926.4085,0.1088,0
6234,0,5926.2568,5926.9432,5927.2736,0.1073,0
6235,0,5927.0805,5928.0521,5928.3275,0.1015,0
6236,0,5928.1835,5928.9185,5929.2298,0.1215,0
6237,0,5929.0784,5929.7735,5930.0538,0.1047,0
6238,0,5929.9080,5930.7156,5931.3436,0.3921,0
6239,0,5931.1403,5931.9598,5932.3643,0.1766,0
6240,0,5932.1785,5932.9214,5933.4051,0.2751,0
6241,0,5933.2333,5933.9529,5934.2522,0.1117,0
6242,0,5934.0993,5934.7953,5935.0810,0.1098,0
6243,0,5934.9370,5935.6135,5936.1948,0.3686,0
6244,0,5936.0210,5936.7600,5937.0594,0.1128,0
6245,0,5936.9020,5937.5941,5937.9053,0.1117,0
6246,0,5937.7398,5938.4442,5938.8818,0.2770,0
6247,0,5938.7520,5939.4157,5939.7009,0.1134,0
6248,0,5939.5749,5940.2380,5940.5116,0.1117,0
6249,0,5940.3793,5941.0414,5941.2997,0.1018,0
6250,0,5941.1721,5941.9935,5942.2945,0.1129,0
6251,0,5942.1381,5942.8236,5943.1359,0.1170,0
6252,0,5942.9783,5943.6614,5943.9666,0.1099,0
6253,0,5943.8026,5944.7482,5945.0291,0.1150,0
6254,0,5944.8912,5945.5642,5945.9796,0.1190,0
6255,0,5945.7154,5946.6305,5947.2170,0.3905,0
6256,0,5947.0563,5947.8274,5948.1154,0.1136,0
6257,0,5947.9755,5948.6621,5948.9477,0.1102,0
6258,0,5948.8019,5949.4798,5950.0442,0.3665,0
6259,0,5949.8763,5950.5750,5950.8592,0.1180,0
6260,0,5950.7230,5951.3922,5951.6747,0.1130,0
6261,0,5951.5365,5952.1991,5952.5172,0.1113,0
6262,0,5952.3529,5953.1724,5953.5219,0.1108,0
6263,0,5953.3280,5954.0771,5954.3743,0.1147,0
6264,0,5954.2282,5954.9418,5955.2314,0.1110,0
6265,0,5955.0881,5955.8882,5956.1722,0.1180,0
6266,0,5956.0361,5956.7037,5957.0246,0.1153,0
6267,0,5956.8580,5957.5530,5957.8597,0.1106,0
6268,0,5957.6955,5958.6381,5958.9174,0.1174,0
6269,0,5958.7870,5959.4474,5959.7258,0.1133,0
6270,0,5959.5882,5960.2574,5960.5522,0.1106,0
6271,0,5960.3957,5961.3671,5961.7066,0.1215,0
6272,0,5961.5268,5962.3000,5962.6158,0.1164,0
6273,0,5962.4490,5963.1448,5963.5220,0.1100,0
6274,0,5963.2928,5964.2930,5964.6241,0.1122,0
6275,0,5964.4434,5965.1575,5965.4489,0.1150,0
6276,0,5965.3047,5965.9818,5966.3001,0.1441,0
6277,0,5966.1548,5967.0506,5967.3294,0.1141,0
6278,0,5967.1963,5967.8709,5968.1697,0.1087,0
6279,0,5968.0090,5968.6957,5968.9740,0.1099,0
6280,0,5968.8340,5969.7585,5970.0497,0.1196,0
6281,0,5969.9115,5970.5776,5970.8457,0.1113,0
6282,0,5970.7176,5971.3808,5971.7039,0.1120,0
6283,0,5971.5201,5972.4967,5972.8184,0.1191,0
6284,0,5972.6556,5973.3474,5973.6929,0.1166,0
6285,0,5973.5037,5974.2543,5974.5821,0.1048,0
6286,0,5974.4028,5975.2567,5975.5491,0.1165,0
6287,0,5975.4042,5976.0774,5976.3747,0.1100,0
6288,0,5976.2180,5976.9059,5977.2639,0.1110,0
6289,0,5977.0472,5978.1048,5978.4231,0.1195,0
6290,0,5978.2594,5978.9617,5979.2714,0.1120,0
6291,0,5979.1045,5979.8031,5980.1254,0.1034,0
6292,0,5979.9351,5980.9080,5981.2046,0.1095,0
6293,0,5981.0493,5981.7383,5982.0174,0.1139,0
6294,0,5981.8823,5982.5749,5982.9584,0.1940,0
6295,0,5982.8021,5983.7480,5984.0509,0.1138,0
6296,0,5983.8979,5984.5945,5984.9036,0.1146,0
6297,0,5984.7392,5985.4340,5985.7559,0.1346,0
6298,0,5985.5981,5986.4175,5986.7007,0.1161,0
6299,0,5986.5680,5987.2330,5987.5129,0.1111,0
6300,0,5987.3730,5988.0401,5988.3662,0.1109,0
6301,0,5988.1783,5989.1557,5989.4608,0.1163,0
6302,0,5989.3096,5990.0290,5990.3121,0.1137,0
6303,0,5990.1770,5990.8651,5991.1493,0.1109,0
6304,0,5991.0040,5991.9732,5992.2877,0.1188,0
6305,0,5992.1242,5992.8119,5993.1089,0.1131,0
6306,0,5992.9617,5993.6512,5993.9551,0.1093,0
6307,0,5993.7895,5994.7471,5995.2154,0.1191,0
6308,0,5994.8992,5995.7385,5996.1310,0.2158,0
6309,0,5995.9843,5996.6593,5997.1418,0.3015,0
6310,0,5996.9939,5997.7036,5997.9938,0.1125,0
6311,0,5997.8516,5998.5526,5998.9362,0.2148,0
6312,0,5998.7975,5999.4722,5999.7504,0.1138,0
6313,0,5999.6152,6000.4163,6000.7252,0.1106,0
6314,0,6000.5681,6001.2881,6001.5746,0.1135,0
6315,0,6001.4353,6002.1225,6002.4124,0.1123,0
6316,0,6002.2636,6003.0680,6003.4082,0.1086,0
6317,0,6003.2162,6003.9669,6004.2738,0.1071,0
6318,0,6004.1105,6004.8153,6005.0897,0.1047,0
6319,0,6004.9498,6005.8755,6006.1570,0.1169,0
6320,0,6006.0226,6006.6939,6006.9683,0.1161,0
6321,0,6006.8384,6007.5015,6007.8383,0.1105,0
6322,0,6007.6396,6008.6347,6008.9342,0.1174,0
6323,0,6009.4203,6010.0413,6010.4701,0.1074,0
6324,0,6010.2928,6011.4094,6011.7172,0.1128,0
6325,0,6011.5604,6012.2749,6012.5654,0.1106,0
6326,0,6012.4204,6013.1201,6013.4973,0.1097,0
6327,0,6013.2741,6014.5345,6014.9016,0.1811,0
6328,0,6014.7505,6015.4477,6015.7319,0.1152,0
6329,0,6015.5934,6016.2859,6016.7863,0.1883,0
6330,0,6016.5207,6017.2901,6017.6593,0.1836,0
6331,0,6017.5087,6018.2056,6018.4987,0.1164,0
6332,0,6018.3519,6019.0267,6019.5356,0.3451,0
6333,0,6019.4002,6020.0676,6020.3941,0.1191,0
6334,0,6020.2227,6020.9200,6021.2195,0.1123,0
6335,0,6021.0632,6021.7513,6022.3177,0.3891,0
6336,0,6022.1691,6022.8541,6023.1501,0.1126,0
6337,0,6023.0171,6023.6788,6023.9502,0.1095,0
6338,0,6023.8181,6024.5283,6025.1248,0.3839,0
6339,0,6024.9501,6025.6616,6025.9404,0.1103,0
6340,0,6025.8047,6026.4740,6026.7677,0.1132,0
6341,0,6026.6188,6027.2988,6027.9070,0.3792,0
6342,0,6027.7173,6028.4744,6028.9474,0.1833,0
6343,0,6028.7067,6029.5587,6029.8680,0.1173,0
6344,0,6029.7134,6030.8339,6031.2658,0.2393,0
6345,0,6031.1156,6031.8091,6032.0960,0.1105,0
6346,0,6031.9545,6032.6510,6032.9624,0.1298,0
6347,0,6032.8156,6033.6011,6033.9041,0.1134,0
6348,0,6033.7484,6034.4319,6034.7001,0.1068,0
6349,0,6034.5671,6035.2335,6035.5272,0.1143,0
6350,0,6035.3761,6036.3556,6036.6574,0.1094,0
6351,0,6036.5035,6037.1944,6037.4727,0.1123,0
6352,0,6037.3362,6038.0063,6038.3306,0.1119,0
6353,0,6038.1466,6039.1542,6039.4749,0.1147,0
6354,0,6039.3042,6040.0159,6040.2903,0.1132,0
6355,0,6040.1588,6040.8240,6041.1551,0.1104,0
6356,0,6040.9622,6041.9716,6042.2688,0.1120,0
6357,0,6042.1139,6042.7950,6043.1010,0.1126,0
6358,0,6042.9370,6043.6211,6043.9576,0.1131,0
6359,0,6043.7667,6044.7332,6045.0803,0.1204,0
6360,0,6044.8982,6045.6201,6046.0039,0.2044,0
6361,0,6045.8566,6046.5464,6046.8768,0.1353,0
6362,0,6046.7247,6047.7445,6048.0370,0.1120,0
6363,0,6047.8952,6048.5769,6048.9670,0.1313,0
6364,0,6048.7448,6049.5249,6050.0777,0.3661,0
6365,0,6049.9269,6050.6212,6050.9021,0.1149,0
6366,0,6050.7662,6051.4329,6051.7193,0.1116,0
6367,0,6051.5789,6052.2482,6052.6075,0.1129,0
6368,0,6052.3996,6053.2083,6053.5106,0.1132,0
6369,0,6053.3643,6054.0505,6054.3623,0.1135,0
6370,0,6054.1967,6054.8941,6055.3800,0.1321,0
6371,0,6055.0647,6055.9849,6056.3367,0.1298,0
6372,0,6056.1571,6056.8766,6057.2076,0.1130,0
6373,0,6057.0312,6057.7619,6058.0355,0.1113,0
6374,0,6057.9029,6058.7151,6058.9959,0.1135,0
6375,0,6058.8624,6059.5313,6059.8232,0.1127,0
6376,0,6059.6726,6060.3559,6060.6667,0.1096,0
6377,0,6060.4975,6061.4411,6061.7478,0.1209,0
6378,0,6061.5934,6062.2845,6062.7217,0.1222,0
6379,0,6062.4578,6063.2900,6064.0563,0.5278,0
6380,0,6063.8630,6064.6060,6064.9298,0.1127,0
6381,0,6064.7543,6065.4612,6065.8269,0.1314,0
6382,0,6065.6261,6066.6241,6066.9443,0.1171,0
6383,0,6066.7785,6067.4725,6067.7769,0.1105,0
6384,0,6067.6130,6068.3087,6068.6099,0.1110,0
6385,0,6068.4504,6069.4052,6069.7100,0.1131,0
6386,0,6069.5498,6070.2465,6070.6764,0.1119,0
6387,0,6070.3866,6071.2223,6071.5284,0.1148,0
6388,0,6071.3678,6072.3325,6072.6637,0.1195,0
6389,0,6072.4948,6073.1937,6073.5572,0.1171,0
6390,0,6073.3503,6074.0725,6074.4141,0.1184,0
6391,0,6074.2304,6075.2245,6075.5137,0.1132,0
6392,0,6075.3717,6076.0421,6076.3382,0.1109,0
6393,0,6076.1826,6076.8646,6077.1922,0.1148,0
6394,0,6077.0139,6078.0004,6078.3174,0.1197,0
6395,0,6078.1518,6078.8401,6079.1391,0.1105,0
6396,0,6078.9814,6079.6667,6079.9782,0.1117,0
6397,0,6079.8082,6080.6870,6081.0777,0.2248,0
6398,0,6080.9422,6081.6093,6081.8807,0.1109,0
6399,0,6081.7487,6082.4071,6082.7647,0.1179,0
6400,0,6082.5564,6083.5761,6083.8920,0.1145,0
6401,0,6083.7223,6084.4145,6084.7618,0.1233,0
6402,0,6084.5765,6085.2973,6085.6340,0.1155,0
6403,0,6085.4437,6086.4148,6086.7456,0.1192,0
6404,0,6086.5753,6087.2785,6087.5754,0.1119,0
6405,0,6087.4205,6088.1019,6088.4006,0.1084,0
6406,0,6088.2409,6089.1834,6089.4772,0.1121,0
6407,0,6089.3249,6090.0176,6090.3213,0.1122,0
6408,0,6090.1611,6090.8440,6091.1590,0.1133,0
6409,0,6090.9845,6091.9350,6092.2086,0.1149,0
6410,0,6092.0769,6092.7418,6093.0102,0.1116,0
6411,0,6092.8803,6093.5416,6093.8646,0.1125,0
6412,0,6093.6816,6094.6888,6094.9618,0.1144,0
6413,0,6094.8310,6095.4927,6095.7894,0.1126,0
6414,0,6095.6400,6096.4165,6096.8500,0.2130,0
6415,0,6096.6811,6097.7554,6098.0508,0.1130,0
6416,0,6097.9023,6098.5926,6098.9104,0.1141,0
6417,0,6098.7426,6099.4618,6099.7685,0.1120,0
6418,0,6099.6087,6100.3389,6100.6382,0.1107,0
6419,0,6100.4801,6101.1638,6101.4342,0.1123,0
6420,0,6101.3040,6101.9681,6102.2661,0.1089,0
6421,0,6102.1044,6103.0875,6103.4591,0.1159,0
6422,0,6103.2434,6104.0228,6104.3162,0.1135,0
6423,0,6104.1699,6104.8521,6105.2023,0.1585,0
6424,0,6105.0433,6105.8535,6106.1568,0.1137,0
6425,0,6105.9987,6106.6859,6106.9789,0.1097,0
6426,0,6106.8266,6107.5111,6107.8220,0.1103,0
6427,0,6107.6705,6108.6446,6108.9669,0.1201,0
6428,0,6108.7998,6109.4970,6109.8027,0.1142,0
6429,0,6109.6420,6110.3310,6110.6243,0.1069,0
6430,0,6110.4676,6111.4150,6111.7219,0.1156,0
6431,0,6111.5690,6112.3372,6112.7211,0.1790,0
6432,0,6112.5550,6113.2791,6113.6532,0.1159,0
6433,0,6113.4263,6114.4392,6114.7560,0.1123,0
6434,0,6114.5898,6115.3186,6115.6147,0.1048,0
6435,0,6115.4638,6116.1832,6116.7491,0.3729,0
6436,0,6116.5873,6117.2827,6117.5590,0.1135,0
6437,0,6117.4251,6118.0914,6118.3668,0.1104,0
6438,0,6118.2303,6118.9162,6119.2040,0.1102,0
6439,0,6119.0591,6119.7856,6120.0642,0.1136,0
6440,0,6119.9295,6120.5978,6120.9003,0.1127,0
6441,0,6120.7382,6121.4246,6121.7379,0.1094,0
6442,0,6121.5689,6122.5283,6122.8293,0.1178,0
6443,0,6122.6867,6123.3605,6123.6344,0.1075,0
6444,0,6123.5005,6124.1649,6124.5124,0.1114,0
6445,0,6124.3114,6125.3372,6125.6245,0.1141,0
6446,0,6125.4837,6126.1648,6126.4715,0.1108,0
6447,0,6126.3084,6127.0081,6127.3070,0.1066,0
6448,0,6127.1480,6128.1030,6128.4073,0.1146,0
6449,0,6128.2506,6128.9665,6129.2758,0.1150,0
6450,0,6129.1148,6129.8084,6130.1638,0.1079,0
6451,0,6129.9478,6130.9478,6131.2568,0.1173,0
6452,0,6131.0972,6131.8658,6132.2332,0.1838,0
6453,0,6132.0878,6132.7879,6133.0679,0.1115,0
6454,0,6132.9316,6133.8083,6134.0961,0.1126,0
6455,0,6133.9516,6134.6254,6135.0044,0.1146,0
6456,0,6134.7802,6135.5465,6135.9604,0.1136,0
6457,0,6135.7499,6136.4970,6136.8801,0.1117,0
6458,0,6136.6769,6137.4195,6137.8072,0.1150,0
6459,0,6137.6090,6138.3385,6138.6707,0.1111,0
6460,0,6138.4831,6139.2816,6139.6057,0.1145,0
6461,0,6139.4325,6140.1569,6140.5590,0.1137,0
6462,0,6140.3026,6141.0940,6141.3662,0.1035,0
6463,0,6141.2255,6142.0250,6142.3996,0.1662,0
6464,0,6142.2231,6142.9443,6143.4498,0.1128,0
6465,0,6143.0892,6143.9906,6144.3110,0.1141,0
6466,0,6144.1323,6144.9397,6145.3337,0.1963,0
6467,0,6145.1657,6145.8622,6146.1568,0.1096,0
6468,0,6146.0023,6146.6964,6147.2102,0.2551,0
6469,0,6146.9816,6147.9393,6148.3007,0.1832,0
6470,0,6148.1547,6148.8281,6149.1117,0.1086,0
6471,0,6148.9675,6149.6398,6149.9461,0.1120,0
6472,0,6149.7928,6150.6002,6150.9073,0.1150,0
6473,0,6150.7577,6151.4473,6151.7292,0.1142,0
6474,0,6151.5914,6152.2836,6152.5601,0.1060,0
6475,0,6152.4225,6153.1605,6153.4691,0.1126,0
6476,0,6153.3136,6154.0059,6154.2962,0.1153,0
6477,0,6154.1554,6154.8467,6155.1876,0.1702,0
6478,0,6155.0480,6155.8393,6156.1415,0.1117,0
6479,0,6155.9837,6156.6655,6156.9677,0.1097,0
6480,0,6156.8069,6157.4942,6157.8421,0.1109,0
6481,0,6157.6352,6158.6225,6158.9202,0.1140,0
6482,0,6158.7660,6159.4539,6159.7576,0.1126,0
6483,0,6159.5969,6160.2816,6160.6150,0.1129,0
6484,0,6160.4241,6161.3926,6161.8360,0.2030,0
6485,0,6161.6316,6162.4610,6162.8323,0.1709,0
6486,0,6162.6658,6163.3655,6164.0895,0.5211,0
6487,0,6163.9214,6164.6278,6164.9470,0.1164,0
6488,0,6164.7769,6165.4954,6165.8123,0.1175,0
6489,0,6165.6516,6166.6099,6166.9157,0.1141,0
6490,0,6166.7525,6167.4468,6167.7449,0.1115,0
6491,0,6167.5882,6168.2691,6168.5683,0.1129,0
6492,0,6168.4122,6169.3689,6169.6964,0.1183,0
6493,0,6169.5267,6170.2281,6170.5357,0.1147,0
6494,0,6170.3733,6171.0642,6171.3637,0.1114,0
6495,0,6171.2064,6172.1640,6172.4607,0.1108,0
6496,0,6172.3046,6172.9911,6173.3126,0.1119,0
6497,0,6173.1435,6173.8740,6174.1715,0.1148,0
6498,0,6174.0226,6174.9805,6175.2560,0.1149,0
6499,0,6175.1256,6175.7907,6176.0689,0.1104,0
6500,0,6175.9300,6176.5981,6176.8975,0.1120,0
6501,0,6176.7376,6177.6902,6178.0007,0.1118,0
6502,0,6177.8325,6178.5262,6178.8955,0.1909,0
6503,0,6178.7498,6179.4329,6179.7486,0.1178,0
6504,0,6179.5827,6180.4743,6180.8986,0.2173,0
6505,0,6180.7295,6181.4440,6181.7799,0.1106,0
6506,0,6181.5874,6182.3390,6182.7549,0.1837,0
6507,0,6182.5596,6183.5886,6183.8792,0.1050,0
6508,0,6183.7257,6184.4113,6184.6847,0.1117,0
6509,0,6184.5519,6185.2133,6185.5193,0.1121,0
6510,0,6185.3531,6186.3354,6186.6065,0.1139,0
6511,0,6186.4764,6187.1341,6187.4874,0.1849,0
6512,0,6187.3505,6188.0325,6188.3766,0.1126,0
6513,0,6188.1729,6189.1894,6189.4926,0.1109,0
6514,0,6189.3336,6190.0589,6190.3766,0.1121,0
6515,0,6190.2051,6190.9065,6191.1908,0.1133,0
6516,0,6191.0687,6192.0016,6192.3173,0.1146,0
6517,0,6192.1484,6192.8355,6193.1424,0.1218,0
6518,0,6192.9873,6193.6713,6193.9503,0.1103,0
6519,0,6193.8116,6194.7281,6195.0151,0.1173,0
6520,0,6194.8754,6195.5583,6195.8461,0.1133,0
6521,0,6195.7046,6196.3786,6196.7571,0.1115,0
6522,0,6196.5242,6197.5421,6197.8369,0.1084,0
6523,0,6197.6864,6198.4011,6198.7208,0.1060,0
6524,0,6198.5458,6199.2807,6199.5558,0.1008,0
6525,0,6199.4137,6200.3528,6200.6723,0.1183,0
6526,0,6200.5074,6201.2041,6201.5046,0.1111,0
6527,0,6201.3454,6202.0282,6202.3259,0.1120,0
6528,0,6202.1702,6203.1225,6203.4618,0.1160,0
6529,0,6203.2741,6203.9830,6204.2719,0.1093,0
6530,0,6204.1234,6204.8165,6205.1056,0.1088,0
6531,0,6204.9563,6205.8895,6206.1639,0.1146,0
6532,0,6206.0346,6206.6991,6207.0044,0.1125,0
6533,0,6206.8397,6207.5314,6207.8483,0.1089,0
6534,0,6207.6719,6208.6275,6208.9299,0.1118,0
6535,0,6208.7699,6209.4505,6209.7501,0.1119,0
6536,0,6209.5921,6210.2745,6210.6829,0.1080,0
6537,0,6210.4123,6211.5154,6212.0520,0.3313,0
6538,0,6211.8795,6212.5868,6212.8835,0.1138,0
6539,0,6212.7392,6213.4159,6213.8366,0.2272,0
6540,0,6213.6806,6214.4115,6214.7774,0.1261,0
6541,0,6214.5768,6215.3099,6215.6049,0.1093,0
6542,0,6215.4509,6216.1389,6216.4184,0.1129,0
6543,0,6216.2814,6217.0801,6217.3832,0.1110,0
6544,0,6217.2235,6217.9128,6218.2067,0.1094,0
6545,0,6218.0526,6218.7342,6219.0829,0.1636,0
6546,0,6218.9295,6219.8235,6220.1050,0.1178,0
6547,0,6219.9712,6220.6320,6220.9038,0.1112,0
6548,0,6220.7710,6221.4407,6221.7170,0.1092,0
6549,0,6221.5775,6222.4971,6222.8466,0.1248,0
6550,0,6222.6500,6223.3708,6223.6834,0.1162,0
6551,0,6223.5198,6224.2070,6224.5181,0.1089,0
6552,0,6224.3470,6225.2940,6225.5953,0.1137,0
6553,0,6225.4378,6226.1208,6226.4767,0.1132,0
6554,0,6226.2742,6227.0504,6227.3728,0.1057,0
6555,0,6227.1998,6228.0072,6228.3800,0.1929,0
6556,0,6228.2340,6228.9232,6229.2002,0.1120,0
6557,0,6229.0658,6229.7379,6230.0525,0.1127,0
6558,0,6229.8843,6231.0265,6231.3539,0.1641,0
6559,0,6231.2188,6231.8810,6232.1490,0.1103,0
6560,0,6232.0187,6232.6916,6232.9798,0.1062,0
6561,0,6232.8344,6233.6692,6233.9506,0.1163,0
6562,0,6233.8147,6234.4821,6234.7672,0.1117,0
6563,0,6234.6221,6235.2918,6235.6034,0.1118,0
6564,0,6235.4316,6236.4299,6236.7565,0.1197,0
6565,0,6236.5846,6237.2791,6237.5560,0.1135,0
6566,0,6237.4216,6238.0840,6238.4077,0.1089,0
6567,0,6238.2234,6239.1808,6239.4486,0.1139,0
6568,0,6239.3223,6239.9798,6240.2756,0.1097,0
6569,0,6240.1195,6240.7987,6241.1686,0.1134,0
6570,0,6240.9443,6241.9515,6242.2564,0.1121,0
6571,0,6242.0933,6242.7961,6243.2241,0.2172,0
6572,0,6243.0521,6243.7532,6244.0756,0.1529,0
6573,0,6243.9371,6244.7410,6245.0485,0.1130,0
6574,0,6244.8847,6245.5684,6245.8822,0.1212,0
6575,0,6245.7180,6246.4064,6246.8386,0.1926,0
6576,0,6246.6350,6247.6741,6248.0210,0.1628,0
6577,0,6247.8711,6248.5614,6248.8798,0.1015,0
6578,0,6248.7006,6249.4404,6249.7641,0.1150,0
6579,0,6249.6019,6250.3831,6250.6873,0.1106,0
6580,0,6250.5367,6251.2570,6251.5668,0.1117,0
6581,0,6251.4046,6252.1136,6252.4185,0.1146,0
6582,0,6252.2596,6253.1612,6253.5125,0.1200,0
6583,0,6253.3275,6254.0656,6254.3801,0.1132,0
6584,0,6254.2160,6254.9238,6255.1902,0.0997,0
6585,0,6255.0541,6255.8494,6256.1232,0.1130,0
6586,0,6255.9928,6256.6575,6256.9530,0.1132,0
6587,0,6256.7987,6257.4801,6257.8482,0.1117,0
6588,0,6257.6267,6258.6300,6258.9340,0.1153,0
6589,0,6258.7757,6259.4830,6259.9045,0.2120,0
6590,0,6259.7315,6260.4532,6260.7615,0.1120,0
6591,0,6260.5978,6261.5522,6261.9726,0.1136,0
6592,0,6261.6958,6262.5008,6262.8926,0.1916,0
6593,0,6262.7254,6263.4214,6263.8386,0.2191,0
6594,0,6263.6746,6264.4022,6264.6873,0.1108,0
6595,0,6264.5448,6265.2154,6265.4955,0.1154,0
6596,0,6265.3598,6266.0250,6266.2922,0.1069,0
6597,0,6266.1615,6266.9575,6267.2532,0.1102,0
6598,0,6267.0984,6267.7801,6268.0741,0.1098,0
6599,0,6267.9194,6268.5997,6268.9553,0.1205,0
6600,0,6268.7598,6269.7454,6270.0494,0.1163,0
6601,0,6269.8924,6270.5792,6270.8773,0.1104,0
6602,0,6270.7190,6271.4036,6271.7449,0.1079,0
6603,0,6271.5411,6272.5364,6272.8412,0.1130,0
6604,0,6272.6834,6273.3732,6273.7159,0.1161,0
6605,0,6273.5516,6274.2749,6274.5813,0.1067,0
6606,0,6274.4321,6275.3807,6275.7110,0.1205,0
6607,0,6275.5493,6276.2585,6276.5489,0.1129,0
6608,0,6276.4043,6277.0913,6277.5242,0.1495,0
6609,0,6277.2842,6278.1206,6278.4862,0.1926,0
6610,0,6278.3439,6279.0276,6279.3106,0.1147,0
6611,0,6279.1723,6279.8436,6280.1589,0.1027,0
6612,0,6279.9832,6280.9426,6281.3182,0.1908,0
6613,0,6281.1675,6281.8604,6282.1778,0.1163,0
6614,0,6282.0103,6282.7061,6283.0118,0.1082,0
6615,0,6282.8485,6283.6711,6283.9580,0.1158,0
6616,0,6283.8193,6284.4872,6284.7667,0.1147,0
6617,0,6284.6298,6285.2950,6285.6270,0.1087,0
6618,0,6285.4338,6286.4206,6286.7199,0.1132,0
6619,0,6286.5637,6287.2433,6287.5902,0.1093,0
6620,0,6287.3824,6288.1212,6288.4211,0.1084,0
6621,0,6288.2618,6289.2045,6289.4759,0.1159,0
6622,0,6289.3477,6290.0061,6290.3033,0.1090,0
6623,0,6290.1455,6290.8391,6291.1803,0.1129,0
6624,0,6290.9835,6291.9700,6292.3357,0.1614,0
6625,0,6292.1682,6292.8603,6293.1365,0.1136,0
6626,0,6293.0018,6293.6661,6293.9713,0.1072,0
6627,0,6293.8011,6294.7478,6295.1090,0.1969,0
6628,0,6294.9736,6295.6420,6295.9364,0.1119,0
6629,0,6295.7812,6296.4596,6296.8198,0.1149,0
6630,0,6296.6042,6297.6345,6298.0179,0.1904,0
6631,0,6297.8605,6298.5577,6298.8469,0.1096,0
6632,0,6298.7002,6299.4046,6299.7206,0.1044,0
6633,0,6299.5492,6300.3612,6300.6373,0.1135,0
6634,0,6300.5053,6301.1721,6301.4449,0.1114,0
6635,0,6301.3116,6301.9722,6302.2912,0.1080,0
6636,0,6302.1100,6303.0761,6303.4299,0.1162,0
6637,0,6303.2303,6303.9841,6304.2939,0.1127,0
6638,0,6304.1319,6304.8356,6305.1356,0.1072,0
6639,0,6304.9743,6305.7851,6306.0880,0.1137,0
6640,0,6305.9295,6306.6176,6306.9282,0.1166,0
6641,0,6306.7772,6307.4610,6307.7740,0.1133,0
6642,0,6307.6042,6308.5586,6308.9311,0.1617,0
6643,0,6308.7590,6309.4875,6309.8042,0.1123,0
6644,0,6309.6352,6310.3384,6310.6359,0.1072,0
6645,0,6310.4759,6311.4245,6311.7237,0.1146,0
6646,0,6311.5774,6312.3544,6312.6898,0.1543,0
6647,0,6312.5452,6313.2348,6313.6131,0.1289,0
6648,0,6313.4032,6314.3767,6314.6771,0.1101,0
6649,0,6314.5237,6315.2165,6315.4913,0.1129,0
6650,0,6315.3592,6316.0272,6316.2964,0.1074,0
6651,0,6316.1642,6316.9560,6317.2333,0.1140,0
6652,0,6317.0991,6317.7705,6318.0460,0.1125,0
6653,0,6317.9107,6318.5709,6318.8894,0.1137,0
6654,0,6318.7124,6319.6957,6319.9993,0.1174,0
6655,0,6319.8433,6320.5229,6320.8218,0.1125,0
6656,0,6320.6652,6321.3507,6321.7756,0.1129,0
6657,0,6321.5155,6322.5749,6322.9040,0.1153,0
6658,0,6322.7291,6323.4483,6323.7701,0.1187,0
6659,0,6323.6032,6324.2945,6324.5722,0.1087,0
6660,0,6324.4580,6325.4014,6325.6997,0.1185,0
6661,0,6325.5535,6326.2561,6326.5728,0.1120,0
6662,0,6326.4037,6327.1201,6327.4272,0.1146,0
6663,0,6327.2667,6328.1636,6328.5220,0.1220,0
6664,0,6328.3237,6329.0869,6329.3801,0.1129,0
6665,0,6329.2362,6329.9292,6330.2222,0.1040,0
6666,0,6330.0721,6330.9427,6331.2308,0.1121,0
6667,0,6331.0888,6331.7709,6332.0544,0.1050,0
6668,0,6331.9135,6332.6319,6332.9670,0.1426,0
6669,0,6332.8150,6333.7026,6333.9980,0.1153,0
6670,0,6333.8497,6334.5322,6334.8143,0.1131,0
6671,0,6334.6745,6335.3436,6335.6062,0.1033,0
6672,0,6335.4752,6336.3952,6336.7261,0.1191,0
6673,0,6336.5497,6337.2591,6337.6407,0.1257,0
6674,0,6337.4383,6338.1995,6338.5722,0.1600,0
6675,0,6338.3958,6339.3069,6339.5855,0.1147,0
6676,0,6339.4524,6340.1226,6340.4003,0.1111,0
6677,0,6340.2627,6340.9321,6341.2004,0.1071,0
6678,0,6341.0684,6341.9896,6342.3115,0.1324,0
6679,0,6342.1540,6342.8360,6343.1607,0.1185,0
6680,0,6342.9945,6343.6861,6344.0145,0.1450,0
6681,0,6343.8719,6344.6543,6345.0484,0.1904,0
6682,0,6344.8809,6345.5887,6345.8701,0.1104,0
6683,0,6345.7305,6346.4009,6346.7757,0.1123,0
6684,0,6346.5415,6347.5624,6347.8498,0.1042,0
6685,0,6347.6988,6348.4143,6348.8091,0.1854,0
6686,0,6348.6386,6349.3413,6349.6528,0.1335,0
6687,0,6349.5066,6350.3435,6350.6268,0.1173,0
6688,0,6350.4917,6351.1631,6351.4360,0.1134,0
6689,0,6351.3050,6351.9677,6352.2829,0.1094,0
6690,0,6352.1044,6353.0872,6353.4507,0.1179,0
6691,0,6353.2461,6353.9996,6354.3266,0.1265,0
6692,0,6354.1612,6354.8695,6355.2065,0.1453,0
6693,0,6355.0473,6355.8573,6356.1739,0.1154,0
6694,0,6356.0221,6356.7053,6357.0108,0.1148,0
6695,0,6356.8506,6357.5355,6357.8913,0.1720,0
6696,0,6357.7439,6358.6472,6358.9756,0.1678,0
6697,0,6358.8430,6359.5038,6359.7709,0.1120,0
6698,0,6359.6435,6360.3142,6360.6213,0.1086,0
6699,0,6360.4578,6361.4518,6361.8441,0.1198,0
6700,0,6361.6083,6362.3789,6362.7971,0.1910,0
6701,0,6362.6151,6363.3570,6363.8539,0.3062,0
6702,0,6363.7016,6364.4412,6364.8304,0.1958,0
6703,0,6364.6729,6365.3583,6365.6309,0.1065,0
6704,0,6365.4956,6366.1805,6366.7496,0.3733,0
6705,0,6366.5865,6367.2823,6367.5613,0.1101,0
6706,0,6367.4212,6368.0910,6368.4145,0.1154,0
6707,0,6368.2438,6368.9493,6369.2358,0.1041,0
6708,0,6369.0844,6369.8123,6370.0883,0.1142,0
6709,0,6369.9563,6370.6194,6370.9280,0.1149,0
6710,0,6370.7636,6371.4577,6371.7516,0.1067,0
6711,0,6371.5941,6372.6550,6372.9722,0.1194,0
6712,0,6372.8122,6373.4955,6373.8235,0.1174,0
6713,0,6373.6493,6374.3583,6374.6590,0.1214,0
6714,0,6374.5116,6375.3233,6375.6020,0.1193,0
6715,0,6375.4725,6376.1347,6376.4048,0.1125,0
6716,0,6376.2750,6376.9411,6377.2691,0.1100,0
6717,0,6377.0786,6378.0822,6378.4719,0.1903,0
6718,0,6378.3043,6378.9989,6379.2706,0.1121,0
6719,0,6379.1387,6379.7991,6380.1862,0.1468,0
6720,0,6379.9864,6380.9799,6381.2920,0.1131,0
6721,0,6381.1356,6381.8526,6382.1866,0.1192,0
6722,0,6382.0122,6382.7357,6383.0927,0.1253,0
6723,0,6382.8971,6383.7821,6384.0984,0.1171,0
6724,0,6383.9344,6384.7035,6385.1113,0.2326,0
6725,0,6384.9633,6385.6559,6386.2084,0.3712,0
6726,0,6386.0586,6386.7515,6387.0351,0.1109,0
6727,0,6386.8926,6387.5661,6387.8419,0.1117,0
6728,0,6387.7063,6388.3791,6388.6758,0.1118,0
6729,0,6388.5209,6389.3838,6389.6748,0.1164,0
6730,0,6389.5333,6390.2102,6390.5068,0.1112,0
6731,0,6390.3518,6391.0350,6391.3002,0.1004,0
6732,0,6391.1656,6391.9591,6392.2410,0.1112,0
6733,0,6392.1008,6392.7711,6393.0567,0.1125,0
6734,0,6392.9132,6393.5862,6393.9379,0.1122,0
6735,0,6393.7297,6394.7170,6395.0020,0.1104,0
6736,0,6394.8572,6395.5444,6396.0063,0.2442,0
6737,0,6395.8228,6396.5576,6396.9277,0.1828,0
6738,0,6396.7761,6397.6461,6397.9562,0.1142,0
6739,0,6397.7968,6398.5017,6398.8017,0.1137,0
6740,0,6398.6489,6399.3561,6399.6540,0.1206,0
6741,0,6399.5129,6400.3189,6400.6536,0.1208,0
6742,0,6400.4785,6401.1921,6401.4979,0.1232,0
6743,0,6401.3489,6402.0356,6402.3575,0.1148,0
6744,0,6402.1844,6403.1228,6403.4641,0.1152,0
6745,0,6403.2798,6403.9894,6404.2917,0.1108,0
6746,0,6404.1357,6404.8543,6405.2017,0.1583,0
6747,0,6405.0480,6405.9954,6406.2707,0.1077,0
6748,0,6406.1354,6406.8126,6407.1164,0.1104,0
6749,0,6406.9546,6407.6438,6407.9614,0.1476,0
6750,0,6407.8250,6408.6903,6409.0184,0.1196,0
6751,0,6408.8522,6409.5450,6409.8496,0.1148,0
6752,0,6409.6903,6410.3774,6410.6795,0.1072,0
6753,0,6410.5161,6411.4606,6411.7938,0.1116,0
6754,0,6411.6033,6412.3210,6412.7087,0.1973,0
6755,0,6412.5588,6413.2838,6413.6828,0.1167,0
6756,0,6413.4460,6414.3263,6414.6241,0.1106,0
6757,0,6414.4731,6415.1665,6415.4884,0.1147,0
6758,0,6415.3183,6416.0401,6416.3921,0.1061,0
6759,0,6416.2208,6417.0766,6417.4711,0.1784,0
6760,0,6417.2945,6418.0055,6418.2856,0.1130,0
6761,0,6418.1488,6418.8158,6419.0896,0.1087,0
6762,0,6418.9535,6419.7839,6420.0798,0.1346,0
6763,0,6419.9479,6420.6191,6420.9209,0.1145,0
6764,0,6420.7613,6421.4509,6421.7374,0.1061,0
6765,0,6421.5868,6422.5229,6422.8428,0.1200,0
6766,0,6422.6826,6423.3725,6423.6790,0.1119,0
6767,0,6423.5166,6424.1995,6424.5382,0.1087,0
6768,0,6424.3394,6425.3312,6425.6356,0.1130,0
6769,0,6425.4760,6426.1575,6426.4244,0.1126,0
6770,0,6426.2972,6426.9616,6427.2960,0.1077,0
6771,0,6427.0990,6428.0776,6428.4392,0.1943,0
6772,0,6428.2996,6428.9646,6429.2539,0.1246,0
6773,0,6429.1170,6429.7795,6430.0572,0.1098,0
6774,0,6429.9164,6430.7199,6431.2083,0.2816,0
6775,0,6431.0417,6431.7390,6432.0340,0.1110,0
6776,0,6431.8874,6432.5641,6432.8725,0.1096,0
6777,0,6432.7098,6433.6468,6433.9503,0.1326,0
6778,0,6433.8113,6434.4821,6434.7640,0.1137,0
6779,0,6434.6238,6435.2951,6435.6164,0.1090,0
6780,0,6435.4327,6436.4542,6436.7980,0.1141,0
6781,0,6436.6130,6437.3676,6437.6820,0.1140,0
6782,0,6437.5177,6438.2275,6438.5423,0.1142,0
6783,0,6438.3934,6439.2842,6439.5858,0.1121,0
6784,0,6439.4283,6440.1129,6440.4118,0.1112,0
6785,0,6440.2540,6440.9355,6441.2504,0.1059,0
6786,0,6441.0814,6441.8944,6442.1968,0.1138,0
6787,0,6442.0398,6442.7195,6443.0357,0.1166,0
6788,0,6442.8793,6443.5627,6443.8795,0.1110,0
6789,0,6443.7060,6444.6887,6445.0029,0.1203,0
6790,0,6444.8385,6445.6560,6446.0709,0.2423,0
6791,0,6445.9323,6446.6043,6446.9244,0.1188,0
6792,0,6446.7681,6447.6908,6448.0096,0.1182,0
6793,0,6447.8415,6448.5459,6448.8786,0.1176,0
6794,0,6448.7040,6449.4368,6449.7674,0.1080,0
6795,0,6449.5873,6450.4222,6450.7342,0.1140,0
6796,0,6450.5778,6451.3072,6451.5904,0.1125,0
6797,0,6451.4536,6452.1395,6452.4044,0.1016,0
6798,0,6452.2703,6453.2142,6453.5728,0.1184,0
6799,0,6453.3780,6454.1135,6454.4282,0.1087,0
6800,0,6454.2562,6454.9683,6455.2431,0.1124,0
6801,0,6455.1107,6455.9044,6456.2278,0.1117,0
6802,0,6456.0571,6456.7941,6457.0957,0.1097,0
6803,0,6456.9378,6457.6313,6457.9577,0.1589,0
6804,0,6457.8258,6458.6965,6458.9779,0.1197,0
6805,0,6458.8485,6459.5273,6459.8013,0.1137,0
6806,0,6459.6689,6460.3405,6460.6072,0.1084,0
6807,0,6460.4769,6461.4010,6461.7532,0.1126,0
6808,0,6461.5520,6462.3153,6462.8767,0.2092,0
6809,0,6462.5696,6463.6532,6464.0826,0.2504,0
6810,0,6463.9355,6464.6266,6464.9094,0.1088,0
6811,0,6464.7675,6465.4420,6465.7225,0.1143,0
6812,0,6465.5850,6466.2640,6466.7579,0.3379,0
6813,0,6466.6315,6467.2945,6467.5784,0.1160,0
6814,0,6467.4396,6468.1121,6468.3875,0.1098,0
6815,0,6468.2525,6468.9165,6469.2342,0.1139,0
6816,0,6469.0667,6469.7970,6470.1028,0.1152,0
6817,0,6469.9438,6470.6352,6470.9114,0.1112,0
6818,0,6470.7807,6471.4441,6471.7490,0.1111,0
6819,0,6471.5827,6472.5370,6472.8421,0.1150,0
6820,0,6472.6896,6473.4140,6473.7113,0.1104,0
6821,0,6473.5667,6474.2866,6474.5729,0.1110,0
6822,0,6474.4300,6475.2703,6475.5556,0.1143,0
6823,0,6475.4201,6476.1051,6476.3811,0.1125,0
6824,0,6476.2461,6476.9133,6477.2775,0.1148,0
6825,0,6477.0664,6478.1528,6478.6316,0.2784,0
6826,0,6478.4774,6479.2062,6479.4850,0.1153,0
6827,0,6479.3517,6480.0220,6480.5134,0.3164,0
6828,0,6480.3712,6481.0953,6481.4314,0.1162,0
6829,0,6481.2557,6481.9676,6482.2481,0.1106,0
6830,0,6482.1079,6482.7800,6483.0670,0.1108,0
6831,0,6482.9212,6483.8865,6484.1733,0.1138,0
6832,0,6484.0320,6484.7026,6484.9758,0.1123,0
6833,0,6484.8423,6485.5096,6485.8277,0.1151,0
6834,0,6485.6516,6486.4546,6486.7583,0.1146,0
6835,0,6486.5996,6487.2822,6487.5753,0.1094,0
6836,0,6487.4212,6488.1040,6488.4185,0.1093,0
6837,0,6488.2492,6489.2492,6489.6125,0.1590,0
6838,0,6489.4547,6490.1862,6490.4668,0.1115,0
6839,0,6490.3278,6491.0033,6491.3320,0.1290,0
6840,0,6491.1670,6491.9705,6492.2523,0.1195,0
6841,0,6492.1195,6492.7839,6493.0718,0.1116,0
6842,0,6492.9300,6493.6267,6493.9779,0.1109,0
6843,0,6493.7767,6494.7823,6495.1594,0.1912,0
6844,0,6495.0084,6495.7168,6495.9960,0.1168,0
6845,0,6495.8631,6496.5312,6496.9056,0.1604,0
6846,0,6496.7310,6497.7390,6498.0580,0.1111,0
6847,0,6497.8913,6498.5975,6498.9148,0.1109,0
6848,0,6498.7394,6499.4451,6499.7415,0.1114,0
6849,0,6499.5883,6500.4005,6500.7004,0.1108,0
6850,0,6500.5436,6501.2379,6501.5363,0.1099,0
6851,0,6501.3790,6502.0621,6502.3542,0.1048,0
6852,0,6502.1985,6503.0028,6503.2885,0.1100,0
6853,0,6503.1528,6503.8573,6504.1702,0.1110,0
6854,0,6504.0039,6504.7134,6505.0737,0.1161,0
6855,0,6504.8612,6505.8507,6506.1556,0.1186,0
6856,0,6506.0006,6506.6850,6506.9795,0.1096,0
6857,0,6506.8255,6507.5092,6507.8456,0.1102,0
6858,0,6507.6520,6508.6223,6508.9326,0.1137,0
6859,0,6508.7678,6509.4616,6509.7947,0.1177,0
6860,0,6510.1507,6511.0254,6511.4453,0.1141,0
6861,0,6511.2809,6511.9981,6512.3400,0.1665,0
6862,0,6512.1953,6512.8796,6513.3082,0.1946,0
6863,0,6513.1035,6514.0318,6514.4662,0.2655,0
6864,0,6514.3256,6514.9971,6515.2639,0.1099,0
6865,0,6515.1348,6515.7956,6516.1120,0.1126,0
6866,0,6515.9356,6516.9351,6517.2330,0.1125,0
6867,0,6517.0786,6517.7571,6518.0544,0.1171,0
6868,0,6517.9034,6518.5891,6518.9420,0.1125,0
6869,0,6518.7311,6519.7197,6520.0028,0.1198,0
6870,0,6519.8701,6520.5349,6520.8025,0.1116,0
6871,0,6520.6738,6521.3385,6521.6517,0.1106,0
6872,0,6521.4939,6522.4810,6522.7753,0.1164,0
6873,0,6522.6314,6523.3009,6523.6079,0.1111,0
6874,0,6523.4470,6524.1425,6524.4980,0.1111,0
6875,0,6524.2844,6525.3331,6525.7469,0.1242,0
6876,0,6525.5113,6526.2954,6526.6157,0.1135,0
6877,0,6526.4442,6527.1555,6527.4553,0.1072,0
6878,0,6527.2950,6528.2440,6528.6362,0.1929,0
6879,0,6528.4696,6529.1604,6529.4617,0.1120,0
6880,0,6529.3029,6529.9928,6530.5345,0.3134,0
6881,0,6530.3470,6531.0777,6531.3635,0.1156,0
6882,0,6531.2244,6531.8957,6532.1721,0.1138,0
6883,0,6532.0374,6532.7059,6532.9878,0.1094,0
6884,0,6532.8506,6533.7200,6534.0041,0.1168,0
6885,0,6533.8676,6534.5376,6534.8197,0.1137,0
6886,0,6534.6799,6535.3567,6535.6347,0.1088,0
6887,0,6535.4947,6536.4142,6536.7027,0.1140,0
6888,0,6536.5574,6537.2329,6537.5110,0.1139,0
6889,0,6537.3744,6538.0381,6538.3974,0.1120,0
6890,0,6538.1801,6539.1766,6539.4459,0.1125,0
6891,0,6539.3164,6539.9770,6540.2701,0.1107,0
6892,0,6540.1174,6540.8294,6541.2111,0.1174,0
6893,0,6540.9752,6542.1221,6542.4147,0.1169,0
6894,0,6542.2701,6542.9505,6543.2487,0.1120,0
6895,0,6543.0928,6543.7762,6544.1050,0.1335,0
6896,0,6543.9402,6544.8134,6545.1941,0.1857,0
6897,0,6545.0370,6545.7232,6546.0177,0.1114,0
6898,0,6545.8646,6546.5453,6546.9022,0.1457,0
6899,0,6546.7331,6547.6700,6548.0366,0.1781,0
6900,0,6547.8850,6548.5840,6548.9016,0.1077,0
6901,0,6548.7267,6549.4549,6549.7265,0.1036,0
6902,0,6549.5891,6550.4236,6550.7090,0.1133,0
6903,0,6550.5731,6551.2486,6551.5142,0.1111,0
6904,0,6551.3872,6552.0630,6552.3584,0.1083,0
6905,0,6552.2029,6552.9967,6553.3182,0.1168,0
6906,0,6553.1549,6553.8913,6554.2061,0.1120,0
6907,0,6554.0419,6554.7491,6555.0731,0.1133,0
6908,0,6554.8978,6555.8676,6556.1562,0.1135,0
6909,0,6556.0125,6556.6977,6556.9700,0.1130,0
6910,0,6556.8387,6557.5053,6557.8297,0.1120,0
6911,0,6557.6461,6558.7603,6559.0809,0.1200,0
6912,0,6558.9156,6559.6085,6559.9067,0.1103,0
6913,0,6559.7491,6560.4357,6560.7579,0.1277,0
6914,0,6560.5933,6561.4952,6561.7948,0.1114,0
6915,0,6561.6376,6562.3300,6562.7236,0.1918,0
6916,0,6562.5536,6563.2644,6563.6161,0.1105,0
6917,0,6563.4206,6564.3776,6564.6625,0.1104,0
6918,0,6564.5176,6565.2092,6565.6137,0.1346,0
6919,0,6565.3876,6566.1367,6566.4350,0.1107,0
6920,0,6566.2781,6567.0975,6567.3894,0.1172,0
6921,0,6567.2480,6567.9200,6568.1989,0.1111,0
6922,0,6568.0593,6568.7321,6569.1069,0.1584,0
6923,0,6568.9338,6569.7578,6570.0452,0.1118,0
6924,0,6569.9011,6570.5786,6570.8715,0.1117,0
6925,0,6570.7186,6571.4005,6571.7921,0.1088,0
6926,0,6571.5392,6572.6202,6572.9207,0.1134,0
6927,0,6572.7724,6573.4619,6573.7588,0.1092,0
6928,0,6573.6047,6574.3008,6574.6697,0.1747,0
6929,0,6574.5079,6575.4372,6575.7192,0.1193,0
6930,0,6575.5874,6576.2610,6576.5331,0.1118,0
6931,0,6576.4007,6577.0666,6577.3987,0.1080,0
6932,0,6577.2070,6578.0616,6578.4431,0.1887,0
6933,0,6578.2875,6578.9998,6579.3133,0.1081,0
6934,0,6579.1422,6579.8523,6580.1635,0.1047,0
6935,0,6579.9995,6580.9353,6581.2333,0.1128,0
6936,0,6581.0828,6581.7753,6582.0443,0.1045,0
6937,0,6581.9098,6582.5812,6582.8673,0.1081,0
6938,0,6582.7207,6583.6624,6583.9504,0.1119,0
6939,0,6583.8072,6584.4760,6584.7725,0.1130,0
6940,0,6584.6227,6585.3153,6585.6354,0.1091,0
6941,0,6585.4572,6586.4151,6586.7333,0.1186,0
6942,0,6586.5671,6587.3583,6587.7857,0.1486,0
6943,0,6587.5575,6588.3395,6589.0338,0.4590,0
6944,0,6588.8390,6589.5821,6589.9030,0.1147,0
6945,0,6589.7318,6590.4362,6590.7367,0.1129,0
6946,0,6590.5792,6591.2752,6591.8170,0.3430,0
6947,0,6591.6579,6592.3522,6592.6527,0.1108,0
6948,0,6592.4949,6593.1828,6593.5192,0.1181,0
6949,0,6593.3433,6594.3067,6594.6109,0.1163,0
6950,0,6594.4584,6595.1593,6595.4872,0.1138,0
6951,0,6595.3096,6596.1489,6596.5281,0.1763,0
6952,0,6596.3597,6597.4703,6597.7522,0.1118,0
6953,0,6597.6114,6598.2871,6598.5671,0.1103,0
6954,0,6598.4292,6599.1001,6599.4348,0.1160,0
6955,0,6599.2437,6600.2481,6600.5651,0.1135,0
6956,0,6600.3926,6601.1006,6601.3974,0.1100,0
6957,0,6601.2451,6601.9598,6602.2982,0.1048,0
6958,0,6602.0985,6603.1040,6603.4335,0.1086,0
6959,0,6603.2547,6603.9971,6604.3102,0.1119,0
6960,0,6604.1442,6604.8564,6605.2281,0.1673,0
6961,0,6605.0739,6605.8946,6606.2078,0.1164,0
6962,0,6606.0447,6606.7440,6607.0485,0.1153,0
6963,0,6606.8899,6607.5790,6607.8597,0.1084,0
6964,0,6607.7178,6608.6064,6608.9690,0.1612,0
6965,0,6608.8025,6609.4945,6609.8022,0.1134,0
6966,0,6609.6408,6610.3323,6610.6504,0.1080,0
6967,0,6610.4699,6611.4296,6611.7351,0.1107,0
6968,0,6611.5876,6612.3168,6612.6362,0.1147,0
6969,0,6612.4681,6613.1868,6613.5520,0.1094,0
6970,0,6613.3509,6614.3258,6614.6336,0.1129,0
6971,0,6614.4850,6615.2182,6615.5383,0.1113,0
6972,0,6615.3675,6616.0808,6616.3629,0.1022,0
6973,0,6616.2230,6617.0876,6617.3616,0.1155,0
6974,0,6617.2323,6617.8983,6618.3346,0.1130,0
6975,0,6618.0480,6618.8404,6619.1455,0.1110,0
6976,0,6618.9814,6619.7951,6620.0768,0.1156,0
6977,0,6619.9408,6620.6030,6620.8925,0.1126,0
6978,0,6620.7431,6621.4337,6621.7497,0.1084,0
6979,0,6621.5718,6622.5289,6622.8533,0.1240,0
6980,0,6622.6909,6623.3880,6623.7003,0.1161,0
6981,0,6623.5377,6624.2316,6624.5069,0.1063,0
6982,0,6624.3653,6625.4284,6625.6985,0.1141,0
6983,0,6625.5706,6626.2350,6626.5364,0.1127,0
6984,0,6626.3798,6627.0699,6627.3608,0.1063,0
6985,0,6627.2067,6628.0305,6628.3481,0.1202,0
6986,0,6628.1861,6628.8732,6629.1870,0.1168,0
6987,0,6629.0230,6629.7083,6630.0664,0.1145,0
6988,0,6629.8530,6630.9461,6631.2293,0.1155,0
6989,0,6631.0904,6631.7541,6632.0524,0.1128,0
6990,0,6631.8952,6632.5839,6632.8819,0.1140,0
6991,0,6632.7340,6633.6712,6633.9543,0.1131,0
6992,0,6633.8158,6634.4886,6634.8973,0.1187,0
6993,0,6634.6855,6635.4300,6635.8430,0.1620,0
6994,0,6635.6651,6636.4660,6636.9052,0.1153,0
6995,0,6636.6687,6637.4460,6637.8617,0.1184,0
6996,0,6637.5942,6638.3480,6638.7002,0.1146,0
6997,0,6638.4893,6639.2379,6639.5445,0.1126,0
6998,0,6639.3840,6640.0865,6640.4019,0.1130,0
6999,0,6640.2342,6640.9315,6641.3352,0.1945,0
7000,0,6641.1643,6642.3106,6642.9417,0.1220,0
7001,0,6642.4746,6643.0667,6643.3780,0.0934,0
7002,0,6643.1961,6643.9309,6644.6466,0.3907,0
7003,0,6644.3534,6645.1750,6645.4584,0.1132,0
7004,0,6645.3168,6645.9994,6646.2780,0.1117,0
7005,0,6646.1404,6647.0011,6647.4673,0.2602,0
7006,0,6647.2988,6648.0026,6648.2941,0.1121,0
7007,0,6648.1460,6648.8219,6649.1474,0.1143,0
7008,0,6648.9644,6649.7001,6649.9908,0.1142,0
7009,0,6649.8455,6650.6705,6650.9968,0.1128,0
7010,0,6650.8163,6651.5375,6651.8307,0.1123,0
7011,0,6651.6826,6652.3606,6652.9609,0.3950,0
7012,0,6652.7921,6653.4936,6653.7953,0.1124,0
7013,0,6653.6430,6654.3290,6654.6360,0.1134,0
7014,0,6654.4735,6655.1691,6655.6752,0.3437,0
7015,0,6655.5411,6656.2055,6656.5187,0.1171,0
7016,0,6656.3573,6657.0482,6657.3600,0.1154,0
7017,0,6657.1962,6657.8856,6658.4242,0.3443,0
7018,0,6658.2655,6658.9545,6659.2676,0.1150,0
7019,0,6659.1026,6659.7940,6660.0913,0.1104,0
7020,0,6659.9355,6660.6209,6661.1513,0.3705,0
7021,0,6661.0210,6661.6856,6661.9631,0.1107,0
7022,0,6661.8247,6662.4950,6662.8219,0.1203,0
7023,0,6662.6547,6663.3556,6663.8477,0.2972,0
7024,0,6663.6911,6664.4063,6664.7361,0.1177,0
7025,0,6664.5603,6665.2710,6665.5484,0.1122,0
7026,0,6665.4119,6666.0839,6666.3845,0.1078,0
7027,0,6666.2284,6667.0383,6667.3094,0.1130,0
7028,0,6667.1794,6667.8432,6668.1112,0.1107,0
7029,0,6667.9822,6668.6448,6668.9646,0.1177,0
7030,0,6668.8013,6669.7731,6670.0819,0.1157,0
7031,0,6669.9197,6670.6121,6670.9067,0.1103,0
7032,0,6670.7520,6671.4362,6671.7495,0.1085,0
7033,0,6671.5744,6672.5357,6672.8567,0.1189,0
7034,0,6672.6903,6673.3867,6673.6932,0.1150,0
7035,0,6673.5329,6674.2210,6674.5356,0.1125,0
7036,0,6674.3646,6675.2932,6675.6214,0.1660,0
7037,0,6675.4918,6676.1596,6676.4303,0.1123,0
7038,0,6676.3013,6676.9668,6677.2832,0.1101,0
7039,0,6677.1036,6678.0920,6678.3866,0.1122,0
7040,0,6678.2334,6678.9185,6679.2132,0.1108,0
7041,0,6679.0587,6679.7423,6680.1467,0.1193,0
7042,0,6679.9034,6680.9392,6681.2383,0.1093,0
7043,0,6681.0843,6681.8004,6682.1074,0.1051,0
7044,0,6681.9395,6682.6499,6682.9864,0.1558,0
7045,0,6682.8445,6683.6573,6683.9488,0.1199,0
7046,0,6683.8084,6684.4773,6684.7553,0.1130,0
7047,0,6684.6192,6685.2838,6685.6327,0.1213,0
7048,0,6685.4399,6686.4314,6686.7252,0.1113,0
7049,0,6686.5744,6687.2725,6687.5522,0.1117,0
7050,0,6687.4174,6688.1056,6688.4424,0.1113,0
7051,0,6688.2631,6689.2426,6689.5509,0.1145,0
7052,0,6689.3886,6690.0773,6690.3726,0.1114,0
7053,0,6690.2187,6690.9023,6691.2017,0.1109,0
7054,0,6691.0433,6692.1139,6692.3874,0.1141,0
7055,0,6692.2551,6692.9182,6693.2276,0.1144,0
7056,0,6693.0645,6693.7677,6694.0873,0.1535,0
7057,0,6693.9490,6694.7481,6695.0328,0.1207,0
7058,0,6694.8975,6695.5654,6695.8516,0.1121,0
7059,0,6695.7084,6696.3859,6696.7148,0.1116,0
7060,0,6696.5247,6697.3766,6697.8362,0.2644,0
7061,0,6697.6732,6698.3634,6698.6589,0.1083,0
7062,0,6698.5015,6699.1869,6699.5183,0.1224,0
7063,0,6699.3393,6700.3249,6700.6276,0.1189,0
7064,0,6700.4734,6701.1590,6701.4286,0.1121,0
7065,0,6701.2998,6701.9625,6702.2830,0.1098,0
7066,0,6702.1021,6703.1074,6703.4270,0.1137,0
7067,0,6703.2566,6704.0012,6704.3102,0.1111,0
7068,0,6704.1460,6704.8603,6705.2241,0.1686,0
7069,0,6705.0614,6705.8769,6706.2007,0.1214,0
7070,0,6706.0346,6706.7295,6707.0252,0.1109,0
7071,0,6706.8703,6707.5534,6707.8635,0.1085,0
7072,0,6707.6918,6708.6205,6708.9945,0.1688,0
7073,0,6708.8168,6709.5222,6709.8399,0.1162,0
7074,0,6709.6722,6710.3727,6710.6656,0.1065,0
7075,0,6710.5100,6711.3571,6711.7771,0.1143,0
7076,0,6711.5177,6712.3267,6712.6362,0.1113,0
7077,0,6712.4706,6713.1916,6713.5753,0.1690,0
7078,0,6713.3992,6714.3155,6714.6037,0.1142,0
7079,0,6714.4627,6715.1390,6715.4421,0.1121,0
7080,0,6715.2837,6715.9827,6716.3215,0.1570,0
7081,0,6716.1708,6717.0333,6717.3310,0.1120,0
7082,0,6717.1770,6717.8612,6718.1951,0.1165,0
7083,0,6718.0233,6718.7629,6719.0975,0.1470,0
7084,0,6718.9484,6719.8638,6720.1437,0.1134,0
7085,0,6720.0083,6720.6787,6720.9509,0.1128,0
7086,0,6720.8196,6721.4860,6721.7659,0.1083,0
7087,0,6721.6220,6722.5506,6722.8792,0.1216,0
7088,0,6722.7118,6723.4070,6723.7208,0.1119,0
7089,0,6723.5560,6724.2543,6724.5587,0.1110,0
7090,0,6724.3964,6725.3025,6725.6557,0.1628,0
7091,0,6725.4966,6726.1839,6726.4814,0.1103,0
7092,0,6726.3253,6727.0154,6727.3424,0.1110,0
7093,0,6727.1835,6728.1344,6728.4218,0.1100,0
7094,0,6728.2758,6728.9691,6729.2397,0.1079,0
7095,0,6729.1061,6729.7701,6730.0600,0.1121,0
7096,0,6729.9099,6730.9504,6731.2264,0.1141,0
7097,0,6731.0936,6731.7582,6732.0468,0.1080,0
7098,0,6731.8933,6732.5778,6732.8972,0.1150,0
7099,0,6732.7307,6733.6770,6733.9700,0.1193,0
7100,0,6733.8306,6734.5026,6734.7836,0.1128,0
7101,0,6734.6446,6735.3133,6735.6269,0.1095,0
7102,0,6735.4505,6736.4526,6736.7757,0.1186,0
7103,0,6736.6035,6737.3072,6737.5885,0.1158,0
7104,0,6737.4501,6738.1214,6738.4140,0.1069,0
7105,0,6738.2581,6739.2012,6739.4980,0.1123,0
7106,0,6739.3436,6740.0279,6740.3204,0.1099,0
7107,0,6740.1675,6740.8489,6741.1912,0.1082,0
7108,0,6740.9866,6741.9621,6742.3154,0.1682,0
7109,0,6742.1601,6742.8431,6743.1655,0.1149,0
7110,0,6742.9960,6743.7049,6743.9795,0.1070,0
7111,0,6743.8430,6744.7732,6745.0543,0.1174,0
7112,0,6744.9191,6745.5860,6745.8567,0.1122,0
7113,0,6745.7257,6746.3908,6746.7111,0.1125,0
7114,0,6746.5309,6747.3633,6747.8209,0.2662,0
7115,0,6747.6616,6748.3522,6748.6475,0.1088,0
7116,0,6748.4905,6749.1824,6749.5204,0.1110,0
7117,0,6749.3231,6750.2997,6750.5980,0.1135,0
7118,0,6750.4430,6751.1295,6751.4303,0.1104,0
7119,0,6751.2706,6751.9617,6752.2787,0.1130,0
7120,0,6752.1016,6753.0765,6753.3785,0.1151,0
7121,0,6753.2326,6753.9537,6754.2423,0.1136,0
7122,0,6754.1006,6754.7913,6755.1029,0.1129,0
7123,0,6754.9409,6755.8857,6756.1962,0.1163,0
7124,0,6756.0365,6756.7270,6757.0228,0.1107,0
7125,0,6756.8677,6757.5552,6757.8648,0.1102,0
7126,0,6757.6955,6758.7949,6759.1152,0.1188,0
7127,0,6758.9486,6759.6587,6759.9625,0.1130,0
7128,0,6759.8042,6760.4990,6760.7894,0.1055,0
7129,0,6760.6353,6761.5348,6761.8444,0.1176,0
7130,0,6761.6846,6762.3763,6762.6704,0.1080,0
7131,0,6762.5177,6763.2517,6763.6191,0.1135,0
7132,0,6763.4117,6764.3310,6764.6749,0.1175,0
7133,0,6764.4925,6765.2489,6765.5573,0.1116,0
7134,0,6765.3942,6766.1089,6766.4085,0.1115,0
7135,0,6766.2512,6766.9922,6767.2964,0.1135,0
7136,0,6767.1370,6767.8304,6768.1397,0.1152,0
7137,0,6767.9818,6768.6720,6768.9860,0.1172,0
7138,0,6768.8147,6769.7768,6770.0904,0.1162,0
7139,0,6769.9233,6770.6154,6770.9055,0.1100,0
7140,0,6770.7999,6771.4671,6771.7743,0.1109,0
7141,0,6771.6083,6772.5532,6772.8825,0.1267,0
7142,0,6772.7203,6773.4151,6773.7598,0.1077,0
7143,0,6773.5498,6774.3145,6774.6922,0.1688,0
7144,0,6774.5208,6775.3793,6775.7098,0.1611,0
7145,0,6775.5744,6776.2500,6776.5614,0.1157,0
7146,0,6776.4009,6777.0934,6777.4350,0.1539,0
7147,0,6777.2782,6778.1745,6778.4744,0.1132,0
7148,0,6778.3180,6779.0029,6779.3019,0.1109,0
7149,0,6779.1436,6779.8313,6780.1874,0.1070,0
7150,0,6779.9652,6780.7751,6781.2323,0.2706,0
7151,0,6781.0717,6781.7799,6782.0993,0.1079,0
7152,0,6781.9243,6782.6611,6783.0027,0.1442,0
7153,0,6782.8419,6783.7523,6784.0767,0.1189,0
7154,0,6783.9124,6784.6121,6784.9184,0.1153,0
7155,0,6784.7593,6785.4537,6785.7839,0.1430,0
7156,0,6785.6273,6786.5268,6786.8411,0.1169,0
7157,0,6786.6791,6787.3698,6787.6611,0.1098,0
7158,0,6787.5097,6788.1964,6788.5526,0.1612,0
7159,0,6788.3926,6789.2941,6789.5787,0.1083,0
7160,0,6789.4373,6790.1256,6790.4267,0.1093,0
7161,0,6790.2699,6790.9878,6791.3469,0.1512,0
7162,0,6791.1749,6792.0072,6792.2891,0.1031,0
7163,0,6792.1496,6792.8624,6793.1868,0.1064,0
7164,0,6793.0114,6793.7281,6794.0507,0.1185,0
7165,0,6793.8803,6794.7044,6795.0059,0.1132,0
7166,0,6794.8484,6795.5401,6795.8280,0.1106,0
7167,0,6795.6809,6796.3646,6796.6696,0.1054,0
7168,0,6796.4975,6797.6191,6797.9349,0.1178,0
7169,0,6797.7733,6798.4695,6798.7832,0.1152,0
7170,0,6798.6191,6799.3155,6799.6563,0.1532,0
7171,0,6799.4995,6800.4041,6800.6959,0.1103,0
7172,0,6800.5453,6801.2332,6801.5314,0.1108,0
7173,0,6801.3754,6802.0632,6802.3638,0.1052,0
7174,0,6802.2101,6803.0350,6803.3619,0.1150,0
7175,0,6803.1964,6803.9076,6804.2161,0.1110,0
7176,0,6804.0521,6804.7548,6805.0655,0.1126,0
7177,0,6804.8991,6805.8150,6806.1895,0.1599,0
7178,0,6806.0111,6806.7393,6807.0297,0.1071,0
7179,0,6806.8775,6807.5997,6807.9180,0.1097,0
7180,0,6807.7416,6808.5855,6808.8672,0.1123,0
7181,0,6808.7226,6809.3993,6809.6911,0.1131,0
7182,0,6809.5477,6810.2236,6810.5471,0.1132,0
7183,0,6810.3650,6811.3656,6811.6409,0.1139,0
7184,0,6811.5068,6812.1805,6812.4482,0.1117,0
7185,0,6812.3201,6812.9894,6813.3193,0.1150,0
7186,0,6813.1312,6814.0680,6814.4965,0.2574,0
7187,0,6814.3577,6815.0282,6815.2931,0.1101,0
7188,0,6815.1654,6815.8310,6816.2144,0.1103,0
7189,0,6815.9696,6817.0295,6817.3701,0.1583,0
7190,0,6817.2249,6817.9056,6818.1789,0.1112,0
7191,0,6818.0458,6818.7089,6819.0046,0.1085,0
7192,0,6818.8453,6819.7853,6820.0834,0.1127,0
7193,0,6819.9287,6820.6126,6820.9816,0.1113,0
7194,0,6820.7535,6821.5280,6821.8868,0.1645,0
7195,0,6821.7322,6822.7113,6822.9917,0.1117,0
7196,0,6822.8532,6823.5256,6823.8144,0.1108,0
7197,0,6823.6668,6824.3394,6824.6922,0.1388,0
7198,0,6824.5146,6825.3412,6825.6380,0.1109,0
7199,0,6825.4865,6826.1741,6826.4636,0.1128,0
7200,0,6826.3245,6827.0394,6827.3429,0.1086,0
7201,0,6827.1803,6828.1249,6828.4279,0.1134,0
7202,0,6828.2701,6828.9576,6829.2617,0.1134,0
7203,0,6829.1016,6829.7886,6830.0645,0.1106,0
7204,0,6829.9268,6830.7095,6831.1393,0.2652,0
7205,0,6831.0040,6831.6713,6831.9507,0.1097,0
7206,0,6831.8086,6832.4822,6832.7829,0.1126,0
7207,0,6832.6298,6833.6070,6833.9092,0.1186,0
7208,0,6833.7607,6834.4369,6834.7185,0.1159,0
7209,0,6834.5815,6835.2548,6835.5706,0.1060,0
7210,0,6835.3886,6836.5234,6836.8245,0.1144,0
7211,0,6836.6721,6837.3606,6837.6667,0.1117,0
7212,0,6837.5080,6838.2047,6838.5555,0.1625,0
7213,0,6838.3982,6839.3083,6839.6027,0.1120,0
7214,0,6839.4513,6840.1421,6840.4156,0.1125,0
7215,0,6840.2828,6840.9499,6841.2380,0.1070,0
7216,0,6841.0922,6841.9089,6842.2217,0.1123,0
7217,0,6842.0614,6842.7668,6843.0952,0.1166,0
7218,0,6842.9295,6843.6319,6843.9770,0.1151,0
7219,0,6843.7837,6844.7570,6845.0607,0.1167,0
7220,0,6844.9032,6845.5924,6845.8860,0.1103,0
7221,0,6845.7319,6846.4186,6846.8015,0.1100,0
7222,0,6846.5585,6847.5873,6847.8799,0.1087,0
7223,0,6847.7272,6848.4182,6848.7064,0.1083,0
7224,0,6848.5573,6849.2481,6849.6382,0.1073,0
7225,0,6849.3944,6850.4388,6850.7377,0.1212,0
7226,0,6850.5916,6851.2947,6851.7531,0.1100,0
7227,0,6851.4416,6852.3118,6852.8986,0.3780,0
7228,0,6852.7248,6853.4432,6853.7805,0.1201,0
7229,0,6853.6272,6854.3349,6854.6249,0.1094,0
7230,0,6854.4819,6855.1803,6855.6459,0.2866,0
7231,0,6855.5052,6856.1980,6856.5186,0.1156,0
7232,0,6856.3462,6857.0573,6857.3477,0.1090,0
7233,0,6857.1966,6857.8799,6858.4152,0.3754,0
7234,0,6858.2824,6858.9509,6859.2239,0.1119,0
7235,0,6859.0902,6859.7528,6860.0194,0.1106,0
7236,0,6859.8911,6860.5669,6860.8532,0.1154,0
7237,0,6860.7114,6861.5390,6861.8360,0.1112,0
7238,0,6861.6807,6862.3676,6862.7142,0.1161,0
7239,0,6862.5330,6863.2780,6863.5855,0.1069,0
7240,0,6863.4267,6864.3158,6864.6091,0.1163,0
7241,0,6864.4632,6865.1415,6865.4108,0.1061,0
7242,0,6865.2767,6865.9512,6866.2252,0.1082,0
7243,0,6866.0878,6867.0276,6867.3401,0.1113,0
7244,0,6867.1891,6867.8936,6868.1975,0.1122,0
7245,0,6868.0378,6868.7260,6869.0471,0.1131,0
7246,0,6868.8729,6869.8572,6870.1625,0.1166,0
7247,0,6870.0053,6870.6909,6870.9839,0.1102,0
7248,0,6870.8309,6871.5235,6871.8553,0.1073,0
7249,0,6871.6668,6872.4849,6872.7977,0.1138,0
7250,0,6872.6372,6873.3455,6873.6537,0.1102,0
7251,0,6873.4878,6874.2253,6874.5216,0.1094,0
7252,0,6874.3602,6875.3193,6875.6049,0.1103,0
7253,0,6875.4616,6876.1506,6876.4252,0.1122,0
7254,0,6876.2932,6876.9692,6877.2939,0.1099,0
7255,0,6877.1075,6878.1192,6878.4132,0.1125,0
7256,0,6878.2618,6878.9496,6879.2684,0.1120,0
7257,0,6879.0919,6879.7799,6880.1389,0.1087,0
7258,0,6879.9189,6880.9300,6881.2181,0.1091,0
7259,0,6881.0704,6881.7613,6882.0709,0.1064,0
7260,0,6881.9008,6882.6143,6882.9254,0.1133,0
7261,0,6882.7676,6883.6895,6883.9926,0.1262,0
7262,0,6883.8463,6884.5250,6884.8077,0.1121,0
7263,0,6884.6663,6885.3427,6885.6449,0.1077,0
7264,0,6885.4810,6886.5654,6886.8834,0.1203,0
7265,0,6886.7215,6887.4278,6887.7239,0.1093,0
7266,0,6887.5698,6888.2704,6888.5709,0.1054,0
7267,0,6888.4092,6889.3129,6889.6158,0.1177,0
7268,0,6889.4624,6890.1505,6890.4396,0.1099,0
7269,0,6890.2901,6890.9731,6891.2340,0.1024,0
7270,0,6891.1033,6891.9085,6892.1839,0.1135,0
7271,0,6892.0509,6892.7159,6893.0251,0.1111,0
7272,0,6892.8625,6893.5629,6893.9123,0.1178,0
7273,0,6893.7160,6894.7450,6895.0307,0.1177,0
7274,0,6894.8910,6895.5669,6895.8345,0.1113,0
7275,0,6895.7063,6896.3698,6896.6786,0.1105,0
7276,0,6896.5077,6897.6190,6897.9023,0.1133,0
7277,0,6897.7634,6898.4450,6898.7378,0.1115,0
7278,0,6898.5898,6899.2853,6899.5835,0.1063,0
7279,0,6899.4227,6900.3456,6900.6163,0.1143,0
7280,0,6900.4889,6901.1552,6901.4515,0.1111,0
7281,0,6901.2975,6901.9821,6902.3015,0.1073,0
7282,0,6902.1198,6903.2241,6903.5463,0.1142,0
7283,0,6903.3789,6904.0820,6904.3741,0.1104,0
7284,0,6904.2226,6904.9131,6905.2194,0.1196,0
7285,0,6905.0637,6905.9688,6906.2712,0.1170,0
7286,0,6906.1171,6906.8100,6907.1052,0.1107,0
7287,0,6906.9502,6907.6330,6907.9070,0.1049,0
7288,0,6907.7682,6908.5620,6908.8714,0.1210,0
7289,0,6908.7223,6909.4042,6909.7147,0.1131,0
7290,0,6909.5505,6910.2500,6910.5638,0.1096,0
7291,0,6910.3895,6911.3764,6911.6819,0.1181,0
7292,0,6911.5257,6912.2167,6912.5366,0.1107,0
7293,0,6912.3657,6913.1045,6913.4624,0.1071,0
7294,0,6913.2465,6914.3051,6914.6255,0.1138,0
7295,0,6914.4550,6915.1749,6915.5094,0.1134,0
7296,0,6915.3260,6916.0614,6916.3396,0.1013,0
7297,0,6916.1981,6917.0722,6917.3496,0.1134,0
7298,0,6917.2165,6917.8942,6918.1698,0.1120,0
7299,0,6918.0359,6918.7021,6919.0580,0.1507,0
7300,0,6918.8910,6919.8640,6920.1870,0.1143,0
7301,0,6920.0161,6920.7264,6921.0328,0.1115,0
7302,0,6920.8690,6921.5657,6921.9057,0.1417,0
7303,0,6921.7385,6922.5602,6922.8840,0.1206,0
7304,0,6922.7171,6923.4191,6923.7278,0.1139,0
7305,0,6923.5679,6924.2577,6924.5844,0.1495,0
7306,0,6924.4420,6925.2255,6925.5170,0.1139,0
7307,0,6925.3772,6926.0648,6926.3421,0.1124,0
7308,0,6926.2108,6926.8845,6927.2596,0.1118,0
7309,0,6927.0271,6928.0805,6928.3794,0.1130,0
7310,0,6928.2232,6928.9112,6929.2242,0.1111,0
7311,0,6929.0588,6929.7559,6930.1753,0.1117,0
7312,0,6929.8977,6930.9561,6931.2569,0.1097,0
7313,0,6931.1014,6931.8228,6932.2110,0.1158,0
7314,0,6931.9772,6932.7781,6933.0785,0.1094,0
7315,0,6932.9229,6933.8670,6934.1927,0.1504,0
7316,0,6934.0519,6934.7363,6935.0332,0.1174,0
7317,0,6934.8858,6935.5803,6935.8693,0.1126,0
7318,0,6935.7417,6936.6730,6936.9799,0.1086,0
7319,0,6936.8245,6937.5683,6937.8921,0.1132,0
7320,0,6937.7145,6938.4519,6938.9971,0.3554,0
7321,0,6938.8390,6939.5346,6939.8475,0.1167,0
7322,0,6939.6868,6940.4160,6940.7330,0.1060,0
7323,0,6940.5579,6941.2805,6941.7231,0.2797,0
7324,0,6941.5904,6942.2760,6942.6035,0.1151,0
7325,0,6942.4306,6943.1764,6943.4690,0.1052,0
7326,0,6943.3130,6944.0296,6944.5188,0.2937,0
7327,0,6944.3587,6945.0691,6945.3463,0.1131,0
7328,0,6945.2125,6945.8950,6946.1613,0.1119,0
7329,0,6946.0350,6946.7053,6947.4301,0.5134,0
7330,0,6947.2585,6948.0199,6948.3512,0.1195,0
7331,0,6948.1789,6948.8934,6949.1837,0.1143,0
7332,0,6949.0385,6949.9520,6950.2877,0.1644,0
7333,0,6950.1469,6950.8272,6951.1360,0.1164,0
7334,0,6950.9773,6951.6729,6951.9716,0.1128,0
7335,0,6951.8168,6952.7780,6953.0973,0.1175,0
7336,0,6952.9363,6953.6445,6953.9480,0.1145,0
7337,0,6953.7888,6954.4801,6954.7789,0.1119,0
7338,0,6954.6221,6955.5820,6955.8527,0.1130,0
7339,0,6955.7220,6956.3881,6956.6664,0.1159,0
7340,0,6956.5323,6957.2046,6957.5145,0.1167,0
7341,0,6957.3710,6958.3273,6958.6102,0.1168,0
7342,0,6958.4748,6959.1513,6959.4553,0.1158,0
7343,0,6959.2991,6959.9903,6960.2820,0.1109,0
7344,0,6960.1321,6961.0886,6961.4152,0.1191,0
7345,0,6961.2449,6961.9491,6962.2206,0.1121,0
7346,0,6962.0892,6962.7666,6963.0675,0.1106,0
7347,0,6962.9105,6964.0039,6964.2939,0.1080,0
7348,0,6964.1457,6964.8453,6965.1253,0.1103,0
7349,0,6964.9870,6965.6601,6965.9357,0.1147,0
7350,0,6965.8026,6966.8021,6967.0875,0.1142,0
7351,0,6966.9500,6967.6230,6967.8913,0.1084,0
7352,0,6967.7586,6968.4354,6968.7169,0.1157,0
7353,0,6968.5826,6969.6475,6969.9635,0.1192,0
7354,0,6969.7998,6970.5022,6970.8109,0.1155,0
7355,0,6970.6515,6971.3435,6971.6676,0.1130,0
7356,0,6971.4867,6972.4931,6972.8101,0.1171,0
7357,0,6972.6493,6973.3401,6973.6465,0.1142,0
7358,0,6973.4883,6974.1877,6974.5347,0.1092,0
7359,0,6974.3267,6975.3369,6975.6381,0.1116,0
7360,0,6975.4789,6976.1711,6976.4384,0.1122,0
7361,0,6976.3107,6976.9730,6977.3028,0.1142,0
7362,0,6977.1177,6978.0951,6978.3739,0.1149,0
7363,0,6978.2385,6978.9076,6979.2518,0.1095,0
7364,0,6979.0466,6979.8182,6980.1907,0.1123,0
7365,0,6979.9672,6980.9726,6981.2700,0.1099,0
7366,0,6981.1181,6981.8358,6982.1559,0.1049,0
7367,0,6981.9807,6982.7250,6983.0084,0.1086,0
7368,0,6982.8683,6983.8264,6984.1640,0.1176,0
7369,0,6983.9786,6984.6972,6984.9999,0.1129,0
7370,0,6984.8412,6985.5346,6985.8327,0.1071,0
7371,0,6985.6730,6986.4888,6986.7867,0.1119,0
7372,0,6986.6313,6987.3299,6987.6165,0.1131,0
7373,0,6987.4775,6988.1487,6988.4975,0.1480,0
7374,0,6988.3386,6989.1424,6989.4591,0.1141,0
7375,0,6989.2967,6990.0051,6990.3052,0.1111,0
7376,0,6990.1502,6990.8440,6991.1928,0.1085,0
7377,0,6990.9824,6991.9983,6992.2938,0.1130,0
7378,0,6992.1410,6992.8335,6993.1492,0.1183,0
7379,0,6992.9889,6993.6778,6993.9781,0.1119,0
7380,0,6993.8205,6994.7782,6995.0524,0.1172,0
7381,0,6994.9232,6995.6001,6995.8879,0.1127,0
7382,0,6995.7472,6996.4299,6996.7187,0.1100,0
7383,0,6996.5677,6997.3665,6997.9506,0.3926,0
7384,0,6997.7909,6998.4833,6998.7776,0.1077,0
7385,0,6998.6227,6999.3172,6999.6550,0.1481,0
7386,0,6999.4968,7000.4029,7000.7142,0.1162,0
7387,0,7000.5552,7001.2458,7001.5421,0.1093,0
7388,0,7001.3847,7002.0731,7002.3671,0.1043,0
7389,0,7002.2092,7003.0169,7003.3409,0.1144,0
7390,0,7003.1727,7003.9110,7004.2175,0.1107,0
7391,0,7004.0561,7004.7588,7005.0935,0.1110,0
7392,0,7004.9044,7005.8907,7006.1893,0.1141,0
7393,0,7006.0349,7006.7215,7007.0176,0.1117,0
7394,0,7006.8633,7007.5545,7007.8703,0.1121,0
7395,0,7007.6974,7008.6573,7008.9718,0.1160,0
7396,0,7008.7979,7009.5052,7009.8094,0.1138,0
7397,0,7010.0888,7010.6744,7011.3459,0.3842,0
7398,0,7011.1416,7011.9073,7012.2540,0.1522,0
7399,0,7012.0992,7012.8233,7013.1438,0.1088,0
7400,0,7012.9672,7013.8752,7014.3138,0.2588,0
7401,0,7014.1692,7014.8588,7015.1295,0.1107,0
7402,0,7014.9994,7015.6828,7015.9526,0.1117,0
7403,0,7015.8228,7016.8196,7017.1060,0.1219,0
7404,0,7016.9703,7017.6494,7017.9245,0.1100,0
7405,0,7017.7881,7018.4541,7018.7303,0.1092,0
7406,0,7018.5936,7019.5929,7019.8949,0.1139,0
7407,0,7019.7556,7020.4405,7020.7375,0.1096,0
7408,0,7020.5813,7021.2754,7021.5712,0.1104,0
7409,0,7021.4159,7022.3795,7022.7247,0.1207,0
7410,0,7022.5451,7023.2909,7023.6179,0.1116,0
7411,0,7023.4466,7024.1604,7024.5052,0.1105,0
7412,0,7024.3010,7025.2973,7025.5796,0.1191,0
7413,0,7025.4442,7026.1131,7026.4113,0.1114,0
7414,0,7026.2542,7026.9484,7027.2985,0.1134,0
7415,0,7027.0950,7028.2659,7028.5430,0.1160,0
7416,0,7028.4113,7029.0825,7029.3504,0.1109,0
7417,0,7029.2208,7029.8849,7030.2345,0.1521,0
7418,0,7030.0767,7030.9676,7031.2551,0.1130,0
7419,0,7031.1130,7031.8020,7032.1077,0.1110,0
7420,0,7031.9470,7032.6494,7033.0126,0.1393,0
7421,0,7032.8405,7033.6787,7033.9817,0.1217,0
7422,0,7033.8359,7034.5270,7034.8031,0.1125,0
7423,0,7034.6689,7035.3400,7035.6739,0.1154,0
7424,0,7035.4973,7036.3541,7036.6611,0.1112,0
7425,0,7036.5080,7037.2251,7037.5074,0.1139,0
7426,0,7037.3674,7038.0465,7038.3769,0.1111,0
7427,0,7038.1867,7039.1652,7039.4646,0.1119,0
7428,0,7039.3080,7039.9995,7040.2930,0.1110,0
7429,0,7040.1406,7040.8270,7041.1882,0.1132,0
7430,0,7040.9710,7041.9687,7042.2865,0.1246,0
7431,0,7042.1314,7042.8524,7043.1462,0.1122,0
7432,0,7043.0038,7043.7035,7043.9819,0.1027,0
7433,0,7043.8378,7044.7443,7045.0805,0.1650,0
7434,0,7044.9380,7045.6176,7045.9634,0.1773,0
7435,0,7045.8241,7046.4996,7046.8223,0.1063,0
7436,0,7046.6416,7047.7088,7048.0576,0.1705,0
7437,0,7047.9127,7048.6035,7048.9059,0.1051,0
7438,0,7048.7408,7049.4917,7049.7833,0.1121,0
7439,0,7049.6387,7050.4676,7050.7714,0.1114,0
7440,0,7050.6108,7051.3121,7051.6066,0.1081,0
7441,0,7051.4503,7052.1388,7052.4511,0.1246,0
7442,0,7052.2940,7053.1895,7053.4808,0.1207,0
7443,0,7053.3438,7054.0137,7054.2882,0.1096,0
7444,0,7054.1512,7054.8272,7055.1033,0.1090,0
7445,0,7054.9634,7055.9220,7056.2263,0.1191,0
7446,0,7056.0710,7056.7662,7057.0905,0.1165,0
7447,0,7056.9242,7057.6232,7057.9247,0.1075,0
7448,0,7057.7618,7058.6981,7059.0505,0.1188,0
7449,0,7058.8580,7059.5864,7059.8700,0.1109,0
7450,0,7059.7286,7060.4071,7060.6738,0.1094,0
7451,0,7060.5448,7061.6083,7061.8866,0.1129,0
7452,0,7061.7526,7062.4290,7062.7326,0.1177,0
7453,0,7062.5820,7063.2924,7063.6317,0.1135,0
7454,0,7063.4463,7064.3237,7064.6128,0.1127,0
7455,0,7064.4680,7065.1469,7065.4438,0.1079,0
7456,0,7065.2926,7066.0137,7066.3327,0.1430,0
7457,0,7066.1876,7066.9988,7067.2909,0.1153,0
7458,0,7067.1498,7067.8469,7068.1204,0.1062,0
7459,0,7067.9817,7068.6575,7068.9810,0.1157,0
7460,0,7068.8077,7069.7745,7070.0872,0.1184,0
7461,0,7069.9229,7070.6129,7070.9080,0.1104,0
7462,0,7070.7534,7071.4440,7071.7666,0.1090,0
7463,0,7071.5874,7072.5624,7072.8934,0.1205,0
7464,0,7072.7225,7073.4339,7073.7813,0.1166,0
7465,0,7073.5800,7074.3030,7074.6938,0.1828,0
7466,0,7074.5272,7075.4403,7075.7597,0.1171,0
7467,0,7075.5942,7076.2891,7076.6025,0.1154,0
7468,0,7076.4397,7077.1381,7077.4316,0.1289,0
7469,0,7077.2953,7078.0971,7078.4180,0.1626,0
7470,0,7078.2893,7078.9569,7079.2295,0.1114,0
7471,0,7079.0978,7079.7725,7080.0700,0.1081,0
7472,0,7079.9091,7080.7170,7081.1759,0.2682,0
7473,0,7081.0150,7081.7110,7082.0171,0.1101,0
7474,0,7081.8521,7082.5489,7082.8905,0.1198,0
7475,0,7082.7084,7083.6925,7083.9822,0.1168,0
7476,0,7083.8443,7084.5228,7084.8124,0.1089,0
7477,0,7084.6597,7085.3340,7085.6393,0.1121,0
7478,0,7085.4734,7086.4610,7086.7579,0.1193,0
7479,0,7086.6069,7087.3004,7087.5856,0.1137,0
7480,0,7087.4437,7088.1295,7088.4502,0.1078,0
7481,0,7088.2700,7089.2664,7089.5399,0.1155,0
7482,0,7089.4105,7090.1083,7090.4246,0.1161,0
7483,0,7090.2593,7090.9650,7091.2785,0.1114,0
7484,0,7091.1188,7092.0184,7092.3240,0.1141,0
7485,0,7092.1636,7092.8509,7093.1694,0.1175,0
7486,0,7093.0082,7093.7062,7093.9974,0.1137,0
7487,0,7093.8507,7094.7826,7095.0619,0.1182,0
7488,0,7094.9299,7095.6002,7095.8688,0.1109,0
7489,0,7095.7384,7096.4055,7096.7239,0.1117,0
7490,0,7096.5447,7097.6324,7097.9393,0.1176,0
7491,0,7097.7818,7098.4745,7098.7758,0.1084,0
7492,0,7098.6153,7099.3172,7099.6594,0.1591,0
7493,0,7099.5077,7100.4101,7100.7127,0.1134,0
7494,0,7100.5555,7101.2476,7101.5419,0.1087,0
7495,0,7101.3870,7102.0782,7102.3788,0.1045,0
7496,0,7102.2428,7103.0496,7103.3981,0.1146,0
7497,0,7103.2074,7103.9632,7104.2673,0.1125,0
7498,0,7104.1090,7104.8127,7105.0843,0.1072,0
7499,0,7104.9507,7105.9089,7106.2012,0.1148,0
7500,0,7106.0579,7106.7406,7107.0162,0.1117,0
7501,0,7106.8811,7107.5522,7107.8624,0.1094,0
7502,0,7107.6898,7108.7869,7109.0977,0.1170,0
7503,0,7108.9324,7109.6316,7109.9340,0.1132,0
7504,0,7109.7754,7110.4678,7110.8009,0.1353,0
7505,0,7110.6384,7111.5481,7111.8586,0.1119,0
7506,0,7111.6937,7112.3930,7112.7228,0.1174,0
7507,0,7112.5458,7113.2612,7113.5735,0.1073,0
7508,0,7113.4100,7114.3823,7114.6789,0.1116,0
7509,0,7114.5268,7115.2204,7115.5013,0.1112,0
7510,0,7115.3614,7116.0358,7116.3520,0.1276,0
7511,0,7116.2037,7117.0629,7117.3670,0.1206,0
7512,0,7117.2183,7117.9133,7118.2262,0.1116,0
7513,0,7118.0611,7118.7786,7119.1175,0.1455,0
7514,0,7118.9592,7119.8642,7120.1441,0.1159,0
7515,0,7120.0114,7120.6841,7120.9567,0.1108,0
7516,0,7120.8234,7121.4940,7121.8671,0.1084,0
7517,0,7121.6405,7122.4986,7122.9278,0.1141,0
7518,0,7122.6948,7123.4845,7123.8745,0.1054,0
7519,0,7123.6806,7124.4190,7124.7922,0.1067,0
7520,0,7124.5994,7125.4924,7125.8402,0.1108,0
7521,0,7125.6361,7126.3870,7126.6910,0.1101,0
7522,0,7126.5270,7127.2611,7127.6198,0.1042,0
7523,0,7127.3873,7128.2671,7128.6710,0.1603,0
7524,0,7128.4585,7129.2118,7129.6231,0.1107,0
7525,0,7129.3460,7130.1012,7130.6281,0.2993,0
7526,0,7130.4359,7131.1877,7131.4694,0.1117,0
7527,0,7131.3294,7132.0113,7132.2947,0.1117,0
7528,0,7132.1517,7132.8326,7133.1106,0.1117,0
7529,0,7132.9755,7133.7249,7134.0554,0.1569,0
7530,0,7133.9144,7134.5983,7134.8884,0.1152,0
7531,0,7134.7444,7135.4223,7135.7524,0.1022,0
7532,0,7135.5664,7136.4590,7136.7801,0.1121,0
7533,0,7136.6109,7137.3339,7137.6534,0.1174,0
7534,0,7137.4947,7138.2055,7138.5967,0.1688,0
7535,0,7138.4225,7139.2479,7139.5555,0.1158,0
7536,0,7139.4057,7140.1065,7140.4132,0.1122,0
7537,0,7140.2506,7140.9500,7141.2464,0.1069,0
7538,0,7141.0873,7142.1910,7142.5170,0.1173,0
7539,0,7142.3467,7143.0859,7143.4084,0.1051,0
7540,0,7143.2263,7143.9984,7144.6591,0.4694,0
7541,0,7144.5075,7145.2352,7145.5301,0.1115,0
7542,0,7145.3857,7146.0905,7146.3932,0.1114,0
7543,0,7146.2334,7147.1170,7147.5817,0.2627,0
7544,0,7147.4123,7148.1175,7148.3987,0.1099,0
7545,0,7148.2585,7148.9303,7149.2000,0.1083,0
7546,0,7149.0655,7150.0269,7150.3295,0.1143,0
7547,0,7150.1718,7150.8622,7151.1588,0.1115,0
7548,0,7151.0024,7151.7031,7151.9987,0.1095,0
7549,0,7151.8420,7152.7979,7153.1376,0.1213,0
7550,0,7152.9606,7153.6882,7153.9743,0.1119,0
7551,0,7153.8307,7154.5085,7154.7848,0.1130,0
7552,0,7154.6488,7155.5944,7155.8838,0.1073,0
7553,0,7155.7290,7156.4175,7156.7291,0.1162,0
7554,0,7156.5669,7157.2716,7157.5668,0.1118,0
7555,0,7157.4121,7158.3639,7158.6723,0.1163,0
7556,0,7158.5127,7159.2070,7159.5112,0.1153,0
7557,0,7159.3529,7160.0416,7160.3317,0.1089,0
7558,0,7160.1789,7161.1329,7161.4309,0.1147,0
7559,0,7161.2767,7161.9629,7162.2576,0.1111,0
7560,0,7162.1035,7162.7929,7163.0813,0.1144,0
7561,0,7162.9392,7163.7997,7164.2311,0.2620,0
7562,0,7164.0893,7164.7748,7165.0529,0.1118,0
7563,0,7164.9149,7165.5841,7165.8833,0.1116,0
7564,0,7165.7235,7166.6888,7166.9929,0.1200,0
7565,0,7166.8375,7167.5274,7167.8331,0.1137,0
7566,0,7167.6714,7168.3744,7168.7257,0.1397,0
7567,0,7168.5530,7169.5749,7169.8766,0.1187,0
7568,0,7169.7256,7170.4165,7170.6980,0.1103,0
7569,0,7170.5584,7171.2306,7171.5242,0.1110,0
7570,0,7171.3699,7172.3319,7172.7380,0.1899,0
7571,0,7172.5602,7173.2741,7173.6080,0.1169,0
7572,0,7173.4322,7174.1535,7174.5110,0.1106,0
7573,0,7174.3005,7175.3249,7175.6172,0.1104,0
7574,0,7175.4684,7176.1663,7176.4377,0.1117,0
7575,0,7176.3074,7176.9806,7177.2971,0.1104,0
7576,0,7177.1190,7178.1227,7178.4437,0.1229,0
7577,0,7178.2796,7178.9749,7179.2902,0.1100,0
7578,0,7179.1167,7179.8251,7180.2003,0.1077,0
7579,0,7179.9642,7180.9901,7181.3063,0.1167,0
7580,0,7181.1407,7181.8369,7182.1621,0.1121,0
7581,0,7181.9890,7182.7298,7183.0296,0.1068,0
7582,0,7182.8697,7183.6917,7183.9817,0.1145,0
7583,0,7183.8415,7184.5141,7184.8186,0.1123,0
7584,0,7184.6603,7185.3916,7185.6752,0.1170,0
7585,0,7185.5617,7186.4767,7186.7905,0.1163,0
7586,0,7186.6280,7187.3416,7187.6555,0.1150,0
7587,0,7187.4923,7188.1919,7188.5945,0.1803,0
7588,0,7188.4192,7189.3807,7189.6880,0.1146,0
7589,0,7189.5273,7190.2214,7190.5173,0.1104,0
7590,0,7190.3623,7191.0541,7191.3974,0.1069,0
7591,0,7191.2133,7192.1649,7192.4425,0.1151,0
7592,0,7192.3093,7192.9864,7193.2654,0.1128,0
7593,0,7193.1281,7193.7991,7194.0978,0.1383,0
7594,0,7193.9660,7194.8449,7195.1285,0.1173,0
7595,0,7194.9912,7195.6600,7195.9386,0.1139,0
7596,0,7195.8034,7196.4816,7196.8713,0.1077,0
7597,0,7196.6170,7197.6711,7197.9850,0.1152,0
7598,0,7197.8208,7198.5255,7198.8335,0.1127,0
7599,0,7198.6720,7199.3708,7199.7094,0.1318,0
7600,0,7199.5446,7200.4551,7200.7587,0.1139,0
7601,0,7200.6012,7201.2961,7201.5672,0.1123,0
7602,0,7201.4363,7202.1150,7202.4047,0.1289,0
7603,0,7202.2722,7203.1022,7203.4385,0.1100,0
7604,0,7203.2492,7203.9784,7204.2796,0.1113,0
7605,0,7204.1236,7204.8135,7205.1043,0.1066,0
7606,0,7204.9497,7206.0270,7206.3222,0.1137,0
7607,0,7206.1702,7206.8568,7207.1439,0.1093,0
7608,0,7206.9949,7207.6875,7208.0089,0.1371,0
7609,0,7207.8543,7208.7565,7209.1030,0.1214,0
7610,0,7208.9137,7209.6207,7209.9201,0.1153,0
7611,0,7209.7647,7210.4516,7210.7836,0.1410,0
7612,0,7210.6230,7211.4392,7211.7436,0.1177,0
7613,0,7211.5872,7212.2821,7212.6644,0.1172,0
7614,0,7212.4446,7213.2056,7213.5908,0.1714,0
7615,0,7213.4183,7214.3019,7214.5807,0.1104,0
7616,0,7214.4393,7215.1314,7215.5207,0.1142,0
7617,0,7215.2890,7216.0543,7216.3301,0.1076,0
7618,0,7216.1947,7217.0800,7217.3650,0.1125,0
7619,0,7217.2254,7217.9019,7218.1729,0.1108,0
7620,0,7218.0400,7218.7085,7219.0710,0.1490,0
7621,0,7218.8954,7219.7758,7220.0890,0.1115,0
7622,0,7219.9260,7220.6404,7220.9410,0.1094,0
7623,0,7220.7814,7221.4761,7221.7685,0.1069,0
7624,0,7221.6127,7222.6979,7222.9900,0.1188,0
7625,0,7222.8500,7223.5202,7223.7979,0.1106,0
7626,0,7223.6599,7224.3366,7224.6536,0.1530,0
7627,0,7224.5187,7225.3238,7225.6182,0.1110,0
7628,0,7225.4654,7226.1549,7226.4245,0.1123,0
7629,0,7226.2956,7226.9644,7227.2942,0.1102,0
7630,0,7227.1025,7228.1235,7228.4179,0.1107,0
7631,0,7228.2639,7228.9501,7229.2556,0.1121,0
7632,0,7229.0943,7229.7905,7230.0939,0.1093,0
7633,0,7229.9293,7231.0708,7231.4246,0.1162,0
7634,0,7231.2200,7231.9774,7232.2988,0.1118,0
7635,0,7232.1271,7232.8678,7233.4742,0.3817,0
7636,0,7233.2887,7234.0488,7234.3763,0.1165,0
7637,0,7234.2026,7234.9204,7235.2297,0.1151,0
7638,0,7235.0687,7236.0202,7236.3677,0.1608,0
7639,0,7236.2110,7236.8979,7237.2132,0.1148,0
7640,0,7237.0527,7237.7807,7238.1037,0.1137,0
7641,0,7237.9302,7238.9094,7239.1967,0.1161,0
7642,0,7239.0561,7239.7364,7240.0168,0.1159,0
7643,0,7239.8805,7240.5583,7240.8376,0.1091,0
7644,0,7240.6979,7241.6435,7241.9422,0.1148,0
7645,0,7241.7859,7242.4831,7242.8070,0.1201,0
7646,0,7242.6374,7243.3429,7243.6646,0.1182,0
7647,0,7243.5011,7244.4611,7244.7458,0.1151,0
7648,0,7244.6044,7245.2839,7245.5961,0.1153,0
7649,0,7245.4310,7246.1289,7246.4242,0.1098,0
7650,0,7246.2698,7247.1475,7247.6953,0.2603,0
7651,0,7247.4569,7248.2778,7248.5693,0.1079,0
7652,0,7248.4192,7249.1125,7249.4451,0.1145,0
7653,0,7249.2561,7250.3961,7250.6837,0.1121,0
7654,0,7250.5408,7251.2172,7251.4963,0.1126,0
7655,0,7251.3578,7252.0281,7252.3171,0.1055,0
7656,0,7252.1634,7253.1048,7253.4009,0.1174,0
7657,0,7253.2574,7253.9490,7254.2304,0.1165,0
7658,0,7254.0973,7254.7740,7255.0988,0.1067,0
7659,0,7254.9109,7255.8981,7256.1985,0.1125,0
7660,0,7256.0407,7256.7326,7257.0455,0.1157,0
7661,0,7256.8836,7257.5786,7257.8724,0.1075,0
7662,0,7257.7158,7258.6789,7258.9880,0.1172,0
7663,0,7258.8306,7259.5262,7259.8267,0.1106,0
7664,0,7259.6679,7260.3653,7260.6530,0.1063,0
7665,0,7260.5010,7261.4401,7261.7081,0.1136,0
7666,0,7261.5811,7262.2475,7262.5710,0.1124,0
7667,0,7262.3967,7263.1432,7263.5533,0.1435,0
7668,0,7263.3430,7264.3422,7264.6517,0.1122,0
7669,0,7264.4980,7265.1990,7265.5331,0.1145,0
7670,0,7265.3543,7266.0873,7266.3789,0.1032,0
7671,0,7266.2256,7267.1737,7267.4902,0.1095,0
7672,0,7267.3232,7268.0403,7268.3148,0.1112,0
7673,0,7268.1807,7268.8512,7269.1410,0.1062,0
7674,0,7268.9850,7269.9008,7270.2322,0.1177,0
7675,0,7270.0734,7270.7774,7271.0698,0.1166,0
7676,0,7270.9296,7271.6086,7271.8994,0.1036,0
7677,0,7271.7427,7272.5906,7272.9106,0.1181,0
7678,0,7272.7494,7273.4445,7273.7823,0.1043,0
7679,0,7273.5802,7274.4163,7274.7336,0.1125,0
7680,0,7274.5714,7275.4358,7275.7428,0.1127,0
7681,0,7275.5819,7276.2793,7276.6074,0.1101,0
7682,0,7276.4277,7277.1830,7277.4685,0.1080,0
7683,0,7277.3144,7278.2081,7278.5209,0.1147,0
7684,0,7278.3619,7279.0791,7279.3644,0.1146,0
7685,0,7279.2269,7279.9036,7280.3471,0.1304,0
7686,0,7280.0793,7281.0417,7281.3434,0.1111,0
7687,0,7281.1910,7281.8928,7282.1872,0.1165,0
7688,0,7282.0430,7282.7327,7283.0348,0.1077,0
7689,0,7282.8722,7283.8367,7284.1134,0.1072,0
7690,0,7283.9739,7284.6658,7284.9724,0.1155,0
7691,0,7284.8096,7285.5076,7285.8039,0.1076,0
7692,0,7285.6465,7286.4680,7286.7424,0.1110,0
7693,0,7286.6086,7287.2839,7287.5559,0.1122,0
7694,0,7287.4242,7288.0951,7288.4153,0.1086,0
7695,0,7288.2329,7289.2406,7289.5433,0.1131,0
7696,0,7289.3836,7290.0752,7290.3669,0.1106,0
7697,0,7290.2164,7290.9031,7291.2125,0.1115,0
7698,0,7291.0454,7292.0041,7292.3106,0.1169,0
7699,0,7292.1514,7292.8366,7293.1552,0.1172,0
7700,0,7292.9930,7293.6880,7293.9833,0.1130,0
7701,0,7293.8307,7294.7771,7295.0795,0.1150,0
7702,0,7294.9303,7295.6288,7295.9068,0.1128,0
7703,0,7295.7708,7296.4450,7296.7584,0.1114,0
7704,0,7296.5856,7297.3945,7297.9822,0.3921,0
7705,0,7297.8199,7298.5250,7298.8314,0.1121,0
7706,0,7298.6676,7299.3622,7299.6835,0.1302,0
7707,0,7299.5243,7300.4380,7300.7407,0.1164,0
7708,0,7300.5848,7301.2780,7301.5716,0.1123,0
7709,0,7301.4203,7302.1041,7302.4388,0.1533,0
7710,0,7302.2872,7303.1859,7303.4697,0.1103,0
7711,0,7303.3285,7304.0042,7304.2784,0.1130,0
7712,0,7304.1453,7304.8155,7305.0912,0.1075,0
7713,0,7304.9550,7305.8751,7306.1767,0.1123,0
7714,0,7306.0173,7306.7047,7306.9942,0.1096,0
7715,0,7306.8447,7307.5315,7307.8775,0.1083,0
7716,0,7307.6694,7308.5638,7308.9196,0.1666,0
7717,0,7308.7649,7309.4829,7309.7946,0.1074,0
7718,0,7309.6252,7310.3369,7310.6756,0.1168,0
7719,0,7310.4952,7311.4600,7311.7377,0.1119,0
7720,0,7311.6006,7312.2792,7312.6025,0.1108,0
7721,0,7312.4288,7313.1701,7313.5713,0.1056,0
7722,0,7313.3167,7314.3555,7314.6771,0.1153,0
7723,0,7314.5062,7315.2252,7315.5052,0.1114,0
7724,0,7315.3650,7316.0701,7316.3606,0.1045,0
7725,0,7316.2089,7317.1697,7317.4874,0.1162,0
7726,0,7317.3242,7318.0276,7318.3269,0.1100,0
7727,0,7318.1689,7318.8628,7319.1924,0.1154,0
7728,0,7319.0187,7319.8766,7320.2043,0.1185,0
7729,0,7320.0325,7320.7431,7321.0199,0.1120,0
7730,0,7320.8861,7321.5644,7321.8830,0.1470,0
7731,0,7321.7442,7322.5623,7322.8613,0.1192,0
7732,0,7322.7166,7323.3964,7323.7085,0.1130,0
7733,0,7323.5439,7324.2499,7324.5754,0.1066,0
7734,0,7324.3924,7325.2676,7325.5751,0.1108,0
7735,0,7325.4119,7326.1189,7326.4897,0.1090,0
7736,0,7326.2590,7327.0345,7327.3247,0.1013,0
7737,0,7327.1716,7328.1521,7328.4661,0.1134,0
7738,0,7328.3006,7329.0133,7329.3379,0.1165,0
7739,0,7329.1608,7329.8746,7330.2385,0.1579,0
7740,0,7330.0741,7330.9721,7331.2604,0.1125,0
7741,0,7331.1176,7331.8057,7332.1078,0.1098,0
7742,0,7331.9504,7332.6479,7332.9882,0.1558,0
7743,0,7332.8447,7333.6099,7333.9475,0.1638,0
7744,0,7333.8062,7334.4849,7334.7579,0.1139,0
7745,0,7334.6265,7335.2946,7335.6296,0.1121,0
7746,0,7335.4341,7336.4481,7336.7326,0.1110,0
7747,0,7336.5936,7337.3046,7337.5792,0.1126,0
7748,0,7337.4453,7338.1266,7338.4480,0.1114,0
7749,0,7338.2675,7339.2419,7339.5142,0.1142,0
7750,0,7339.3838,7340.0513,7340.3531,0.1127,0
7751,0,7340.1948,7340.8865,7341.2106,0.1084,0
7752,0,7341.0251,7342.0339,7342.3590,0.1193,0
7753,0,7342.1883,7342.9007,7343.2053,0.1122,0
7754,0,7343.0434,7343.7361,7344.0338,0.1077,0
7755,0,7343.8769,7344.8256,7345.1038,0.1135,0
7756,0,7344.9670,7345.6434,7345.9113,0.1122,0
7757,0,7345.7834,7346.4500,7346.7524,0.1102,0
7758,0,7346.5885,7347.3949,7347.8297,0.2660,0
7759,0,7347.6900,7348.3680,7348.6409,0.1111,0
7760,0,7348.5069,7349.1886,7349.5152,0.1074,0
7761,0,7349.3238,7350.3396,7350.6392,0.1135,0
7762,0,7350.4836,7351.1776,7351.4732,0.1082,0
7763,0,7351.3162,7352.0060,7352.3252,0.1085,0
7764,0,7352.1634,7353.1206,7353.4126,0.1132,0
7765,0,7353.2688,7353.9606,7354.2428,0.1144,0
7766,0,7354.1073,7354.7840,7355.0911,0.1129,0
7767,0,7354.9259,7355.8770,7356.1735,0.1114,0
7768,0,7356.0180,7356.7096,7357.0073,0.1099,0
7769,0,7356.8496,7357.5446,7357.8821,0.1134,0
7770,0,7357.7012,7358.7057,7358.9977,0.1090,0
7771,0,7358.8516,7359.5454,7359.8335,0.1131,0
7772,0,7359.6891,7360.3797,7360.6571,0.1015,0
7773,0,7360.5107,7361.4250,7361.7447,0.1340,0
7774,0,7361.5897,7362.2838,7362.5713,0.1099,0
7775,0,7362.4282,7363.1592,7363.5519,0.1050,0
7776,0,7363.3052,7364.3436,7364.6317,0.1035,0
7777,0,7364.4836,7365.1821,7365.4934,0.1067,0
7778,0,7365.3232,7366.0389,7366.3470,0.1295,0
7779,0,7366.2055,7367.0851,7367.3844,0.1140,0
7780,0,7367.2391,7367.9336,7368.2367,0.1092,0
7781,0,7368.0786,7368.7928,7369.1305,0.1363,0
7782,0,7368.9602,7369.8040,7370.1170,0.1178,0
7783,0,7369.9559,7370.6526,7370.9630,0.1148,0
7784,0,7370.7987,7371.4963,7371.8820,0.1664,0
7785,0,7371.7019,7372.5413,7372.8569,0.1194,0
7786,0,7372.7035,7373.4005,7373.6989,0.1136,0
7787,0,7373.5472,7374.2467,7374.5367,0.1084,0
7788,0,7374.3858,7375.3414,7375.6412,0.1163,0
7789,0,7375.4890,7376.1753,7376.4686,0.1081,0
7790,0,7376.3135,7377.0055,7377.3245,0.1126,0
7791,0,7377.1482,7378.2531,7378.5553,0.1120,0
7792,0,7378.3953,7379.0891,7379.3859,0.1133,0
7793,0,7379.2322,7379.9171,7380.2658,0.1331,0
7794,0,7380.0933,7381.0038,7381.3171,0.1128,0
7795,0,7381.1527,7381.8612,7382.1448,0.1131,0
7796,0,7382.0056,7382.6877,7382.9886,0.1280,0
7797,0,7382.8492,7383.6572,7383.9449,0.1132,0
7798,0,7383.8029,7384.4801,7384.7580,0.1140,0
7799,0,7384.6218,7385.2946,7385.6519,0.1114,0
7800,0,7385.4363,7386.4402,7386.7381,0.1132,0
7801,0,7386.5832,7387.2699,7387.5626,0.1094,0
7802,0,7387.4091,7388.0979,7388.4091,0.1096,0
7803,0,7388.2356,7389.2855,7389.7862,0.1478,0
7804,0,7389.4668,7390.3332,7390.6490,0.1162,0
7805,0,7390.4796,7391.1819,7391.4859,0.1051,0
7806,0,7391.3338,7392.0702,7392.3609,0.1113,0
7807,0,7392.2150,7392.9068,7393.2170,0.1130,0
7808,0,7393.0605,7393.8272,7394.1564,0.1333,0
7809,0,7394.0020,7394.9126,7395.2157,0.1136,0
7810,0,7395.0716,7395.7725,7396.0624,0.1129,0
7811,0,7395.9215,7396.6012,7396.9376,0.1148,0
7812,0,7396.7552,7397.6900,7398.0028,0.1180,0
7813,0,7397.8481,7398.5772,7398.8798,0.1167,0
7814,0,7398.7268,7399.4233,7399.6892,0.1025,0
7815,0,7399.5566,7400.3625,7400.6328,0.1132,0
7816,0,7400.5049,7401.1754,7401.5061,0.1108,0
7817,0,7401.3169,7402.0315,7402.3296,0.1065,0
7818,0,7402.1727,7403.1644,7403.5240,0.1279,0
7819,0,7403.3310,7404.0699,7404.4118,0.1086,0
7820,0,7404.2096,7404.9663,7405.2693,0.1083,0
7821,0,7405.1115,7406.0254,7406.3074,0.1131,0
7822,0,7406.1704,7406.8496,7407.1310,0.1132,0
7823,0,7406.9908,7407.6639,7408.0060,0.1579,0
7824,0,7407.8499,7408.7504,7409.0927,0.1214,0
7825,0,7408.9147,7409.6528,7409.9441,0.1102,0
7826,0,7409.7974,7410.5024,7410.7840,0.1028,0
7827,0,7410.6431,7411.4416,7411.7910,0.1623,0
7828,0,7411.6370,7412.3271,7412.6468,0.1168,0
7829,0,7412.4781,7413.1783,7413.5719,0.1166,0
7830,0,7413.3293,7414.1971,7414.6497,0.2699,0
7831,0,7414.4986,7415.1934,7415.4874,0.1155,0
7832,0,7415.3450,7416.0555,7416.3387,0.1113,0
7833,0,7416.2006,7417.0463,7417.3414,0.1143,0
7834,0,7417.1957,7417.8806,7418.1937,0.1158,0
7835,0,7418.0280,7418.7254,7419.0319,0.1119,0
7836,0,7418.8683,7419.8082,7420.1738,0.1212,0
7837,0,7419.9772,7420.7188,7421.0083,0.1111,0
7838,0,7420.8627,7421.5655,7421.9201,0.1631,0
7839,0,7421.7630,7422.6626,7422.9594,0.1178,0
7840,0,7422.8210,7423.4934,7423.7699,0.1082,0
7841,0,7423.6305,7424.3019,7424.5941,0.1078,0
7842,0,7424.4610,7425.2853,7425.5899,0.1189,0
7843,0,7425.4393,7426.1329,7426.4075,0.1137,0
7844,0,7426.2758,7426.9486,7427.3098,0.1094,0
7845,0,7427.0899,7428.0574,7428.3794,0.1658,0
7846,0,7428.2511,7428.9172,7429.1952,0.1145,0
7847,0,7429.0600,7429.7356,7430.0593,0.1131,0
7848,0,7429.8778,7430.7300,7431.1615,0.2678,0
7849,0,7431.0291,7431.7001,7431.9743,0.1108,0
7850,0,7431.8390,7432.5144,7432.8759,0.1136,0
7851,0,7432.6609,7433.6699,7433.9643,0.1149,0
7852,0,7433.8163,7434.5054,7434.7847,0.1123,0
7853,0,7434.6655,7435.3305,7435.6614,0.1135,0
7854,0,7435.4784,7436.4598,7436.7954,0.1191,0
7855,0,7436.6225,7437.3451,7437.6313,0.1131,0
7856,0,7437.4887,7438.1816,7438.4936,0.1082,0
7857,0,7438.3233,7439.1431,7439.4394,0.1166,0
7858,0,7439.2955,7439.9896,7440.2881,0.1097,0
7859,0,7440.1304,7440.8213,7441.1184,0.1094,0
7860,0,7440.9647,7441.9380,7442.2601,0.1196,0
7861,0,7442.0982,7442.7922,7443.0775,0.1118,0
7862,0,7442.9394,7443.6129,7443.9646,0.1086,0
7863,0,7443.7517,7444.8796,7445.1625,0.1201,0
7864,0,7445.0275,7445.7012,7445.9994,0.1114,0
7865,0,7445.8404,7446.5300,7446.8643,0.1052,0
7866,0,7446.6928,7447.6280,7447.9233,0.1101,0
7867,0,7447.7750,7448.4711,7448.7512,0.1095,0
7868,0,7448.6131,7449.2979,7449.6039,0.1096,0
7869,0,7449.4492,7450.2492,7450.5457,0.1168,0
7870,0,7450.4034,7451.0809,7451.4291,0.1129,0
7871,0,7451.2221,7451.9995,7452.3246,0.1092,0
7872,0,7452.1456,7453.1631,7453.4866,0.1159,0
7873,0,7453.3175,7454.0402,7454.3332,0.1097,0
7874,0,7454.1808,7454.8898,7455.2236,0.1514,0
7875,0,7455.0778,7455.9328,7456.2202,0.1227,0
7876,0,7456.0849,7456.7648,7457.0409,0.1141,0
7877,0,7456.9068,7457.5751,7457.8844,0.1093,0
7878,0,7457.7163,7458.6685,7458.9880,0.1185,0
7879,0,7458.8256,7459.5221,7459.8289,0.1120,0
7880,0,7459.6656,7460.3645,7460.6620,0.1056,0
7881,0,7460.5013,7461.4149,7461.7604,0.1637,0
7882,0,7461.6100,7462.2971,7462.6095,0.1127,0
7883,0,7462.4466,7463.1543,7463.5300,0.1176,0
7884,0,7463.3066,7464.2979,7464.5976,0.1092,0
7885,0,7464.4418,7465.1392,7465.4155,0.1117,0
7886,0,7465.2810,7465.9634,7466.2406,0.1091,0
7887,0,7466.1049,7467.0357,7467.3387,0.1171,0
7888,0,7467.1924,7467.8880,7468.1897,0.1135,0
7889,0,7468.0366,7468.7372,7469.0316,0.1021,0
7890,0,7468.8822,7469.7102,7470.0248,0.1158,0
7891,0,7469.8590,7470.5594,7470.8620,0.1114,0
7892,0,7470.7028,7471.3990,7471.7590,0.1091,0
7893,0,7471.5436,7472.5698,7472.8669,0.1152,0
7894,0,7472.7237,7473.4315,7473.7467,0.1116,0
7895,0,7473.5801,7474.2967,7474.6059,0.1076,0
7896,0,7474.4390,7475.4252,7475.7380,0.1269,0
7897,0,7475.5828,7476.2828,7476.5620,0.1155,0
7898,0,7476.4276,7477.1099,7477.4253,0.1446,0
7899,0,7477.2852,7478.1609,7478.4987,0.1385,0
7900,0,7478.3365,7479.0386,7479.3365,0.1111,0
7901,0,7479.1810,7479.8851,7480.2674,0.1627,0
7902,0,7480.0935,7481.0002,7481.2974,0.1098,0
7903,0,7481.1497,7481.8451,7482.2326,0.1131,0
7904,0,7481.9990,7482.7744,7483.0657,0.0999,0
7905,0,7482.9101,7483.7384,7484.0241,0.1142,0
7906,0,7483.8869,7484.5692,7484.8457,0.1127,0
7907,0,7484.7106,7485.3872,7485.6678,0.1148,0
7908,0,7485.5321,7486.4530,7486.7263,0.1138,0
7909,0,7486.5939,7487.2636,7487.5624,0.1148,0
7910,0,7487.4091,7488.0988,7488.4318,0.1080,0
7911,0,7488.2384,7489.2110,7489.5071,0.1116,0
7912,0,7489.3528,7490.0421,7490.3348,0.1104,0
7913,0,7490.1813,7490.8690,7491.1973,0.1123,0
7914,0,7491.0087,7492.0635,7492.3392,0.1135,0
7915,0,7492.2047,7492.8716,7493.1421,0.1127,0
7916,0,7493.0117,7493.6861,7493.9794,0.1136,0
7917,0,7493.8281,7494.7712,7495.0522,0.1123,0
7918,0,7494.9140,7495.5873,7495.8725,0.1137,0
7919,0,7495.7286,7496.4038,7496.7577,0.1097,0
7920,0,7496.5449,7497.6437,7497.9492,0.1202,0
7921,0,7497.7999,7498.4949,7498.7816,0.1102,0
7922,0,7498.6393,7499.3571,7499.6681,0.1456,0
7923,0,7499.5318,7500.3411,7500.6426,0.1109,0
7924,0,7500.4835,7501.1811,7501.4573,0.1142,0
7925,0,7501.3239,7502.0005,7502.3611,0.1807,0
7926,0,7502.2130,7503.1530,7503.4910,0.1100,0
7927,0,7503.3212,7504.0344,7504.3487,0.1086,0
7928,0,7504.1784,7504.8950,7505.2249,0.1608,0
7929,0,7505.0872,7505.8735,7506.1762,0.1134,0
7930,0,7506.0175,7506.7104,7507.0062,0.1081,0
7931,0,7506.8494,7507.5340,7507.8877,0.1097,0
7932,0,7507.6743,7508.5725,7508.9216,0.1608,0
7933,0,7508.7720,7509.4877,7509.7664,0.1129,0
7934,0,7509.6294,7510.3165,7510.6344,0.1108,0
7935,0,7510.8966,7511.4849,7511.8361,0.1160,0
7936,0,7511.6766,7512.5558,7512.9711,0.1327,0
7937,0,7512.7381,7513.7016,7514.2606,0.3757,0
7938,0,7514.1133,7514.8091,7515.0937,0.1128,0
7939,0,7514.9587,7515.6326,7515.9150,0.1158,0
7940,0,7515.7767,7516.7192,7517.0087,0.1194,0
7941,0,7516.8708,7517.5441,7517.8214,0.1138,0
7942,0,7517.7041,7518.3697,7518.6551,0.1160,0
7943,0,7518.5175,7519.4521,7519.7495,0.1124,0
7944,0,7519.5948,7520.2856,7520.5911,0.1137,0
7945,0,7520.4300,7521.1200,7521.4147,0.1092,0
7946,0,7521.2613,7522.2245,7522.5349,0.1343,0
7947,0,7522.3959,7523.1129,7523.4041,0.0994,0
7948,0,7523.2444,7523.9675,7524.2604,0.1122,0
7949,0,7524.1107,7525.1119,7525.4703,0.1656,0
7950,0,7525.3094,7526.0110,7526.3084,0.1101,0
7951,0,7526.1529,7526.8454,7527.1228,0.1111,0
7952,0,7526.9852,7527.9565,7528.3061,0.1212,0
7953,0,7528.1142,7528.8809,7529.1684,0.1127,0
7954,0,7529.0280,7529.7096,7530.0192,0.1131,0
7955,0,7529.8517,7530.7408,7531.1914,0.2558,0
7956,0,7531.0299,7531.7229,7532.0137,0.1104,0
7957,0,7531.8638,7532.5488,7532.8957,0.1167,0
7958,0,7532.7048,7533.6791,7533.9726,0.1238,0
7959,0,7533.8347,7534.5050,7534.7753,0.1111,0
7960,0,7534.6437,7535.3132,7535.6376,0.1209,0
7961,0,7535.4614,7536.4255,7536.7435,0.1621,0
7962,0,7536.6155,7537.2855,7537.5805,0.1106,0
7963,0,7537.4264,7538.1139,7538.4347,0.1087,0
7964,0,7538.2527,7539.2209,7539.5375,0.1166,0
7965,0,7539.3747,7540.0669,7540.3607,0.1091,0
7966,0,7540.2066,7540.8958,7541.2128,0.1079,0
7967,0,7541.0343,7542.0000,7542.2753,0.1140,0
7968,0,7542.1419,7542.8101,7543.1086,0.1161,0
7969,0,7542.9541,7543.6371,7543.9861,0.1105,0
7970,0,7543.7796,7544.7765,7545.0959,0.1129,0
7971,0,7544.9259,7545.6410,7545.9416,0.1115,0
7972,0,7545.7836,7546.4822,7546.8326,0.1077,0
7973,0,7546.6210,7547.6223,7547.9235,0.1093,0
7974,0,7547.7688,7548.4887,7548.8112,0.1028,0
7975,0,7548.6295,7549.3757,7549.6785,0.1302,0
7976,0,7549.5361,7550.3639,7550.6638,0.1123,0
7977,0,7550.5081,7551.1951,7551.4916,0.1100,0
7978,0,7551.3362,7552.0292,7552.3043,0.1087,0
7979,0,7552.1656,7553.2634,7553.5916,0.1136,0
7980,0,7553.4145,7554.1640,7554.4472,0.1117,0
7981,0,7554.3075,7555.0035,7555.2789,0.1126,0
7982,0,7555.1439,7555.9942,7556.2976,0.1122,0
7983,0,7556.1493,7556.8729,7557.1810,0.1113,0
7984,0,7557.0205,7557.7352,7558.0301,0.1050,0
7985,0,7557.8731,7558.7781,7559.0889,0.1165,0
7986,0,7558.9272,7559.6239,7559.9197,0.1104,0
7987,0,7559.7642,7560.4543,7560.8243,0.1658,0
7988,0,7560.6717,7561.4729,7561.7604,0.1147,0
7989,0,7561.6248,7562.3138,7562.6120,0.1119,0
7990,0,7562.4582,7563.1651,7563.5261,0.1361,0
7991,0,7563.3422,7564.3544,7564.6563,0.1152,0
7992,0,7564.5107,7565.2312,7565.5474,0.1122,0
7993,0,7565.3803,7566.1004,7566.4111,0.1033,0
7994,0,7566.2406,7567.0731,7567.3646,0.1128,0
7995,0,7567.2234,7567.9224,7568.1939,0.1118,0
7996,0,7568.0621,7568.7341,7569.0413,0.1064,0
7997,0,7568.8766,7569.8723,7570.2208,0.1606,0
7998,0,7570.0700,7570.7887,7571.0601,0.1071,0
7999,0,7570.9272,7571.5965,7571.9041,0.1366,0
8000,0,7571.7613,7572.5997,7572.9038,0.1131,0
8001,0,7572.7494,7573.4381,7573.7479,0.1149,0
8002,0,7573.5881,7574.3145,7574.6176,0.1148,0
8003,0,7574.4670,7575.2823,7575.5821,0.1148,0
8004,0,7575.4335,7576.1195,7576.4875,0.1144,0
8005,0,7576.2746,7577.0805,7577.3807,0.1083,0
8006,0,7577.2221,7578.1566,7578.4373,0.1135,0
8007,0,7578.3012,7578.9716,7579.2361,0.1065,0
8008,0,7579.1063,7579.7765,7580.1950,0.1063,0
8009,0,7579.9109,7580.9740,7581.2843,0.1144,0
8010,0,7581.1211,7581.8141,7582.1087,0.1096,0
8011,0,7581.9534,7582.6440,7582.9596,0.1133,0
8012,0,7582.7940,7583.6215,7583.9205,0.1184,0
8013,0,7583.7761,7584.4552,7584.7298,0.1141,0
8014,0,7584.5971,7585.2735,7585.5841,0.1110,0
8015,0,7585.4143,7586.3638,7586.6921,0.1674,0
8016,0,7586.5584,7587.2280,7587.5222,0.1115,0
8017,0,7587.3691,7588.0518,7588.3610,0.1119,0
8018,0,7588.1905,7589.1819,7589.4832,0.1145,0
8019,0,7589.3277,7590.0135,7590.3141,0.1082,0
8020,0,7590.1517,7590.8460,7591.1929,0.1159,0
8021,0,7590.9915,7592.0194,7592.3485,0.1165,0
8022,0,7592.1771,7592.8925,7593.1930,0.1111,0
8023,0,7593.0337,7593.7218,7594.0310,0.1164,0
8024,0,7593.8685,7594.8126,7595.0876,0.1147,0
8025,0,7594.9557,7595.6185,7595.8856,0.1112,0
8026,0,7595.7565,7596.4284,7596.8053,0.1099,0
8027,0,7596.5655,7597.5898,7597.8955,0.1108,0
8028,0,7597.7414,7598.4877,7598.8167,0.1124,0
8029,0,7598.6393,7599.3851,7599.7113,0.1170,0
8030,0,7599.5325,7600.3457,7600.7329,0.1596,0
8031,0,7600.5693,7601.2854,7601.5722,0.1183,0
8032,0,7601.4357,7602.1109,7602.4593,0.1470,0
8033,0,7602.2897,7603.0855,7603.4694,0.1643,0
8034,0,7603.2868,7604.0188,7604.3143,0.1096,0
8035,0,7604.1623,7604.8610,7605.1446,0.1064,0
8036,0,7605.0005,7605.9159,7606.1964,0.1152,0
8037,0,7606.0621,7606.7292,7607.0174,0.1136,0
8038,0,7606.8805,7607.5583,7607.8950,0.1101,0
8039,0,7607.6968,7608.6751,7608.9767,0.1104,0
8040,0,7608.8169,7609.5160,7609.8178,0.1101,0
8041,0,7609.6564,7610.3430,7610.6676,0.1085,0
8042,0,7610.4814,7611.4539,7611.7503,0.1134,0
8043,0,7611.5973,7612.2825,7612.5786,0.1112,0
8044,0,7612.4266,7613.1234,7613.4680,0.1118,0
8045,0,7613.2718,7614.2922,7614.5758,0.1089,0
8046,0,7614.4374,7615.1136,7615.3867,0.1106,0
8047,0,7615.2524,7615.9216,7616.2564,0.1056,0
8048,0,7616.0572,7617.0604,7617.3563,0.1139,0
8049,0,7617.2042,7617.8869,7618.1807,0.1099,0
8050,0,7618.0264,7618.7146,7619.0029,0.1086,0
8051,0,7618.8531,7619.7932,7620.1002,0.1166,0
8052,0,7619.9420,7620.6423,7620.9413,0.1117,0
8053,0,7620.7848,7621.4731,7621.7746,0.1068,0
8054,0,7621.6097,7622.5705,7623.0085,0.1193,0
8055,0,7622.7168,7623.5119,7623.9347,0.1169,0
8056,0,7623.7036,7624.4777,7624.8746,0.1090,0
8057,0,7624.6612,7625.4344,7625.7884,0.1110,0
8058,0,7625.6186,7626.3528,7626.8272,0.1102,0
8059,0,7626.4970,7627.3227,7627.6583,0.1167,0
8060,0,7627.4667,7628.2116,7628.5926,0.1158,0
8061,0,7628.3578,7629.0710,7629.4374,0.1112,0
8062,0,7629.2132,7629.9829,7630.3106,0.1069,0
8063,0,7630.1317,7631.1932,7631.5678,0.1143,0
8064,0,7631.3482,7632.1213,7632.4384,0.1131,0
8065,0,7632.2669,7633.2180,7633.6771,0.1620,0
8066,0,7633.4169,7634.2174,7634.5175,0.1120,0
8067,0,7634.3634,7635.0570,7635.3354,0.1153,0
8068,0,7635.2025,7636.1791,7636.5249,0.1680,0
8069,0,7636.3808,7637.0603,7637.3600,0.1111,0
8070,0,7637.2083,7637.9078,7638.1780,0.1064,0
8071,0,7638.0442,7639.0415,7639.3392,0.1121,0
8072,0,7639.1909,7639.8920,7640.1729,0.1093,0
8073,0,7640.0324,7640.7073,7641.0150,0.1162,0
8074,0,7640.8546,7641.8128,7642.1201,0.1207,0
8075,0,7641.9647,7642.6515,7642.9710,0.1170,0
8076,0,7642.8083,7643.5076,7643.8186,0.1165,0
8077,0,7643.6593,7644.6241,7644.9135,0.1236,0
8078,0,7644.7762,7645.4476,7645.7332,0.1173,0
8079,0,7645.5956,7646.2629,7646.5307,0.1116,0
8080,0,7646.4019,7647.4657,7647.7949,0.1622,0
8081,0,7647.6570,7648.3320,7648.6059,0.1111,0
8082,0,7648.4719,7649.1394,7649.4561,0.1161,0
8083,0,7649.2858,7650.2762,7650.6016,0.1176,0
8084,0,7650.4302,7651.1685,7651.5011,0.1100,0
8085,0,7651.3107,7652.0305,7652.3298,0.1070,0
8086,0,7652.1728,7653.1569,7653.4823,0.1188,0
8087,0,7653.3111,7654.0349,7654.3290,0.1084,0
8088,0,7654.1766,7654.8723,7655.1634,0.1070,0
8089,0,7655.0149,7655.9315,7656.2164,0.1208,0
8090,0,7656.0823,7656.7578,7657.0294,0.1109,0
8091,0,7656.8980,7657.5618,7657.8895,0.1107,0
8092,0,7657.7072,7658.6711,7658.9936,0.1233,0
8093,0,7658.8297,7659.5232,7659.8259,0.1121,0
8094,0,7659.6661,7660.3581,7660.6572,0.1089,0
8095,0,7660.4973,7661.4406,7661.7416,0.1179,0
8096,0,7661.5885,7662.2709,7662.6001,0.1153,0
8097,0,7662.4222,7663.1630,7663.5600,0.1050,0
8098,0,7663.3052,7664.3597,7664.6635,0.1106,0
8099,0,7664.5094,7665.2266,7665.5586,0.1078,0
8100,0,7665.3705,7666.0960,7666.3863,0.1050,0
8101,0,7666.2348,7667.0568,7667.3597,0.1181,0
8102,0,7667.2079,7667.8982,7668.1745,0.1122,0
8103,0,7668.0396,7668.7077,7669.0203,0.1020,0
8104,0,7668.8381,7669.7784,7670.1992,0.1540,0
8105,0,7669.9936,7670.7642,7671.0734,0.1117,0
8106,0,7670.9111,7671.6156,7671.9034,0.1089,0
8107,0,7671.7560,7672.5996,7672.9072,0.1154,0
8108,0,7672.7511,7673.4390,7673.7840,0.1151,0
8109,0,7673.5866,7674.3140,7674.5973,0.1044,0
8110,0,7674.4481,7675.2974,7675.5883,0.1114,0
8111,0,7675.4410,7676.1250,7676.4076,0.1109,0
8112,0,7676.2699,7676.9606,7677.3072,0.1086,0
8113,0,7677.1036,7678.0978,7678.4578,0.1628,0
8114,0,7678.2943,7679.0085,7679.2881,0.1115,0
8115,0,7679.1533,7679.8431,7680.1760,0.1093,0
8116,0,7679.9822,7680.9749,7681.2604,0.1124,0
8117,0,7681.1182,7681.8060,7682.1153,0.1055,0
8118,0,7681.9455,7682.6585,7682.9517,0.1143,0
8119,0,7682.8101,7683.6361,7683.9251,0.1117,0
8120,0,7683.7969,7684.4641,7684.7494,0.1160,0
8121,0,7684.6100,7685.2849,7685.6215,0.1126,0
8122,0,7685.4249,7686.4138,7686.7412,0.1177,0
8123,0,7686.5684,7687.2730,7687.5691,0.1095,0
8124,0,7687.4130,7688.1007,7688.4379,0.1097,0
8125,0,7688.2401,7689.2168,7689.4869,0.1123,0
8126,0,7689.3563,7690.0338,7690.3102,0.1112,0
8127,0,7690.1746,7690.8398,7691.2246,0.1141,0
8128,0,7690.9812,7691.9895,7692.2785,0.1153,0
8129,0,7692.1405,7692.8080,7693.0862,0.1110,0
8130,0,7692.9530,7693.6225,7693.9630,0.1112,0
8131,0,7693.7619,7694.9106,7695.1854,0.1150,0
8132,0,7695.0529,7695.7165,7696.0152,0.1120,0
8133,0,7695.8558,7696.5406,7696.8954,0.1051,0
8134,0,7696.7000,7697.6392,7697.9396,0.1118,0
8135,0,7697.7874,7698.4725,7698.7634,0.1105,0
8136,0,7698.6218,7699.3345,7699.7164,0.1641,0
8137,0,7699.5417,7700.3790,7700.6872,0.1241,0
8138,0,7700.5403,7701.2352,7701.5577,0.1111,0
8139,0,7701.3813,7702.1704,7702.5060,0.1185,0
8140,0,7702.3324,7703.1524,7703.4956,0.1182,0
8141,0,7703.3145,7704.0612,7704.3782,0.1074,0
8142,0,7704.2041,7704.9258,7705.2353,0.1404,0
8143,0,7705.1003,7705.8990,7706.2059,0.1137,0
8144,0,7706.0440,7706.7388,7707.0101,0.1108,0
8145,0,7706.8809,7707.5420,7707.8829,0.1115,0
8146,0,7707.6812,7708.5772,7708.9593,0.1622,0
8147,0,7708.7812,7709.5213,7709.8165,0.1057,0
8148,0,7709.6591,7710.3552,7710.6665,0.1116,0
8149,0,7710.4974,7711.5847,7711.8853,0.1157,0
8150,0,7711.7313,7712.4272,7712.7506,0.1126,0
8151,0,7712.5706,7713.2800,7713.7057,0.1130,0
8152,0,7713.4400,7714.3480,7714.6648,0.1144,0
8153,0,7714.4958,7715.2077,7715.4945,0.1133,0
8154,0,7715.3540,7716.0323,7716.3632,0.1420,0
8155,0,7716.2151,7717.0221,7717.4623,0.1237,0
8156,0,7717.1857,7717.9519,7718.2428,0.1098,0
8157,0,7718.0953,7718.7882,7719.1272,0.1640,0
8158,0,7718.9847,7719.8295,7720.1342,0.1123,0
8159,0,7719.9744,7720.6641,7720.9620,0.1108,0
8160,0,7720.8049,7721.4934,7721.7804,0.1055,0
8161,0,7721.6286,7722.5734,7722.8985,0.1187,0
8162,0,7722.7323,7723.4297,7723.7360,0.1108,0
8163,0,7723.5770,7724.2617,7724.5506,0.1074,0
8164,0,7724.4006,7725.3624,7725.6477,0.1166,0
8165,0,7725.5096,7726.1811,7726.4529,0.1120,0
8166,0,7726.3217,7726.9928,7727.3446,0.1116,0
8167,0,7727.1357,7728.2723,7728.5384,0.1132,0
8168,0,7728.4134,7729.0835,7729.3836,0.1126,0
8169,0,7729.2277,7729.9131,7730.2603,0.1563,0
8170,0,7730.1100,7730.9979,7731.2918,0.1132,0
8171,0,7731.1448,7731.8353,7732.1250,0.1039,0
8172,0,7731.9787,7732.7071,7733.0122,0.1217,0
8173,0,7732.8662,7733.6718,7733.9727,0.1141,0
8174,0,7733.8246,7734.5181,7734.7995,0.1155,0
8175,0,7734.6630,7735.3377,7735.6715,0.1104,0
8176,0,7735.4798,7736.4556,7736.7580,0.1120,0
8177,0,7736.5988,7737.2837,7737.5902,0.1126,0
8178,0,7737.4273,7738.1240,7738.4725,0.1108,0
8179,0,7738.2689,7739.2063,7739.4837,0.1121,0
8180,0,7739.3509,7740.0235,7740.3133,0.1137,0
8181,0,7740.1721,7740.8650,7741.2033,0.1117,0
8182,0,7741.0058,7742.0222,7742.3229,0.1155,0
8183,0,7742.1693,7742.8530,7743.1715,0.1172,0
8184,0,7743.0063,7743.6953,7744.0026,0.1093,0
8185,0,7743.8350,7744.9184,7745.2278,0.1164,0
8186,0,7745.0656,7745.7661,7746.0660,0.1103,0
8187,0,7745.9051,7746.5940,7746.9410,0.1326,0
8188,0,7746.7719,7747.6624,7747.9531,0.1101,0
8189,0,7747.8084,7748.4957,7748.7853,0.1031,0
8190,0,7748.6367,7749.3474,7749.7107,0.1634,0
8191,0,7749.5504,7750.3449,7750.6384,0.1170,0
8192,0,7750.4969,7751.1834,7751.4861,0.1126,0
8193,0,7751.3256,7752.0199,7752.3120,0.1078,0
8194,0,7752.1562,7753.1125,7753.4486,0.1192,0
8195,0,7753.2737,7753.9888,7754.2873,0.1102,0
8196,0,7754.1330,7754.8529,7755.1331,0.1077,0
8197,0,7754.9953,7755.9226,7756.2011,0.1138,0
8198,0,7756.0661,7756.7337,7757.0389,0.1232,0
8199,0,7756.8859,7757.5715,7757.8806,0.1084,0
8200,0,7757.7108,7758.6658,7758.9427,0.1133,0
8201,0,7758.8063,7759.4740,7759.7559,0.1114,0
8202,0,7759.6162,7760.2933,7760.6279,0.1117,0
8203,0,7760.4322,7761.3089,7761.6255,0.1256,0
8204,0,7761.4717,7762.1583,7762.4296,0.1117,0
8205,0,7762.2974,7762.9642,7763.2638,0.1131,0
8206,0,7763.1072,7763.9984,7764.4417,0.2571,0
8207,0,7764.2877,7764.9751,7765.2460,0.1113,0
8208,0,7765.1151,7765.7895,7766.1563,0.1103,0
8209,0,7765.9538,7767.0111,7767.2814,0.1147,0
8210,0,7767.2383,7767.8399,7768.1102,0.1107,0
8211,0,7767.9795,7768.6415,7768.9929,0.1108,0
8212,0,7768.7859,7769.8186,7770.1288,0.1146,0
8213,0,7769.9662,7770.6614,7770.9591,0.1098,0
8214,0,7770.7996,7771.4905,7771.7789,0.1081,0
8215,0,7771.6268,7772.5629,7772.8725,0.1206,0
8216,0,7772.7220,7773.4060,7773.7365,0.1144,0
8217,0,7773.5542,7774.2736,7774.5586,0.1019,0
8218,0,7774.4107,7775.3626,7775.6393,0.1142,0
8219,0,7775.5065,7776.1742,7776.4460,0.1122,0
8220,0,7776.3145,7776.9792,7777.3151,0.1097,0
8221,0,7777.1164,7778.2710,7778.5612,0.1119,0
8222,0,7778.4110,7779.0980,7779.3903,0.1108,0
8223,0,7779.2374,7779.9219,7780.2705,0.1324,0
8224,0,7780.0946,7780.9947,7781.4444,0.1119,0
8225,0,7781.1420,7781.9926,7782.3127,0.1154,0
8226,0,7782.1407,7782.8483,7783.4464,0.3964,0
8227,0,7783.2806,7783.9880,7784.3229,0.1118,0
8228,0,7784.1367,7784.8665,7785.1688,0.1118,0
8229,0,7785.0097,7785.6990,7786.1646,0.2771,0
8230,0,7786.0080,7786.6959,7786.9738,0.1100,0
8231,0,7786.8371,7787.5044,7787.7851,0.1096,0
8232,0,7787.6449,7788.3206,7788.5852,0.1049,0
8233,0,7788.4531,7789.2448,7789.5445,0.1124,0
8234,0,7789.3895,7790.0757,7790.3731,0.1100,0
8235,0,7790.2177,7790.9011,7791.2182,0.1100,0
8236,0,7791.0417,7792.0213,7792.2980,0.1137,0
8237,0,7792.1635,7792.8359,7793.1168,0.1103,0
8238,0,7792.9797,7793.6489,7793.9962,0.1113,0
8239,0,7793.7920,7794.7466,7795.1051,0.1667,0
8240,0,7794.9484,7795.6749,7795.9669,0.1064,0
8241,0,7795.8155,7796.5018,7797.0622,0.1467,0
8242,0,7796.6870,7797.7105,7798.0397,0.1155,0
8243,0,7797.8668,7798.5745,7798.8819,0.1083,0
8244,0,7798.7161,7799.4317,7799.7397,0.1070,0
8245,0,7799.5760,7800.3736,7800.6695,0.1125,0
8246,0,7800.5183,7801.2055,7801.4998,0.1105,0
8247,0,7801.3472,7802.0311,7802.3321,0.1076,0
8248,0,7802.1694,7803.1365,7803.4582,0.1146,0
8249,0,7803.2870,7803.9977,7804.2887,0.1099,0
8250,0,7804.1396,7804.8371,7805.1512,0.1096,0
8251,0,7804.9816,7805.9350,7806.2150,0.1130,0
8252,0,7806.0786,7806.7540,7807.0607,0.1123,0
8253,0,7806.8958,7807.5861,7807.9155,0.1106,0
8254,0,7807.7265,7808.7010,7808.9888,0.1136,0
8255,0,7808.8441,7809.5199,7809.8064,0.1123,0
8256,0,7809.6657,7810.3421,7810.6683,0.1079,0
8257,0,7810.4820,7811.4922,7811.7678,0.1137,0
8258,0,7811.6354,7812.3059,7812.6221,0.1122,0
8259,0,7812.4540,7813.1838,7813.5572,0.1100,0
8260,0,7813.3326,7814.4181,7814.7229,0.1131,0
8261,0,7814.5663,7815.2938,7815.6140,0.1097,0
8262,0,7815.4400,7816.1603,7816.4571,0.1120,0
8263,0,7816.3128,7817.1613,7817.4728,0.1120,0
8264,0,7817.3108,7818.0187,7818.3215,0.1094,0
8265,0,7818.1596,7818.8528,7819.1417,0.1056,0
8266,0,7818.9896,7819.8321,7820.1476,0.1164,0
8267,0,7819.9822,7820.6735,7820.9857,0.1097,0
8268,0,7820.8147,7821.5235,7821.8190,0.1071,0
8269,0,7821.6614,7822.6071,7822.9365,0.1234,0
8270,0,7822.7710,7823.4626,7823.7702,0.1120,0
8271,0,7823.6084,7824.2909,7824.5924,0.1073,0
8272,0,7824.4283,7825.3865,7825.6999,0.1179,0
8273,0,7825.5389,7826.2259,7826.5292,0.1107,0
8274,0,7826.3666,7827.0630,7827.4473,0.1793,0
8275,0,7827.2756,7828.2427,7828.6911,0.1199,0
8276,0,7828.4099,7829.2589,7829.5579,0.1071,0
8277,0,7829.4018,7830.0975,7830.4163,0.1096,0
8278,0,7830.2487,7831.2561,7831.5636,0.1119,0
8279,0,7831.4089,7832.1020,7832.4022,0.1106,0
8280,0,7832.2504,7832.9515,7833.4996,0.3655,0
8281,0,7833.3573,7834.0809,7834.3743,0.1104,0
8282,0,7834.2265,7834.9223,7835.2120,0.1107,0
8283,0,7835.0695,7836.0319,7836.3293,0.1117,0
8284,0,7836.1734,7836.8606,7837.1498,0.1141,0
8285,0,7837.0056,7837.6779,7837.9898,0.1165,0
8286,0,7837.8259,7838.5201,7838.9962,0.2789,0
8287,0,7838.8370,7839.5249,7839.8341,0.1154,0
8288,0,7839.6732,7840.3675,7840.6499,0.1131,0
8289,0,7840.5122,7841.1779,7841.4687,0.1123,0
8290,0,7841.3178,7842.0659,7842.3654,0.1096,0
8291,0,7842.2091,7842.9249,7843.2362,0.1118,0
8292,0,7843.0707,7843.7719,7844.0422,0.1051,0
8293,0,7843.9093,7844.8674,7845.1774,0.1157,0
8294,0,7845.0234,7845.7169,7845.9964,0.1126,0
8295,0,7845.8603,7846.5454,7846.8720,0.1009,0
8296,0,7846.6778,7847.4452,7847.8998,0.2674,0
8297,0,7847.7489,7848.4613,7848.7423,0.1141,0
8298,0,7848.6109,7849.2974,7849.5712,0.1021,0
8299,0,7849.4559,7850.3910,7850.6889,0.1119,0
8300,0,7850.5335,7851.2195,7851.5100,0.1090,0
8301,0,7851.3584,7852.0372,7852.3593,0.1080,0
8302,0,7852.1725,7853.1533,7853.4876,0.1202,0
8303,0,7853.3073,7854.0133,7854.3147,0.1100,0
8304,0,7854.1552,7854.8625,7855.1469,0.1076,0
8305,0,7855.0015,7855.8345,7856.1111,0.1131,0
8306,0,7855.9809,7856.6490,7856.9457,0.1117,0
8307,0,7856.7893,7857.4763,7857.8037,0.1113,0
8308,0,7857.6179,7858.6222,7858.9264,0.1182,0
8309,0,7858.7712,7859.4562,7859.7420,0.1088,0
8310,0,7859.5945,7860.2756,7860.6830,0.1160,0
8311,0,7860.4300,7861.6351,7861.9493,0.1139,0
8312,0,7861.7781,7862.4930,7862.7830,0.1115,0
8313,0,7862.6337,7863.3229,7863.6435,0.1112,0
8314,0,7863.4628,7864.3899,7864.6817,0.1116,0
8315,0,7864.5352,7865.2082,7865.5222,0.1102,0
8316,0,7865.3670,7866.0874,7866.3993,0.1022,0
8317,0,7866.2249,7867.1453,7867.4232,0.1144,0
8318,0,7867.2903,7867.9562,7868.2537,0.1114,0
8319,0,7868.0979,7868.7830,7869.1467,0.1561,0
8320,0,7868.9742,7869.8307,7870.1440,0.1159,0
8321,0,7869.9789,7870.6742,7870.9773,0.1125,0
8322,0,7870.8172,7871.5109,7871.8129,0.1066,0
8323,0,7871.6476,7872.6119,7872.9336,0.1189,0
8324,0,7872.7706,7873.4625,7873.8039,0.1171,0
8325,0,7873.6195,7874.3601,7874.7157,0.1401,0
8326,0,7874.5360,7875.3651,7875.6411,0.1143,0
8327,0,7875.5106,7876.1759,7876.5108,0.1166,0
8328,0,7876.3435,7877.0566,7877.3539,0.1075,0
8329,0,7877.1954,7878.0962,7878.4178,0.1657,0
8330,0,7878.2897,7878.9581,7879.2274,0.1111,0
8331,0,7879.0972,7879.7609,7880.1067,0.1110,0
8332,0,7879.8999,7880.9926,7881.3011,0.1139,0
8333,0,7881.1394,7881.8272,7882.1221,0.1085,0
8334,0,7881.9669,7882.6500,7882.9538,0.1136,0
8335,0,7882.8043,7883.6127,7883.8903,0.1089,0
8336,0,7883.7530,7884.4216,7884.6936,0.1140,0
8337,0,7884.5639,7885.2296,7885.5670,0.1100,0
8338,0,7885.3691,7886.3732,7886.6533,0.1190,0
8339,0,7886.5198,7887.1806,7887.4464,0.1116,0
8340,0,7887.3194,7887.9822,7888.2576,0.1132,0
8341,0,7888.1226,7889.0718,7889.3853,0.1193,0
8342,0,7889.2272,7889.9180,7890.2158,0.1103,0
8343,0,7890.0595,7890.7420,7891.0543,0.1176,0
8344,0,7890.8931,7891.6091,7891.9977,0.1937,0
8345,0,7891.8385,7892.5489,7892.8688,0.1160,0
8346,0,7892.7045,7893.4021,7893.7148,0.1180,0
8347,0,7893.5494,7894.4781,7894.8081,0.1657,0
8348,0,7894.6720,7895.3452,7895.6460,0.1111,0
8349,0,7895.4867,7896.1732,7896.4446,0.1115,0
8350,0,7896.3121,7897.1729,7897.6240,0.2567,0
8351,0,7897.4632,7898.1532,7898.4339,0.1096,0
8352,0,7898.2933,7898.9624,7899.2676,0.1110,0
8353,0,7899.1050,7900.0612,7900.3383,0.1194,0
8354,0,7900.2090,7900.8785,7901.1741,0.1100,0
8355,0,7901.0185,7901.7000,7901.9733,0.1115,0
8356,0,7901.8415,7902.7886,7903.0977,0.1144,0
8357,0,7902.9345,7903.6265,7903.9146,0.1134,0
8358,0,7903.7748,7904.4531,7904.7246,0.1133,0
8359,0,7904.5937,7905.5231,7905.8187,0.1132,0
8360,0,7905.6655,7906.3601,7906.6951,0.1238,0
8361,0,7906.5252,7907.2571,7907.5669,0.1067,0
8362,0,7907.3984,7908.3732,7908.6690,0.1337,0
8363,0,7908.5365,7909.2059,7909.5134,0.1111,0
8364,0,7909.3492,7910.0473,7910.3086,0.1053,0
8365,0,7910.1806,7911.1152,7911.4008,0.1181,0
8366,0,7911.2619,7911.9343,7912.2387,0.1139,0
8367,0,7912.0805,7912.7654,7913.0343,0.1114,0
8368,0,7912.9062,7913.7631,7914.2121,0.2610,0
8369,0,7914.0529,7914.7447,7915.0238,0.1103,0
8370,0,7914.8862,7915.5564,7915.8365,0.1156,0
8371,0,7915.7010,7916.6390,7916.9342,0.1161,0
8372,0,7916.7901,7917.4670,7917.7379,0.1115,0
8373,0,7917.6062,7918.2681,7918.5343,0.1108,0
8374,0,7918.4059,7919.0673,7919.5975,0.3440,0
8375,0,7919.4469,7920.1710,7920.4739,0.1096,0
8376,0,7920.3144,7921.0626,7921.3889,0.1148,0
8377,0,7921.2173,7922.1988,7922.5226,0.1093,0
8378,0,7922.3444,7923.0661,7923.3645,0.1120,0
8379,0,7923.2208,7923.9285,7924.2340,0.1134,0
8380,0,7924.0751,7925.0036,7925.3550,0.1646,0
8381,0,7925.2008,7925.8954,7926.1982,0.1132,0
8382,0,7926.0499,7926.7412,7927.0194,0.1132,0
8383,0,7926.8841,7927.8138,7928.0871,0.1142,0
8384,0,7927.9586,7928.6283,7928.9252,0.1100,0
8385,0,7928.7747,7929.4989,7929.7701,0.1036,0
8386,0,7929.6322,7930.4946,7930.9260,0.2569,0
8387,0,7930.7835,7931.4562,7931.7338,0.1094,0
8388,0,7931.6147,7932.2780,7932.6003,0.1099,0
8389,0,7932.4288,7933.5200,7933.8578,0.1210,0
8390,0,7933.6800,7934.4006,7934.7184,0.1155,0
8391,0,7934.5473,7935.2440,7935.5596,0.1102,0
8392,0,7935.3846,7936.3789,7936.6874,0.1161,0
8393,0,7936.5293,7937.2138,7937.5715,0.1048,0
8394,0,7937.3562,7938.1343,7938.4553,0.1135,0
8395,0,7938.2795,7939.3482,7939.6630,0.1113,0
8396,0,7939.4933,7940.2043,7940.4789,0.1128,0
8397,0,7940.3475,7941.0136,7941.3655,0.1819,0
8398,0,7941.2280,7942.0267,7942.2987,0.1142,0
8399,0,7942.1684,7942.8308,7943.1645,0.1173,0
8400,0,7942.9882,7943.6858,7944.0008,0.1091,0
8401,0,7943.8256,7944.7825,7945.0837,0.1168,0
8402,0,7944.9274,7945.6119,7945.9063,0.1119,0
8403,0,7945.7530,7946.4320,7946.8354,0.1087,0
8404,0,7946.5701,7947.6381,7947.9270,0.1108,0
8405,0,7947.7804,7948.4682,7948.7552,0.1083,0
8406,0,7948.6087,7949.2948,7949.5954,0.1087,0
8407,0,7949.4341,7950.3872,7950.6586,0.1150,0
8408,0,7950.5297,7951.1936,7951.4883,0.1090,0
8409,0,7951.3324,7952.0126,7952.3400,0.1080,0
8410,0,7952.1505,7953.1147,7953.4697,0.1220,0
8411,0,7953.2813,7954.0069,7954.3083,0.1104,0
8412,0,7954.1543,7954.8873,7955.2034,0.1032,0
8413,0,7955.0261,7955.9808,7956.2549,0.1134,0
8414,0,7956.1241,7956.7966,7957.0743,0.1167,0
8415,0,7956.9424,7957.6209,7957.9341,0.1192,0
8416,0,7957.7825,7958.7336,7959.0327,0.1127,0
8417,0,7958.8746,7959.5595,7959.8614,0.1101,0
8418,0,7959.7038,7960.3912,7960.6896,0.1043,0
8419,0,7960.5257,7961.4660,7961.7634,0.1116,0
8420,0,7961.6085,7962.2985,7962.6187,0.1138,0
8421,0,7962.4499,7963.1798,7963.5536,0.1057,0
8422,0,7963.3261,7964.4270,7964.7190,0.1109,0
8423,0,7964.5701,7965.2591,7965.5729,0.1063,0
8424,0,7965.4027,7966.1149,7966.3792,0.1042,0
8425,0,7966.2478,7967.1111,7967.3864,0.1129,0
8426,0,7967.2556,7967.9254,7968.2552,0.1092,0
8427,0,7968.0648,7968.7993,7969.1959,0.1648,0
8428,0,7968.9990,7969.8298,7970.1671,0.1227,0
8429,0,7969.9860,7970.6931,7970.9963,0.1124,0
8430,0,7970.8341,7971.5255,7971.8588,0.1378,0
8431,0,7971.6993,7972.6524,7972.9466,0.1146,0
8432,0,7972.7998,7973.5075,7973.8619,0.1117,0
8433,0,7973.6605,7974.3985,7974.6999,0.1182,0
8434,0,7974.5503,7975.3355,7975.6220,0.1184,0
8435,0,7975.4869,7976.1550,7976.4372,0.1116,0
8436,0,7976.2973,7976.9680,7977.3668,0.1158,0
8437,0,7977.1301,7978.1889,7978.5041,0.1193,0
8438,0,7978.3463,7979.0473,7979.3453,0.1099,0
8439,0,7979.1934,7979.8891,7980.2088,0.1011,0
8440,0,7980.0295,7981.0712,7981.3647,0.1112,0
8441,0,7981.2179,7981.9051,7982.1929,0.1090,0
8442,0,7982.0495,7982.7301,7983.0066,0.1102,0
8443,0,7982.8726,7983.7181,7984.0012,0.1097,0
8444,0,7983.8607,7984.5298,7984.8262,0.1125,0
8445,0,7984.6767,7985.3723,7985.6993,0.1098,0
8446,0,7985.5116,7986.4807,7986.8060,0.1184,0
8447,0,7986.6320,7987.3480,7987.6416,0.1128,0
8448,0,7987.4951,7988.1742,7988.5057,0.1516,0
8449,0,7988.3594,7989.2701,7989.5633,0.1152,0
8450,0,7989.4217,7990.1333,7990.4098,0.1110,0
8451,0,7990.2773,7990.9401,7991.2059,0.1080,0
8452,0,7991.0764,7992.0309,7992.3075,0.1157,0
8453,0,7992.1745,7992.8332,7993.1243,0.1126,0
8454,0,7992.9839,7993.6550,7994.0026,0.1112,0
8455,0,7993.7972,7994.7799,7995.0552,0.1146,0
8456,0,7994.9222,7995.5856,7995.8635,0.1125,0
8457,0,7995.7251,7996.3892,7996.6956,0.1094,0
8458,0,7996.5285,7997.4155,7997.8648,0.2622,0
8459,0,7997.7085,7998.3944,7998.6615,0.1110,0
8460,0,7998.5335,7999.1969,7999.5570,0.1239,0
8461,0,7999.3555,8000.3555,8000.6303,0.1167,0
8462,0,8000.5008,8001.1648,8001.4236,0.1114,0
