frame,interpolated,sample_ms,ready_ms,present_ms,gpu_wait_ms,caught_up
0,0,9.7061,15.2721,19.2280,2.9264,0
1,1,18.3210,20.9402,24.5138,3.2974,0
1,0,18.3210,20.9402,26.8744,0.0418,1
2,1,24.5975,26.7291,29.5245,2.5063,0
2,0,24.5975,26.7291,33.2330,1.9043,0
3,1,31.4514,33.8939,34.1799,0.1174,0
3,0,31.4514,33.8939,36.5853,0.0376,1
4,1,34.2362,36.3805,36.9950,0.2693,0
4,0,34.2362,36.3805,39.4032,0.0412,0
5,1,37.0636,39.3990,39.5855,0.0536,0
5,0,37.0636,39.3990,41.3055,0.0366,1
6,1,39.6436,41.1121,41.5949,0.1619,0
6,0,39.6436,41.1121,43.0423,0.0359,1
7,1,41.6531,42.8532,43.2199,0.0516,0
7,0,41.6531,42.8532,44.8722,0.2840,1
8,1,43.5237,44.6952,45.0463,0.0441,0
8,0,43.5237,44.6952,46.7145,0.0355,1
9,1,45.0991,46.5464,46.9377,0.0525,0
9,0,45.0991,46.5464,48.4409,0.0458,1
10,1,47.0098,48.2260,48.6003,0.0371,0
10,0,47.0098,48.2260,50.2110,0.0344,1
11,1,48.6523,50.0705,50.4344,0.0975,0
11,0,48.6523,50.0705,52.0204,0.0352,0
12,1,50.4880,52.0148,52.3369,0.1889,0
12,0,50.4880,52.0148,53.8533,0.0354,0
13,1,52.3912,53.7197,54.2377,0.1995,0
13,0,52.3912,53.7197,55.6729,0.0552,0
14,1,54.3185,55.8488,56.0914,0.0871,0
14,0,54.3185,55.8488,57.4688,0.0378,0
15,1,56.1483,57.5087,57.9767,0.2705,0
15,0,56.1483,57.5087,59.3043,0.1800,0
16,1,58.1811,59.3617,59.6285,0.0858,0
16,0,58.1811,59.3617,60.8884,0.0347,0
17,1,59.7053,61.1281,61.4734,0.1785,0
17,0,59.7053,61.1281,62.7222,0.0439,0
18,1,61.5404,62.7258,63.2531,0.3426,0
18,0,61.5404,62.7258,64.4251,0.0469,0
19,1,63.3270,64.5404,64.7762,0.0847,0
19,0,63.3270,64.5404,65.8912,0.0489,0
20,1,64.8451,66.5235,66.7815,0.0824,0
20,0,64.8451,66.5235,67.9609,0.0360,0
21,1,66.8386,68.0290,68.2615,0.0869,0
21,0,66.8386,68.0290,69.3306,0.0354,0
22,1,68.3149,69.6351,69.9839,0.2028,0
22,0,68.3149,69.6351,71.1117,0.0365,0
23,1,70.0380,71.5108,71.9746,0.2552,0
23,0,70.0380,71.5108,73.0055,0.0416,0
24,1,72.0387,73.2234,73.5805,0.0787,0
24,0,72.0387,73.2234,74.5876,0.4796,0
25,1,74.0902,75.2687,75.5479,0.0868,0
25,0,74.0902,75.2687,76.5210,0.0470,0
26,1,75.6356,76.8397,77.4558,0.3684,0
26,0,75.6356,76.8397,78.4136,0.0436,0
27,1,77.5202,78.7575,79.2668,0.2517,0
27,0,77.5202,78.7575,80.1888,0.0658,0
28,1,79.3542,80.8047,81.2179,0.2285,0
28,0,79.3542,80.8047,82.1402,0.0442,0
29,1,81.2840,82.4700,83.0149,0.3799,0
29,0,81.2840,82.4700,83.9198,0.0385,0
30,1,83.0723,84.2554,84.6283,0.0874,0
30,0,83.0723,84.2554,85.5063,0.0429,0
31,1,84.6939,86.1087,86.5603,0.1955,0
31,0,84.6939,86.1087,87.4478,0.1465,0
32,1,86.7302,88.2636,88.5810,0.0795,0
32,0,86.7302,88.2636,89.4708,0.0429,0
33,1,88.6452,89.8367,90.1019,0.0865,0
33,0,88.6452,89.8367,90.9733,0.0349,0
34,1,90.1563,91.9019,92.1608,0.0890,0
34,0,90.1563,91.9019,93.0358,0.0349,0
35,1,92.2134,93.3823,93.8911,0.3554,0
35,0,92.2134,93.3823,94.7508,0.0378,0
36,1,93.9461,95.1231,95.3586,0.0819,0
36,0,93.9461,95.1231,96.1927,0.0370,0
37,1,95.4134,96.9037,97.3630,0.2662,0
37,0,95.4134,96.9037,98.2168,0.0421,0
38,1,97.4260,98.6072,98.8443,0.0890,0
38,0,97.4260,98.6072,99.6670,0.3403,0
39,1,99.2093,100.4179,100.6748,0.0859,0
39,0,99.2093,100.4179,101.5007,0.0356,0
40,1,100.7310,101.9088,102.4386,0.3352,0
40,0,100.7310,101.9088,103.2939,0.0585,0
41,1,102.5202,103.7020,104.1359,0.0822,0
41,0,102.5202,103.7020,105.0014,0.0428,0
42,1,104.2015,105.7089,105.9681,0.0892,0
42,0,104.2015,105.7089,106.9012,0.0424,0
43,1,106.0290,107.4003,107.7531,0.0891,0
43,0,106.0290,107.4003,108.5693,0.0798,0
44,1,107.8567,109.0429,109.3035,0.0791,0
44,0,107.8567,109.0429,110.1118,0.0433,0
45,1,109.3646,110.8080,111.0752,0.0709,0
45,0,109.3646,110.8080,111.8736,0.0375,0
46,1,111.1362,112.3187,112.6143,0.0868,0
46,0,111.1362,112.3187,113.4195,0.2510,0
47,1,112.8886,114.0717,114.4531,0.0884,0
47,0,112.8886,114.0717,115.2699,0.0444,0
48,1,114.5206,115.6997,116.2698,0.3838,0
48,0,114.5206,115.6997,117.0520,0.0465,0
49,1,116.3407,117.5179,117.7850,0.0872,0
49,0,116.3407,117.5179,118.5743,0.0371,0
50,1,117.8415,119.4931,119.7688,0.0861,0
50,0,117.8415,119.4931,120.5514,0.0373,0
51,1,119.8444,121.1904,121.8398,0.3524,0
51,0,119.8444,121.1904,122.6404,0.0416,0
52,1,121.9036,123.0977,123.4211,0.0808,0
52,0,121.9036,123.0977,124.2011,0.0373,0
53,1,123.4897,125.0775,125.4891,0.2244,0
53,0,123.4897,125.0775,126.2838,0.0437,0
54,1,125.6211,126.8124,127.3749,0.3744,0
54,0,125.6211,126.8124,128.1654,0.0381,0
55,1,127.4345,128.6235,128.8712,0.0793,0
55,0,127.4345,128.6235,129.6735,0.0895,0
56,1,128.9857,130.5363,130.9908,0.2683,0
56,0,128.9857,130.5363,131.8516,0.0390,0
57,1,131.0513,132.2364,132.8076,0.4045,0
57,0,131.0513,132.2364,133.6204,0.0427,0
58,1,132.8717,134.0488,134.3234,0.0897,0
58,0,132.8717,134.0488,135.1102,0.0427,0
59,1,134.4609,135.9285,136.3734,0.2609,0
59,0,134.4609,135.9285,137.1546,0.0379,0
60,1,136.4329,137.6226,138.1753,0.3462,0
60,0,136.4329,137.6226,138.9654,0.0481,0
61,1,138.2458,139.4331,139.6946,0.0905,0
61,0,138.2458,139.4331,140.4667,0.0359,0
62,1,139.7486,141.1038,141.3857,0.0826,0
62,0,139.7486,141.1038,142.1662,0.1597,0
63,1,141.5649,142.7337,143.0191,0.1196,0
63,0,141.5649,142.7337,143.8497,0.0352,0
64,1,143.0728,144.5342,144.9103,0.1968,0
64,0,143.0728,144.5342,145.7158,0.0444,0
65,1,144.9760,146.1593,146.7142,0.3497,0
65,0,144.9760,146.1593,147.4939,0.0533,0
66,1,146.7914,147.9737,148.2290,0.0845,0
66,0,146.7914,147.9737,148.9930,0.0356,0
67,1,148.2858,149.7413,150.1821,0.2601,0
67,0,148.2858,149.7413,150.9528,0.0432,0
68,1,150.2466,151.4243,151.6872,0.0901,0
68,0,150.2466,151.4243,152.4490,0.2834,0
69,1,151.9894,153.1594,153.4770,0.0878,0
69,0,151.9894,153.1594,154.2422,0.0944,0
70,1,153.5936,154.8657,155.4053,0.3661,0
70,0,153.5936,154.8657,156.1624,0.0500,0
71,1,155.4785,156.6641,156.9381,0.0877,0
71,0,155.4785,156.6641,157.6908,0.4481,0
72,1,157.4277,158.8058,159.1089,0.1200,0
72,0,157.4277,158.8058,159.8636,0.0452,0
73,1,159.1755,160.3696,160.9335,0.3910,0
73,0,159.1755,160.3696,161.6840,0.0359,0
74,1,160.9879,162.1645,162.4324,0.0868,0
74,0,160.9879,162.1645,163.2828,0.0404,0
75,1,162.4996,164.0458,164.3124,0.0888,0
75,0,162.4996,164.0458,165.0986,0.0369,0
76,1,164.3708,165.5583,166.0899,0.3463,0
76,0,164.3708,165.5583,166.8537,0.0426,0
77,1,166.1582,167.4073,167.6725,0.0844,0
77,0,166.1582,167.4073,168.4309,0.0440,0
78,1,167.7357,169.1800,169.6174,0.2597,0
78,0,167.7357,169.1800,170.3831,0.0360,0
79,1,169.6715,170.8327,171.1007,0.0883,0
79,0,169.6715,170.8327,171.9013,0.0410,0
80,1,171.1646,172.5368,172.9332,0.2101,0
80,0,171.1646,172.5368,173.6975,0.0445,0
81,1,173.0028,174.3910,174.6613,0.0874,0
81,0,173.0028,174.3910,175.4271,0.1580,0
82,1,174.8388,176.0104,176.3192,0.0911,0
82,0,174.8388,176.0104,177.1426,0.0400,0
83,1,176.3874,177.7887,178.2358,0.2745,0
83,0,176.3874,177.7887,179.0610,0.0363,0
84,1,178.2904,179.4557,179.9521,0.3477,0
84,0,178.2904,179.4557,180.7095,0.0746,0
85,1,180.0482,181.2301,181.4960,0.0783,0
85,0,180.0482,181.2301,182.2558,0.0465,0
86,1,181.6630,183.1409,183.5916,0.2569,0
86,0,181.6630,183.1409,184.3602,0.0439,0
87,1,183.6548,184.8265,185.3936,0.3468,0
87,0,183.6548,184.8265,186.1609,0.1199,0
88,1,185.5355,186.7135,186.9929,0.0859,0
88,0,185.5355,186.7135,187.7466,0.0368,0
89,1,187.0507,188.5901,189.1758,0.3986,0
89,0,187.0507,188.5901,189.9507,0.0441,0
90,1,189.2410,190.6377,190.9228,0.0901,0
90,0,189.2410,190.6377,191.7088,0.1556,0
91,1,191.1031,192.2997,192.5675,0.0940,0
91,0,191.1031,192.2997,193.3426,0.0431,0
92,1,192.6310,194.1605,194.4128,0.0717,0
92,0,192.6310,194.1605,195.1910,0.0506,0
93,1,194.4847,195.6647,195.9230,0.0892,0
93,0,194.4847,195.6647,196.7310,0.2009,0
94,1,196.1623,197.6369,197.8789,0.0634,0
94,0,196.1623,197.6369,198.6819,0.0436,0
95,1,197.9440,199.1263,199.7336,0.3934,0
95,0,197.9440,199.1263,200.5090,0.0439,0
96,1,199.7988,200.9929,201.2975,0.0789,0
96,0,199.7988,200.9929,202.1438,0.0428,0
97,1,201.3586,202.7719,203.1439,0.2000,0
97,0,201.3586,202.7719,203.9868,0.0428,0
98,1,203.2048,204.3719,204.8823,0.3400,0
98,0,203.2048,204.3719,205.6462,0.0512,0
99,1,204.9582,206.1537,206.4119,0.0844,0
99,0,204.9582,206.1537,207.1792,0.0358,0
100,1,206.4701,207.8459,208.1061,0.0817,0
100,0,206.4701,207.8459,208.8679,0.3087,0
101,1,208.4343,209.5992,209.8562,0.0899,0
101,0,208.4343,209.5992,210.6109,0.0370,0
102,1,209.9141,211.3433,211.6066,0.0888,0
102,0,209.9141,211.3433,212.4912,0.0390,0
103,1,211.6653,212.8437,213.3851,0.3602,0
103,0,211.6653,212.8437,214.1835,0.0492,0
104,1,213.5037,214.6806,214.9400,0.0912,0
104,0,213.5037,214.6806,215.6928,0.0355,0
105,1,214.9934,216.4380,216.8824,0.2551,0
105,0,214.9934,216.4380,217.6465,0.0380,0
106,1,216.9428,218.1338,218.3958,0.0869,0
106,0,216.9428,218.1338,219.1572,0.1847,0
107,1,218.6219,219.9646,220.3234,0.0584,0
107,0,218.6219,219.9646,221.0993,0.0573,0
108,1,220.4139,221.6859,222.2543,0.3921,0
108,0,220.4139,221.6859,223.0154,0.0418,0
109,1,222.3186,223.4927,223.9348,0.2545,0
109,0,222.3186,223.4927,224.6934,0.1377,0
110,1,224.0992,225.2858,225.5572,0.0807,0
110,0,224.0992,225.2858,226.3137,0.0367,0
111,1,225.6151,226.7855,227.3537,0.3882,0
111,0,225.6151,226.7855,228.1588,0.0368,0
112,1,227.4128,228.5963,228.8635,0.0893,0
112,0,227.4128,228.5963,229.6175,0.0370,0
113,1,228.9201,230.3431,230.8905,0.3718,0
113,0,228.9201,230.3431,231.6426,0.0365,0
114,1,230.9454,232.1285,232.6612,0.3647,0
114,0,230.9454,232.1285,233.4077,0.0479,0
115,1,232.7300,233.9075,234.1864,0.0804,0
115,0,232.7300,233.9075,234.9281,0.0437,0
116,1,234.2530,235.4319,235.9974,0.3728,0
116,0,234.2530,235.4319,236.7392,0.0423,0
117,1,236.0644,237.2439,237.5131,0.0885,0
117,0,236.0644,237.2439,238.2499,0.0370,0
118,1,237.5730,238.9391,239.3184,0.1954,0
118,0,237.5730,238.9391,240.0940,0.0445,0
119,1,239.3808,240.7359,241.0154,0.0882,0
119,0,239.3808,240.7359,241.7643,0.2231,0
120,1,241.2605,242.4414,242.7012,0.0838,0
120,0,241.2605,242.4414,243.4454,0.0944,0
121,1,242.8142,244.2604,244.5166,0.0878,0
121,0,242.8142,244.2604,245.2689,0.0496,0
122,1,244.5868,245.7615,246.0223,0.0893,0
122,0,244.5868,245.7615,246.7688,0.2891,0
123,1,246.3307,247.4994,247.7576,0.0837,0
123,0,246.3307,247.4994,248.5280,0.0363,0
124,1,247.8114,248.9768,249.4886,0.3094,0
124,0,247.8114,248.9768,250.2300,0.0626,0
125,1,249.5702,250.8058,251.1071,0.0877,0
125,0,249.5702,250.8058,251.8767,0.0937,0
126,1,251.2209,252.6970,253.2121,0.2617,0
126,0,251.2209,252.6970,254.0111,0.0917,0
127,1,253.3255,254.9749,255.2610,0.0893,0
127,0,253.3255,254.9749,256.0316,0.0398,0
128,1,255.3213,256.4915,256.8007,0.0817,0
128,0,255.3213,256.4915,257.5781,0.0386,0
129,1,256.8658,258.5622,258.8219,0.0841,0
129,0,256.8658,258.5622,259.8217,0.0445,0
130,1,258.8896,260.0896,260.6365,0.3831,0
130,0,258.8896,260.0896,261.4124,0.0382,0
131,1,260.6956,261.8828,262.1419,0.0854,0
131,0,260.6956,261.8828,262.9132,0.0977,0
132,1,262.2572,263.6914,264.1284,0.2572,0
132,0,262.2572,263.6914,264.9066,0.0445,0
133,1,264.1903,265.3816,265.9407,0.3508,0
133,0,264.1903,265.3816,266.7307,0.0655,0
134,1,266.0364,267.2298,267.4909,0.0837,0
134,0,266.0364,267.2298,268.2545,0.0436,0
135,1,267.5554,268.7340,269.2560,0.3557,0
135,0,267.5554,268.7340,270.0187,0.0516,0
136,1,269.3283,270.5077,270.7672,0.0891,0
136,0,269.3283,270.5077,271.5413,0.0353,0
137,1,270.8206,272.4369,272.6943,0.0885,0
137,0,270.8206,272.4369,273.5263,0.0345,0
138,1,272.7464,274.1003,274.3821,0.0896,0
138,0,272.7464,274.1003,275.1620,0.1500,0
139,1,274.5526,275.7314,276.0033,0.0847,0
139,0,274.5526,275.7314,276.7766,0.0366,0
140,1,276.0599,277.5170,277.7763,0.0810,0
140,0,276.0599,277.5170,278.5547,0.0502,0
141,1,277.8502,279.0319,279.3430,0.0668,0
141,0,277.8502,279.0319,280.1147,0.0385,0
142,1,279.4385,280.8470,281.1151,0.0888,0
142,0,279.4385,280.8470,281.8866,0.0373,0
143,1,281.1717,282.3391,282.8950,0.3566,0
143,0,281.1717,282.3391,283.6759,0.0493,0
144,1,282.9670,284.1509,284.4086,0.0882,0
144,0,282.9670,284.1509,285.1819,0.0369,0
145,1,284.4731,285.9244,286.1821,0.0869,0
145,0,284.4731,285.9244,286.9552,0.0563,0
146,1,286.2893,287.6760,287.9104,0.0615,0
146,0,286.2893,287.6760,288.6831,0.3943,0
147,1,288.3271,289.5099,289.7739,0.0857,0
147,0,288.3271,289.5099,290.5374,0.0356,0
148,1,289.8342,291.3025,291.7866,0.2741,0
148,0,289.8342,291.3025,292.5651,0.0463,0
149,1,291.8568,293.0391,293.3039,0.0876,0
149,0,291.8568,293.0391,294.0740,0.1998,0
150,1,293.5324,294.6970,294.9643,0.0965,0
150,0,293.5324,294.6970,295.7293,0.0363,0
151,1,295.0192,296.1889,296.8324,0.4465,0
151,0,295.0192,296.1889,297.5906,0.0420,0
152,1,296.9144,298.0985,298.3515,0.0890,0
152,0,296.9144,298.0985,299.1049,0.0972,0
153,1,298.4663,299.9236,300.3592,0.2631,0
153,0,298.4663,299.9236,301.1245,0.0362,0
154,1,300.4131,301.5722,302.1495,0.3293,0
154,0,300.4131,301.5722,302.9119,0.0811,0
155,1,302.2520,303.4331,303.6853,0.0866,0
155,0,302.2520,303.4331,304.4297,0.0364,0
156,1,303.7397,304.9736,305.5432,0.3910,0
156,0,303.7397,304.9736,306.2863,0.0373,0
157,1,305.5999,306.7709,307.0543,0.0495,0
157,0,305.5999,306.7709,307.7994,0.3650,0
158,1,307.4400,308.6245,308.8908,0.0776,0
158,0,307.4400,308.6245,309.6290,0.0382,0
159,1,308.9535,310.1451,310.6606,0.3562,0
159,0,308.9535,310.1451,311.3941,0.0359,0
160,1,310.7208,311.9497,312.2015,0.0855,0
160,0,310.7208,311.9497,312.9378,0.0360,0
161,1,312.2583,313.6897,314.2354,0.3622,0
161,0,312.2583,313.6897,314.9810,0.0376,0
162,1,314.2932,315.4769,316.0351,0.3577,0
162,0,314.2932,315.4769,316.7904,0.0472,0
163,1,316.1058,317.2829,317.5418,0.0861,0
163,0,316.1058,317.2829,318.2805,0.0377,0
164,1,317.5979,318.7660,319.3204,0.3825,0
164,0,317.5979,318.7660,320.0557,0.0381,0
165,1,319.3761,320.6792,321.2406,0.3810,0
165,0,319.3761,320.6792,322.0454,0.1163,0
166,1,321.4033,322.7591,322.9975,0.0627,0
166,0,321.4033,322.7591,323.8208,0.0351,0
167,1,323.0533,324.4627,324.7380,0.0873,0
167,0,323.0533,324.4627,325.4905,0.1494,0
168,1,324.9073,326.0820,326.3417,0.0902,0
168,0,324.9073,326.0820,327.0951,0.0358,0
169,1,326.3981,327.8160,328.2212,0.2062,0
169,0,326.3981,327.8160,329.0744,0.0504,0
170,1,328.2922,329.4695,330.1221,0.3491,0
170,0,328.2922,329.4695,330.8822,0.0470,0
171,1,330.1962,331.3789,331.6371,0.0836,0
171,0,330.1962,331.3789,332.3808,0.0354,0
172,1,331.6923,333.4055,333.6673,0.0841,0
172,0,331.6923,333.4055,334.4564,0.0429,0
173,1,333.7283,334.9094,335.4725,0.3542,0
173,0,333.7283,334.9094,336.2492,0.0647,0
174,1,335.5637,336.7812,337.0712,0.0835,0
174,0,335.5637,336.7812,337.8557,0.0437,0
175,1,337.1405,338.6363,338.8959,0.0842,0
175,0,337.1405,338.6363,339.7079,0.0527,0
176,1,338.9761,340.2187,340.8804,0.2969,0
176,0,338.9761,340.2187,341.6541,0.1744,0
177,1,341.0818,342.2607,342.5974,0.0872,0
177,0,341.0818,342.2607,343.3958,0.0473,0
178,1,342.6637,344.0935,344.6378,0.3587,0
178,0,342.6637,344.0935,345.4905,0.0385,0
179,1,344.6944,345.8651,346.1532,0.0864,0
179,0,344.6944,345.8651,346.9285,0.2237,0
180,1,346.4064,347.5914,347.8770,0.0906,0
180,0,346.4064,347.5914,348.6588,0.0414,0
181,1,347.9366,349.1063,349.6642,0.3882,0
181,0,347.9366,349.1063,350.4143,0.0406,0
182,1,349.7243,350.9043,351.2880,0.0807,0
182,0,349.7243,350.9043,352.1025,0.0414,0
183,1,351.3499,353.0394,353.3147,0.0904,0
183,0,351.3499,353.0394,354.1330,0.0479,0
184,1,353.3858,354.7036,355.3167,0.4035,0
184,0,353.3858,354.7036,356.1113,0.0430,0
185,1,355.3863,356.5787,356.9505,0.0823,0
185,0,355.3863,356.5787,357.8273,0.4750,0
186,1,357.4483,358.6342,358.9212,0.0835,0
186,0,357.4483,358.6342,359.7802,0.0405,0
187,1,358.9823,360.1700,360.9654,0.3920,0
187,0,358.9823,360.1700,361.7384,0.0465,0
188,1,361.0331,362.2211,362.5027,0.0874,0
188,0,361.0331,362.2211,363.2652,0.0417,0
189,1,362.5664,364.0003,364.3968,0.2237,0
189,0,362.5664,364.0003,365.1632,0.0365,0
190,1,364.4519,365.6403,366.1890,0.3796,0
190,0,364.4519,365.6403,366.9402,0.0523,0
191,1,366.2616,367.4418,367.7015,0.0882,0
191,0,366.2616,367.4418,368.4603,0.0444,0
192,1,367.7662,369.2328,369.6715,0.2584,0
192,0,367.7662,369.2328,370.6966,0.0432,0
193,1,369.7329,370.9046,371.1835,0.0829,0
193,0,369.7329,370.9046,371.9411,0.2734,0
194,1,371.4787,372.6522,372.9066,0.0850,0
194,0,371.4787,372.6522,373.6529,0.0357,0
195,1,372.9627,374.3523,374.6710,0.0749,0
195,0,372.9627,374.3523,375.4301,0.0861,0
196,1,374.7808,375.9657,376.3508,0.0889,0
196,0,374.7808,375.9657,377.1366,0.0481,0
197,1,376.4210,377.8526,378.2572,0.2085,0
197,0,376.4210,377.8526,379.0482,0.0368,0
198,1,378.3129,379.4827,380.0429,0.3521,0
198,0,378.3129,379.4827,380.7963,0.1898,0
199,1,380.2547,381.4379,381.7698,0.0872,0
199,0,380.2547,381.4379,382.5179,0.0388,0
200,1,381.8260,383.2920,383.7178,0.2552,0
200,0,381.8260,383.2920,384.5533,0.0366,0
201,1,383.8158,384.9828,385.4812,0.3245,0
201,0,383.8158,384.9828,386.2358,0.1486,0
202,1,385.6518,386.8229,387.3808,0.1014,0
202,0,385.6518,386.8229,388.1398,0.0697,0
203,1,387.5270,389.0875,389.4666,0.1993,0
203,0,387.5270,389.0875,390.2887,0.0377,0
204,1,389.5252,390.8940,391.5288,0.3910,0
204,0,389.5252,390.8940,392.2983,0.0487,0
205,1,391.5966,392.7576,393.0542,0.1165,0
205,0,391.5966,392.7576,393.8978,0.0454,0
206,1,393.1178,394.6306,394.9191,0.0857,0
206,0,393.1178,394.6306,395.7590,0.0433,0
207,1,394.9797,396.1413,396.7407,0.4147,0
207,0,394.9797,396.1413,397.5271,0.0402,0
208,1,396.7998,397.9625,398.2543,0.0875,0
208,0,396.7998,397.9625,399.0599,0.0424,0
209,1,398.3143,399.7652,400.2178,0.2654,0
209,0,398.3143,399.7652,400.9935,0.0441,0
210,1,400.2796,401.4444,401.7054,0.0920,0
210,0,400.2796,401.4444,402.5514,0.2677,0
211,1,401.9966,403.1851,403.4461,0.0855,0
211,0,401.9966,403.1851,404.2230,0.0452,0
212,1,403.5085,404.6690,405.3134,0.3803,0
212,0,403.5085,404.6690,406.0916,0.0476,0
213,1,405.3826,406.5606,406.9324,0.0857,0
213,0,405.3826,406.5606,407.7207,0.2164,0
214,1,407.1696,408.5100,408.9018,0.2193,0
214,0,407.1696,408.5100,409.6741,0.0436,0
215,1,408.9710,410.1997,410.7592,0.3817,0
215,0,408.9710,410.1997,411.5106,0.0433,0
216,1,410.8233,412.0072,412.3339,0.0832,0
216,0,410.8233,412.0072,413.0857,0.0381,0
217,1,412.3895,413.8584,414.3154,0.2650,0
217,0,412.3895,413.8584,415.1210,0.0461,0
218,1,414.3832,415.5689,416.1425,0.3581,0
218,0,414.3832,415.5689,416.9221,0.0460,0
219,1,416.2097,417.3888,417.6584,0.0890,0
219,0,416.2097,417.3888,418.4372,0.0366,0
220,1,417.7131,419.1759,419.4368,0.0903,0
220,0,417.7131,419.1759,420.2154,0.1562,0
221,1,419.6148,420.9426,421.2141,0.0893,0
221,0,419.6148,420.9426,421.9763,0.1939,0
222,1,421.4296,422.7520,423.0083,0.0836,0
222,0,421.4296,422.7520,423.7749,0.0364,0
223,1,423.0625,424.4340,424.7003,0.0903,0
223,0,423.0625,424.4340,425.4719,0.1871,0
224,1,424.9107,426.0983,426.3725,0.0894,0
224,0,424.9107,426.0983,427.1777,0.0363,0
225,1,426.4347,428.0206,428.2718,0.0769,0
225,0,426.4347,428.0206,429.0725,0.0551,0
226,1,428.3489,429.5405,429.8151,0.0845,0
226,0,428.3489,429.5405,430.6280,0.2946,0
227,1,430.1294,431.3874,431.6632,0.1005,0
227,0,430.1294,431.3874,432.4337,0.0966,0
228,1,431.7826,433.2780,433.5380,0.0859,0
228,0,431.7826,433.2780,434.3114,0.0796,0
229,1,433.6406,434.8261,435.0861,0.0908,0
229,0,433.6406,434.8261,435.8560,0.2397,0
230,1,435.3446,436.5177,436.7823,0.0896,0
230,0,435.3446,436.5177,437.5448,0.0441,0
231,1,436.8441,438.0104,438.5744,0.3964,0
231,0,436.8441,438.0104,439.3267,0.0363,0
232,1,438.6306,439.8156,440.1607,0.0866,0
232,0,438.6306,439.8156,440.9093,0.0361,0
233,1,440.2356,441.7644,442.1668,0.2361,0
233,0,440.2356,441.7644,442.9354,0.0370,0
234,1,442.2287,443.4357,444.0197,0.3555,0
234,0,442.2287,443.4357,444.7818,0.0462,0
235,1,444.0892,445.2638,445.5143,0.0837,0
235,0,444.0892,445.2638,446.2640,0.0348,0
236,1,445.5693,447.0063,447.3035,0.0849,0
236,0,445.5693,447.0063,448.0729,0.1402,0
237,1,447.4672,448.6525,448.9435,0.0880,0
237,0,447.4672,448.6525,449.7240,0.1728,0
238,1,449.1897,450.4468,450.7032,0.0686,0
238,0,449.1897,450.4468,451.4834,0.0376,0
239,1,450.7606,451.9443,452.4852,0.3836,0
239,0,450.7606,451.9443,453.3580,0.0433,0
240,1,452.5495,453.8757,454.4328,0.3835,0
240,0,452.5495,453.8757,455.1990,0.2372,0
241,1,454.6910,456.0439,456.3048,0.0850,0
241,0,454.6910,456.0439,457.0639,0.0363,0
242,1,456.3634,457.7583,458.3064,0.3674,0
242,0,456.3634,457.7583,459.0750,0.0442,0
243,1,458.3692,459.5457,459.8026,0.0914,0
243,0,458.3692,459.5457,460.6507,0.0357,0
244,1,459.8560,461.3161,461.5816,0.0959,0
244,0,459.8560,461.3161,462.4153,0.0360,0
245,1,461.6357,462.8020,463.3153,0.3640,0
245,0,461.6357,462.8020,464.1348,0.0825,0
246,1,463.4246,464.6366,464.8915,0.0820,0
246,0,463.4246,464.6366,465.7060,0.0357,0
247,1,464.9529,466.5350,467.0526,0.3369,0
247,0,464.9529,466.5350,467.8842,0.0501,0
248,1,467.1244,468.3100,468.8530,0.3490,0
248,0,467.1244,468.3100,469.6311,0.0496,0
249,1,468.9295,470.1248,470.3807,0.0836,0
249,0,468.9295,470.1248,471.1507,0.0361,0
250,1,470.4556,471.9297,472.1933,0.0876,0
250,0,470.4556,471.9297,472.9645,0.0471,0
251,1,472.2600,473.4269,473.7354,0.0835,0
251,0,472.2600,473.4269,474.5404,0.3413,0
252,1,474.1021,475.2765,475.5694,0.0858,0
252,0,474.1021,475.2765,476.3496,0.0428,0
253,1,475.6313,476.7980,477.3186,0.3529,0
253,0,475.6313,476.7980,478.0696,0.0523,0
254,1,477.3935,478.5709,478.8234,0.0866,0
254,0,477.3935,478.5709,479.5654,0.0355,0
255,1,478.8767,480.2165,480.6933,0.3061,0
255,0,478.8767,480.2165,481.5157,0.0369,0
256,1,480.7487,481.9393,482.2082,0.0872,0
256,0,480.7487,481.9393,482.9517,0.2203,0
257,1,482.4474,483.6161,483.8683,0.0844,0
257,0,482.4474,483.6161,484.6241,0.0359,0
258,1,483.9209,485.0981,485.6165,0.3496,0
258,0,483.9209,485.0981,486.3526,0.1704,0
259,1,485.8077,487.1288,487.6935,0.3776,0
259,0,485.8077,487.1288,488.5372,0.1490,0
260,1,487.8599,489.2522,489.5148,0.0864,0
260,0,487.8599,489.2522,490.3028,0.0378,0
261,1,489.5699,490.9297,491.2266,0.0886,0
261,0,489.5699,490.9297,492.0085,0.1268,0
262,1,491.3750,492.5665,492.8882,0.0883,0
262,0,491.3750,492.5665,493.6361,0.0363,0
263,1,492.9437,494.4214,494.8842,0.2849,0
263,0,492.9437,494.4214,495.6774,0.0358,0
264,1,494.9389,496.1180,496.8665,0.4442,0
264,0,494.9389,496.1180,497.6245,0.0464,0
265,1,496.9319,498.1208,498.4351,0.0810,0
265,0,496.9319,498.1208,499.2107,0.0371,0
266,1,498.4914,500.2299,500.4853,0.0875,0
266,0,498.4914,500.2299,501.3375,0.0359,0
267,1,500.5395,501.7122,502.2344,0.3588,0
267,0,500.5395,501.7122,502.9974,0.0586,0
268,1,502.3168,503.5247,503.7729,0.0843,0
268,0,502.3168,503.5247,504.5352,0.0342,0
269,1,503.8277,505.3223,505.7602,0.2570,0
269,0,503.8277,505.3223,506.5539,0.0379,0
270,1,505.8160,507.1895,507.4509,0.0891,0
270,0,505.8160,507.1895,508.2228,0.1345,0
271,1,507.6232,508.8715,509.1155,0.0752,0
271,0,507.6232,508.8715,509.8911,0.0371,0
272,1,510.3080,511.5235,511.8213,0.1159,0
272,0,510.3080,511.5235,512.7895,0.0459,0
273,1,512.1034,513.5199,513.8708,0.0898,0
273,0,512.1034,513.5199,515.1511,0.3767,0
274,1,514.2715,515.5010,516.0168,0.3252,0
274,0,514.2715,515.5010,516.7893,0.1364,0
275,1,516.3249,517.5089,517.7785,0.0977,0
275,0,516.3249,517.5089,518.5402,0.0355,0
276,1,517.8586,519.3076,519.7501,0.2712,0
276,0,517.8586,519.3076,520.5439,0.0376,0
277,1,519.8075,521.4634,521.7348,0.1004,0
277,0,519.8075,521.4634,522.5212,0.1978,0
278,1,521.9520,523.1255,523.4380,0.0948,0
278,0,521.9520,523.1255,524.2140,0.0351,0
279,1,523.4981,525.0225,525.4948,0.3031,0
279,0,523.4981,525.0225,526.3407,0.0366,0
280,1,525.5511,526.7352,527.5361,0.3817,0
280,0,525.5511,526.7352,528.3267,0.0440,0
281,1,527.6000,528.7870,529.1298,0.0982,0
281,0,527.6000,528.7870,529.9498,0.0392,0
282,1,529.1899,530.6486,530.9186,0.0980,0
282,0,529.1899,530.6486,531.7556,0.0604,0
283,1,530.9967,532.1814,532.7630,0.3616,0
283,0,530.9967,532.1814,533.5539,0.0608,0
284,1,532.8446,534.0231,534.2913,0.0940,0
284,0,532.8446,534.0231,535.0666,0.0421,0
285,1,534.3505,535.7761,536.3188,0.3762,0
285,0,534.3505,535.7761,537.0951,0.0365,0
286,1,536.3741,537.5562,537.8276,0.1019,0
286,0,536.3741,537.5562,538.5925,0.1640,0
287,1,538.0378,539.2197,539.4929,0.0993,0
287,0,538.0378,539.2197,540.3032,0.0372,0
288,1,539.5463,540.9041,541.1776,0.1027,0
288,0,539.5463,540.9041,541.9410,0.1665,0
289,1,541.3665,542.5440,542.8784,0.1085,0
289,0,541.3665,542.5440,543.7240,0.0391,0
290,1,542.9337,544.3958,544.8969,0.2884,0
290,0,542.9337,544.3958,545.7503,0.0411,0
291,1,544.9558,546.1348,546.7344,0.3641,0
291,0,544.9558,546.1348,547.5035,0.0436,0
292,1,546.7990,548.0003,548.2715,0.0942,0
292,0,546.7990,548.0003,549.0455,0.0374,0
293,1,548.3266,549.7748,550.2632,0.2776,0
293,0,548.3266,549.7748,551.0565,0.0457,0
294,1,550.3373,551.5465,551.8279,0.1038,0
294,0,550.3373,551.5465,552.6514,0.2947,0
295,1,552.1407,553.6345,554.0001,0.0968,0
295,0,552.1407,553.6345,554.7982,0.1952,0
296,1,554.2161,555.6550,556.1190,0.2796,0
296,0,554.2161,555.6550,556.9589,0.0368,0
297,1,556.1760,557.5486,558.0778,0.3577,0
297,0,556.1760,557.5486,558.8565,0.0603,0
298,1,558.1670,559.6316,559.8595,0.0487,0
298,0,558.1670,559.6316,560.6467,0.0359,0
299,1,559.9427,561.3630,561.6594,0.1030,0
299,0,559.9427,561.3630,562.4538,0.0362,0
300,1,561.7144,562.8917,563.4437,0.3679,0
300,0,561.7144,562.8917,564.2329,0.0572,0
301,1,563.5226,564.7012,564.9790,0.0987,0
301,0,563.5226,564.7012,565.7721,0.0382,0
302,1,565.0341,566.4812,566.9400,0.2744,0
302,0,565.0341,566.4812,567.9054,0.0456,0
303,1,567.0116,568.2287,568.7734,0.3658,0
303,0,567.0116,568.2287,569.5947,0.0544,0
304,1,568.8521,570.0389,570.3112,0.1072,0
304,0,568.8521,570.0389,571.0792,0.0548,0
305,1,570.3844,571.5536,572.1591,0.3906,0
305,0,570.3844,571.5536,572.9378,0.0551,0
306,1,572.2380,573.4509,573.7327,0.0883,0
306,0,572.2380,573.4509,574.4987,0.0702,0
307,1,573.8234,575.2144,575.6389,0.0987,0
307,0,573.8234,575.2144,576.4338,0.0452,0
308,1,575.7034,576.8850,577.4685,0.3934,0
308,0,575.7034,576.8850,578.2288,0.0366,0
309,1,577.5257,578.7102,579.0289,0.0971,0
309,0,577.5257,578.7102,579.7909,0.0360,0
310,1,579.0854,580.6010,581.0385,0.2627,0
310,0,579.0854,580.6010,581.8513,0.0439,0
311,1,581.1032,582.2741,582.8103,0.3710,0
311,0,581.1032,582.2741,583.5651,0.0354,0
312,1,582.8635,584.0405,584.3057,0.1001,0
312,0,582.8635,584.0405,585.0587,0.0368,0
313,1,584.3593,585.7763,586.0420,0.0999,0
313,0,584.3593,585.7763,586.8640,0.1685,0
314,1,586.2319,587.4135,587.9838,0.3888,0
314,0,586.2319,587.4135,588.7378,0.3234,0
315,1,588.3322,589.5184,589.7867,0.0967,0
315,0,588.3322,589.5184,590.5397,0.0401,0
316,1,589.8505,591.2711,591.5414,0.0956,0
316,0,589.8505,591.2711,592.2998,0.1819,0
317,1,591.7434,592.9273,593.2034,0.1007,0
317,0,591.7434,592.9273,593.9562,0.0351,0
318,1,593.2551,594.7255,594.9983,0.1012,0
318,0,593.2551,594.7255,595.7604,0.0367,0
319,1,595.0525,596.2289,596.7935,0.3899,0
319,0,595.0525,596.2289,597.5716,0.0363,0
320,1,596.8488,598.0324,598.2938,0.0966,0
320,0,596.8488,598.0324,599.0452,0.0346,0
321,1,598.3448,599.8048,600.0700,0.0959,0
321,0,598.3448,599.8048,600.8326,0.0631,0
322,1,600.1521,601.3205,601.5868,0.1001,0
322,0,600.1521,601.3205,602.3391,0.2346,0
323,1,601.8398,603.0141,603.2803,0.0976,0
323,0,601.8398,603.0141,604.0865,0.0360,0
324,1,603.3325,604.4928,605.0998,0.4591,0
324,0,603.3325,604.4928,605.8402,0.0439,0
325,1,605.1652,606.3541,606.6314,0.0882,0
325,0,605.1652,606.3541,607.3785,0.0364,0
326,1,606.6866,608.2941,608.7396,0.2721,0
326,0,606.6866,608.2941,609.5694,0.0376,0
327,1,608.7950,609.9750,610.5414,0.4014,0
327,0,608.7950,609.9750,611.2930,0.0362,0
328,1,610.5966,611.7743,612.0393,0.0981,0
328,0,610.5966,611.7743,612.7856,0.0357,0
329,1,612.0912,613.5992,614.0518,0.2786,0
329,0,612.0912,613.5992,614.8096,0.0456,0
330,1,614.1166,615.2860,615.8243,0.3657,0
330,0,614.1166,615.2860,616.5786,0.1402,0
331,1,615.9869,617.1682,617.4397,0.0985,0
331,0,615.9869,617.1682,618.1890,0.0357,0
332,1,617.4953,618.6723,619.8418,0.3892,0
332,0,617.4953,618.6723,620.9693,0.0520,0
333,1,624.4609,625.7853,626.8909,0.5674,0
333,0,624.4609,625.7853,628.0021,0.0843,0
334,1,632.0502,633.2530,633.8938,0.1143,0
334,0,632.0502,633.2530,635.1503,0.0482,0
335,1,636.4993,637.7901,638.5736,0.2731,0
335,0,636.4993,637.7901,639.5203,0.0691,0
336,1,638.7228,640.1623,640.7603,0.0809,0
336,0,638.7228,640.1623,641.8120,0.1925,0
337,1,641.3452,642.9497,643.3939,0.1146,0
337,0,641.3452,642.9497,644.3361,0.1606,0
338,1,643.9108,645.4260,645.8563,0.1487,0
338,0,643.9108,645.4260,646.6964,0.0447,0
339,1,645.9657,647.3335,647.7371,0.2050,0
339,0,645.9657,647.3335,648.5789,0.0425,0
340,1,647.8247,649.0797,649.3809,0.0805,0
340,0,647.8247,649.0797,650.2290,0.1625,0
341,1,649.5717,650.8123,651.1060,0.0944,0
341,0,649.5717,650.8123,651.9328,0.0385,0
342,1,651.1676,652.4019,652.9391,0.3584,0
342,0,651.1676,652.4019,653.9159,0.0440,0
343,1,653.0098,654.4378,655.2581,0.5916,0
343,0,653.0098,654.4378,656.0962,0.0634,0
344,1,655.3459,656.5886,657.0144,0.0951,0
344,0,655.3459,656.5886,657.8442,0.3911,0
345,1,657.4311,658.6745,659.1126,0.2355,0
345,0,657.4311,658.6745,659.9325,0.0387,0
346,1,659.1782,660.4340,660.7325,0.0943,0
346,0,659.1782,660.4340,661.5769,0.1911,0
347,1,660.9509,662.1905,662.7744,0.1269,0
347,0,660.9509,662.1905,663.8265,0.1501,0
348,1,662.9745,664.2199,664.4996,0.0993,0
348,0,662.9745,664.2199,666.4170,0.0897,0
349,1,664.6152,665.8762,666.9147,0.0995,0
349,0,664.6152,665.8762,667.6993,0.0439,0
350,1,666.9806,668.2125,668.7922,0.0929,0
350,0,666.9806,668.2125,669.6203,0.0438,0
351,1,668.9171,670.3121,670.5957,0.0831,0
351,0,668.9171,670.3121,671.4100,0.0397,0
352,1,670.6743,672.0440,672.3193,0.0888,0
352,0,670.6743,672.0440,673.1344,0.0584,0
353,1,672.4056,673.8392,674.1149,0.0932,0
353,0,672.4056,673.8392,674.9460,0.0364,0
354,1,674.1772,675.4146,675.6883,0.1004,0
354,0,674.1772,675.4146,676.5162,0.5284,0
355,1,676.2437,677.6167,678.2027,0.3660,0
355,0,676.2437,677.6167,679.0881,0.1274,0
356,1,678.3841,679.5750,679.8770,0.0970,0
356,0,678.3841,679.5750,680.6973,0.1844,0
357,1,680.0885,681.3285,681.6066,0.0994,0
357,0,680.0885,681.3285,682.4240,0.1506,0
358,1,681.7832,683.0216,683.3058,0.0983,0
358,0,681.7832,683.0216,684.1159,0.2576,0
359,1,683.5903,684.8254,685.1066,0.0961,0
359,0,683.5903,684.8254,686.2520,0.0385,0
360,1,685.1713,686.4621,687.5678,0.6612,0
360,0,685.1713,686.4621,688.6584,0.0648,0
361,1,687.6598,688.9311,689.6747,0.5482,0
361,0,687.6598,688.9311,690.4878,0.1155,0
362,1,689.8188,691.3283,691.9521,0.4430,0
362,0,689.8188,691.3283,692.7737,0.0444,0
363,1,692.0226,693.2714,693.5555,0.0951,0
363,0,692.0226,693.2714,694.3625,0.3276,0
364,1,693.9129,695.1571,695.4456,0.0963,0
364,0,693.9129,695.1571,696.2600,0.0425,0
365,1,695.5136,696.7569,697.0225,0.0969,0
365,0,695.5136,696.7569,697.8273,0.2782,0
366,1,697.3315,698.5857,698.8881,0.1005,0
366,0,697.3315,698.5857,699.6665,0.0469,0
367,1,698.9585,700.2558,700.7097,0.2657,0
367,0,698.9585,700.2558,701.5932,0.0441,0
368,1,700.7800,702.0876,702.3642,0.0939,0
368,0,700.7800,702.0876,703.1724,0.3484,0
369,1,702.7393,703.9871,704.2718,0.0950,0
369,0,702.7393,703.9871,705.1163,0.0441,0
370,1,704.3412,705.7767,706.2049,0.2611,0
370,0,704.3412,705.7767,707.0211,0.0377,0
371,1,706.2681,707.7177,707.9971,0.1021,0
371,0,706.2681,707.7177,709.0797,0.2869,0
372,1,708.3095,709.5489,709.8331,0.0896,0
372,0,708.3095,709.5489,710.6567,0.0421,0
373,1,709.8994,711.1440,711.7457,0.4172,0
373,0,709.8994,711.1440,712.5632,0.0380,0
374,1,711.8085,713.0654,713.3370,0.0921,0
374,0,711.8085,713.0654,714.1466,0.2753,0
375,1,713.6375,714.8969,715.2296,0.0936,0
375,0,713.6375,714.8969,716.0472,0.0443,0
376,1,715.2989,716.5557,717.1524,0.4192,0
376,0,715.2989,716.5557,717.9889,0.0471,0
377,1,717.2248,718.4629,718.7413,0.1032,0
377,0,717.2248,718.4629,719.5484,0.2294,0
378,1,718.9920,720.3893,720.7643,0.0933,0
378,0,718.9920,720.3893,721.5787,0.0913,0
379,1,720.8981,722.1415,722.9232,0.5941,0
379,0,720.8981,722.1415,723.7324,0.0473,0
380,1,722.9960,724.4332,725.1282,0.5098,0
380,0,722.9960,724.4332,725.9620,0.0387,0
381,1,725.1906,726.4296,726.7034,0.0983,0
381,0,725.1906,726.4296,727.5355,0.0359,0
382,1,726.7645,728.1753,728.4497,0.0989,0
382,0,726.7645,728.1753,729.2675,0.1133,0
383,1,728.5900,729.8389,730.1222,0.0995,0
383,0,728.5900,729.8389,730.9488,0.3294,0
384,1,730.4772,731.7118,732.2241,0.2618,0
384,0,730.4772,731.7118,733.0530,0.0557,0
385,1,732.3065,733.7471,734.0303,0.0913,0
385,0,732.3065,733.7471,734.8493,0.0909,0
386,1,734.1480,735.3824,735.6735,0.0851,0
386,0,734.1480,735.3824,736.4926,0.2845,0
387,1,735.9850,737.2323,737.5321,0.1017,0
387,0,735.9850,737.2323,738.3453,0.0407,0
388,1,737.5980,738.8394,739.4473,0.4315,0
388,0,737.5980,738.8394,740.2988,0.0421,0
389,1,739.5150,740.9504,741.2287,0.0997,0
389,0,739.5150,740.9504,742.0574,0.2230,0
390,1,741.4785,742.7219,743.0527,0.1448,0
390,0,741.4785,742.7219,743.8650,0.0439,0
391,1,743.1216,744.3638,744.9571,0.4174,0
391,0,743.1216,744.3638,745.7678,0.0369,0
392,1,745.0202,746.2597,746.5509,0.0962,0
392,0,745.0202,746.2597,747.3566,0.2517,0
393,1,746.8286,748.1243,748.4701,0.0771,0
393,0,746.8286,748.1243,749.2704,0.0445,0
394,1,748.5413,749.7253,750.3569,0.4248,0
394,0,748.5413,749.7253,751.8365,0.0408,0
395,1,750.4238,751.8322,752.3794,0.3164,0
395,0,750.4238,751.8322,753.3068,0.0466,0
396,1,752.5128,753.9159,754.4401,0.0957,0
396,0,752.5128,753.9159,756.0729,0.0611,0
397,1,754.5215,756.1301,757.3542,0.3143,0
397,0,754.5215,756.1301,758.8377,0.0643,0
398,1,757.4450,758.8318,759.4721,0.3024,0
398,0,757.4450,758.8318,760.3211,0.0894,0
399,1,759.5832,760.7837,761.5261,0.5110,0
399,0,759.5832,760.7837,762.6078,0.0519,0
400,1,761.6224,763.0173,763.6190,0.0803,0
400,0,761.6224,763.0173,764.6821,0.0554,0
401,1,763.7104,764.9240,765.4421,0.0752,0
401,0,763.7104,764.9240,766.5962,0.0461,0
402,1,765.5133,766.7773,767.4740,0.2264,0
402,0,765.5133,766.7773,768.5817,0.0455,0
403,1,767.5447,768.7889,769.3369,0.1022,0
403,0,767.5447,768.7889,770.5477,0.0486,0
404,1,769.4121,770.6630,771.2447,0.0898,0
404,0,769.4121,770.6630,772.5477,0.0480,0
405,1,771.3184,772.6265,773.2247,0.2328,0
405,0,771.3184,772.6265,774.3288,0.0498,0
406,1,773.3002,775.1313,775.6985,0.0980,0
406,0,773.3002,775.1313,777.2956,0.0599,0
407,1,775.7802,777.2907,778.0085,0.1357,0
407,0,775.7802,777.2907,780.1080,0.0505,0
408,1,778.0820,779.3390,780.8192,0.0526,0
408,0,778.0820,779.3390,782.6265,0.0513,0
409,1,780.9000,782.1142,783.0811,0.0739,0
409,0,780.9000,782.1142,784.2537,0.0428,0
410,1,783.1489,784.3944,785.4618,0.0967,0
410,0,783.1489,784.3944,786.9100,0.0494,0
411,1,785.5357,786.9041,787.3681,0.0650,0
411,0,785.5357,786.9041,788.6250,0.0481,0
412,1,787.4377,788.7059,789.7929,0.3828,0
412,0,787.4377,788.7059,790.8538,0.0515,0
413,1,789.8689,791.4653,792.6223,0.6135,0
413,0,789.8689,791.4653,793.9209,0.0733,0
414,1,792.7215,793.9937,794.7833,0.3838,0
414,0,792.7215,793.9937,795.8667,0.0441,0
415,1,794.8524,796.0986,796.7554,0.0925,0
415,0,794.8524,796.0986,797.9482,0.0700,0
416,1,796.8770,798.1156,798.6831,0.1079,0
416,0,796.8770,798.1156,799.5473,0.1444,0
417,1,798.8535,800.1287,800.7303,0.2315,0
417,0,798.8535,800.1287,801.6163,0.0436,0
418,1,800.7979,802.2017,802.5160,0.0957,0
418,0,800.7979,802.2017,803.3508,0.1703,0
419,1,802.7141,803.9574,804.3394,0.1072,0
419,0,802.7141,803.9574,805.1743,0.0528,0
420,1,804.4388,805.8689,806.1451,0.0753,0
420,0,804.4388,805.8689,807.0389,0.0537,0
421,1,806.2567,807.7588,808.0660,0.0680,0
421,0,806.2567,807.7588,808.9341,0.1401,0
422,1,808.2574,809.5930,809.8926,0.0647,0
422,0,808.2574,809.5930,810.7365,0.0434,0
423,1,809.9634,811.3230,811.8294,0.2230,0
423,0,809.9634,811.3230,812.6791,0.0459,0
424,1,811.9024,813.1532,813.4838,0.0931,0
424,0,811.9024,813.1532,814.3284,0.1727,0
425,1,813.6893,814.9584,815.4590,0.0542,0
425,0,813.6893,814.9584,816.2951,0.0443,0
426,1,815.5509,816.9816,817.2674,0.0786,0
426,0,815.5509,816.9816,818.1174,0.0469,0
427,1,817.3743,818.6512,818.9323,0.0746,0
427,0,817.3743,818.6512,819.7658,0.1931,0
428,1,819.1656,820.7084,821.1186,0.1920,0
428,0,819.1656,820.7084,822.0404,0.2851,0
429,1,821.4485,822.7423,823.2563,0.2362,0
429,0,821.4485,822.7423,824.1481,0.2070,0
430,1,823.4907,824.8980,825.2953,0.1059,0
430,0,823.4907,824.8980,826.3684,0.1498,0
431,1,825.4716,826.7178,827.0423,0.0901,0
431,0,825.4716,826.7178,827.8671,0.1477,0
432,1,827.2387,828.4671,828.7493,0.0711,0
432,0,827.2387,828.4671,829.5733,0.0718,0
433,1,828.8407,830.0329,830.3455,0.0966,0
433,0,828.8407,830.0329,831.1732,0.1858,0
434,1,830.5834,831.8510,832.1283,0.0728,0
434,0,830.5834,831.8510,832.9509,0.0433,0
435,1,832.2146,833.5610,834.0128,0.2105,0
435,0,832.2146,833.5610,834.8467,0.0450,0
436,1,834.1058,835.3890,835.7192,0.0774,0
436,0,834.1058,835.3890,836.5494,0.1520,0
437,1,835.8957,837.1343,837.4453,0.0941,0
437,0,835.8957,837.1343,838.2654,0.0428,0
438,1,837.5117,838.7544,839.3261,0.3578,0
438,0,837.5117,838.7544,840.2717,0.0432,0
439,1,839.4169,840.8180,841.3545,0.3321,0
439,0,839.4169,840.8180,842.3546,0.0538,0
440,1,841.4734,842.9436,843.2752,0.0778,0
440,0,841.4734,842.9436,844.2016,0.0619,0
441,1,843.3641,844.6255,845.2614,0.2413,0
441,0,843.3641,844.6255,846.0870,0.0636,0
442,1,845.3510,846.6043,846.9858,0.1121,0
442,0,845.3510,846.6043,847.8105,0.1079,0
443,1,847.1493,848.4918,848.7772,0.0469,0
443,0,847.1493,848.4918,849.6469,0.0530,0
444,1,848.8673,850.2672,850.7608,0.2349,0
444,0,848.8673,850.2672,851.5878,0.0639,0
445,1,850.9083,852.1590,852.5297,0.1067,0
445,0,850.9083,852.1590,853.4684,0.1613,0
446,1,852.7177,854.1285,854.4262,0.1022,0
446,0,852.7177,854.1285,855.2690,0.2078,0
447,1,854.6597,855.9095,856.4436,0.2599,0
447,0,854.6597,855.9095,857.6002,0.0417,0
448,1,856.5403,858.1513,858.5096,0.0912,0
448,0,856.5403,858.1513,859.3524,0.1272,0
449,1,858.6874,859.9602,860.2316,0.0714,0
449,0,858.6874,859.9602,861.0388,0.1725,0
450,1,860.4288,861.6501,861.9388,0.0959,0
450,0,860.4288,861.6501,862.7709,0.0413,0
451,1,862.0064,863.2488,863.5182,0.0981,0
451,0,862.0064,863.2488,864.3427,0.2173,0
452,1,863.7621,865.0065,865.3251,0.1183,0
452,0,863.7621,865.0065,866.1503,0.0359,0
453,1,865.3920,866.6311,867.1747,0.3637,0
453,0,865.3920,866.6311,868.0107,0.0365,0
454,1,867.2368,868.4791,868.7875,0.0947,0
454,0,867.2368,868.4791,869.6027,0.2564,0
455,1,869.0678,870.3167,870.5872,0.0971,0
455,0,869.0678,870.3167,871.3969,0.0893,0
456,1,870.7024,871.9395,872.4709,0.3562,0
456,0,870.7024,871.9395,873.8435,0.0363,0
457,1,872.5335,873.9616,874.6011,0.2796,0
457,0,872.5335,873.9616,875.3953,0.0470,0
458,1,874.6689,875.9394,876.3636,0.2234,0
458,0,874.6689,875.9394,877.1811,0.0398,0
459,1,876.4283,877.6693,878.2021,0.3528,0
459,0,876.4283,877.6693,879.0673,0.0499,0
460,1,878.2780,879.5151,879.7822,0.0977,0
460,0,878.2780,879.5151,880.5903,0.1918,0
461,1,879.9987,881.2370,881.5098,0.0943,0
461,0,879.9987,881.2370,882.3117,0.0357,0
462,1,881.5709,882.8015,883.2283,0.1009,0
462,0,881.5709,882.8015,884.0802,0.0739,0
463,1,883.3696,884.6809,884.9895,0.0664,0
463,0,883.3696,884.6809,885.8452,0.0532,0
464,1,885.0994,886.4508,886.9689,0.2359,0
464,0,885.0994,886.4508,887.7596,0.2311,0
465,1,887.2793,888.4666,888.8423,0.0915,0
465,0,887.2793,888.4666,889.6241,0.1329,0
466,1,889.0010,890.2263,890.6682,0.2539,0
466,0,889.0010,890.2263,891.4728,0.1588,0
467,1,890.8549,892.1161,892.3859,0.0887,0
467,0,890.8549,892.1161,893.1913,0.0421,0
468,1,892.4535,893.6870,894.0154,0.0938,0
468,0,892.4535,893.6870,894.8225,0.1673,0
469,1,894.2082,895.4569,895.8121,0.0918,0
469,0,894.2082,895.4569,896.6458,0.0494,0
470,1,895.9079,897.3538,897.6593,0.0766,0
470,0,895.9079,897.3538,898.5357,0.0455,0
471,1,897.7640,899.0188,899.2944,0.0740,0
471,0,897.7640,899.0188,900.0936,0.2588,0
472,1,899.6085,900.8587,901.1518,0.0756,0
472,0,899.6085,900.8587,901.9316,0.0958,0
473,1,901.2683,902.4444,902.9899,0.3484,0
473,0,901.2683,902.4444,903.8238,0.0367,0
474,1,903.0532,904.2811,904.5523,0.0959,0
474,0,903.0532,904.2811,905.3499,0.1912,0
475,1,904.7711,905.9995,906.2752,0.0981,0
475,0,904.7711,905.9995,907.0841,0.0446,0
476,1,906.3458,907.7679,908.0742,0.0953,0
476,0,906.3458,907.7679,908.8795,0.1946,0
477,1,908.2992,909.5269,909.7972,0.0955,0
477,0,908.2992,909.5269,910.6373,0.0377,0
478,1,909.8656,911.1867,911.5911,0.2279,0
478,0,909.8656,911.1867,912.4277,0.0439,0
479,1,911.6610,912.8825,913.1601,0.0958,0
479,0,911.6610,912.8825,913.9532,0.2970,0
480,1,913.4838,914.7147,915.0089,0.0972,0
480,0,913.4838,914.7147,915.8058,0.0940,0
481,1,915.1330,916.3519,916.8791,0.3573,0
481,0,915.1330,916.3519,917.6753,0.0649,0
482,1,916.9695,918.1914,918.4626,0.0970,0
482,0,916.9695,918.1914,919.2849,0.2153,0
483,1,918.7044,920.0836,920.3581,0.0991,0
483,0,918.7044,920.0836,921.1592,0.1999,0
484,1,920.5835,921.8057,922.1320,0.0966,0
484,0,920.5835,921.8057,922.9304,0.1893,0
485,1,922.3488,923.5714,924.0292,0.2860,0
485,0,922.3488,923.5714,924.8220,0.1842,0
486,1,924.2398,925.4623,925.7368,0.0988,0
486,0,924.2398,925.4623,926.5288,0.0370,0
487,1,925.7992,927.0184,927.3254,0.1013,0
487,0,925.7992,927.0184,928.1104,0.2505,0
488,1,927.6012,928.8003,929.1148,0.0967,0
488,0,927.6012,928.8003,929.9095,0.0393,0
489,1,929.1796,930.3910,930.9470,0.3772,0
489,0,929.1796,930.3910,931.7823,0.0440,0
490,1,931.0168,932.2321,932.5015,0.1000,0
490,0,931.0168,932.2321,933.2496,0.1974,0
491,1,932.7186,933.8813,934.1759,0.0926,0
491,0,932.7186,933.8813,934.9617,0.0413,0
492,1,934.2417,935.4680,935.8409,0.0953,0
492,0,934.2417,935.4680,936.6292,0.1246,0
493,1,936.0110,937.2267,937.5017,0.0971,0
493,0,936.0110,937.2267,938.3199,0.0408,0
494,1,937.6326,938.9424,939.3717,0.2276,0
494,0,937.6326,938.9424,940.2538,0.0429,0
495,1,939.4415,940.8548,941.1869,0.0963,0
495,0,939.4415,940.8548,941.9834,0.1571,0
496,1,941.3689,942.5874,942.8767,0.0979,0
496,0,941.3689,942.5874,943.6688,0.0353,0
497,1,942.9384,944.1440,944.6796,0.3559,0
497,0,942.9384,944.1440,945.4707,0.0430,0
498,1,944.7486,945.9596,946.2292,0.0971,0
498,0,944.7486,945.9596,947.0166,0.1862,0
499,1,946.4421,947.6493,947.9214,0.0938,0
499,0,946.4421,947.6493,948.7066,0.0403,0
500,1,947.9879,949.1934,949.5070,0.0914,0
500,0,947.9879,949.1934,950.4391,0.1675,0
501,1,949.6990,950.9015,951.2318,0.0949,0
501,0,949.6990,950.9015,952.0145,0.0382,0
502,1,951.2996,952.5012,953.0422,0.3634,0
502,0,951.2996,952.5012,953.8451,0.0434,0
503,1,953.1119,954.7232,955.0115,0.0968,0
503,0,953.1119,954.7232,955.8188,0.2280,0
504,1,955.2600,956.5716,957.2281,0.3486,0
504,0,955.2600,956.5716,958.0444,0.2650,0
505,1,957.5185,958.7450,959.0149,0.0992,0
505,0,957.5185,958.7450,959.8122,0.0478,0
506,1,959.0891,960.2818,960.5558,0.1050,0
506,0,959.0891,960.2818,961.3440,0.3162,0
507,1,960.8983,962.1005,962.4210,0.0889,0
507,0,960.8983,962.1005,963.2167,0.0453,0
508,1,962.4928,963.6958,964.2547,0.3800,0
508,0,962.4928,963.6958,965.1395,0.0453,0
509,1,964.3251,965.5247,965.7966,0.0973,0
509,0,964.3251,965.5247,966.6316,0.1689,0
510,1,965.9921,967.2235,967.5021,0.0961,0
510,0,965.9921,967.2235,968.2875,0.0365,0
511,1,967.5629,968.7568,969.0278,0.0933,0
511,0,967.5629,968.7568,969.8788,0.1846,0
512,1,969.2341,970.4339,970.7547,0.0948,0
512,0,969.2341,970.4339,971.5342,0.0394,0
513,1,970.8223,972.0175,972.5561,0.3625,0
513,0,970.8223,972.0175,973.3355,0.0374,0
514,1,972.6193,974.0094,974.2884,0.0966,0
514,0,972.6193,974.0094,975.1000,0.1781,0
515,1,974.4944,975.6849,975.9576,0.0968,0
515,0,974.4944,975.6849,976.7448,0.0440,0
516,1,976.0275,977.2159,977.4948,0.0943,0
516,0,976.0275,977.2159,978.2783,0.2286,0
517,1,977.7490,978.9359,979.2552,0.0955,0
517,0,977.7490,978.9359,980.0069,0.0505,0
518,1,979.3539,980.5566,981.1784,0.3328,0
518,0,979.3539,980.5566,981.9817,0.0478,0
519,1,981.2586,982.3930,982.6940,0.0864,0
519,0,981.2586,982.3930,983.4698,0.2598,0
520,1,983.0105,984.2592,984.5915,0.0654,0
520,0,983.0105,984.2592,985.3591,0.0435,0
521,1,984.6565,985.7900,986.3487,0.3641,0
521,0,984.6565,985.7900,987.1489,0.0423,0
522,1,986.4167,987.7635,988.7268,0.6758,0
522,0,986.4167,987.7635,989.5089,0.0607,0
523,1,988.8586,990.4971,990.7783,0.0734,0
523,0,988.8586,990.4971,991.5749,0.1622,0
524,1,990.9757,992.3157,992.6008,0.0818,0
524,0,990.9757,992.3157,993.4047,0.0505,0
525,1,992.6951,994.1059,994.3638,0.0742,0
525,0,992.6951,994.1059,995.1727,0.2178,0
526,1,994.6139,995.8372,996.1144,0.0710,0
526,0,994.6139,995.8372,997.1241,0.2757,0
527,1,996.4367,997.7443,998.0660,0.0852,0
527,0,996.4367,997.7443,998.8757,0.0426,0
528,1,998.1334,999.3315,999.6171,0.0921,0
528,0,998.1334,999.3315,1000.4256,0.2074,0
529,1,999.8752,1001.0714,1001.3814,0.0945,0
529,0,999.8752,1001.0714,1002.1850,0.0371,0
530,1,1001.4445,1002.6320,1003.1765,0.3610,0
530,0,1001.4445,1002.6320,1004.0595,0.0438,0
531,1,1003.2459,1004.4372,1004.7123,0.0966,0
531,0,1003.2459,1004.4372,1005.5253,0.1978,0
532,1,1004.9365,1006.1276,1006.4125,0.0949,0
532,0,1004.9365,1006.1276,1007.2472,0.0411,0
533,1,1006.4790,1007.8708,1008.1750,0.0972,0
533,0,1006.4790,1007.8708,1008.9800,0.1857,0
534,1,1008.3880,1009.5769,1009.8559,0.0942,0
534,0,1008.3880,1009.5769,1010.7171,0.0358,0
535,1,1011.0717,1012.4123,1012.8759,0.1476,0
535,0,1011.0717,1012.4123,1013.7259,0.2924,0
536,1,1013.2716,1014.4990,1014.7872,0.0771,0
536,0,1013.2716,1014.4990,1015.5824,0.0438,0
537,1,1014.8753,1016.2767,1016.6644,0.0922,0
537,0,1014.8753,1016.2767,1017.4770,0.1065,0
538,1,1016.8050,1018.0524,1018.3207,0.0962,0
538,0,1016.8050,1018.0524,1019.1262,0.0460,0
539,1,1018.3930,1019.6116,1020.0219,0.2189,0
539,0,1018.3930,1019.6116,1020.8171,0.0406,0
540,1,1020.0896,1021.3104,1022.2121,0.5966,0
540,0,1020.0896,1021.3104,1023.0485,0.0529,0
541,1,1022.2874,1023.4333,1023.7473,0.0917,0
541,0,1022.2874,1023.4333,1024.5441,0.0597,0
542,1,1023.8796,1025.0915,1025.5194,0.2413,0
542,0,1023.8796,1025.0915,1026.3414,0.0383,0
543,1,1025.5823,1026.7735,1027.0634,0.1075,0
543,0,1025.5823,1026.7735,1027.8454,0.2958,0
544,1,1027.3830,1028.5892,1028.9712,0.0918,0
544,0,1027.3830,1028.5892,1029.7561,0.0382,0
545,1,1029.0337,1030.2582,1030.7857,0.3554,0
545,0,1029.0337,1030.2582,1031.5715,0.0441,0
546,1,1030.8547,1032.0580,1032.3321,0.0947,0
546,0,1030.8547,1032.0580,1033.1168,0.2532,0
547,1,1032.6101,1033.8094,1034.0952,0.0950,0
547,0,1032.6101,1033.8094,1034.8759,0.0427,0
548,1,1034.1606,1035.3702,1035.6865,0.0931,0
548,0,1034.1606,1035.3702,1036.4811,0.1800,0
549,1,1035.8924,1037.0881,1037.3974,0.0982,0
549,0,1035.8924,1037.0881,1038.2037,0.0358,0
550,1,1037.4633,1038.6547,1039.2048,0.3695,0
550,0,1037.4633,1038.6547,1039.9939,0.0441,0
551,1,1039.2762,1040.6800,1040.9570,0.0939,0
551,0,1039.2762,1040.6800,1041.7334,0.2845,0
552,1,1041.2687,1042.4588,1042.7415,0.0978,0
552,0,1041.2687,1042.4588,1043.5862,0.0361,0
553,1,1042.8037,1044.0138,1044.5706,0.3736,0
553,0,1042.8037,1044.0138,1045.3520,0.0436,0
554,1,1044.6402,1045.8400,1046.1173,0.0994,0
554,0,1044.6402,1045.8400,1046.9479,0.2565,0
555,1,1046.4004,1047.6445,1047.9341,0.0968,0
555,0,1046.4004,1047.6445,1048.7125,0.0369,0
556,1,1047.9969,1049.1922,1049.4943,0.0956,0
556,0,1047.9969,1049.1922,1050.2722,0.1858,0
557,1,1049.7055,1050.8973,1051.2424,0.0867,0
557,0,1049.7055,1050.8973,1052.0276,0.0355,0
558,1,1051.3042,1052.4989,1053.0662,0.3765,0
558,0,1051.3042,1052.4989,1053.8388,0.0417,0
559,1,1053.1376,1054.5229,1054.8129,0.0968,0
559,0,1053.1376,1054.5229,1055.6567,0.1568,0
560,1,1054.9943,1056.2113,1056.6223,0.2296,0
560,0,1054.9943,1056.2113,1057.4254,0.0378,0
561,1,1056.6839,1058.0808,1058.6775,0.3526,0
561,0,1056.6839,1058.0808,1059.5858,0.0475,0
562,1,1058.7570,1060.0076,1060.2803,0.0941,0
562,0,1058.7570,1060.0076,1061.0353,0.1863,0
563,1,1060.4912,1061.6338,1061.9182,0.0921,0
563,0,1060.4912,1061.6338,1062.7058,0.0418,0
564,1,1061.9852,1063.1921,1063.4926,0.0975,0
564,0,1061.9852,1063.1921,1064.2802,0.1892,0
565,1,1063.7086,1064.9016,1065.2147,0.0985,0
565,0,1063.7086,1064.9016,1066.0002,0.0449,0
566,1,1065.2855,1066.4903,1067.0178,0.3494,0
566,0,1065.2855,1066.4903,1067.7981,0.0448,0
567,1,1067.0890,1068.2891,1068.6289,0.0892,0
567,0,1067.0890,1068.2891,1069.4106,0.1148,0
568,1,1068.8088,1070.1176,1070.4047,0.0743,0
568,0,1068.8088,1070.1176,1071.1937,0.0517,0
569,1,1070.4997,1071.9071,1072.2155,0.0739,0
569,0,1070.4997,1071.9071,1073.0028,0.1637,0
570,1,1072.4215,1073.9302,1074.4205,0.0720,0
570,0,1072.4215,1073.9302,1075.2346,0.1393,0
571,1,1074.5865,1075.7961,1076.0635,0.0967,0
571,0,1074.5865,1075.7961,1076.8648,0.1717,0
572,1,1076.2612,1077.4697,1078.0059,0.3590,0
572,0,1076.2612,1077.4697,1078.8017,0.0438,0
573,1,1078.0759,1079.2906,1079.5619,0.1003,0
573,0,1078.0759,1079.2906,1080.3598,0.2522,0
574,1,1079.8412,1081.0477,1081.3975,0.0900,0
574,0,1079.8412,1081.0477,1082.2041,0.0513,0
575,1,1081.5050,1082.9804,1083.2711,0.0772,0
575,0,1081.5050,1082.9804,1084.0783,0.1773,0
576,1,1083.5025,1084.7341,1085.0219,0.0755,0
576,0,1083.5025,1084.7341,1085.8403,0.2595,0
577,1,1085.3354,1086.6046,1087.0309,0.2221,0
577,0,1085.3354,1086.6046,1087.8155,0.1666,0
578,1,1087.2834,1088.4594,1088.8597,0.1045,0
578,0,1087.2834,1088.4594,1089.6596,0.1391,0
579,1,1089.0380,1090.2798,1090.7433,0.2734,0
579,0,1089.0380,1090.2798,1091.5403,0.1672,0
580,1,1090.9382,1092.1864,1092.4623,0.0946,0
580,0,1090.9382,1092.1864,1093.2582,0.0432,0
581,1,1092.5301,1093.7494,1094.0701,0.0940,0
581,0,1092.5301,1093.7494,1094.8637,0.1772,0
582,1,1094.2725,1095.4988,1095.7890,0.0985,0
582,0,1094.2725,1095.4988,1096.6040,0.0438,0
583,1,1095.8573,1097.2165,1097.6163,0.2242,0
583,0,1095.8573,1097.2165,1098.4666,0.0363,0
584,1,1097.6783,1098.8974,1099.1720,0.0945,0
584,0,1097.6783,1098.8974,1099.9757,0.1877,0
585,1,1099.3858,1100.5954,1100.8682,0.0972,0
585,0,1099.3858,1100.5954,1101.6559,0.0353,0
586,1,1100.9316,1102.2170,1102.5284,0.0978,0
586,0,1100.9316,1102.2170,1103.3232,0.1780,0
587,1,1102.7797,1104.0097,1104.2871,0.1007,0
587,0,1102.7797,1104.0097,1105.2205,0.0437,0
588,1,1104.3571,1105.6496,1106.0524,0.0907,0
588,0,1104.3571,1105.6496,1107.1715,0.0636,0
589,1,1106.1619,1107.9733,1108.2733,0.0921,0
589,0,1106.1619,1107.9733,1109.0969,0.2923,0
590,1,1108.5929,1109.8178,1110.1041,0.0978,0
590,0,1108.5929,1109.8178,1110.9211,0.1827,0
591,1,1110.3135,1111.5354,1111.8034,0.0987,0
591,0,1110.3135,1111.5354,1112.6149,0.0358,0
592,1,1111.8698,1113.1219,1113.4141,0.0943,0
592,0,1111.8698,1113.1219,1114.2419,0.1953,0
593,1,1113.6329,1114.8610,1115.1623,0.0903,0
593,0,1113.6329,1114.8610,1115.9712,0.0373,0
594,1,1115.2254,1116.4457,1116.9878,0.3689,0
594,0,1115.2254,1116.4457,1117.7907,0.0373,0
595,1,1117.0509,1118.2768,1118.6352,0.1012,0
595,0,1117.0509,1118.2768,1119.4623,0.1933,0
596,1,1118.8901,1120.3406,1120.7595,0.0736,0
596,0,1118.8901,1120.3406,1121.6145,0.0465,0
597,1,1121.0754,1122.7328,1123.1157,0.1702,0
597,0,1121.0754,1122.7328,1123.9857,0.0440,0
598,1,1123.2217,1124.7586,1125.4508,0.4111,0
598,0,1123.2217,1124.7586,1126.5525,0.0934,0
599,1,1125.5863,1126.8265,1127.2207,0.1196,0
599,0,1125.5863,1126.8265,1128.2686,0.1074,0
600,1,1127.3705,1128.6221,1129.0725,0.1487,0
600,0,1127.3705,1128.6221,1130.0700,0.0438,0
601,1,1129.1723,1130.3933,1130.9536,0.3666,0
601,0,1129.1723,1130.3933,1131.8320,0.0411,0
602,1,1131.0190,1132.2584,1133.0545,0.0972,0
602,0,1131.0190,1132.2584,1133.9684,0.0642,0
603,1,1133.1454,1134.3853,1134.7967,0.0965,0
603,0,1133.1454,1134.3853,1135.6896,0.0548,0
604,1,1134.9063,1136.2917,1136.9082,0.3046,0
604,0,1134.9063,1136.2917,1137.7313,0.0405,0
605,1,1136.9754,1138.2201,1138.5228,0.0978,0
605,0,1136.9754,1138.2201,1139.3392,0.1908,0
606,1,1138.7403,1139.9874,1140.3521,0.0892,0
606,0,1138.7403,1139.9874,1141.1653,0.1818,0
607,1,1140.5584,1141.8117,1142.0865,0.0939,0
607,0,1140.5584,1141.8117,1142.9141,0.0704,0
608,1,1142.1842,1143.4190,1143.6929,0.1008,0
608,0,1142.1842,1143.4190,1144.5009,0.1839,0
609,1,1143.9037,1145.1485,1145.6669,0.2281,0
609,0,1143.9037,1145.1485,1146.4823,0.0379,0
610,1,1145.7309,1146.9689,1147.5137,0.3670,0
610,0,1145.7309,1146.9689,1148.3151,0.0402,0
611,1,1147.5890,1148.8223,1149.0876,0.0956,0
611,0,1147.5890,1148.8223,1149.8879,0.1970,0
612,1,1149.3116,1150.5397,1150.8192,0.1069,0
612,0,1149.3116,1150.5397,1151.6155,0.0360,0
613,1,1150.8805,1152.1173,1152.3966,0.0871,0
613,0,1150.8805,1152.1173,1153.2416,0.2031,0
614,1,1152.6267,1154.0178,1154.2985,0.1028,0
614,0,1152.6267,1154.0178,1155.1733,0.4598,0
615,1,1154.7841,1156.2173,1156.6057,0.2032,0
615,0,1154.7841,1156.2173,1157.4252,0.0445,0
616,1,1156.6767,1158.1009,1158.6448,0.3705,0
616,0,1156.6767,1158.1009,1159.4611,0.0470,0
617,1,1158.7157,1159.9541,1160.2383,0.0994,0
617,0,1158.7157,1159.9541,1161.0520,0.2108,0
618,1,1160.4752,1161.7105,1162.0092,0.1042,0
618,0,1160.4752,1161.7105,1162.8392,0.0502,0
619,1,1162.0830,1163.3491,1163.6340,0.0983,0
619,0,1162.0830,1163.3491,1164.4931,0.1925,0
620,1,1163.8543,1165.1148,1165.3833,0.0948,0
620,0,1163.8543,1165.1148,1166.2151,0.0466,0
621,1,1165.4543,1166.7256,1167.1278,0.2277,0
621,0,1165.4543,1166.7256,1168.0269,0.0358,0
622,1,1167.1888,1168.4246,1168.7062,0.0907,0
622,0,1167.1888,1168.4246,1169.5247,0.1642,0
623,1,1168.8973,1170.1316,1170.4155,0.0974,0
623,0,1168.8973,1170.1316,1171.2216,0.0382,0
624,1,1170.4773,1171.7051,1171.9923,0.1029,0
624,0,1170.4773,1171.7051,1172.7848,0.2857,0
625,1,1172.3015,1173.5338,1174.0403,0.2803,0
625,0,1172.3015,1173.5338,1174.8386,0.1846,0
626,1,1174.2504,1175.5732,1175.8423,0.1006,0
626,0,1174.2504,1175.5732,1176.6552,0.0355,0
627,1,1175.9041,1177.1310,1177.4235,0.0987,0
627,0,1175.9041,1177.1310,1178.2298,0.2019,0
628,1,1177.6520,1178.8819,1179.1809,0.1246,0
628,0,1177.6520,1178.8819,1179.9875,0.0375,0
629,1,1179.2446,1180.4804,1181.0082,0.3451,0
629,0,1179.2446,1180.4804,1181.9043,0.0743,0
630,1,1181.1087,1182.3451,1182.6295,0.0992,0
630,0,1181.1087,1182.3451,1183.4202,0.2734,0
631,1,1182.9302,1184.1702,1184.4569,0.0940,0
631,0,1182.9302,1184.1702,1185.2559,0.0389,0
632,1,1184.5216,1185.7543,1186.3026,0.3756,0
632,0,1184.5216,1185.7543,1187.1199,0.0376,0
633,1,1186.4167,1187.8417,1188.6174,0.5974,0
633,0,1186.4167,1187.8417,1189.4147,0.0394,0
634,1,1188.6822,1189.9178,1190.3084,0.1006,0
634,0,1188.6822,1189.9178,1191.1174,0.2291,0
635,1,1190.5619,1191.8675,1192.1548,0.0983,0
635,0,1190.5619,1191.8675,1193.0009,0.0934,0
636,1,1192.2747,1193.5054,1193.8054,0.1005,0
636,0,1192.2747,1193.5054,1194.6040,0.2185,0
637,1,1194.0488,1195.2998,1195.5695,0.0960,0
637,0,1194.0488,1195.2998,1196.3760,0.0369,0
638,1,1195.6324,1196.8671,1197.4494,0.3913,0
638,0,1195.6324,1196.8671,1198.2468,0.0461,0
639,1,1197.5204,1198.7526,1199.0349,0.1096,0
639,0,1197.5204,1198.7526,1199.8634,0.1938,0
640,1,1199.2553,1200.4907,1200.7646,0.0952,0
640,0,1199.2553,1200.4907,1201.5600,0.0385,0
641,1,1200.8277,1202.0573,1202.4058,0.0980,0
641,0,1200.8277,1202.0573,1203.1971,0.1809,0
642,1,1202.6132,1203.8507,1204.1505,0.0955,0
642,0,1202.6132,1203.8507,1204.9397,0.0383,0
643,1,1204.2122,1205.4379,1205.9794,0.3678,0
643,0,1204.2122,1205.4379,1206.8033,0.0361,0
644,1,1206.0407,1207.4654,1207.7625,0.0974,0
644,0,1206.0407,1207.4654,1208.5601,0.2023,0
645,1,1207.9898,1209.2416,1209.5806,0.0909,0
645,0,1207.9898,1209.2416,1210.3751,0.0360,0
646,1,1209.6427,1210.8745,1211.4195,0.3660,0
646,0,1209.6427,1210.8745,1212.2186,0.0393,0
647,1,1211.4843,1212.7250,1213.0296,0.1035,0
647,0,1211.4843,1212.7250,1213.8272,0.1715,0
648,1,1213.2266,1214.4661,1214.7409,0.1008,0
648,0,1213.2266,1214.4661,1215.5870,0.0352,0
649,1,1214.8017,1216.0295,1216.3164,0.0996,0
649,0,1214.8017,1216.0295,1217.1076,0.2141,0
650,1,1216.5588,1217.7892,1218.0933,0.1206,0
650,0,1216.5588,1217.7892,1218.9320,0.0376,0
651,1,1218.1559,1219.5012,1219.9030,0.2273,0
651,0,1218.1559,1219.5012,1220.7532,0.0368,0
652,1,1219.9657,1221.3472,1222.1697,0.5932,0
652,0,1219.9657,1221.3472,1222.9775,0.0555,0
653,1,1222.2534,1223.4575,1223.7411,0.0948,0
653,0,1222.2534,1223.4575,1224.5388,0.0962,0
654,1,1223.8638,1225.1179,1225.5421,0.2363,0
654,0,1223.8638,1225.1179,1226.3579,0.0375,0
655,1,1225.6055,1226.8450,1227.1239,0.0997,0
655,0,1225.6055,1226.8450,1227.9179,0.2384,0
656,1,1227.3890,1228.6270,1228.9026,0.0969,0
656,0,1227.3890,1228.6270,1229.6962,0.0899,0
657,1,1229.0172,1230.2575,1230.8044,0.3685,0
657,0,1229.0172,1230.2575,1231.7625,0.0438,0
658,1,1230.8737,1232.1302,1232.4060,0.0973,0
658,0,1230.8737,1232.1302,1233.2043,0.1906,0
659,1,1232.6234,1233.8610,1234.1413,0.0909,0
659,0,1232.6234,1233.8610,1234.9316,0.0434,0
660,1,1234.2078,1235.4301,1235.7367,0.0988,0
660,0,1234.2078,1235.4301,1236.5288,0.1915,0
661,1,1235.9539,1237.1909,1237.5074,0.0966,0
661,0,1235.9539,1237.1909,1238.2944,0.0366,0
662,1,1237.5661,1238.7941,1239.3486,0.3734,0
662,0,1237.5661,1238.7941,1240.1916,0.0440,0
663,1,1239.4160,1240.8393,1241.1493,0.1028,0
663,0,1239.4160,1240.8393,1241.9483,0.1859,0
664,1,1241.3600,1242.5940,1242.9089,0.0985,0
664,0,1241.3600,1242.5940,1243.7019,0.0367,0
665,1,1242.9716,1244.2087,1244.7485,0.3595,0
665,0,1242.9716,1244.2087,1245.6737,0.0376,0
666,1,1244.8114,1246.0444,1246.3237,0.0993,0
666,0,1244.8114,1246.0444,1247.1665,0.1880,0
667,1,1246.5398,1247.8105,1248.0896,0.0974,0
667,0,1246.5398,1247.8105,1248.8819,0.0364,0
668,1,1248.1512,1249.3839,1249.6579,0.0955,0
668,0,1248.1512,1249.3839,1250.4502,0.1695,0
669,1,1249.8537,1251.0908,1251.3805,0.0993,0
669,0,1249.8537,1251.0908,1252.1772,0.0464,0
670,1,1251.4509,1252.6852,1253.3322,0.3642,0
670,0,1251.4509,1252.6852,1254.1830,0.0515,0
671,1,1253.4600,1254.8069,1255.4624,0.4249,0
671,0,1253.4600,1254.8069,1256.2649,0.0444,0
672,1,1255.5355,1256.7879,1257.0604,0.1019,0
672,0,1255.5355,1256.7879,1257.8565,0.1028,0
673,1,1257.1989,1258.4439,1258.8596,0.2413,0
673,0,1257.1989,1258.4439,1259.6670,0.0440,0
674,1,1258.9292,1260.1761,1260.4697,0.0962,0
674,0,1258.9292,1260.1761,1261.3491,0.2869,0
675,1,1260.7821,1262.0458,1262.3558,0.1021,0
675,0,1260.7821,1262.0458,1263.1742,0.0384,0
676,1,1262.4212,1263.6644,1264.2251,0.3615,0
676,0,1262.4212,1263.6644,1265.0202,0.0403,0
677,1,1264.2908,1265.5256,1265.7929,0.0999,0
677,0,1264.2908,1265.5256,1266.5933,0.2191,0
678,1,1266.0843,1267.3226,1267.6045,0.0976,0
678,0,1266.0843,1267.3226,1268.3939,0.0355,0
679,1,1267.6660,1268.9129,1269.2124,0.1009,0
679,0,1267.6660,1268.9129,1270.0069,0.2531,0
680,1,1269.4918,1270.7349,1271.0058,0.0972,0
680,0,1269.4918,1270.7349,1271.7930,0.0454,0
681,1,1271.0762,1272.3178,1272.7219,0.2285,0
681,0,1271.0762,1272.3178,1273.6153,0.0358,0
682,1,1272.7838,1274.2083,1274.5036,0.1012,0
682,0,1272.7838,1274.2083,1275.3014,0.2010,0
683,1,1274.7282,1275.9633,1276.2833,0.0988,0
683,0,1274.7282,1275.9633,1277.1341,0.0355,0
684,1,1276.3456,1277.5805,1278.1305,0.3584,0
684,0,1276.3456,1277.5805,1278.9263,0.0407,0
685,1,1278.1963,1279.4264,1279.7030,0.1008,0
685,0,1278.1963,1279.4264,1280.4944,0.1971,0
686,1,1279.9269,1281.1606,1281.4339,0.0993,0
686,0,1279.9269,1281.1606,1282.2473,0.0368,0
687,1,1281.4966,1282.7840,1283.0818,0.1068,0
687,0,1281.4966,1282.7840,1283.8743,0.2087,0
688,1,1283.3151,1284.5453,1284.8297,0.1025,0
688,0,1283.3151,1284.5453,1285.6253,0.0387,0
689,1,1284.8923,1286.1811,1286.7403,0.2290,0
689,0,1284.8923,1286.1811,1287.5328,0.2538,0
690,1,1287.0181,1288.2551,1288.5424,0.1058,0
690,0,1287.0181,1288.2551,1289.3369,0.2825,0
691,1,1288.8524,1290.0861,1290.5620,0.0980,0
691,0,1288.8524,1290.0861,1291.3866,0.2567,0
692,1,1290.8504,1292.1399,1292.6773,0.0896,0
692,0,1290.8504,1292.1399,1293.5250,0.0502,0
693,1,1292.7659,1294.1025,1294.6787,0.3578,0
693,0,1292.7659,1294.1025,1295.4784,0.0445,0
694,1,1294.7524,1296.0290,1296.3156,0.0988,0
694,0,1294.7524,1296.0290,1297.1175,0.1946,0
695,1,1296.5372,1297.7708,1298.0502,0.0974,0
695,0,1296.5372,1297.7708,1298.8483,0.0419,0
696,1,1298.1284,1299.3677,1299.6359,0.0952,0
696,0,1298.1284,1299.3677,1300.4305,0.2307,0
697,1,1299.8939,1301.1338,1301.4200,0.1044,0
697,0,1299.8939,1301.1338,1302.2402,0.0372,0
698,1,1301.4879,1302.8504,1303.1216,0.0978,0
698,0,1301.4879,1302.8504,1303.9192,0.0818,0
699,1,1303.2306,1304.4664,1304.7388,0.0993,0
699,0,1303.2306,1304.4664,1305.5351,0.1956,0
700,1,1304.9588,1306.1835,1306.4615,0.0971,0
700,0,1304.9588,1306.1835,1307.2693,0.0406,0
701,1,1306.5284,1307.9987,1308.7093,0.3651,0
701,0,1306.5284,1307.9987,1309.8188,0.1901,0
702,1,1308.9268,1310.1633,1310.5996,0.1116,0
702,0,1308.9268,1310.1633,1311.4175,0.1631,0
703,1,1310.7899,1312.0351,1312.6026,0.1110,0
703,0,1310.7899,1312.0351,1313.4160,0.0630,0
704,1,1312.6914,1314.0207,1314.4100,0.1123,0
704,0,1312.6914,1314.0207,1315.3738,0.0645,0
705,1,1314.5006,1315.7421,1316.1622,0.1145,0
705,0,1314.5006,1315.7421,1316.9670,0.1428,0
706,1,1316.3408,1317.6137,1318.1499,0.1051,0
706,0,1316.3408,1317.6137,1318.9521,0.0632,0
707,1,1318.2392,1319.5105,1320.0523,0.2435,0
707,0,1318.2392,1319.5105,1320.9216,0.1235,0
708,1,1320.2065,1321.4951,1321.7805,0.0972,0
708,0,1320.2065,1321.4951,1322.5831,0.3060,0
709,1,1322.1125,1323.3535,1323.6884,0.1061,0
709,0,1322.1125,1323.3535,1324.5432,0.1557,0
710,1,1323.8698,1325.1318,1325.5549,0.2242,0
710,0,1323.8698,1325.1318,1326.3739,0.0379,0
711,1,1325.6169,1326.8536,1327.1285,0.0997,0
711,0,1325.6169,1326.8536,1327.9297,0.2828,0
712,1,1327.4376,1328.6790,1328.9650,0.0956,0
712,0,1327.4376,1328.6790,1329.7592,0.0370,0
713,1,1329.0266,1330.2595,1330.8142,0.3805,0
713,0,1329.0266,1330.2595,1331.6082,0.0403,0
714,1,1330.8797,1332.1099,1332.3833,0.0956,0
714,0,1330.8797,1332.1099,1333.1804,0.1910,0
715,1,1332.5994,1333.8345,1334.1109,0.1013,0
715,0,1332.5994,1333.8345,1334.9008,0.0419,0
716,1,1334.1783,1335.4049,1335.6894,0.0980,0
716,0,1334.1783,1335.4049,1336.4804,0.2124,0
717,1,1335.9273,1337.1607,1337.4803,0.0982,0
717,0,1335.9273,1337.1607,1338.2681,0.0439,0
718,1,1337.5495,1338.7772,1339.3210,0.3656,0
718,0,1337.5495,1338.7772,1340.6531,0.0364,0
719,1,1339.3830,1340.8204,1341.1935,0.0778,0
719,0,1339.3830,1340.8204,1341.9899,0.1657,0
720,1,1341.3857,1342.6028,1343.1692,0.1099,0
720,0,1341.3857,1342.6028,1344.0656,0.0642,0
721,1,1343.2609,1344.5005,1344.9828,0.2424,0
721,0,1343.2609,1344.5005,1345.9305,0.0911,0
722,1,1345.1006,1346.3445,1346.7485,0.1096,0
722,0,1345.1006,1346.3445,1347.5427,0.2039,0
723,1,1346.9784,1348.2209,1348.7856,0.2389,0
723,0,1346.9784,1348.2209,1349.7338,0.0541,0
724,1,1348.9172,1350.1576,1350.6696,0.2448,0
724,0,1348.9172,1350.1576,1351.4666,0.0621,0
725,1,1350.7582,1351.9970,1352.4167,0.1124,0
725,0,1350.7582,1351.9970,1353.2085,0.0920,0
726,1,1352.5351,1353.9316,1354.5207,0.2635,0
726,0,1352.5351,1353.9316,1355.3136,0.1940,0
727,1,1354.7505,1355.9745,1356.2644,0.0989,0
727,0,1354.7505,1355.9745,1357.0666,0.0602,0
728,1,1356.3527,1357.8093,1358.1186,0.0979,0
728,0,1356.3527,1357.8093,1358.9474,0.1876,0
729,1,1358.3339,1359.5734,1359.8683,0.1051,0
729,0,1358.3339,1359.5734,1360.6708,0.0424,0
730,1,1359.9353,1361.1876,1361.6114,0.2445,0
730,0,1359.9353,1361.1876,1362.4460,0.0393,0
731,1,1361.6749,1362.9108,1363.1922,0.1044,0
731,0,1361.6749,1362.9108,1363.9939,0.3083,0
732,1,1363.5271,1364.7555,1365.0457,0.1082,0
732,0,1363.5271,1364.7555,1365.8448,0.0954,0
733,1,1365.1731,1366.4091,1366.9506,0.3668,0
733,0,1365.1731,1366.4091,1367.7463,0.0395,0
734,1,1367.0146,1368.2500,1368.7261,0.1031,0
734,0,1367.0146,1368.2500,1369.5532,0.2012,0
735,1,1368.9605,1370.2484,1370.8138,0.1108,0
735,0,1368.9605,1370.2484,1371.6540,0.0455,0
736,1,1370.9044,1372.3103,1372.7222,0.2109,0
736,0,1370.9044,1372.3103,1373.6249,0.0539,0
737,1,1372.8234,1374.2938,1374.5879,0.0735,0
737,0,1372.8234,1374.2938,1375.4026,0.1929,0
738,1,1374.8373,1376.3058,1376.5830,0.0522,0
738,0,1374.8373,1376.3058,1377.5090,0.0425,0
739,1,1376.6703,1378.0252,1378.4490,0.2121,0
739,0,1376.6703,1378.0252,1379.2886,0.0526,0
740,1,1378.5465,1379.8056,1380.0898,0.0794,0
740,0,1378.5465,1379.8056,1380.9121,0.1960,0
741,1,1380.3408,1381.5993,1381.9373,0.0759,0
741,0,1380.3408,1381.5993,1382.7727,0.0436,0
742,1,1382.0025,1383.3834,1383.7882,0.2209,0
742,0,1382.0025,1383.3834,1384.6672,0.0423,0
743,1,1383.8557,1385.0969,1385.3689,0.0991,0
743,0,1383.8557,1385.0969,1386.1893,0.1920,0
744,1,1385.5848,1387.0306,1387.6323,0.3144,0
744,0,1385.5848,1387.0306,1388.4805,0.0493,0
745,1,1387.7201,1389.0529,1389.4985,0.2280,0
745,0,1387.7201,1389.0529,1390.3742,0.0456,0
746,1,1389.5895,1391.1654,1391.4637,0.0759,0
746,0,1389.5895,1391.1654,1392.3047,0.1825,0
747,1,1391.7012,1392.9559,1393.2317,0.0757,0
747,0,1391.7012,1392.9559,1394.0883,0.0511,0
748,1,1393.3250,1394.6810,1395.1004,0.2183,0
748,0,1393.3250,1394.6810,1395.9392,0.0466,0
749,1,1395.1918,1396.4626,1396.7545,0.0713,0
749,0,1395.1918,1396.4626,1397.6287,0.2039,0
750,1,1396.9920,1398.2759,1398.5679,0.1042,0
750,0,1396.9920,1398.2759,1399.4033,0.0445,0
751,1,1398.6383,1399.8777,1400.4210,0.3629,0
751,0,1398.6383,1399.8777,1401.3303,0.0436,0
752,1,1400.4901,1401.7350,1402.0935,0.0923,0
752,0,1400.4901,1401.7350,1402.9579,0.0916,0
753,1,1402.2296,1403.5161,1403.8017,0.0966,0
753,0,1402.2296,1403.5161,1404.6285,0.0396,0
754,1,1403.8680,1405.1078,1405.6542,0.3621,0
754,0,1403.8680,1405.1078,1406.4732,0.0417,0
755,1,1405.7216,1407.1688,1407.4509,0.0995,0
755,0,1405.7216,1407.1688,1408.2694,0.2878,0
756,1,1407.7663,1409.0036,1409.2920,0.0965,0
756,0,1407.7663,1409.0036,1410.1292,0.0360,0
757,1,1409.3541,1410.5893,1411.1296,0.3621,0
757,0,1409.3541,1410.5893,1411.9460,0.0440,0
758,1,1411.2002,1412.4390,1412.7135,0.0995,0
758,0,1411.2002,1412.4390,1413.5241,0.0397,0
759,1,1412.7783,1414.0367,1414.5064,0.2098,0
759,0,1412.7783,1414.0367,1415.3311,0.0556,0
760,1,1414.6086,1415.8700,1416.1555,0.0779,0
760,0,1414.6086,1415.8700,1416.9487,0.1912,0
761,1,1416.3709,1417.5590,1417.9039,0.0917,0
761,0,1416.3709,1417.5590,1418.7117,0.0403,0
762,1,1417.9705,1419.2436,1419.8636,0.3664,0
762,0,1417.9705,1419.2436,1420.6918,0.1209,0
763,1,1420.0044,1421.2493,1421.5707,0.0997,0
763,0,1420.0044,1421.2493,1422.3756,0.1513,0
764,1,1421.7498,1422.9951,1423.2706,0.0932,0
764,0,1421.7498,1422.9951,1424.0758,0.0418,0
765,1,1423.3388,1424.7724,1425.3077,0.3615,0
765,0,1423.3388,1424.7724,1426.1214,0.0443,0
766,1,1425.3782,1426.6113,1426.8916,0.1086,0
766,0,1425.3782,1426.6113,1427.6995,0.1904,0
767,1,1427.1086,1428.3478,1428.6237,0.1014,0
767,0,1427.1086,1428.3478,1429.4269,0.0440,0
768,1,1428.6933,1429.9251,1430.2315,0.1047,0
768,0,1428.6933,1429.9251,1431.0346,0.1931,0
769,1,1430.4776,1431.7221,1431.9950,0.0963,0
769,0,1430.4776,1431.7221,1432.7986,0.0356,0
770,1,1432.0558,1433.3401,1433.7453,0.2343,0
770,0,1432.0558,1433.3401,1434.6049,0.0374,0
771,1,1433.8078,1435.0399,1435.3267,0.1053,0
771,0,1433.8078,1435.0399,1436.1287,0.2820,0
772,1,1435.6353,1436.8818,1437.1743,0.0991,0
772,0,1435.6353,1436.8818,1437.9746,0.1025,0
773,1,1437.3074,1438.5459,1439.0975,0.3768,0
773,0,1437.3074,1438.5459,1439.8953,0.0384,0
774,1,1439.1657,1440.5987,1440.8750,0.0947,0
774,0,1439.1657,1440.5987,1441.6778,0.3011,0
775,1,1441.2051,1442.4439,1442.7342,0.0978,0
775,0,1441.2051,1442.4439,1443.5388,0.0938,0
776,1,1442.8540,1444.0921,1444.6246,0.3629,0
776,0,1442.8540,1444.0921,1445.4235,0.0439,0
777,1,1444.6942,1445.9287,1446.2070,0.1024,0
777,0,1444.6942,1445.9287,1447.0037,0.1887,0
778,1,1446.4222,1447.7042,1447.9756,0.0946,0
778,0,1446.4222,1447.7042,1448.7733,0.0436,0
779,1,1448.0455,1449.2838,1449.7592,0.0943,0
779,0,1448.0455,1449.2838,1450.5240,0.0468,0
780,1,1449.8288,1451.0125,1451.4014,0.1486,0
780,0,1449.8288,1451.0125,1452.2234,0.0398,0
781,1,1451.4679,1452.8118,1453.2254,0.2284,0
781,0,1451.4679,1452.8118,1454.0768,0.0399,0
782,1,1453.2911,1454.5702,1455.3894,0.5930,0
782,0,1453.2911,1454.5702,1456.1934,0.0396,0
783,1,1455.4553,1456.6956,1457.0018,0.0967,0
783,0,1455.4553,1456.6956,1457.7969,0.1722,0
784,1,1457.2000,1458.4451,1458.8704,0.2467,0
784,0,1457.2000,1458.4451,1459.6736,0.0369,0
785,1,1458.9336,1460.1721,1460.4533,0.1015,0
785,0,1458.9336,1460.1721,1461.2692,0.2826,0
786,1,1460.7622,1461.9979,1462.3638,0.0999,0
786,0,1460.7622,1461.9979,1463.1554,0.0383,0
787,1,1462.4274,1463.6650,1464.1958,0.3596,0
787,0,1462.4274,1463.6650,1464.9888,0.0374,0
788,1,1464.2597,1465.5061,1465.8126,0.0957,0
788,0,1464.2597,1465.5061,1466.6153,0.1587,0
789,1,1465.9955,1467.2336,1467.5013,0.0912,0
789,0,1465.9955,1467.2336,1468.2916,0.0349,0
790,1,1467.5618,1468.7886,1469.0741,0.1066,0
790,0,1467.5618,1468.7886,1469.8627,0.1845,0
791,1,1469.2844,1470.5130,1470.8040,0.0955,0
791,0,1469.2844,1470.5130,1471.5922,0.0368,0
792,1,1470.8664,1472.0984,1472.6318,0.3612,0
792,0,1470.8664,1472.0984,1473.4645,0.0353,0
793,1,1472.6924,1474.1196,1474.4701,0.0979,0
793,0,1472.6924,1474.1196,1475.2716,0.1384,0
794,1,1474.6344,1475.8768,1476.1513,0.0982,0
794,0,1474.6344,1475.8768,1476.9452,0.0362,0
795,1,1476.2135,1477.4575,1477.9986,0.3668,0
795,0,1476.2135,1477.4575,1478.7921,0.0378,0
796,1,1478.0627,1479.3059,1479.5784,0.1023,0
796,0,1478.0627,1479.3059,1480.3739,0.1600,0
797,1,1479.7647,1481.0234,1481.3326,0.0995,0
797,0,1479.7647,1481.0234,1482.1410,0.0435,0
798,1,1481.4029,1482.6315,1482.9196,0.0974,0
798,0,1481.4029,1482.6315,1483.7120,0.2216,0
799,1,1483.1678,1484.4002,1484.7797,0.0961,0
799,0,1483.1678,1484.4002,1485.5826,0.0464,0
800,1,1484.8500,1486.0853,1486.6399,0.3646,0
800,0,1484.8500,1486.0853,1487.4540,0.0456,0
801,1,1486.7120,1488.1425,1488.4344,0.0960,0
801,0,1486.7120,1488.1425,1489.2336,0.2988,0
802,1,1488.7604,1489.9975,1490.3505,0.1250,0
802,0,1488.7604,1489.9975,1491.1662,0.1762,0
803,1,1490.5537,1491.7857,1492.1999,0.2343,0
803,0,1490.5537,1491.7857,1493.0101,0.0360,0
804,1,1492.2619,1493.4940,1493.7742,0.0988,0
804,0,1492.2619,1493.4940,1494.5583,0.3132,0
805,1,1494.1124,1495.3605,1495.6975,0.0967,0
805,0,1494.1124,1495.3605,1496.7173,0.0366,0
806,1,1495.7636,1496.9946,1497.6890,0.3839,0
806,0,1495.7636,1496.9946,1498.8226,0.0727,0
807,1,1497.7941,1499.0811,1499.3730,0.0800,0
807,0,1497.7941,1499.0811,1500.1612,0.2884,0
808,1,1499.7172,1500.9833,1501.3405,0.0747,0
808,0,1499.7172,1500.9833,1502.1355,0.0510,0
809,1,1501.4364,1502.6868,1503.2325,0.3442,0
809,0,1501.4364,1502.6868,1504.0308,0.0436,0
810,1,1503.3194,1504.5737,1504.8445,0.0785,0
810,0,1503.3194,1504.5737,1505.6389,0.1789,0
811,1,1505.0557,1506.3461,1506.6447,0.0799,0
811,0,1505.0557,1506.3461,1507.4237,0.0414,0
812,1,1506.7529,1508.1507,1508.7045,0.3668,0
812,0,1506.7529,1508.1507,1509.5788,0.0439,0
813,1,1508.7744,1510.0194,1510.2923,0.0975,0
813,0,1508.7744,1510.0194,1511.1230,0.1914,0
814,1,1511.6452,1512.8282,1513.3375,0.3206,0
814,0,1511.6452,1512.8282,1514.1269,0.0628,0
815,1,1513.5328,1514.7439,1515.2380,0.1882,0
815,0,1513.5328,1514.7439,1516.0399,0.0547,0
816,1,1515.3383,1516.6148,1517.1695,0.3429,0
816,0,1515.3383,1516.6148,1518.0151,0.0499,0
817,1,1517.2648,1518.5297,1518.8203,0.0770,0
817,0,1517.2648,1518.5297,1519.6170,0.1889,0
818,1,1519.0642,1520.4805,1521.0155,0.3181,0
818,0,1519.0642,1520.4805,1521.8513,0.0497,0
819,1,1521.1099,1522.5799,1522.9948,0.2084,0
819,0,1521.1099,1522.5799,1523.8166,0.0513,0
820,1,1523.0907,1524.5539,1524.8365,0.0756,0
820,0,1523.0907,1524.5539,1525.6522,0.1975,0
821,1,1525.0900,1526.4509,1526.7254,0.0696,0
821,0,1525.0900,1526.4509,1527.5527,0.1988,0
822,1,1526.9808,1528.1780,1528.5568,0.1081,0
822,0,1526.9808,1528.1780,1529.4759,0.0643,0
823,1,1528.6477,1529.8842,1530.3100,0.1101,0
823,0,1528.6477,1529.8842,1531.1377,0.0777,0
824,1,1530.4156,1531.6569,1531.9497,0.1117,0
824,0,1530.4156,1531.6569,1532.7744,0.0449,0
825,1,1532.0204,1533.3689,1533.6377,0.0931,0
825,0,1532.0204,1533.3689,1534.4541,0.0841,0
826,1,1533.7472,1534.9859,1535.2764,0.0929,0
826,0,1533.7472,1534.9859,1536.0860,0.1604,0
827,1,1535.4624,1536.6874,1536.9631,0.0969,0
827,0,1535.4624,1536.6874,1537.7682,0.0447,0
828,1,1537.0335,1538.2638,1538.5571,0.0982,0
828,0,1537.0335,1538.2638,1539.3830,0.2639,0
829,1,1538.8482,1540.0881,1540.4702,0.1007,0
829,0,1538.8482,1540.0881,1541.3407,0.0660,0
830,1,1540.5886,1542.0080,1542.4427,0.2086,0
830,0,1540.5886,1542.0080,1543.2702,0.0536,0
831,1,1542.5423,1543.8659,1544.1418,0.0752,0
831,0,1542.5423,1543.8659,1544.9539,0.1882,0
832,1,1544.3854,1545.7631,1546.0191,0.0483,0
832,0,1544.3854,1545.7631,1546.8272,0.2852,0
833,1,1546.3476,1547.6413,1547.9270,0.0761,0
833,0,1546.3476,1547.6413,1548.7542,0.0531,0
834,1,1548.0225,1549.2751,1549.5493,0.0769,0
834,0,1548.0225,1549.2751,1550.3374,0.1919,0
835,1,1549.7692,1551.0177,1551.3468,0.1004,0
835,0,1549.7692,1551.0177,1552.1861,0.0446,0
836,1,1551.4182,1552.8225,1553.2385,0.2391,0
836,0,1551.4182,1552.8225,1554.0814,0.0452,0
837,1,1553.3101,1554.8036,1555.1384,0.1007,0
837,0,1553.3101,1554.8036,1555.9891,0.2098,0
838,1,1555.3748,1556.6275,1557.0284,0.1025,0
838,0,1555.3748,1556.6275,1557.8570,0.2405,0
839,1,1557.3015,1558.5576,1559.1003,0.2326,0
839,0,1557.3015,1558.5576,1559.9568,0.0646,0
840,1,1559.1913,1560.4255,1560.8402,0.1090,0
840,0,1559.1913,1560.4255,1561.6566,0.1071,0
841,1,1560.9740,1562.2192,1562.5444,0.0806,0
841,0,1560.9740,1562.2192,1563.3804,0.0391,0
842,1,1562.6138,1563.8568,1564.3929,0.3468,0
842,0,1562.6138,1563.8568,1565.2283,0.0400,0
843,1,1564.4595,1565.6980,1566.0111,0.0961,0
843,0,1564.4595,1565.6980,1566.8250,0.1981,0
844,1,1566.2627,1567.5247,1567.8080,0.0755,0
844,0,1566.2627,1567.5247,1568.5886,0.1073,0
845,1,1567.9454,1569.2028,1569.7591,0.3610,0
845,0,1567.9454,1569.2028,1570.5681,0.0431,0
846,1,1569.8299,1571.0668,1571.3408,0.0925,0
846,0,1569.8299,1571.0668,1572.1503,0.1829,0
847,1,1571.5518,1572.7879,1573.0830,0.0970,0
847,0,1571.5518,1572.7879,1573.8907,0.0433,0
848,1,1573.1507,1574.6274,1574.9340,0.0943,0
848,0,1573.1507,1574.6274,1575.7457,0.2012,0
849,1,1575.1624,1576.3987,1576.6726,0.0927,0
849,0,1575.1624,1576.3987,1577.4900,0.2396,0
850,1,1576.9391,1578.1764,1578.4566,0.0956,0
850,0,1576.9391,1578.1764,1579.2648,0.0429,0
851,1,1578.5252,1579.7605,1580.0687,0.1061,0
851,0,1578.5252,1579.7605,1580.8731,0.1926,0
852,1,1580.2880,1581.5247,1581.8176,0.1005,0
852,0,1580.2880,1581.5247,1582.6501,0.0355,0
853,1,1581.8796,1583.1193,1583.6553,0.3555,0
853,0,1581.8796,1583.1193,1584.4583,0.0441,0
854,1,1583.7249,1584.9661,1585.2407,0.1002,0
854,0,1583.7249,1584.9661,1586.0388,0.2839,0
855,1,1585.5490,1586.9424,1587.2259,0.0985,0
855,0,1585.5490,1586.9424,1588.1770,0.1836,0
856,1,1587.4376,1588.6847,1589.2469,0.3777,0
856,0,1587.4376,1588.6847,1590.1141,0.0402,0
857,1,1589.3121,1590.7559,1591.0484,0.0931,0
857,0,1589.3121,1590.7559,1591.8617,0.2009,0
858,1,1591.2743,1592.5188,1592.7950,0.1025,0
858,0,1591.2743,1592.5188,1593.6018,0.0355,0
859,1,1592.8562,1594.1067,1594.6525,0.3706,0
859,0,1592.8562,1594.1067,1595.4784,0.0361,0
860,1,1594.7377,1595.9806,1596.2630,0.0981,0
860,0,1594.7377,1595.9806,1597.0672,0.1719,0
861,1,1596.4619,1597.7025,1597.9875,0.1000,0
861,0,1596.4619,1597.7025,1598.7874,0.0369,0
862,1,1598.0498,1599.2836,1599.5782,0.1018,0
862,0,1598.0498,1599.2836,1600.3775,0.2043,0
863,1,1599.8093,1601.0507,1601.3602,0.0956,0
863,0,1599.8093,1601.0507,1602.1603,0.0368,0
864,1,1601.4227,1602.6501,1603.1982,0.3744,0
864,0,1601.4227,1602.6501,1604.1094,0.0381,0
865,1,1603.2617,1604.5021,1604.7793,0.0986,0
865,0,1603.2617,1604.5021,1605.5583,0.1995,0
866,1,1605.0183,1606.2641,1606.8901,0.1437,0
866,0,1605.0183,1606.2641,1607.6888,0.0907,0
867,1,1607.0117,1608.4202,1608.9147,0.1502,0
867,0,1607.0117,1608.4202,1609.9334,0.0533,0
868,1,1608.9943,1610.2367,1610.6381,0.1137,0
868,0,1608.9943,1610.2367,1611.4068,0.1203,0
869,1,1610.7846,1612.0003,1612.3510,0.0884,0
869,0,1610.7846,1612.0003,1613.1581,0.0378,0
870,1,1612.4156,1613.6632,1614.2027,0.3600,0
870,0,1612.4156,1613.6632,1615.0168,0.0380,0
871,1,1614.2665,1615.5018,1615.7770,0.0961,0
871,0,1614.2665,1615.5018,1616.5717,0.1928,0
872,1,1615.9969,1617.2436,1617.5163,0.0866,0
872,0,1615.9969,1617.2436,1618.3222,0.0373,0
873,1,1617.5789,1618.8093,1619.0989,0.0970,0
873,0,1617.5789,1618.8093,1620.1017,0.2032,0
874,1,1619.3291,1620.5673,1621.1919,0.3994,0
874,0,1619.3291,1620.5673,1621.9911,0.4281,0
875,1,1621.6676,1623.0480,1623.3480,0.1137,0
875,0,1621.6676,1623.0480,1624.1492,0.0376,0
876,1,1623.4291,1624.8639,1625.3909,0.3615,0
876,0,1623.4291,1624.8639,1626.4135,0.0440,0
877,1,1625.4765,1626.7169,1627.2090,0.1024,0
877,0,1625.4765,1626.7169,1628.0422,0.1485,0
878,1,1627.3841,1628.6268,1629.0991,0.0993,0
878,0,1627.3841,1628.6268,1629.9591,0.0673,0
879,1,1629.2008,1630.5849,1631.2513,0.3300,0
879,0,1629.2008,1630.5849,1632.1069,0.0467,0
880,1,1631.3229,1632.5572,1632.9445,0.0979,0
880,0,1631.3229,1632.5572,1633.7568,0.1646,0
881,1,1633.1675,1634.6563,1634.9715,0.0579,0
881,0,1633.1675,1634.6563,1635.8072,0.0624,0
882,1,1635.0653,1636.4388,1636.8579,0.2282,0
882,0,1635.0653,1636.4388,1637.6917,0.0450,0
883,1,1636.9293,1638.1623,1638.4425,0.0972,0
883,0,1636.9293,1638.1623,1639.2595,0.1843,0
884,1,1638.6532,1639.8847,1640.2179,0.1009,0
884,0,1638.6532,1639.8847,1641.0303,0.0412,0
885,1,1640.2846,1641.5198,1642.0585,0.3590,0
885,0,1640.2846,1641.5198,1642.9094,0.0366,0
886,1,1642.1218,1643.3608,1643.6278,0.0879,0
886,0,1642.1218,1643.3608,1644.4463,0.2939,0
887,1,1643.9489,1645.1834,1645.4679,0.0923,0
887,0,1643.9489,1645.1834,1646.2749,0.0431,0
888,1,1645.5369,1646.7711,1647.3048,0.3627,0
888,0,1645.5369,1646.7711,1648.1049,0.0379,0
889,1,1647.3684,1648.6064,1648.8761,0.0910,0
889,0,1647.3684,1648.6064,1649.6741,0.3090,0
890,1,1649.2107,1650.5010,1650.7879,0.0923,0
890,0,1649.2107,1650.5010,1651.5879,0.0426,0
891,1,1650.8567,1652.0903,1652.3787,0.0934,0
891,0,1650.8567,1652.0903,1653.1773,0.2070,0
892,1,1652.6123,1653.9962,1654.2723,0.0902,0
892,0,1652.6123,1653.9962,1655.0752,0.1901,0
893,1,1654.4897,1655.7400,1656.1733,0.2526,0
893,0,1654.4897,1655.7400,1657.0288,0.0372,0
894,1,1656.2364,1657.6729,1657.9864,0.0956,0
894,0,1656.2364,1657.6729,1658.7978,0.1796,0
895,1,1658.1893,1659.4313,1659.7194,0.0935,0
895,0,1658.1893,1659.4313,1660.5311,0.0362,0
896,1,1659.7818,1661.0241,1661.5584,0.3568,0
896,0,1659.7818,1661.0241,1662.3666,0.0362,0
897,1,1661.6203,1662.8566,1663.1373,0.0973,0
897,0,1661.6203,1662.8566,1663.9397,0.1927,0
898,1,1663.3570,1664.5900,1664.8660,0.0995,0
898,0,1663.3570,1664.5900,1665.6940,0.0365,0
899,1,1664.9288,1666.1718,1666.7051,0.3524,0
899,0,1664.9288,1666.1718,1667.5041,0.0377,0
900,1,1666.7689,1668.0035,1668.2820,0.0952,0
900,0,1666.7689,1668.0035,1669.0805,0.2554,0
901,1,1668.5636,1669.8716,1670.1482,0.0928,0
901,0,1668.5636,1669.8716,1670.9482,0.0429,0
902,1,1670.2162,1671.4559,1671.8404,0.1008,0
902,0,1670.2162,1671.4559,1672.6786,0.1287,0
903,1,1672.0030,1673.2911,1673.6903,0.0980,0
903,0,1672.0030,1673.2911,1674.5094,0.2429,0
904,1,1673.9573,1675.2091,1675.5032,0.1025,0
904,0,1673.9573,1675.2091,1676.3556,0.0680,0
905,1,1675.5977,1676.8373,1677.1083,0.0993,0
905,0,1675.5977,1676.8373,1677.8968,0.2900,0
906,1,1677.4484,1678.6905,1679.0190,0.0979,0
906,0,1677.4484,1678.6905,1679.8119,0.0381,0
907,1,1679.0833,1680.3280,1680.8650,0.3708,0
907,0,1679.0833,1680.3280,1681.7179,0.0376,0
908,1,1680.9293,1682.1536,1682.4346,0.0965,0
908,0,1680.9293,1682.1536,1683.2254,0.1909,0
909,1,1682.6525,1683.8786,1684.1471,0.0965,0
909,0,1682.6525,1683.8786,1684.9372,0.0411,0
910,1,1684.2136,1685.4470,1685.7388,0.0985,0
910,0,1684.2136,1685.4470,1686.5414,0.2144,0
911,1,1685.9802,1687.3690,1687.6358,0.0997,0
911,0,1685.9802,1687.3690,1688.4312,0.2107,0
912,1,1687.8736,1689.1140,1689.5352,0.2453,0
912,0,1687.8736,1689.1140,1690.3740,0.0376,0
913,1,1689.5984,1691.0243,1691.3109,0.0998,0
913,0,1689.5984,1691.0243,1692.1131,0.2009,0
914,1,1691.5390,1692.7725,1693.0587,0.0967,0
914,0,1691.5390,1692.7725,1693.8923,0.0364,0
915,1,1693.1234,1694.4824,1694.8859,0.2296,0
915,0,1693.1234,1694.4824,1695.6999,0.0363,0
916,1,1694.9483,1696.1877,1696.5137,0.0979,0
916,0,1694.9483,1696.1877,1697.3242,0.2398,0
917,1,1696.7775,1698.0179,1698.2938,0.0980,0
917,0,1696.7775,1698.0179,1699.1054,0.0381,0
918,1,1698.3575,1699.5899,1700.1356,0.3721,0
918,0,1698.3575,1699.5899,1700.9339,0.0364,0
919,1,1700.1974,1701.4286,1701.7004,0.0982,0
919,0,1700.1974,1701.4286,1702.4988,0.2475,0
920,1,1701.9742,1703.2790,1703.5484,0.0962,0
920,0,1701.9742,1703.2790,1704.3446,0.0360,0
921,1,1703.6102,1704.8360,1705.1139,0.1004,0
921,0,1703.6102,1704.8360,1705.9118,0.1868,0
922,1,1705.3279,1706.5643,1706.8670,0.0990,0
922,0,1705.3279,1706.5643,1707.6628,0.0370,0
923,1,1706.9305,1708.1656,1708.7007,0.3581,0
923,0,1706.9305,1708.1656,1709.4927,0.0373,0
924,1,1708.7642,1710.0014,1710.2827,0.1020,0
924,0,1708.7642,1710.0014,1711.0885,0.1683,0
925,1,1710.4777,1711.7107,1712.0244,0.1017,0
925,0,1710.4777,1711.7107,1712.8141,0.0444,0
926,1,1712.0982,1713.3604,1713.6457,0.0914,0
926,0,1712.0982,1713.3604,1714.4374,0.2030,0
927,1,1713.8751,1715.1125,1715.3814,0.0940,0
927,0,1713.8751,1715.1125,1716.1857,0.0376,0
928,1,1715.4451,1716.7404,1717.1473,0.2262,0
928,0,1715.4451,1716.7404,1717.9950,0.0457,0
929,1,1717.2187,1718.4561,1718.7228,0.0999,0
929,0,1717.2187,1718.4561,1719.5032,0.2881,0
930,1,1719.0376,1720.4233,1720.9942,0.3386,0
930,0,1719.0376,1720.4233,1721.8283,0.0397,0
931,1,1721.0595,1722.4673,1722.8867,0.2494,0
931,0,1721.0595,1722.4673,1723.7261,0.0381,0
932,1,1722.9496,1724.3829,1724.6774,0.1001,0
932,0,1722.9496,1724.3829,1725.5385,0.1967,0
933,1,1724.9003,1726.1476,1726.4817,0.0990,0
933,0,1724.9003,1726.1476,1727.4863,0.0367,0
934,1,1726.5436,1727.9505,1728.3628,0.2332,0
934,0,1726.5436,1727.9505,1729.1946,0.0388,0
935,1,1728.4279,1729.6655,1729.9544,0.1029,0
935,0,1728.4279,1729.6655,1730.7681,0.1797,0
936,1,1730.1657,1731.4320,1731.7033,0.0989,0
936,0,1730.1657,1731.4320,1732.5127,0.0353,0
937,1,1731.7645,1732.9959,1733.5320,0.3582,0
937,0,1731.7645,1732.9959,1734.3443,0.0375,0
938,1,1733.5951,1734.8311,1735.1057,0.1032,0
938,0,1733.5951,1734.8311,1735.9106,0.2230,0
939,1,1735.3530,1736.5944,1736.8741,0.0985,0
939,0,1735.3530,1736.5944,1737.6743,0.0382,0
940,1,1736.9366,1738.1716,1738.4426,0.0999,0
940,0,1736.9366,1738.1716,1739.2518,0.2040,0
941,1,1738.6732,1739.9062,1740.2373,0.1043,0
941,0,1738.6732,1739.9062,1741.0353,0.0476,0
942,1,1740.3106,1741.5503,1742.0883,0.3630,0
942,0,1740.3106,1741.5503,1742.9406,0.0366,0
943,1,1742.1508,1743.3995,1743.6711,0.0974,0
943,0,1742.1508,1743.3995,1744.4670,0.1834,0
944,1,1743.8808,1745.1167,1745.3824,0.0869,0
944,0,1743.8808,1745.1167,1746.1800,0.0367,0
945,1,1745.4442,1746.6886,1746.9522,0.0990,0
945,0,1745.4442,1746.6886,1747.7379,0.2934,0
946,1,1747.2720,1748.5068,1748.7899,0.0998,0
946,0,1747.2720,1748.5068,1749.5925,0.2879,0
947,1,1749.1031,1750.4352,1750.7097,0.0983,0
947,0,1749.1031,1750.4352,1751.5158,0.0355,0
948,1,1750.7703,1752.0014,1752.2728,0.0979,0
948,0,1750.7703,1752.0014,1753.0584,0.2822,0
949,1,1752.5816,1753.9577,1754.6022,0.3322,0
949,0,1752.5816,1753.9577,1755.4365,0.1167,0
950,1,1754.7444,1755.9892,1756.3866,0.2291,0
950,0,1754.7444,1755.9892,1757.1899,0.0369,0
951,1,1756.4726,1757.9517,1758.3629,0.1029,0
951,0,1756.4726,1757.9517,1759.6648,0.1009,0
952,1,1758.4929,1759.7330,1760.1964,0.0921,0
952,0,1758.4929,1759.7330,1761.0134,0.0700,0
953,1,1760.2905,1761.5447,1761.8255,0.1014,0
953,0,1760.2905,1761.5447,1762.6376,0.0432,0
954,1,1761.8947,1763.1476,1763.4231,0.1007,0
954,0,1761.8947,1763.1476,1764.2322,0.2274,0
955,1,1763.6769,1765.0242,1765.3246,0.1235,0
955,0,1763.6769,1765.0242,1766.1356,0.0358,0
956,1,1765.3869,1766.7941,1767.0670,0.0973,0
956,0,1765.3869,1766.7941,1767.9218,0.0882,0
957,1,1767.1863,1768.4275,1768.7062,0.0953,0
957,0,1767.1863,1768.4275,1769.5161,0.1852,0
958,1,1768.9184,1770.2127,1770.4866,0.0934,0
958,0,1768.9184,1770.2127,1771.2981,0.0355,0
959,1,1770.5486,1771.7837,1772.3234,0.3632,0
959,0,1770.5486,1771.7837,1773.1300,0.0381,0
960,1,1772.3875,1773.8215,1774.2375,0.0954,0
960,0,1772.3875,1773.8215,1775.0627,0.0483,0
961,1,1774.3109,1775.5579,1775.8650,0.0913,0
961,0,1774.3109,1775.5579,1776.6831,0.0438,0
962,1,1775.9334,1777.1899,1777.5101,0.0952,0
962,0,1775.9334,1777.1899,1778.3573,0.1900,0
963,1,1777.7285,1778.9737,1779.2617,0.0898,0
963,0,1777.7285,1778.9737,1780.0715,0.0438,0
964,1,1779.3321,1780.6246,1781.0288,0.2232,0
964,0,1779.3321,1780.6246,1781.8948,0.0441,0
965,1,1781.1000,1782.3451,1782.6568,0.0941,0
965,0,1781.1000,1782.3451,1783.4876,0.1823,0
966,1,1782.8733,1784.1431,1784.7132,0.1068,0
966,0,1782.8733,1784.1431,1785.5579,0.0662,0
967,1,1784.8058,1786.1342,1786.6838,0.2612,0
967,0,1784.8058,1786.1342,1787.5852,0.4301,0
968,1,1787.1577,1788.8959,1789.3477,0.2162,0
968,0,1787.1577,1788.8959,1790.2393,0.0444,0
969,1,1789.4200,1790.8411,1791.1460,0.1020,0
969,0,1789.4200,1790.8411,1791.9928,0.1896,0
970,1,1791.3624,1792.6064,1792.9258,0.0989,0
970,0,1791.3624,1792.6064,1793.7541,0.0374,0
971,1,1792.9890,1794.2214,1794.7606,0.3599,0
971,0,1792.9890,1794.2214,1795.6021,0.0388,0
972,1,1794.8252,1796.0629,1796.3399,0.0988,0
972,0,1794.8252,1796.0629,1797.1636,0.1895,0
973,1,1796.5537,1797.7913,1798.0754,0.1012,0
973,0,1796.5537,1797.7913,1798.8911,0.0368,0
974,1,1798.1381,1799.3799,1799.7521,0.0957,0
974,0,1798.1381,1799.3799,1800.6067,0.1511,0
975,1,1799.9691,1801.3079,1801.6116,0.0594,0
975,0,1799.9691,1801.3079,1802.4531,0.2597,0
976,1,1801.9149,1803.2025,1803.4899,0.0760,0
976,0,1801.9149,1803.2025,1804.3067,0.0493,0
977,1,1803.5844,1804.8454,1805.1271,0.0780,0
977,0,1803.5844,1804.8454,1805.9856,0.1862,0
978,1,1805.3761,1806.6560,1807.3144,0.2392,0
978,0,1805.3761,1806.6560,1808.1286,0.1269,0
979,1,1807.4791,1808.8721,1809.1218,0.0473,0
979,0,1807.4791,1808.8721,1809.9337,0.0432,0
980,1,1809.2612,1810.8233,1811.1119,0.0759,0
980,0,1809.2612,1810.8233,1811.9434,0.1852,0
981,1,1811.3512,1812.6180,1812.8911,0.0725,0
981,0,1811.3512,1812.6180,1813.7198,0.1675,0
982,1,1813.0939,1814.3975,1814.6757,0.0761,0
982,0,1813.0939,1814.3975,1815.5029,0.0509,0
983,1,1814.7714,1816.1032,1816.3827,0.0618,0
983,0,1814.7714,1816.1032,1817.2182,0.1921,0
984,1,1816.6302,1818.0022,1818.2579,0.0473,0
984,0,1816.6302,1818.0022,1819.0828,0.3106,0
985,1,1818.6103,1819.9478,1820.2966,0.0763,0
985,0,1818.6103,1819.9478,1821.1243,0.1540,0
986,1,1820.5209,1822.0334,1822.3137,0.0648,0
986,0,1820.5209,1822.0334,1823.1549,0.2098,0
987,1,1822.5790,1824.0171,1824.3176,0.0728,0
987,0,1822.5790,1824.0171,1825.1637,0.1645,0
988,1,1824.5351,1825.8000,1826.0789,0.0754,0
988,0,1824.5351,1825.8000,1826.9052,0.1849,0
989,1,1826.2902,1827.5189,1828.0768,0.3604,0
989,0,1826.2902,1827.5189,1828.9122,0.0417,0
990,1,1828.1446,1829.3875,1829.6601,0.1020,0
990,0,1828.1446,1829.3875,1830.4519,0.1702,0
991,1,1829.8544,1831.1320,1831.4217,0.0915,0
991,0,1829.8544,1831.1320,1832.2747,0.0415,0
992,1,1831.4905,1832.7362,1833.2793,0.3506,0
992,0,1831.4905,1832.7362,1834.1043,0.0384,0
993,1,1833.3436,1834.5855,1834.8586,0.0970,0
993,0,1833.3436,1834.5855,1835.7062,0.0356,0
994,1,1834.9201,1836.1779,1836.6931,0.2387,0
994,0,1834.9201,1836.1779,1837.5587,0.0514,0
995,1,1836.7823,1838.1303,1838.4354,0.0929,0
995,0,1836.7823,1838.1303,1839.2926,0.2025,0
996,1,1838.6653,1839.9203,1840.2632,0.0940,0
996,0,1838.6653,1839.9203,1841.1012,0.1787,0
997,1,1840.4923,1841.7528,1842.0226,0.0987,0
997,0,1840.4923,1841.7528,1842.8332,0.0888,0
998,1,1842.1384,1843.3762,1843.6467,0.0962,0
998,0,1842.1384,1843.3762,1844.4623,0.1850,0
999,1,1843.8591,1845.1085,1845.3892,0.0902,0
999,0,1843.8591,1845.1085,1846.2015,0.0454,0
1000,1,1845.4597,1846.6947,1846.9863,0.0992,0
1000,0,1845.4597,1846.6947,1847.7891,0.2161,0
1001,1,1847.2284,1848.4737,1848.7469,0.0995,0
1001,0,1847.2284,1848.4737,1849.5468,0.0372,0
1002,1,1848.8104,1850.0544,1850.4558,0.2289,0
1002,0,1848.8104,1850.0544,1851.2695,0.0371,0
1003,1,1850.5188,1851.7570,1852.4678,0.1423,0
1003,0,1850.5188,1851.7570,1853.3410,0.0456,0
1004,1,1852.5359,1853.9346,1854.5395,0.4073,0
1004,0,1852.5359,1853.9346,1855.3648,0.2580,0
1005,1,1854.8247,1856.0774,1856.3497,0.1019,0
1005,0,1854.8247,1856.0774,1857.1639,0.1166,0
1006,1,1856.4939,1857.9425,1858.4893,0.3716,0
1006,0,1856.4939,1857.9425,1859.3062,0.0393,0
1007,1,1858.5541,1859.7923,1860.0660,0.0992,0
1007,0,1858.5541,1859.7923,1860.8763,0.2427,0
1008,1,1860.3352,1861.5903,1861.8646,0.0987,0
1008,0,1860.3352,1861.5903,1862.6691,0.0591,0
1009,1,1861.9487,1863.1973,1863.4635,0.0994,0
1009,0,1861.9487,1863.1973,1864.2817,0.2733,0
1010,1,1863.7632,1865.0185,1865.3003,0.1015,0
1010,0,1863.7632,1865.0185,1866.1043,0.0369,0
1011,1,1865.3628,1866.8095,1867.0781,0.1001,0
1011,0,1865.3628,1866.8095,1868.0293,0.0871,0
1012,1,1867.1917,1868.4295,1868.7730,0.0917,0
1012,0,1867.1917,1868.4295,1869.6072,0.2022,0
1013,1,1869.0122,1870.3175,1870.6019,0.1014,0
1013,0,1869.0122,1870.3175,1871.3768,0.1038,0
1014,1,1870.7282,1871.9129,1872.4472,0.3552,0
1014,0,1870.7282,1871.9129,1873.2601,0.0390,0
1015,1,1872.5127,1873.9366,1874.2113,0.0980,0
1015,0,1872.5127,1873.9366,1875.0175,0.2736,0
1016,1,1874.5115,1875.7611,1876.0456,0.0953,0
1016,0,1874.5115,1875.7611,1876.8561,0.0419,0
1017,1,1876.1124,1877.3541,1877.8863,0.3544,0
1017,0,1876.1124,1877.3541,1878.6955,0.0456,0
1018,1,1877.9579,1879.2061,1879.4820,0.1012,0
1018,0,1877.9579,1879.2061,1880.2980,0.2584,0
1019,1,1879.7671,1881.0236,1881.2989,0.0974,0
1019,0,1879.7671,1881.0236,1882.1037,0.0359,0
1020,1,1881.3604,1882.5992,1882.9131,0.1002,0
1020,0,1881.3604,1882.5992,1883.7152,0.1945,0
1021,1,1883.1333,1884.3714,1884.7090,0.0968,0
1021,0,1883.1333,1884.3714,1885.5280,0.0354,0
1022,1,1884.7703,1886.0115,1886.5966,0.3763,0
1022,0,1884.7703,1886.0115,1887.4427,0.0388,0
1023,1,1886.6618,1888.0899,1888.3845,0.0973,0
1023,0,1886.6618,1888.0899,1889.1878,0.2843,0
1024,1,1888.6954,1889.9320,1890.2623,0.0903,0
1024,0,1888.6954,1889.9320,1891.0652,0.1782,0
1025,1,1890.4668,1891.7777,1892.0416,0.0974,0
1025,0,1890.4668,1891.7777,1892.9227,0.0841,0
1026,1,1892.1563,1893.3957,1893.6873,0.1138,0
1026,0,1892.1563,1893.3957,1894.4841,0.2891,0
1027,1,1894.0030,1895.2447,1895.5248,0.0979,0
1027,0,1894.0030,1895.2447,1896.3283,0.0980,0
1028,1,1895.6489,1896.8853,1897.7179,0.3603,0
1028,0,1895.6489,1896.8853,1898.6913,0.1788,0
1029,1,1897.9488,1899.2590,1899.5512,0.0767,0
1029,0,1897.9488,1899.2590,1900.4066,0.1883,0
1030,1,1899.7758,1901.0366,1901.3733,0.0767,0
1030,0,1899.7758,1901.0366,1902.1755,0.0457,0
1031,1,1901.4638,1902.7249,1903.2761,0.3411,0
1031,0,1901.4638,1902.7249,1904.1402,0.0497,0
1032,1,1903.4035,1904.6650,1904.9349,0.0784,0
1032,0,1903.4035,1904.6650,1905.7291,0.2620,0
1033,1,1905.2494,1906.5365,1906.8548,0.0789,0
1033,0,1905.2494,1906.5365,1907.6355,0.0426,0
1034,1,1906.9221,1908.1529,1908.7280,0.3600,0
1034,0,1906.9221,1908.1529,1909.5815,0.0454,0
1035,1,1908.8044,1910.0865,1910.3971,0.0980,0
1035,0,1908.8044,1910.0865,1911.1942,0.2802,0
1036,1,1910.7028,1911.9528,1912.2386,0.0979,0
1036,0,1910.7028,1911.9528,1913.0422,0.0373,0
1037,1,1912.3012,1913.5380,1914.0781,0.3696,0
1037,0,1912.3012,1913.5380,1914.8738,0.0374,0
1038,1,1914.1419,1915.3814,1915.8472,0.0994,0
1038,0,1914.1419,1915.3814,1916.6694,0.0433,0
1039,1,1915.9176,1917.2346,1917.5302,0.0972,0
1039,0,1915.9176,1917.2346,1918.3287,0.0392,0
1040,1,1917.5957,1918.8365,1919.1272,0.0963,0
1040,0,1917.5957,1918.8365,1919.9218,0.2104,0
1041,1,1919.4167,1920.8107,1921.0891,0.0977,0
1041,0,1919.4167,1920.8107,1921.8879,0.5096,0
1042,1,1921.6247,1922.9868,1923.2859,0.1155,0
1042,0,1921.6247,1922.9868,1924.0919,0.0363,0
1043,1,1923.3479,1924.6992,1925.2868,0.3969,0
1043,0,1923.3479,1924.6992,1926.0975,0.0419,0
1044,1,1925.3549,1926.6049,1926.8796,0.0967,0
1044,0,1925.3549,1926.6049,1927.6855,0.1950,0
1045,1,1927.1012,1928.3531,1928.6298,0.1025,0
1045,0,1927.1012,1928.3531,1929.4341,0.0363,0
1046,1,1928.6917,1929.9295,1930.2135,0.0946,0
1046,0,1928.6917,1929.9295,1931.0142,0.1943,0
1047,1,1930.4327,1931.6787,1932.0625,0.1248,0
1047,0,1930.4327,1931.6787,1932.9010,0.0470,0
1048,1,1932.1469,1933.4607,1933.8912,0.2215,0
1048,0,1932.1469,1933.4607,1934.6968,0.0432,0
1049,1,1933.9645,1935.2444,1935.6440,0.1022,0
1049,0,1933.9645,1935.2444,1936.4558,0.0970,0
1050,1,1935.7800,1937.1159,1937.4433,0.0888,0
1050,0,1935.7800,1937.1159,1938.2594,0.0446,0
1051,1,1937.5144,1938.9282,1939.3341,0.2280,0
1051,0,1937.5144,1938.9282,1940.1489,0.0438,0
1052,1,1939.4038,1940.8312,1941.1443,0.1054,0
1052,0,1939.4038,1940.8312,1941.9645,0.1917,0
1053,1,1941.3631,1942.6155,1942.9268,0.0946,0
1053,0,1941.3631,1942.6155,1943.7678,0.0364,0
1054,1,1942.9938,1944.2300,1944.7703,0.3636,0
1054,0,1942.9938,1944.2300,1945.5850,0.0432,0
1055,1,1944.8398,1946.0824,1946.3590,0.1011,0
1055,0,1944.8398,1946.0824,1947.2783,0.2866,0
1056,1,1946.6727,1947.9104,1948.3231,0.1178,0
1056,0,1946.6727,1947.9104,1949.1772,0.2697,0
1057,1,1948.6196,1949.9992,1950.3645,0.0993,0
1057,0,1948.6196,1949.9992,1951.4673,0.0632,0
1058,1,1950.4536,1951.7068,1952.1016,0.1128,0
1058,0,1950.4536,1951.7068,1952.9170,0.1701,0
1059,1,1952.3254,1953.7391,1954.0810,0.0804,0
1059,0,1952.3254,1953.7391,1954.9006,0.1031,0
1060,1,1954.2496,1955.6408,1956.1964,0.2702,0
1060,0,1954.2496,1955.6408,1957.1029,0.0628,0
1061,1,1956.2858,1957.7117,1958.1303,0.1105,0
1061,0,1956.2858,1957.7117,1958.9613,0.1278,0
1062,1,1958.2868,1959.5286,1959.8264,0.0494,0
1062,0,1958.2868,1959.5286,1960.6531,0.0427,0
1063,1,1959.8955,1961.1415,1961.5820,0.2251,0
1063,0,1959.8955,1961.1415,1962.4689,0.0415,0
1064,1,1961.6499,1962.8924,1963.1699,0.0974,0
1064,0,1961.6499,1962.8924,1963.9938,0.2856,0
1065,1,1963.4812,1964.7191,1964.9968,0.0911,0
1065,0,1963.4812,1964.7191,1965.8147,0.0374,0
1066,1,1965.0599,1966.3101,1966.8562,0.3686,0
1066,0,1965.0599,1966.3101,1967.6654,0.0484,0
1067,1,1966.9281,1968.1628,1968.4390,0.0962,0
1067,0,1966.9281,1968.1628,1969.2462,0.1908,0
1068,1,1968.6552,1969.8908,1970.1710,0.0990,0
1068,0,1968.6552,1969.8908,1970.9736,0.0431,0
1069,1,1970.2390,1971.4820,1971.7421,0.0934,0
1069,0,1970.2390,1971.4820,1972.5459,0.2323,0
1070,1,1972.0002,1973.2445,1973.5642,0.0995,0
1070,0,1972.0002,1973.2445,1974.3649,0.0380,0
1071,1,1973.6292,1974.8727,1975.4443,0.3738,0
1071,0,1973.6292,1974.8727,1976.3084,0.0369,0
1072,1,1975.5065,1976.7477,1977.0224,0.0989,0
1072,0,1975.5065,1976.7477,1977.8858,0.1846,0
1073,1,1977.2336,1978.4741,1978.7462,0.0975,0
1073,0,1977.2336,1978.4741,1979.5422,0.0352,0
1074,1,1978.8077,1980.0383,1980.3431,0.0978,0
1074,0,1978.8077,1980.0383,1981.1399,0.1899,0
1075,1,1980.5597,1981.8020,1982.0710,0.0895,0
1075,0,1980.5597,1981.8020,1982.8939,0.0354,0
1076,1,1982.1318,1983.4233,1983.8290,0.2213,0
1076,0,1982.1318,1983.4233,1984.6888,0.0425,0
1077,1,1983.8976,1985.1372,1985.4612,0.1001,0
1077,0,1983.8976,1985.1372,1986.2546,0.2577,0
1078,1,1985.7458,1987.1367,1987.4724,0.0986,0
1078,0,1985.7458,1987.1367,1988.2760,0.1435,0
1079,1,1987.6429,1988.9826,1989.2466,0.0960,0
1079,0,1987.6429,1988.9826,1990.0517,0.1196,0
1080,1,1989.3930,1990.8009,1991.0935,0.0909,0
1080,0,1989.3930,1990.8009,1991.9129,0.2048,0
1081,1,1991.3246,1992.5671,1992.8450,0.0981,0
1081,0,1991.3246,1992.5671,1993.6529,0.0935,0
1082,1,1992.9641,1994.2111,1994.9242,0.3881,0
1082,0,1992.9641,1994.2111,1996.0069,0.0712,0
1083,1,1995.0270,1996.2981,1997.0744,0.4991,0
1083,0,1995.0270,1996.2981,1997.8811,0.0643,0
1084,1,1997.1652,1998.4150,1998.7253,0.0477,0
1084,0,1997.1652,1998.4150,1999.5656,0.0432,0
1085,1,1998.7932,2000.0544,2000.4580,0.2195,0
1085,0,1998.7932,2000.0544,2001.2673,0.0448,0
1086,1,2000.5526,2001.7943,2002.1100,0.0953,0
1086,0,2000.5526,2001.7943,2002.9416,0.1815,0
1087,1,2002.3511,2003.6541,2003.9698,0.0749,0
1087,0,2002.3511,2003.6541,2004.7488,0.0932,0
1088,1,2004.0834,2005.2701,2005.8205,0.3698,0
1088,0,2004.0834,2005.2701,2006.6204,0.0421,0
1089,1,2005.8885,2007.3075,2007.5814,0.0970,0
1089,0,2005.8885,2007.3075,2008.3808,0.3035,0
1090,1,2007.9104,2009.1518,2009.4389,0.0996,0
1090,0,2007.9104,2009.1518,2010.3174,0.0372,0
1091,1,2009.5019,2010.7461,2011.2982,0.3750,0
1091,0,2009.5019,2010.7461,2012.1226,0.0437,0
1092,1,2012.5151,2013.8967,2014.3018,0.1964,0
1092,0,2012.5151,2013.8967,2015.1450,0.0429,0
1093,1,2014.4539,2015.7197,2016.3699,0.4403,0
1093,0,2014.4539,2015.7197,2017.1794,0.0445,0
1094,1,2016.4621,2017.7322,2018.0602,0.0765,0
1094,0,2016.4621,2017.7322,2018.8685,0.0521,0
1095,1,2018.1570,2019.4312,2019.9892,0.3439,0
1095,0,2018.1570,2019.4312,2020.8677,0.0534,0
1096,1,2020.0909,2021.5126,2021.8236,0.0767,0
1096,0,2020.0909,2021.5126,2022.6174,0.1912,0
1097,1,2022.0453,2023.3126,2023.6181,0.0924,0
1097,0,2022.0453,2023.3126,2024.4679,0.1461,0
1098,1,2023.7902,2025.0923,2025.5110,0.2267,0
1098,0,2023.7902,2025.0923,2026.3674,0.0404,0
1099,1,2025.5790,2026.8300,2027.1337,0.1000,0
1099,0,2025.5790,2026.8300,2027.9421,0.1865,0
1100,1,2027.3446,2028.5829,2028.8591,0.0997,0
1100,0,2027.3446,2028.5829,2029.6652,0.0362,0
1101,1,2028.9218,2030.1597,2030.7000,0.3560,0
1101,0,2028.9218,2030.1597,2031.5022,0.0386,0
1102,1,2030.7649,2032.0026,2032.2853,0.0994,0
1102,0,2030.7649,2032.0026,2033.0855,0.2191,0
1103,1,2032.5304,2033.7924,2034.0677,0.0990,0
1103,0,2032.5304,2033.7924,2034.8666,0.0362,0
1104,1,2034.1294,2035.3749,2035.6499,0.0988,0
1104,0,2034.1294,2035.3749,2036.4616,0.1843,0
1105,1,2035.8615,2037.1073,2037.4171,0.0926,0
1105,0,2035.8615,2037.1073,2038.2234,0.0387,0
1106,1,2037.4863,2038.7318,2039.2764,0.3502,0
1106,0,2037.4863,2038.7318,2040.1337,0.0451,0
1107,1,2039.3475,2040.7632,2041.5177,0.0980,0
1107,0,2039.3475,2040.7632,2042.3240,0.0492,0
1108,1,2041.6101,2043.0111,2043.2983,0.0538,0
1108,0,2041.6101,2043.0111,2044.1137,0.0510,0
1109,1,2043.3949,2044.7512,2045.1585,0.1972,0
1109,0,2043.3949,2044.7512,2045.9802,0.0445,0
1110,1,2045.2458,2046.5254,2046.8062,0.0679,0
1110,0,2045.2458,2046.5254,2047.6246,0.1838,0
1111,1,2047.0339,2048.3015,2048.6260,0.0750,0
1111,0,2047.0339,2048.3015,2049.4492,0.0418,0
1112,1,2048.7128,2050.1112,2050.5240,0.2070,0
1112,0,2048.7128,2050.1112,2051.3647,0.0438,0
1113,1,2050.6100,2051.8659,2052.1527,0.0768,0
1113,0,2050.6100,2051.8659,2052.9681,0.1903,0
1114,1,2052.3987,2053.8046,2054.1581,0.0845,0
1114,0,2052.3987,2053.8046,2054.9814,0.1036,0
1115,1,2054.3217,2055.6747,2056.2754,0.3875,0
1115,0,2054.3217,2055.6747,2057.1049,0.0850,0
1116,1,2056.3851,2057.7889,2058.1024,0.0964,0
1116,0,2056.3851,2057.7889,2058.9030,0.2112,0
1117,1,2058.3586,2059.6792,2059.9374,0.0495,0
1117,0,2058.3586,2059.6792,2060.7584,0.2569,0
1118,1,2060.2310,2061.5410,2061.8348,0.0758,0
1118,0,2060.2310,2061.5410,2062.6753,0.0524,0
1119,1,2061.9313,2063.2155,2063.4904,0.0699,0
1119,0,2061.9313,2063.2155,2064.3274,0.1910,0
1120,1,2063.7255,2065.2067,2065.4709,0.0499,0
1120,0,2063.7255,2065.2067,2066.3056,0.0532,0
1121,1,2065.5692,2066.9412,2067.3801,0.1979,0
1121,0,2065.5692,2066.9412,2068.2198,0.0552,0
1122,1,2067.4791,2068.7527,2069.0369,0.0772,0
1122,0,2067.4791,2068.7527,2069.8694,0.1888,0
1123,1,2069.2818,2070.5472,2070.9027,0.0829,0
1123,0,2069.2818,2070.5472,2071.7671,0.0392,0
1124,1,2070.9695,2072.4165,2072.7088,0.0960,0
1124,0,2070.9695,2072.4165,2073.5790,0.0643,0
1125,1,2072.8016,2074.2418,2074.5208,0.0984,0
1125,0,2072.8016,2074.2418,2075.3612,0.1848,0
1126,1,2074.7326,2075.9702,2076.3486,0.0988,0
1126,0,2074.7326,2075.9702,2077.1870,0.0362,0
1127,1,2076.4118,2077.6507,2078.1911,0.3633,0
1127,0,2076.4118,2077.6507,2079.1216,0.0381,0
1128,1,2078.2552,2079.4966,2079.7663,0.0971,0
1128,0,2078.2552,2079.4966,2080.5898,0.2864,0
1129,1,2080.0786,2081.3284,2081.6141,0.1007,0
1129,0,2080.0786,2081.3284,2082.4355,0.0367,0
1130,1,2081.6768,2082.9164,2083.4948,0.3646,0
1130,0,2081.6768,2082.9164,2084.3169,0.0526,0
1131,1,2083.6206,2084.8972,2085.1659,0.0693,0
1131,0,2083.6206,2084.8972,2085.9883,0.1597,0
1132,1,2085.3665,2086.6608,2087.1002,0.2215,0
1132,0,2085.3665,2086.6608,2087.8999,0.1587,0
1133,1,2087.3108,2088.5119,2089.3492,0.6391,0
1133,0,2087.3108,2088.5119,2090.2320,0.0391,0
1134,1,2089.4147,2090.8416,2091.1200,0.0964,0
1134,0,2089.4147,2090.8416,2091.9491,0.1946,0
1135,1,2091.3447,2092.5861,2092.9237,0.0969,0
1135,0,2091.3447,2092.5861,2093.7615,0.0394,0
1136,1,2092.9895,2094.2324,2094.7873,0.3671,0
1136,0,2092.9895,2094.2324,2095.6004,0.0406,0
1137,1,2094.8537,2096.1067,2096.3762,0.0936,0
1137,0,2094.8537,2096.1067,2097.1838,0.2847,0
1138,1,2096.6888,2097.9334,2098.2271,0.0971,0
1138,0,2096.6888,2097.9334,2099.0463,0.0375,0
1139,1,2098.2897,2099.5260,2100.0658,0.3701,0
1139,0,2098.2897,2099.5260,2100.8679,0.0438,0
1140,1,2100.1355,2101.3744,2101.6511,0.0990,0
1140,0,2100.1355,2101.3744,2102.4524,0.2305,0
1141,1,2101.9081,2103.1474,2103.4296,0.0906,0
1141,0,2101.9081,2103.1474,2104.2350,0.0442,0
1142,1,2103.4998,2104.7314,2105.0196,0.0919,0
1142,0,2103.4998,2104.7314,2105.8180,0.1997,0
1143,1,2105.2457,2106.4930,2106.8376,0.0977,0
1143,0,2105.2457,2106.4930,2107.6338,0.0380,0
1144,1,2106.8997,2108.1380,2108.6868,0.3691,0
1144,0,2106.8997,2108.1380,2109.4847,0.0406,0
1145,1,2108.7515,2110.0007,2110.2772,0.0977,0
1145,0,2108.7515,2110.0007,2111.0934,0.2753,0
1146,1,2110.5750,2111.8167,2112.0927,0.0979,0
1146,0,2110.5750,2111.8167,2112.8855,0.0379,0
1147,1,2112.1562,2113.3929,2113.9482,0.3724,0
1147,0,2112.1562,2113.3929,2114.7418,0.0393,0
1148,1,2114.0127,2115.2520,2115.5433,0.0845,0
1148,0,2114.0127,2115.2520,2116.3322,0.2986,0
1149,1,2115.8671,2117.1535,2117.4459,0.1037,0
1149,0,2115.8671,2117.1535,2118.2420,0.0388,0
1150,1,2117.5084,2118.7457,2119.1622,0.0997,0
1150,0,2117.5084,2118.7457,2119.9586,0.0764,0
1151,1,2119.2621,2120.6523,2120.9344,0.1050,0
1151,0,2119.2621,2120.6523,2121.7324,0.1954,0
1152,1,2121.1797,2122.4240,2122.8501,0.2479,0
1152,0,2121.1797,2122.4240,2123.6503,0.0373,0
1153,1,2122.9282,2124.3526,2124.6540,0.0975,0
1153,0,2122.9282,2124.3526,2125.5193,0.1556,0
1154,1,2124.8521,2126.0968,2126.5521,0.0893,0
1154,0,2124.8521,2126.0968,2127.4002,0.0492,0
1155,1,2126.6428,2127.9754,2128.5163,0.2002,0
1155,0,2126.6428,2127.9754,2129.3477,0.0485,0
1156,1,2128.6104,2130.0568,2130.3754,0.0855,0
1156,0,2128.6104,2130.0568,2131.5498,0.2537,0
1157,1,2130.6726,2131.9107,2132.2425,0.0994,0
1157,0,2130.6726,2131.9107,2133.1152,0.0523,0
1158,1,2132.3308,2133.8308,2134.2802,0.0960,0
1158,0,2132.3308,2133.8308,2135.1347,0.0541,0
1159,1,2134.3604,2135.6208,2136.2931,0.3678,0
1159,0,2134.3604,2135.6208,2137.1491,0.0653,0
1160,1,2136.3850,2137.6289,2138.0170,0.1082,0
1160,0,2136.3850,2137.6289,2138.8305,0.3089,0
1161,1,2138.3507,2139.6625,2140.2380,0.1131,0
1161,0,2138.3507,2139.6625,2141.0587,0.1957,0
1162,1,2140.4598,2141.7483,2142.1831,0.1075,0
1162,0,2140.4598,2141.7483,2143.1675,0.0410,0
1163,1,2142.2792,2143.5363,2143.9383,0.1087,0
1163,0,2142.2792,2143.5363,2144.7517,0.1852,0
1164,1,2144.1497,2145.3958,2145.9666,0.1174,0
1164,0,2144.1497,2145.3958,2146.7759,0.0638,0
1165,1,2146.0566,2147.3102,2147.8179,0.2419,0
1165,0,2146.0566,2147.3102,2148.7919,0.0411,0
1166,1,2147.9096,2149.1524,2149.7052,0.1075,0
1166,0,2147.9096,2149.1524,2150.5058,0.0646,0
1167,1,2149.7962,2151.0625,2151.5993,0.2600,0
1167,0,2149.7962,2151.0625,2152.4135,0.0601,0
1168,1,2151.6862,2152.9366,2153.4834,0.2485,0
1168,0,2151.6862,2152.9366,2154.3539,0.2201,0
1169,1,2153.7312,2155.0362,2155.3546,0.1047,0
1169,0,2153.7312,2155.0362,2156.1817,0.1940,0
1170,1,2155.5748,2156.8287,2157.2979,0.2916,0
1170,0,2155.5748,2156.8287,2158.1015,0.2321,0
1171,1,2157.5581,2158.8054,2159.0799,0.0999,0
1171,0,2157.5581,2158.8054,2159.8793,0.0440,0
1172,1,2159.1504,2160.3914,2160.6808,0.0980,0
1172,0,2159.1504,2160.3914,2161.4810,0.2068,0
1173,1,2160.9144,2162.1567,2162.4850,0.0988,0
1173,0,2160.9144,2162.1567,2163.3005,0.0356,0
1174,1,2162.5461,2163.7903,2164.3391,0.3639,0
1174,0,2162.5461,2163.7903,2165.1967,0.0393,0
1175,1,2164.4285,2165.6705,2166.0484,0.0708,0
1175,0,2164.4285,2165.6705,2166.8809,0.1612,0
1176,1,2166.2416,2167.5287,2167.8373,0.0962,0
1176,0,2166.2416,2167.5287,2168.6350,0.0886,0
1177,1,2167.9565,2169.2345,2169.7736,0.3592,0
1177,0,2167.9565,2169.2345,2170.5731,0.0409,0
1178,1,2169.8401,2171.1067,2171.3705,0.0947,0
1178,0,2169.8401,2171.1067,2172.1620,0.2728,0
1179,1,2171.6698,2172.9125,2173.2084,0.1042,0
1179,0,2171.6698,2172.9125,2174.0271,0.0367,0
1180,1,2173.2703,2174.7139,2175.0167,0.0936,0
1180,0,2173.2703,2174.7139,2175.8259,0.1878,0
1181,1,2175.2325,2176.4824,2176.7597,0.0940,0
1181,0,2175.2325,2176.4824,2177.5662,0.1594,0
1182,1,2176.9460,2178.2145,2178.4891,0.0961,0
1182,0,2176.9460,2178.2145,2179.2959,0.0387,0
1183,1,2178.5540,2179.7968,2180.1999,0.1027,0
1183,0,2178.5540,2179.7968,2180.9751,0.1543,0
1184,1,2180.3784,2181.5793,2182.1411,0.2724,0
1184,0,2180.3784,2181.5793,2182.9436,0.0638,0
1185,1,2182.2317,2183.4898,2184.0155,0.2381,0
1185,0,2182.2317,2183.4898,2184.8181,0.0641,0
1186,1,2184.1000,2185.2904,2185.5944,0.1017,0
1186,0,2184.1000,2185.2904,2186.3942,0.1861,0
1187,1,2185.8086,2187.2065,2187.5115,0.0961,0
1187,0,2185.8086,2187.2065,2188.3334,0.1576,0
1188,1,2187.6971,2188.9673,2189.4000,0.2463,0
1188,0,2187.6971,2188.9673,2190.2590,0.0422,0
1189,1,2189.4661,2190.8790,2191.1930,0.0994,0
1189,0,2189.4661,2190.8790,2192.0092,0.1813,0
1190,1,2191.4282,2192.6897,2193.0255,0.0781,0
1190,0,2191.4282,2192.6897,2193.8761,0.0488,0
1191,1,2193.1028,2194.4962,2195.0041,0.2248,0
1191,0,2193.1028,2194.4962,2195.8113,0.0490,0
1192,1,2195.0906,2196.3757,2196.6622,0.0724,0
1192,0,2195.0906,2196.3757,2197.4771,0.2750,0
1193,1,2196.9756,2198.1676,2198.5157,0.0970,0
1193,0,2196.9756,2198.1676,2199.3442,0.0385,0
1194,1,2198.5792,2199.8187,2200.3648,0.3624,0
1194,0,2198.5792,2199.8187,2201.1753,0.0364,0
1195,1,2200.4276,2201.6677,2202.5294,0.1184,0
1195,0,2200.4276,2201.6677,2203.3768,0.2068,0
1196,1,2203.2447,2204.6170,2205.2002,0.3784,0
1196,0,2203.2447,2204.6170,2206.0126,0.0389,0
1197,1,2205.2670,2206.5140,2206.8318,0.0932,0
1197,0,2205.2670,2206.5140,2207.6406,0.0374,0
1198,1,2206.8969,2208.1408,2208.6926,0.3579,0
1198,0,2206.8969,2208.1408,2209.6470,0.0683,0
1199,1,2208.7878,2210.0320,2210.3266,0.1046,0
1199,0,2208.7878,2210.0320,2211.1317,0.1656,0
1200,1,2210.5180,2211.7586,2212.0485,0.0933,0
1200,0,2210.5180,2211.7586,2212.8522,0.0370,0
1201,1,2212.1126,2213.3888,2213.6910,0.0912,0
1201,0,2212.1126,2213.3888,2214.4948,0.2041,0
1202,1,2213.9227,2215.1676,2215.4527,0.0966,0
1202,0,2213.9227,2215.1676,2216.2858,0.0370,0
1203,1,2215.5170,2216.8373,2217.1170,0.0937,0
1203,0,2215.5170,2216.8373,2217.9430,0.0716,0
1204,1,2217.2167,2218.4544,2218.7289,0.0934,0
1204,0,2217.2167,2218.4544,2219.5300,0.1807,0
1205,1,2218.9366,2220.1737,2221.0528,0.2807,0
1205,0,2218.9366,2220.1737,2221.8686,0.3484,0
1206,1,2221.4225,2222.6445,2222.9364,0.1003,0
1206,0,2221.4225,2222.6445,2223.7405,0.0571,0
1207,1,2223.0231,2224.4725,2224.7821,0.1006,0
1207,0,2223.0231,2224.4725,2225.5999,0.1888,0
1208,1,2225.0023,2226.2475,2226.5393,0.0899,0
1208,0,2225.0023,2226.2475,2227.4376,0.0382,0
1209,1,2226.6043,2227.9645,2228.2476,0.0948,0
1209,0,2226.6043,2227.9645,2229.0722,0.0688,0
1210,1,2228.3444,2229.6015,2229.8728,0.0958,0
1210,0,2228.3444,2229.6015,2230.6801,0.1852,0
1211,1,2230.0852,2231.3306,2231.6117,0.1023,0
1211,0,2230.0852,2231.3306,2232.4161,0.0357,0
1212,1,2231.6736,2232.9063,2233.4525,0.3734,0
1212,0,2231.6736,2232.9063,2234.2548,0.0434,0
1213,1,2233.5212,2234.7560,2235.0380,0.1026,0
1213,0,2233.5212,2234.7560,2235.8392,0.0406,0
1214,1,2235.1054,2236.3581,2236.7604,0.2147,0
1214,0,2235.1054,2236.3581,2237.5622,0.0423,0
1215,1,2236.8293,2238.0736,2238.3517,0.0921,0
1215,0,2236.8293,2238.0736,2239.1448,0.3113,0
1216,1,2238.6912,2239.9382,2240.2642,0.0934,0
1216,0,2238.6912,2239.9382,2241.0751,0.2112,0
1217,1,2240.4983,2241.7446,2242.1520,0.2237,0
1217,0,2240.4983,2241.7446,2242.9894,0.0378,0
1218,1,2242.2177,2243.4681,2243.7896,0.0909,0
1218,0,2242.2177,2243.4681,2244.5781,0.1690,0
1219,1,2243.9817,2245.1857,2245.4878,0.0916,0
1219,0,2243.9817,2245.1857,2246.2964,0.0405,0
1220,1,2245.5830,2246.8257,2247.3824,0.3631,0
1220,0,2245.5830,2246.8257,2248.1789,0.0416,0
1221,1,2247.4483,2248.6839,2248.9600,0.0985,0
1221,0,2247.4483,2248.6839,2249.7515,0.1583,0
1222,1,2249.1605,2250.3975,2250.6736,0.0995,0
1222,0,2249.1605,2250.3975,2251.4648,0.0426,0
1223,1,2250.7420,2251.9877,2252.2522,0.0884,0
1223,0,2250.7420,2251.9877,2253.0425,0.2350,0
1224,1,2252.5138,2253.8961,2254.1865,0.0981,0
1224,0,2252.5138,2253.8961,2254.9853,0.1731,0
1225,1,2254.3854,2255.6429,2256.0846,0.2648,0
1225,0,2254.3854,2255.6429,2256.9235,0.0437,0
1226,1,2256.1543,2257.5805,2257.8841,0.0950,0
1226,0,2256.1543,2257.5805,2258.6885,0.1986,0
1227,1,2258.1099,2259.3691,2260.0138,0.0771,0
1227,0,2258.1099,2259.3691,2260.8125,0.2808,0
1228,1,2260.3160,2261.6141,2261.9018,0.0974,0
1228,0,2260.3160,2261.6141,2262.7048,0.0416,0
1229,1,2261.9684,2263.2204,2263.5118,0.0975,0
1229,0,2261.9684,2263.2204,2264.3200,0.1981,0
1230,1,2263.7334,2264.9700,2265.2577,0.0952,0
1230,0,2263.7334,2264.9700,2266.0567,0.0562,0
1231,1,2265.3392,2266.5783,2267.1161,0.3603,0
1231,0,2265.3392,2266.5783,2267.9443,0.0375,0
1232,1,2267.1786,2268.4152,2268.7314,0.1009,0
1232,0,2267.1786,2268.4152,2269.5379,0.2547,0
1233,1,2269.0102,2270.2530,2270.5259,0.0972,0
1233,0,2269.0102,2270.2530,2271.3211,0.0368,0
1234,1,2270.5886,2271.8230,2272.3581,0.3578,0
1234,0,2270.5886,2271.8230,2273.1534,0.0364,0
1235,1,2272.4207,2273.8458,2274.1208,0.0969,0
1235,0,2272.4207,2273.8458,2274.9226,0.1772,0
1236,1,2274.3240,2275.5699,2275.8461,0.0787,0
1236,0,2274.3240,2275.5699,2276.6485,0.0366,0
1237,1,2275.9085,2277.1416,2277.4150,0.0971,0
1237,0,2275.9085,2277.1416,2278.2218,0.2266,0
1238,1,2277.6678,2278.9084,2279.2091,0.1191,0
1238,0,2277.6678,2278.9084,2280.0175,0.0382,0
1239,1,2279.2721,2280.7046,2280.9879,0.0974,0
1239,0,2279.2721,2280.7046,2281.8099,0.0706,0
1240,1,2281.0845,2282.3267,2282.6117,0.1024,0
1240,0,2281.0845,2282.3267,2283.4122,0.2757,0
1241,1,2282.9139,2284.1438,2284.4527,0.0972,0
1241,0,2282.9139,2284.1438,2285.2584,0.0388,0
1242,1,2284.5157,2285.7511,2286.2896,0.3648,0
1242,0,2284.5157,2285.7511,2287.1416,0.0372,0
1243,1,2286.3532,2287.7456,2288.0250,0.1003,0
1243,0,2286.3532,2287.7456,2288.8285,0.4166,0
1244,1,2288.4697,2289.7177,2290.0055,0.1014,0
1244,0,2288.4697,2289.7177,2290.8070,0.0373,0
1245,1,2290.0682,2291.3970,2292.3301,0.3615,0
1245,0,2290.0682,2291.3970,2293.2706,0.1281,0
1246,1,2292.4806,2293.6777,2293.9920,0.0988,0
1246,0,2292.4806,2293.6777,2294.7972,0.1835,0
1247,1,2294.2005,2295.4566,2295.8092,0.1013,0
1247,0,2294.2005,2295.4566,2296.6471,0.0471,0
1248,1,2295.8830,2297.2855,2297.7038,0.2372,0
1248,0,2295.8830,2297.2855,2298.5791,0.0467,0
1249,1,2297.7741,2299.0145,2299.2890,0.0998,0
1249,0,2297.7741,2299.0145,2300.0961,0.2921,0
1250,1,2299.6072,2300.8511,2301.1400,0.0940,0
1250,0,2299.6072,2300.8511,2301.9536,0.0378,0
1251,1,2301.2031,2302.4383,2302.9651,0.3635,0
1251,0,2301.2031,2302.4383,2304.1716,0.0472,0
1252,1,2303.0369,2304.2754,2304.6037,0.1004,0
1252,0,2303.0369,2304.2754,2305.4815,0.5106,0
1253,1,2305.1640,2306.6419,2307.0270,0.1219,0
1253,0,2305.1640,2306.6419,2307.8582,0.1966,0
1254,1,2307.2645,2308.6447,2309.0542,0.1910,0
1254,0,2307.2645,2308.6447,2309.8616,0.0440,0
1255,1,2309.1205,2310.3171,2310.5924,0.0974,0
1255,0,2309.1205,2310.3171,2311.4127,0.2949,0
1256,1,2310.9152,2312.1730,2312.4997,0.0978,0
1256,0,2310.9152,2312.1730,2313.3161,0.0368,0
1257,1,2312.5628,2313.9353,2314.3704,0.2405,0
1257,0,2312.5628,2313.9353,2315.2254,0.0406,0
1258,1,2314.4371,2315.6761,2315.9911,0.1010,0
1258,0,2314.4371,2315.6761,2316.8168,0.1762,0
1259,1,2316.1916,2317.4284,2317.7066,0.0956,0
1259,0,2316.1916,2317.4284,2318.5111,0.0426,0
1260,1,2317.7743,2319.0060,2319.5540,0.3763,0
1260,0,2317.7743,2319.0060,2320.3579,0.0363,0
1261,1,2319.6160,2321.0412,2322.1080,0.6708,0
1261,0,2319.6160,2321.0412,2322.9228,0.0423,0
1262,1,2322.1768,2323.4205,2323.6954,0.0944,0
1262,0,2322.1768,2323.4205,2324.5048,0.0750,0
1263,1,2323.8050,2325.0665,2325.5012,0.2597,0
1263,0,2323.8050,2325.0665,2326.3668,0.0376,0
1264,1,2325.5927,2326.8405,2327.1191,0.1039,0
1264,0,2325.5927,2326.8405,2327.9223,0.1978,0
1265,1,2327.3430,2328.5898,2328.8690,0.0959,0
1265,0,2327.3430,2328.5898,2329.6733,0.0384,0
1266,1,2328.9317,2330.1772,2330.7846,0.4322,0
1266,0,2328.9317,2330.1772,2331.5873,0.0435,0
1267,1,2330.8537,2332.1003,2332.3704,0.0958,0
1267,0,2330.8537,2332.1003,2333.1714,0.1578,0
1268,1,2332.5549,2333.8083,2334.0815,0.0960,0
1268,0,2332.5549,2333.8083,2334.8797,0.0361,0
1269,1,2334.1433,2335.4047,2335.6823,0.0910,0
1269,0,2334.1433,2335.4047,2336.4844,0.1786,0
1270,1,2335.8867,2337.1231,2337.5369,0.0824,0
1270,0,2335.8867,2337.1231,2338.3671,0.0540,0
1271,1,2337.6337,2338.9658,2339.3832,0.2074,0
1271,0,2337.6337,2338.9658,2340.2458,0.0506,0
1272,1,2339.4780,2340.9091,2341.1850,0.0735,0
1272,0,2339.4780,2340.9091,2342.0081,0.1920,0
1273,1,2341.4332,2342.6773,2343.0385,0.0948,0
1273,0,2341.4332,2342.6773,2343.8488,0.0414,0
1274,1,2343.1107,2344.4955,2344.7694,0.1002,0
1274,0,2343.1107,2344.4955,2345.5828,0.0818,0
1275,1,2344.8783,2346.1145,2346.3893,0.0992,0
1275,0,2344.8783,2346.1145,2347.2133,0.2814,0
1276,1,2346.6955,2347.9379,2348.2379,0.1060,0
1276,0,2346.6955,2347.9379,2349.0472,0.0368,0
1277,1,2348.3010,2349.5322,2350.0646,0.3609,0
1277,0,2348.3010,2349.5322,2350.8685,0.0423,0
1278,1,2350.1331,2351.3757,2351.6480,0.0963,0
1278,0,2350.1331,2351.3757,2352.5723,0.2486,0
1279,1,2351.9232,2353.1558,2353.5084,0.1004,0
1279,0,2351.9232,2353.1558,2354.3313,0.0645,0
1280,1,2353.6446,2355.1352,2355.4621,0.0885,0
1280,0,2353.6446,2355.1352,2356.2812,0.2195,0
1281,1,2355.7072,2357.1368,2357.4528,0.0818,0
1281,0,2355.7072,2357.1368,2358.2816,0.1361,0
1282,1,2357.6172,2358.8613,2359.1390,0.0890,0
1282,0,2357.6172,2358.8613,2359.9700,0.0431,0
1283,1,2359.2089,2360.4488,2360.7444,0.0962,0
1283,0,2359.2089,2360.4488,2361.5575,0.2106,0
1284,1,2360.9770,2362.2146,2362.5148,0.1005,0
1284,0,2360.9770,2362.2146,2363.6392,0.0348,0
1285,1,2362.5803,2363.8312,2364.4740,0.4715,0
1285,0,2362.5803,2363.8312,2365.2846,0.0418,0
1286,1,2364.5386,2365.7724,2366.0390,0.0936,0
1286,0,2364.5386,2365.7724,2366.8431,0.1906,0
1287,1,2366.2554,2367.5028,2368.0902,0.2273,0
1287,0,2366.2554,2367.5028,2368.9218,0.0573,0
1288,1,2368.1696,2369.3622,2369.9261,0.3603,0
1288,0,2368.1696,2369.3622,2370.7778,0.0419,0
1289,1,2369.9947,2371.2320,2371.5104,0.0959,0
1289,0,2369.9947,2371.2320,2372.3117,0.0375,0
1290,1,2371.5742,2372.8364,2373.1048,0.0961,0
1290,0,2371.5742,2372.8364,2373.9047,0.0862,0
1291,1,2373.2176,2374.7000,2374.9942,0.1069,0
1291,0,2373.2176,2374.7000,2375.8022,0.1965,0
1292,1,2375.2184,2376.4587,2376.7324,0.0922,0
1292,0,2375.2184,2376.4587,2377.5582,0.3022,0
1293,1,2377.0600,2378.4042,2379.0948,0.1530,0
1293,0,2377.0600,2378.4042,2379.9415,0.0821,0
1294,1,2379.2528,2380.6534,2381.0202,0.1075,0
1294,0,2379.2528,2380.6534,2382.0931,0.0626,0
1295,1,2381.1091,2382.3560,2382.6556,0.0755,0
1295,0,2381.1091,2382.3560,2383.4667,0.2570,0
1296,1,2382.9476,2384.2978,2384.5984,0.0997,0
1296,0,2382.9476,2384.2978,2385.4640,0.0373,0
1297,1,2384.6631,2385.8983,2386.4462,0.3669,0
1297,0,2384.6631,2385.8983,2387.2640,0.0459,0
1298,1,2386.5190,2387.9870,2388.2679,0.0906,0
1298,0,2386.5190,2387.9870,2389.1071,0.2872,0
1299,1,2388.5824,2389.8199,2390.1659,0.0991,0
1299,0,2388.5824,2389.8199,2391.0048,0.0406,0
1300,1,2390.2328,2391.4726,2391.9977,0.3586,0
1300,0,2390.2328,2391.4726,2392.8096,0.0361,0
1301,1,2392.0603,2393.3061,2393.5800,0.0979,0
1301,0,2392.0603,2393.3061,2394.3909,0.1900,0
1302,1,2393.7971,2395.0286,2395.3114,0.1039,0
1302,0,2393.7971,2395.0286,2396.1169,0.0357,0
1303,1,2395.3725,2396.6047,2396.8779,0.0968,0
1303,0,2395.3725,2396.6047,2397.6803,0.2227,0
1304,1,2397.1275,2398.3714,2398.7538,0.0804,0
1304,0,2397.1275,2398.3714,2399.5766,0.0457,0
1305,1,2398.8242,2400.1948,2400.4724,0.1057,0
1305,0,2398.8242,2400.1948,2401.3648,0.0846,0
1306,1,2400.5835,2401.8110,2402.0900,0.0978,0
1306,0,2400.5835,2401.8110,2402.8971,0.1865,0
1307,1,2402.3026,2403.5275,2403.9315,0.2305,0
1307,0,2402.3026,2403.5275,2404.7324,0.0375,0
1308,1,2403.9948,2405.2396,2405.7789,0.3635,0
1308,0,2403.9948,2405.2396,2406.5793,0.0373,0
1309,1,2405.8689,2407.2943,2407.5709,0.1009,0
1309,0,2405.8689,2407.2943,2408.3854,0.1819,0
1310,1,2407.7791,2409.0112,2409.3161,0.0971,0
1310,0,2407.7791,2409.0112,2410.1197,0.0445,0
1311,1,2409.3846,2410.6154,2411.1544,0.3649,0
1311,0,2409.3846,2410.6154,2411.9577,0.0373,0
1312,1,2411.2179,2412.4534,2412.7317,0.1020,0
1312,0,2411.2179,2412.4534,2413.8797,0.0376,0
1313,1,2412.7927,2414.0325,2414.6021,0.3224,0
1313,0,2412.7927,2414.0325,2415.4110,0.0453,0
1314,1,2414.6719,2415.9079,2416.5730,0.4761,0
1314,0,2414.6719,2415.9079,2417.3706,0.0469,0
1315,1,2416.6437,2417.8841,2418.1550,0.0950,0
1315,0,2416.6437,2417.8841,2419.2370,0.0363,0
1316,1,2418.2188,2419.5441,2420.2370,0.3419,0
1316,0,2418.2188,2419.5441,2421.0448,0.0622,0
1317,1,2420.3396,2421.8690,2422.7560,0.5816,0
1317,0,2420.3396,2421.8690,2423.9123,0.0641,0
1318,1,2422.8504,2424.2739,2424.6890,0.1059,0
1318,0,2422.8504,2424.2739,2425.5144,0.0910,0
1319,1,2424.8390,2426.1088,2426.5106,0.0864,0
1319,0,2424.8390,2426.1088,2427.3587,0.0442,0
1320,1,2426.5865,2427.9067,2428.3204,0.2280,0
1320,0,2426.5865,2427.9067,2429.1426,0.0424,0
1321,1,2428.3887,2429.6341,2430.0006,0.0881,0
1321,0,2428.3887,2429.6341,2430.8294,0.1274,0
1322,1,2430.1668,2431.4356,2431.7107,0.0939,0
1322,0,2430.1668,2431.4356,2432.5250,0.1026,0
1323,1,2431.8398,2433.0835,2433.6657,0.3645,0
1323,0,2431.8398,2433.0835,2434.4537,0.0565,0
1324,1,2433.7439,2434.9444,2435.2267,0.0946,0
1324,0,2433.7439,2434.9444,2436.0369,0.1578,0
1325,1,2435.4109,2436.6516,2436.9433,0.1029,0
1325,0,2435.4109,2436.6516,2437.7462,0.0382,0
1326,1,2437.0077,2438.2424,2438.5409,0.1011,0
1326,0,2437.0077,2438.2424,2439.3436,0.1917,0
1327,1,2438.7596,2440.0134,2440.2991,0.0968,0
1327,0,2438.7596,2440.0134,2441.1009,0.1449,0
1328,1,2440.4716,2441.8697,2442.1413,0.0965,0
1328,0,2440.4716,2441.8697,2443.0012,0.0814,0
1329,1,2442.2492,2443.4816,2443.7441,0.0911,0
1329,0,2442.2492,2443.4816,2444.5418,0.2873,0
1330,1,2444.0560,2445.3048,2445.7632,0.0684,0
1330,0,2444.0560,2445.3048,2446.6025,0.0408,0
1331,1,2445.8294,2447.0637,2447.5959,0.3623,0
1331,0,2445.8294,2447.0637,2448.4035,0.0437,0
1332,1,2447.6658,2448.8968,2449.1693,0.1030,0
1332,0,2447.6658,2448.8968,2449.9752,0.1921,0
1333,1,2449.3885,2450.6159,2450.9015,0.0957,0
1333,0,2449.3885,2450.6159,2451.6960,0.0375,0
1334,1,2450.9639,2452.1965,2452.4943,0.1017,0
1334,0,2450.9639,2452.1965,2453.2908,0.1990,0
1335,1,2452.7197,2454.1002,2454.4055,0.0951,0
1335,0,2452.7197,2454.1002,2455.2118,0.1721,0
1336,1,2454.6027,2455.8339,2456.2693,0.2468,0
1336,0,2454.6027,2455.8339,2457.0684,0.0373,0
1337,1,2456.3319,2457.7414,2458.0261,0.0960,0
1337,0,2456.3319,2457.7414,2458.8309,0.1938,0
1338,1,2458.2460,2459.4713,2459.7578,0.1145,0
1338,0,2458.2460,2459.4713,2460.5649,0.0363,0
1339,1,2459.8199,2461.1642,2461.6073,0.2334,0
1339,0,2459.8199,2461.1642,2462.4791,0.0369,0
1340,1,2461.6713,2462.9039,2463.2527,0.1037,0
1340,0,2461.6713,2462.9039,2464.1066,0.1552,0
1341,1,2463.4685,2464.7636,2465.0461,0.0760,0
1341,0,2463.4685,2464.7636,2465.8421,0.0409,0
1342,1,2465.1079,2466.2904,2466.8421,0.3687,0
1342,0,2465.1079,2466.2904,2467.6422,0.0426,0
1343,1,2466.9112,2468.1390,2468.4083,0.0981,0
1343,0,2466.9112,2468.1390,2469.2084,0.1597,0
1344,1,2468.5953,2469.8196,2470.1004,0.1038,0
1344,0,2468.5953,2469.8196,2470.9110,0.0372,0
1345,1,2470.1632,2471.3814,2471.6473,0.0958,0
1345,0,2470.1632,2471.3814,2472.4417,0.2417,0
1346,1,2471.9156,2473.1384,2473.4082,0.0960,0
1346,0,2471.9156,2473.1384,2474.2232,0.0905,0
1347,1,2473.5249,2474.7429,2475.2881,0.3704,0
1347,0,2473.5249,2474.7429,2476.0789,0.0397,0
1348,1,2475.3541,2476.5835,2476.9421,0.0839,0
1348,0,2475.3541,2476.5835,2477.7351,0.1603,0
1349,1,2477.1418,2478.4510,2478.7285,0.1007,0
1349,0,2477.1418,2478.4510,2479.5230,0.0379,0
1350,1,2478.7921,2480.0186,2480.5661,0.3754,0
1350,0,2478.7921,2480.0186,2481.3721,0.0444,0
1351,1,2480.6357,2481.8621,2482.1438,0.1017,0
1351,0,2480.6357,2481.8621,2482.9496,0.2988,0
1352,1,2482.4649,2483.6960,2484.0409,0.0974,0
1352,0,2482.4649,2483.6960,2484.8081,0.0517,0
1353,1,2484.1607,2485.3483,2485.9889,0.4134,0
1353,0,2484.1607,2485.3483,2486.8093,0.0485,0
1354,1,2486.0670,2487.4471,2487.7294,0.1036,0
1354,0,2486.0670,2487.4471,2488.5338,0.4992,0
1355,1,2488.2546,2489.6127,2489.9097,0.1104,0
1355,0,2488.2546,2489.6127,2490.7070,0.0361,0
1356,1,2489.9716,2491.3600,2491.9156,0.3823,0
1356,0,2489.9716,2491.3600,2492.7786,0.0380,0
1357,1,2491.9791,2493.2021,2493.4890,0.0954,0
1357,0,2491.9791,2493.2021,2494.3169,0.1805,0
1358,1,2493.6969,2494.9081,2495.1915,0.0971,0
1358,0,2493.6969,2494.9081,2496.0016,0.0492,0
1359,1,2495.2654,2496.4906,2496.8021,0.0957,0
1359,0,2495.2654,2496.4906,2497.5965,0.1924,0
1360,1,2497.0207,2498.2409,2498.6169,0.0999,0
1360,0,2497.0207,2498.2409,2499.4178,0.0492,0
1361,1,2498.6860,2500.0240,2500.4452,0.2293,0
1361,0,2498.6860,2500.0240,2501.2965,0.0390,0
1362,1,2500.5102,2501.7277,2501.9957,0.0915,0
1362,0,2500.5102,2501.7277,2502.7899,0.1915,0
1363,1,2502.2142,2503.4215,2503.6981,0.0987,0
1363,0,2502.2142,2503.4215,2504.4915,0.0373,0
1364,1,2503.7608,2504.9679,2505.2855,0.0985,0
1364,0,2503.7608,2504.9679,2506.0750,0.1854,0
1365,1,2505.4963,2506.7066,2507.0092,0.1300,0
1365,0,2505.4963,2506.7066,2507.8407,0.1560,0
1366,1,2507.1912,2508.4234,2508.8527,0.2211,0
1366,0,2507.1912,2508.4234,2509.7087,0.0396,0
1367,1,2508.9190,2510.1285,2510.4238,0.0986,0
1367,0,2508.9190,2510.1285,2511.2070,0.2216,0
1368,1,2510.6699,2511.8777,2512.1493,0.0975,0
1368,0,2510.6699,2511.8777,2512.9461,0.0355,0
1369,1,2513.3608,2514.5336,2514.8346,0.1153,0
1369,0,2513.3608,2514.5336,2515.6304,0.0355,0
1370,1,2514.9749,2516.4980,2516.7983,0.0589,0
1370,0,2514.9749,2516.4980,2517.9929,0.1687,0
1371,1,2517.0259,2518.2063,2518.5243,0.0766,0
1371,0,2517.0259,2518.2063,2519.3406,0.0415,0
1372,1,2518.5878,2520.0107,2520.8566,0.5880,0
1372,0,2518.5878,2520.0107,2521.6609,0.0514,0
1373,1,2520.9481,2522.3251,2522.7608,0.2050,0
1373,0,2520.9481,2522.3251,2523.6002,0.0547,0
1374,1,2522.9210,2524.4031,2524.6893,0.0705,0
1374,0,2522.9210,2524.4031,2525.5230,0.2897,0
1375,1,2525.0143,2526.3191,2526.6031,0.0798,0
1375,0,2525.0143,2526.3191,2527.4446,0.0427,0
1376,1,2526.6844,2528.0261,2528.4314,0.2024,0
1376,0,2526.6844,2528.0261,2529.2549,0.0451,0
1377,1,2528.5147,2529.7335,2530.0100,0.0796,0
1377,0,2528.5147,2529.7335,2530.7974,0.1863,0
1378,1,2530.2277,2531.4209,2531.7523,0.0721,0
1378,0,2530.2277,2531.4209,2532.5638,0.0963,0
1379,1,2531.8743,2533.0943,2533.6354,0.3525,0
1379,0,2531.8743,2533.0943,2534.4418,0.0481,0
1380,1,2533.7062,2534.9260,2535.2009,0.0968,0
1380,0,2533.7062,2534.9260,2536.0041,0.1898,0
1381,1,2535.4163,2536.6441,2536.9228,0.0957,0
1381,0,2535.4163,2536.6441,2537.7194,0.0385,0
1382,1,2536.9842,2538.1985,2538.4711,0.0954,0
1382,0,2536.9842,2538.1985,2539.4270,0.1945,0
1383,1,2538.6890,2539.9110,2540.2214,0.0983,0
1383,0,2538.6890,2539.9110,2541.0600,0.2064,0
1384,1,2540.4530,2541.6836,2542.0887,0.2240,0
1384,0,2540.4530,2541.6836,2542.9478,0.0377,0
1385,1,2542.1496,2543.3641,2543.6354,0.0944,0
1385,0,2542.1496,2543.3641,2544.4267,0.1766,0
1386,1,2543.8357,2545.0699,2545.3452,0.0995,0
1386,0,2543.8357,2545.0699,2546.1326,0.0349,0
1387,1,2545.4042,2546.6928,2546.9657,0.1010,0
1387,0,2545.4042,2546.6928,2547.7519,0.2826,0
1388,1,2547.2735,2548.4865,2548.7726,0.0973,0
1388,0,2547.2735,2548.4865,2549.5856,0.0395,0
1389,1,2548.8345,2550.0659,2550.4656,0.2338,0
1389,0,2548.8345,2550.0659,2551.2954,0.0364,0
1390,1,2550.5260,2551.7355,2552.0113,0.0970,0
1390,0,2550.5260,2551.7355,2552.7974,0.1953,0
1391,1,2552.2336,2553.5947,2553.8655,0.0959,0
1391,0,2552.2336,2553.5947,2554.6570,0.2012,0
1392,1,2554.0913,2555.3224,2555.9290,0.4101,0
1392,0,2554.0913,2555.3224,2556.7231,0.0437,0
1393,1,2556.0116,2557.4230,2557.7860,0.0875,0
1393,0,2556.0116,2557.4230,2558.5900,0.1213,0
1394,1,2557.9776,2559.2538,2559.6178,0.0725,0
1394,0,2557.9776,2559.2538,2560.4040,0.0454,0
1395,1,2559.6837,2560.8435,2561.3887,0.3578,0
1395,0,2559.6837,2560.8435,2562.1883,0.0387,0
1396,1,2561.4549,2562.6764,2562.9570,0.0949,0
1396,0,2561.4549,2562.6764,2563.7582,0.1836,0
1397,1,2563.1679,2564.3944,2564.6697,0.0969,0
1397,0,2563.1679,2564.3944,2565.4763,0.0424,0
1398,1,2564.7640,2565.9742,2566.2836,0.1002,0
1398,0,2564.7640,2565.9742,2567.0760,0.1885,0
1399,1,2566.4991,2567.7065,2568.0315,0.0974,0
1399,0,2566.4991,2567.7065,2568.8162,0.0367,0
1400,1,2568.0938,2569.4769,2569.7454,0.0987,0
1400,0,2568.0938,2569.4769,2570.5379,0.0844,0
1401,1,2569.8564,2571.0653,2571.3513,0.1049,0
1401,0,2569.8564,2571.0653,2572.1403,0.0362,0
1402,1,2571.4129,2572.7628,2573.0516,0.0913,0
1402,0,2571.4129,2572.7628,2573.8589,0.0538,0
1403,1,2573.1316,2574.5548,2574.8297,0.0966,0
1403,0,2573.1316,2574.5548,2575.6349,0.2106,0
1404,1,2575.0651,2576.2796,2576.5645,0.0974,0
1404,0,2575.0651,2576.2796,2577.3751,0.0432,0
1405,1,2576.6306,2577.8708,2578.2810,0.2255,0
1405,0,2576.6306,2577.8708,2579.1198,0.0425,0
1406,1,2578.3460,2579.5575,2579.8324,0.0962,0
1406,0,2578.3460,2579.5575,2580.6229,0.3075,0
1407,1,2580.1618,2581.3755,2581.7279,0.0837,0
1407,0,2580.1618,2581.3755,2582.5458,0.1260,0
1408,1,2581.8805,2583.0680,2583.6082,0.3549,0
1408,0,2581.8805,2583.0680,2584.4050,0.0386,0
1409,1,2583.6733,2584.8833,2585.1559,0.0963,0
1409,0,2583.6733,2584.8833,2585.9471,0.1917,0
1410,1,2585.3749,2586.5919,2586.9766,0.0966,0
1410,0,2585.3749,2586.5919,2587.7687,0.2624,0
1411,1,2587.2657,2588.4880,2588.7835,0.1002,0
1411,0,2587.2657,2588.4880,2589.5725,0.2257,0
1412,1,2589.0365,2590.4276,2590.6940,0.0974,0
1412,0,2589.0365,2590.4276,2591.4881,0.1984,0
1413,1,2590.9173,2592.1265,2592.3988,0.0957,0
1413,0,2590.9173,2592.1265,2593.1903,0.0421,0
1414,1,2592.4666,2593.6801,2593.9875,0.0980,0
1414,0,2592.4666,2593.6801,2594.7784,0.1860,0
1415,1,2594.1977,2595.4107,2595.7175,0.1028,0
1415,0,2594.1977,2595.4107,2596.5383,0.0370,0
1416,1,2595.7812,2596.9874,2597.5757,0.3670,0
1416,0,2595.7812,2596.9874,2598.3658,0.0471,0
1417,1,2597.6434,2598.8112,2599.0902,0.0982,0
1417,0,2597.6434,2598.8112,2599.8701,0.1866,0
1418,1,2599.3036,2600.5145,2600.7885,0.0978,0
1418,0,2599.3036,2600.5145,2601.5679,0.0357,0
1419,1,2600.8498,2602.0672,2602.3603,0.1006,0
1419,0,2600.8498,2602.0672,2603.1379,0.2047,0
1420,1,2602.5919,2603.8025,2604.3620,0.1074,0
1420,0,2602.5919,2603.8025,2605.1442,0.0453,0
1421,1,2604.4317,2605.6533,2606.0730,0.2352,0
1421,0,2604.4317,2605.6533,2606.9135,0.0448,0
1422,1,2606.1429,2607.5336,2607.8417,0.1009,0
1422,0,2606.1429,2607.5336,2608.6288,0.1820,0
1423,1,2608.0484,2609.2624,2609.6173,0.0992,0
1423,0,2608.0484,2609.2624,2610.3993,0.0404,0
1424,1,2609.6805,2610.8936,2611.4432,0.3643,0
1424,0,2609.6805,2610.8936,2612.2297,0.0387,0
1425,1,2611.5074,2612.7270,2612.9970,0.0911,0
1425,0,2611.5074,2612.7270,2613.7770,0.1900,0
1426,1,2613.2123,2614.4456,2614.7213,0.1016,0
1426,0,2613.2123,2614.4456,2615.5298,0.0358,0
1427,1,2614.7851,2615.9919,2616.2678,0.1009,0
1427,0,2614.7851,2615.9919,2617.0483,0.2365,0
1428,1,2616.5286,2617.7425,2618.0639,0.0962,0
1428,0,2616.5286,2617.7425,2618.8441,0.0377,0
1429,1,2618.1268,2619.3368,2620.0312,0.3664,0
1429,0,2618.1268,2619.3368,2620.9297,0.0758,0
1430,1,2620.1298,2621.8992,2622.1813,0.1010,0
1430,0,2620.1298,2621.8992,2622.9913,0.1007,0
1431,1,2622.3095,2623.5331,2623.9798,0.2655,0
1431,0,2622.3095,2623.5331,2624.7812,0.2356,0
1432,1,2624.2415,2625.5042,2625.7825,0.0990,0
1432,0,2624.2415,2625.5042,2626.5941,0.0365,0
1433,1,2625.8451,2627.0594,2627.3607,0.0980,0
1433,0,2625.8451,2627.0594,2628.1695,0.2027,0
1434,1,2627.5899,2628.8115,2629.1288,0.0962,0
1434,0,2627.5899,2628.8115,2629.9252,0.0368,0
1435,1,2629.1915,2630.4053,2630.9364,0.3599,0
1435,0,2629.1915,2630.4053,2631.7323,0.0371,0
1436,1,2630.9993,2632.2168,2632.4918,0.0957,0
1436,0,2630.9993,2632.2168,2633.2867,0.1883,0
1437,1,2632.7062,2633.9170,2634.4807,0.1343,0
1437,0,2632.7062,2633.9170,2635.3032,0.0510,0
1438,1,2634.5544,2635.7223,2636.2791,0.3586,0
1438,0,2634.5544,2635.7223,2637.0873,0.0441,0
1439,1,2636.3688,2637.5848,2637.8603,0.0985,0
1439,0,2636.3688,2637.5848,2638.6437,0.2476,0
1440,1,2638.1502,2639.4112,2639.6955,0.1008,0
1440,0,2638.1502,2639.4112,2640.5641,0.0450,0
1441,1,2639.7831,2641.1794,2641.6244,0.0856,0
1441,0,2639.7831,2641.1794,2642.4827,0.0536,0
1442,1,2641.6998,2642.8655,2643.2317,0.1005,0
1442,0,2641.6998,2642.8655,2644.0668,0.3180,0
1443,1,2643.5912,2644.7624,2645.0973,0.0935,0
1443,0,2643.5912,2644.7624,2645.9003,0.0488,0
1444,1,2645.1931,2646.5185,2647.0382,0.0706,0
1444,0,2645.1931,2646.5185,2647.9485,0.1965,0
1445,1,2647.2558,2648.4258,2648.7631,0.0894,0
1445,0,2647.2558,2648.4258,2649.6040,0.0485,0
1446,1,2648.8472,2650.2573,2650.6805,0.1762,0
1446,0,2648.8472,2650.2573,2651.5188,0.0462,0
1447,1,2650.7636,2652.1185,2652.7957,0.3915,0
1447,0,2650.7636,2652.1185,2653.6793,0.0429,0
1448,1,2652.8654,2654.2470,2654.8664,0.3618,0
1448,0,2652.8654,2654.2470,2655.7242,0.2292,0
1449,1,2655.1230,2656.4917,2657.0753,0.1072,0
1449,0,2655.1230,2656.4917,2657.8856,0.0973,0
1450,1,2657.1989,2658.4327,2658.9963,0.2477,0
1450,0,2657.1989,2658.4327,2659.8615,0.0647,0
1451,1,2659.0873,2660.3124,2661.0269,0.4444,0
1451,0,2659.0873,2660.3124,2661.8617,0.0634,0
1452,1,2661.1165,2662.3441,2662.7393,0.0882,0
1452,0,2661.1165,2662.3441,2663.5693,0.2878,0
1453,1,2663.0651,2664.3586,2664.6460,0.0916,0
1453,0,2663.0651,2664.3586,2665.5202,0.0436,0
1454,1,2664.7164,2665.9432,2666.6397,0.4282,0
1454,0,2664.7164,2665.9432,2667.5063,0.0639,0
1455,1,2666.7300,2667.9560,2668.3384,0.1291,0
1455,0,2666.7300,2667.9560,2669.1458,0.2453,0
1456,1,2668.6107,2669.8346,2670.2259,0.1163,0
1456,0,2668.6107,2669.8346,2671.0579,0.0610,0
1457,1,2670.3129,2671.5344,2671.9451,0.1042,0
1457,0,2670.3129,2671.5344,2672.7384,0.1455,0
1458,1,2672.1171,2673.3497,2673.7637,0.0833,0
1458,0,2672.1171,2673.3497,2674.5975,0.0762,0
1459,1,2673.8724,2675.2278,2675.5166,0.0915,0
1459,0,2673.8724,2675.2278,2676.3591,0.0572,0
1460,1,2675.5982,2676.8282,2677.1310,0.0979,0
1460,0,2675.5982,2676.8282,2677.9294,0.1868,0
1461,1,2677.3440,2678.5705,2678.8414,0.0955,0
1461,0,2677.3440,2678.5705,2679.6360,0.0376,0
1462,1,2678.9051,2680.1272,2680.8193,0.3636,0
1462,0,2678.9051,2680.1272,2681.6704,0.0499,0
1463,1,2680.9277,2682.2365,2682.6464,0.1235,0
1463,0,2680.9277,2682.2365,2683.4622,0.2641,0
1464,1,2682.9411,2684.1680,2684.8502,0.1159,0
1464,0,2682.9411,2684.1680,2685.6898,0.0513,0
1465,1,2684.9234,2686.2953,2686.8834,0.3362,0
1465,0,2684.9234,2686.2953,2687.7918,0.0587,0
1466,1,2686.9672,2688.1960,2688.9599,0.5733,0
1466,0,2686.9672,2688.1960,2689.7574,0.0425,0
1467,1,2689.0332,2690.4297,2690.7054,0.1017,0
1467,0,2689.0332,2690.4297,2691.5063,0.2475,0
1468,1,2690.9795,2692.3080,2692.5869,0.1005,0
1468,0,2690.9795,2692.3080,2693.3982,0.0420,0
1469,1,2692.6694,2693.9158,2694.2035,0.0956,0
1469,0,2692.6694,2693.9158,2695.0075,0.1951,0
1470,1,2694.4247,2695.6559,2695.9318,0.0984,0
1470,0,2694.4247,2695.6559,2696.8905,0.0432,0
1471,1,2696.0008,2697.3260,2697.7733,0.2253,0
1471,0,2696.0008,2697.3260,2698.6375,0.0442,0
1472,1,2697.8500,2699.1176,2699.3946,0.0937,0
1472,0,2697.8500,2699.1176,2700.1914,0.2997,0
1473,1,2699.7209,2700.9427,2701.2928,0.0971,0
1473,0,2699.7209,2700.9427,2702.0938,0.0361,0
1474,1,2701.3553,2702.5792,2703.1209,0.3675,0
1474,0,2701.3553,2702.5792,2703.9169,0.0376,0
1475,1,2703.1846,2704.4052,2704.6848,0.1011,0
1475,0,2703.1846,2704.4052,2705.4793,0.1899,0
1476,1,2704.9016,2706.1173,2706.3992,0.0969,0
1476,0,2704.9016,2706.1173,2707.1950,0.0366,0
1477,1,2706.4639,2707.8633,2708.1572,0.0976,0
1477,0,2706.4639,2707.8633,2708.9643,0.2014,0
1478,1,2708.3850,2709.6024,2709.8807,0.1048,0
1478,0,2708.3850,2709.6024,2710.7250,0.0357,0
1479,1,2709.9419,2711.2061,2711.6132,0.2288,0
1479,0,2709.9419,2711.2061,2712.4796,0.0378,0
1480,1,2711.6773,2712.8957,2713.2153,0.0804,0
1480,0,2711.6773,2712.8957,2714.0502,0.1533,0
1481,1,2713.4024,2714.6759,2714.9781,0.0910,0
1481,0,2713.4024,2714.6759,2715.7769,0.0438,0
1482,1,2715.0534,2716.3056,2716.8613,0.3587,0
1482,0,2715.0534,2716.3056,2717.6609,0.0444,0
1483,1,2716.9339,2718.1638,2718.4439,0.0984,0
1483,0,2716.9339,2718.1638,2719.2424,0.1590,0
1484,1,2718.6293,2719.8770,2720.2420,0.0859,0
1484,0,2718.6293,2719.8770,2721.0374,0.1081,0
1485,1,2720.3723,2721.7006,2722.0329,0.1011,0
1485,0,2720.3723,2721.7006,2722.8311,0.1909,0
1486,1,2722.2521,2723.4858,2723.8082,0.0969,0
1486,0,2722.2521,2723.4858,2724.6224,0.0830,0
1487,1,2723.9865,2725.3327,2725.8576,0.2549,0
1487,0,2723.9865,2725.3327,2726.6975,0.0642,0
1488,1,2725.9483,2727.1795,2727.5914,0.1089,0
1488,0,2725.9483,2727.1795,2728.3818,0.1190,0
1489,1,2727.7292,2728.9169,2729.2319,0.1034,0
1489,0,2727.7292,2728.9169,2730.1103,0.0374,0
1490,1,2729.2937,2730.6866,2730.9768,0.1007,0
1490,0,2729.2937,2730.6866,2731.8516,0.0814,0
1491,1,2731.0844,2732.3082,2732.6017,0.1010,0
1491,0,2731.0844,2732.3082,2733.3939,0.3191,0
1492,1,2732.9466,2734.2056,2734.4972,0.0924,0
1492,0,2732.9466,2734.2056,2735.2971,0.0395,0
1493,1,2734.5638,2735.7862,2736.3302,0.3704,0
1493,0,2734.5638,2735.7862,2737.1266,0.0521,0
1494,1,2736.4079,2737.6350,2737.9206,0.0980,0
1494,0,2736.4079,2737.6350,2738.7173,0.1850,0
1495,1,2738.1319,2739.3667,2739.6743,0.0922,0
1495,0,2738.1319,2739.3667,2740.5769,0.0509,0
1496,1,2739.7752,2741.2060,2741.4923,0.0683,0
1496,0,2739.7752,2741.2060,2742.2986,0.1820,0
1497,1,2741.7101,2742.9801,2743.2865,0.0506,0
1497,0,2741.7101,2742.9801,2744.2127,0.2545,0
1498,1,2743.5983,2744.8771,2745.2555,0.1067,0
1498,0,2743.5983,2744.8771,2746.0928,0.0641,0
1499,1,2745.3468,2746.5792,2747.0096,0.1118,0
1499,0,2745.3468,2746.5792,2747.8085,0.1039,0
1500,1,2747.1429,2748.3758,2748.6907,0.0789,0
1500,0,2747.1429,2748.3758,2749.5302,0.0399,0
1501,1,2748.7570,2750.1771,2750.4493,0.0930,0
1501,0,2748.7570,2750.1771,2751.2848,0.0773,0
1502,1,2750.5535,2751.7744,2752.0464,0.0958,0
1502,0,2750.5535,2751.7744,2752.8407,0.2837,0
1503,1,2752.3566,2753.7329,2754.1106,0.0940,0
1503,0,2752.3566,2753.7329,2754.9171,0.0826,0
1504,1,2754.2184,2755.4536,2756.0099,0.3870,0
1504,0,2754.2184,2755.4536,2756.8581,0.0376,0
1505,1,2756.0726,2757.4769,2757.8003,0.0964,0
1505,0,2756.0726,2757.4769,2758.6536,0.1640,0
1506,1,2758.0304,2759.3420,2759.7034,0.0573,0
1506,0,2758.0304,2759.3420,2760.5772,0.0500,0
1507,1,2759.7988,2761.2294,2761.5440,0.0857,0
1507,0,2759.7988,2761.2294,2762.4160,0.0458,0
1508,1,2761.6232,2762.8938,2763.1661,0.0964,0
1508,0,2761.6232,2762.8938,2763.9833,0.1933,0
1509,1,2763.3872,2764.6155,2764.8879,0.1006,0
1509,0,2763.3872,2764.6155,2765.7041,0.0444,0
1510,1,2764.9587,2766.1841,2766.7157,0.3602,0
1510,0,2764.9587,2766.1841,2767.5259,0.0362,0
1511,1,2766.7777,2768.0080,2768.3568,0.0751,0
1511,0,2766.7777,2768.0080,2769.2173,0.2456,0
1512,1,2768.6570,2769.9934,2770.2796,0.0689,0
1512,0,2768.6570,2769.9934,2771.0696,0.0516,0
1513,1,2770.3785,2771.5781,2771.8944,0.0916,0
1513,0,2770.3785,2771.5781,2772.7029,0.1850,0
1514,1,2772.1129,2773.3600,2773.6515,0.0920,0
1514,0,2772.1129,2773.3600,2774.4605,0.1754,0
1515,1,2773.8687,2775.1647,2775.4460,0.0991,0
1515,0,2773.8687,2775.1647,2776.3626,0.0694,0
1516,1,2775.5424,2776.7627,2777.0426,0.0977,0
1516,0,2775.5424,2776.7627,2777.8378,0.2791,0
1517,1,2777.3461,2778.5815,2778.8659,0.0979,0
1517,0,2777.3461,2778.5815,2779.6640,0.0391,0
1518,1,2778.9291,2780.1636,2780.6972,0.3633,0
1518,0,2778.9291,2780.1636,2781.4925,0.0437,0
1519,1,2780.7652,2781.9912,2782.2677,0.0954,0
1519,0,2780.7652,2781.9912,2783.0607,0.2490,0
1520,1,2782.5417,2783.8344,2784.1422,0.0916,0
1520,0,2782.5417,2783.8344,2784.9423,0.0429,0
1521,1,2784.2089,2785.4348,2785.7315,0.1000,0
1521,0,2784.2089,2785.4348,2786.6555,0.2036,0
1522,1,2785.9617,2787.1989,2787.7237,0.3434,0
1522,0,2785.9617,2787.1989,2788.5181,0.1954,0
1523,1,2787.9494,2789.1806,2789.6190,0.2590,0
1523,0,2787.9494,2789.1806,2790.4099,0.0378,0
1524,1,2789.6814,2791.0903,2791.3696,0.0995,0
1524,0,2789.6814,2791.0903,2792.3107,0.1914,0
1525,1,2791.5858,2792.8620,2793.2724,0.2083,0
1525,0,2791.5858,2792.8620,2794.1341,0.0418,0
1526,1,2793.3387,2794.5762,2794.9803,0.2287,0
1526,0,2793.3387,2794.5762,2795.8324,0.0414,0
1527,1,2795.0453,2796.2846,2796.5654,0.1038,0
1527,0,2795.0453,2796.2846,2797.3573,0.3363,0
1528,1,2796.9262,2798.1602,2798.5172,0.1007,0
1528,0,2796.9262,2798.1602,2799.3241,0.0373,0
1529,1,2798.5799,2799.7976,2800.3392,0.3641,0
1529,0,2798.5799,2799.7976,2801.1299,0.0366,0
1530,1,2800.3995,2801.6234,2801.8951,0.0968,0
1530,0,2800.3995,2801.6234,2802.6851,0.1863,0
1531,1,2802.1060,2803.3474,2803.6138,0.0930,0
1531,0,2802.1060,2803.3474,2804.4040,0.0371,0
1532,1,2803.7224,2804.9519,2805.2288,0.0994,0
1532,0,2803.7224,2804.9519,2806.0178,0.2197,0
1533,1,2805.4732,2806.7019,2806.9940,0.1225,0
1533,0,2805.4732,2806.7019,2807.7852,0.1602,0
1534,1,2807.1792,2808.4643,2808.7432,0.1002,0
1534,0,2807.1792,2808.4643,2809.5336,0.0707,0
1535,1,2808.8411,2810.0663,2810.3444,0.1009,0
1535,0,2808.8411,2810.0663,2811.1298,0.2792,0
1536,1,2810.6507,2811.8787,2812.1612,0.0970,0
1536,0,2810.6507,2811.8787,2812.9469,0.0369,0
1537,1,2812.2264,2813.4495,2813.9984,0.3628,0
1537,0,2812.2264,2813.4495,2814.7838,0.0399,0
1538,1,2814.0629,2815.2948,2815.5876,0.0951,0
1538,0,2814.0629,2815.2948,2816.3715,0.2491,0
1539,1,2815.8625,2817.1651,2817.4517,0.0988,0
1539,0,2815.8625,2817.1651,2818.2430,0.0375,0
1540,1,2817.5139,2818.7332,2819.0604,0.0945,0
1540,0,2817.5139,2818.7332,2819.8757,0.1694,0
1541,1,2819.2945,2820.7612,2821.2740,0.2988,0
1541,0,2819.2945,2820.7612,2822.1320,0.1482,0
1542,1,2821.4757,2822.7935,2823.2089,0.2137,0
1542,0,2821.4757,2822.7935,2823.9930,0.0593,0
1543,1,2823.2924,2824.7212,2825.3293,0.3711,0
1543,0,2823.2924,2824.7212,2826.1734,0.0456,0
1544,1,2825.4066,2826.6761,2826.9672,0.0995,0
1544,0,2825.4066,2826.6761,2827.7858,0.1910,0
1545,1,2827.1850,2828.4593,2828.7353,0.0987,0
1545,0,2827.1850,2828.4593,2829.5398,0.0356,0
1546,1,2828.7972,2830.0213,2830.3030,0.0976,0
1546,0,2828.7972,2830.0213,2831.1027,0.2903,0
1547,1,2830.6194,2831.8583,2832.1568,0.1118,0
1547,0,2830.6194,2831.8583,2832.9567,0.0442,0
1548,1,2832.2305,2833.4810,2833.8833,0.2287,0
1548,0,2832.2305,2833.4810,2834.7189,0.0385,0
1549,1,2833.9462,2835.1679,2835.4442,0.1038,0
1549,0,2833.9462,2835.1679,2836.2457,0.1966,0
1550,1,2835.6675,2836.8941,2837.4005,0.2397,0
1550,0,2835.6675,2836.8941,2838.1964,0.0395,0
1551,1,2837.4668,2838.7135,2839.3467,0.3664,0
1551,0,2837.4668,2838.7135,2840.2212,0.0653,0
1552,1,2839.4476,2840.9312,2841.2374,0.0936,0
1552,0,2839.4476,2840.9312,2842.0466,0.2010,0
1553,1,2841.4650,2842.6981,2843.0428,0.1021,0
1553,0,2841.4650,2842.6981,2843.9135,0.0460,0
1554,1,2843.1135,2844.5150,2844.7893,0.0993,0
1554,0,2843.1135,2844.5150,2845.5961,0.0963,0
1555,1,2844.9094,2846.1365,2846.4119,0.0976,0
1555,0,2844.9094,2846.1365,2847.2200,0.1867,0
1556,1,2846.6227,2847.8552,2848.1241,0.0915,0
1556,0,2846.6227,2847.8552,2848.9308,0.0362,0
1557,1,2848.1842,2849.4150,2849.6825,0.0973,0
1557,0,2848.1842,2849.4150,2850.4843,0.1960,0
1558,1,2849.9018,2851.1741,2851.4875,0.1220,0
1558,0,2849.9018,2851.1741,2852.3093,0.0459,0
1559,1,2851.5564,2852.9117,2853.1839,0.0982,0
1559,0,2851.5564,2852.9117,2854.0534,0.0887,0
1560,1,2853.2959,2854.6272,2855.5129,0.5857,0
1560,0,2853.2959,2854.6272,2856.3268,0.0423,0
1561,1,2855.5814,2856.8070,2857.1426,0.0960,0
1561,0,2855.5814,2856.8070,2857.9380,0.3920,0
1562,1,2857.5565,2858.7341,2859.0381,0.0989,0
1562,0,2857.5565,2858.7341,2859.8373,0.0460,0
1563,1,2859.1115,2860.3462,2860.6382,0.0946,0
1563,0,2859.1115,2860.3462,2861.4379,0.2086,0
1564,1,2860.8720,2862.1156,2862.4822,0.0955,0
1564,0,2860.8720,2862.1156,2863.2842,0.0477,0
1565,1,2862.5553,2863.7795,2864.3161,0.3515,0
1565,0,2862.5553,2863.7795,2865.1858,0.0380,0
1566,1,2864.3799,2865.6057,2865.8771,0.0973,0
1566,0,2864.3799,2865.6057,2866.6781,0.1868,0
1567,1,2866.0909,2867.3252,2867.5986,0.0989,0
1567,0,2866.0909,2867.3252,2868.3873,0.0360,0
1568,1,2867.6600,2868.9312,2869.2438,0.0979,0
1568,0,2867.6600,2868.9312,2870.0453,0.1877,0
1569,1,2869.4571,2870.6764,2871.0598,0.0964,0
1569,0,2869.4571,2870.6764,2871.8612,0.0756,0
1570,1,2871.1619,2872.3947,2872.9188,0.2426,0
1570,0,2871.1619,2872.3947,2873.8076,0.0649,0
1571,1,2873.0108,2874.4211,2874.8456,0.1098,0
1571,0,2873.0108,2874.4211,2875.6533,0.1111,0
1572,1,2874.9835,2876.2139,2876.5225,0.0951,0
1572,0,2874.9835,2876.2139,2877.3643,0.0516,0
1573,1,2876.6183,2877.9319,2878.3475,0.2085,0
1573,0,2876.6183,2877.9319,2879.1476,0.0482,0
1574,1,2878.4236,2879.6271,2879.9378,0.0950,0
1574,0,2878.4236,2879.6271,2880.7372,0.1513,0
1575,1,2880.1203,2881.3641,2881.6377,0.0974,0
1575,0,2880.1203,2881.3641,2882.4323,0.0412,0
1576,1,2881.7548,2882.9825,2883.5292,0.3676,0
1576,0,2881.7548,2882.9825,2884.3243,0.0479,0
1577,1,2883.6034,2884.8309,2885.1021,0.0978,0
1577,0,2883.6034,2884.8309,2885.8919,0.2317,0
1578,1,2885.3600,2886.6015,2887.0566,0.0963,0
1578,0,2885.3600,2886.6015,2887.8427,0.2684,0
1579,1,2887.3513,2888.5773,2888.8578,0.1059,0
1579,0,2887.3513,2888.5773,2889.6553,0.2461,0
1580,1,2889.1293,2890.5429,2890.8088,0.0992,0
1580,0,2889.1293,2890.5429,2891.6188,0.1955,0
1581,1,2891.0309,2892.2658,2892.5350,0.0977,0
1581,0,2891.0309,2892.2658,2893.3351,0.0461,0
1582,1,2892.6137,2893.8459,2894.1354,0.0941,0
1582,0,2892.6137,2893.8459,2894.9269,0.2038,0
1583,1,2894.3658,2895.5894,2896.2370,0.0985,0
1583,0,2894.3658,2895.5894,2897.0659,0.1848,0
1584,1,2896.4465,2897.6619,2898.0818,0.2240,0
1584,0,2896.4465,2897.6619,2898.8774,0.0408,0
1585,1,2898.1492,2899.3775,2900.0135,0.4638,0
1585,0,2898.1492,2899.3775,2900.8012,0.0421,0
1586,1,2900.0814,2901.3095,2901.5903,0.1114,0
1586,0,2900.0814,2901.3095,2902.4428,0.0371,0
1587,1,2901.6530,2902.8774,2903.4707,0.3565,0
1587,0,2901.6530,2902.8774,2904.2702,0.0483,0
1588,1,2903.5726,2904.8216,2905.1130,0.0765,0
1588,0,2903.5726,2904.8216,2905.8997,0.1947,0
1589,1,2905.3973,2906.6474,2906.9781,0.0764,0
1589,0,2905.3973,2906.6474,2907.7658,0.1410,0
1590,1,2907.1596,2908.5348,2908.9423,0.2004,0
1590,0,2907.1596,2908.5348,2909.7384,0.0442,0
1591,1,2909.0215,2910.3466,2910.9543,0.3049,0
1591,0,2909.0215,2910.3466,2911.7515,0.0539,0
1592,1,2911.0538,2912.4886,2912.7404,0.0478,0
1592,0,2911.0538,2912.4886,2913.5432,0.2871,0
1593,1,2913.0713,2914.3781,2914.6469,0.0484,0
1593,0,2913.0713,2914.3781,2915.4659,0.0516,0
1594,1,2914.7429,2915.9816,2916.2873,0.0779,0
1594,0,2914.7429,2915.9816,2917.0722,0.1699,0
1595,1,2916.5212,2917.7380,2918.2046,0.0921,0
1595,0,2916.5212,2917.7380,2919.0368,0.0523,0
1596,1,2918.3015,2919.6681,2920.1035,0.2157,0
1596,0,2918.3015,2919.6681,2920.8970,0.0441,0
1597,1,2920.1715,2921.5664,2921.8572,0.1034,0
1597,0,2920.1715,2921.5664,2922.6819,0.2782,0
1598,1,2922.1607,2923.3952,2923.6893,0.1182,0
1598,0,2922.1607,2923.3952,2924.4961,0.1435,0
1599,1,2923.8600,2925.0872,2925.4955,0.2245,0
1599,0,2923.8600,2925.0872,2926.3085,0.0380,0
1600,1,2925.5595,2926.7878,2927.0637,0.1000,0
1600,0,2925.5595,2926.7878,2927.8678,0.1901,0
1601,1,2927.2814,2928.5019,2928.7738,0.0992,0
1601,0,2927.2814,2928.5019,2929.5711,0.0398,0
1602,1,2928.8391,2930.0623,2930.3596,0.1003,0
1602,0,2928.8391,2930.0623,2931.2265,0.2045,0
1603,1,2930.5911,2931.8247,2932.1367,0.0985,0
1603,0,2930.5911,2931.8247,2932.9413,0.0424,0
1604,1,2932.2051,2933.4947,2933.9328,0.2212,0
1604,0,2932.2051,2933.4947,2934.7519,0.0513,0
1605,1,2934.0312,2935.3046,2935.6043,0.0787,0
1605,0,2934.0312,2935.3046,2936.4033,0.2940,0
1606,1,2935.9212,2937.1623,2937.5481,0.0997,0
1606,0,2935.9212,2937.1623,2938.4260,0.0720,0
1607,1,2937.6564,2939.0787,2939.3592,0.0970,0
1607,0,2937.6564,2939.0787,2940.1740,0.0737,0
1608,1,2939.4599,2940.8703,2941.1472,0.0983,0
1608,0,2939.4599,2940.8703,2941.9592,0.1811,0
1609,1,2941.3549,2942.6263,2942.9618,0.0760,0
1609,0,2941.3549,2942.6263,2943.7757,0.0443,0
1610,1,2943.0329,2944.2654,2944.8146,0.3685,0
1610,0,2943.0329,2944.2654,2945.6248,0.0398,0
1611,1,2944.8794,2946.1042,2946.3777,0.0916,0
1611,0,2944.8794,2946.1042,2947.1779,0.2785,0
1612,1,2946.6825,2947.9110,2948.1978,0.1002,0
1612,0,2946.6825,2947.9110,2949.0325,0.0423,0
1613,1,2948.2646,2949.4954,2949.7718,0.0912,0
1613,0,2948.2646,2949.4954,2950.5645,0.1788,0
1614,1,2949.9811,2951.2785,2951.5768,0.0943,0
1614,0,2949.9811,2951.2785,2952.3997,0.0430,0
1615,1,2951.6455,2952.8709,2953.3389,0.2296,0
1615,0,2951.6455,2952.8709,2954.1680,0.1261,0
1616,1,2953.4890,2954.7506,2955.0214,0.0995,0
1616,0,2953.4890,2954.7506,2955.8328,0.2417,0
1617,1,2955.2868,2956.5312,2956.8326,0.1031,0
1617,0,2955.2868,2956.5312,2957.6337,0.0360,0
1618,1,2956.8954,2958.1159,2958.6595,0.3647,0
1618,0,2956.8954,2958.1159,2959.4543,0.0481,0
1619,1,2958.7331,2959.9656,2960.2421,0.0960,0
1619,0,2958.7331,2959.9656,2961.0338,0.1866,0
1620,1,2960.4540,2961.6904,2961.9665,0.1007,0
1620,0,2960.4540,2961.6904,2962.7560,0.0355,0
1621,1,2962.0799,2963.3055,2963.5749,0.0998,0
1621,0,2962.0799,2963.3055,2964.5214,0.2289,0
1622,1,2963.8307,2965.0526,2965.3674,0.1245,0
1622,0,2963.8307,2965.0526,2966.1747,0.0388,0
1623,1,2965.4314,2966.8106,2967.0811,0.0987,0
1623,0,2965.4314,2966.8106,2967.8755,0.0887,0
1624,1,2967.1953,2968.4184,2968.6892,0.0988,0
1624,0,2967.1953,2968.4184,2969.4822,0.1984,0
1625,1,2968.9133,2970.1296,2970.4034,0.0969,0
1625,0,2968.9133,2970.1296,2971.1932,0.0464,0
1626,1,2970.4736,2971.6988,2971.9872,0.1001,0
1626,0,2970.4736,2971.6988,2972.7753,0.2036,0
1627,1,2972.2172,2973.4518,2973.7320,0.0972,0
1627,0,2972.2172,2973.4518,2974.5245,0.1174,0
1628,1,2973.8754,2975.1076,2975.5108,0.2247,0
1628,0,2973.8754,2975.1076,2976.3083,0.0369,0
1629,1,2975.5725,2976.7935,2977.0706,0.0919,0
1629,0,2975.5725,2976.7935,2977.8658,0.1835,0
1630,1,2977.2809,2978.5039,2978.7868,0.0972,0
1630,0,2977.2809,2978.5039,2979.5694,0.0443,0
1631,1,2978.8553,2980.0772,2980.7028,0.3304,0
1631,0,2978.8553,2980.0772,2981.4896,0.0445,0
1632,1,2980.7738,2982.0082,2982.2844,0.0995,0
1632,0,2980.7738,2982.0082,2983.0690,0.1703,0
1633,1,2982.4800,2983.7344,2984.0128,0.0935,0
1633,0,2982.4800,2983.7344,2984.7953,0.0470,0
1634,1,2984.0848,2985.3049,2985.6052,0.0882,0
1634,0,2984.0848,2985.3049,2986.4071,0.2091,0
1635,1,2985.8400,2987.2073,2987.5272,0.0964,0
1635,0,2985.8400,2987.2073,2988.3212,0.1530,0
1636,1,2987.7071,2989.0261,2989.2919,0.0943,0
1636,0,2987.7071,2989.0261,2990.1017,0.1185,0
1637,1,2989.4371,2990.8305,2991.1398,0.0988,0
1637,0,2989.4371,2990.8305,2991.9399,0.1791,0
1638,1,2991.3440,2992.5771,2992.8472,0.0932,0
1638,0,2991.3440,2992.5771,2993.6840,0.0351,0
1639,1,2992.9089,2994.1295,2994.6784,0.3695,0
1639,0,2992.9089,2994.1295,2995.5190,0.0392,0
1640,1,2994.7431,2995.9719,2996.2596,0.0934,0
1640,0,2994.7431,2995.9719,2997.0542,0.2298,0
1641,1,2996.5159,2997.7820,2998.0631,0.1049,0
1641,0,2996.5159,2997.7820,2998.8554,0.0377,0
1642,1,2998.1264,2999.3465,2999.6378,0.1036,0
1642,0,2998.1264,2999.3465,3000.4300,0.1970,0
1643,1,2999.8606,3001.0869,3001.4220,0.0885,0
1643,0,2999.8606,3001.0869,3002.2272,0.0358,0
1644,1,3001.4833,3002.7018,3003.2487,0.3641,0
1644,0,3001.4833,3002.7018,3004.0772,0.0436,0
1645,1,3003.3176,3004.5355,3004.8048,0.0976,0
1645,0,3003.3176,3004.5355,3005.5896,0.1970,0
1646,1,3005.0280,3006.2575,3006.5305,0.0972,0
1646,0,3005.0280,3006.2575,3007.3547,0.0351,0
1647,1,3006.5943,3008.0294,3008.3410,0.1068,0
1647,0,3006.5943,3008.0294,3009.1560,0.1879,0
1648,1,3008.5564,3009.7860,3010.3608,0.0738,0
1648,0,3008.5564,3009.7860,3011.3110,0.0474,0
1649,1,3010.4517,3011.7269,3012.1221,0.2118,0
1649,0,3010.4517,3011.7269,3012.9050,0.0389,0
1650,1,3012.2037,3013.6060,3013.8899,0.0736,0
1650,0,3012.2037,3013.6060,3014.7166,0.1894,0
1651,1,3015.6138,3016.9073,3017.3195,0.1933,0
1651,0,3015.6138,3016.9073,3018.1170,0.0429,0
1652,1,3017.4922,3018.7227,3019.3818,0.4394,0
1652,0,3017.4922,3018.7227,3020.2537,0.0547,0
1653,1,3019.5110,3020.9226,3021.6196,0.3995,0
1653,0,3019.5110,3020.9226,3022.5287,0.1950,0
1654,1,3021.8410,3023.0903,3023.8633,0.4460,0
1654,0,3021.8410,3023.0903,3024.6737,0.0645,0
1655,1,3023.9552,3025.2079,3025.7620,0.2735,0
1655,0,3023.9552,3025.2079,3026.5659,0.0652,0
1656,1,3025.8537,3027.1118,3027.4152,0.0781,0
1656,0,3025.8537,3027.1118,3028.2297,0.1779,0
1657,1,3027.6302,3028.8708,3029.2098,0.0812,0
1657,0,3027.6302,3028.8708,3030.0123,0.0443,0
1658,1,3029.2974,3030.7609,3031.0467,0.0795,0
1658,0,3029.2974,3030.7609,3031.8638,0.0743,0
1659,1,3031.1773,3032.4656,3032.7294,0.0748,0
1659,0,3031.1773,3032.4656,3033.5395,0.2733,0
1660,1,3033.0572,3034.3121,3034.6491,0.0675,0
1660,0,3033.0572,3034.3121,3035.4783,0.0448,0
1661,1,3034.7189,3035.9228,3036.4793,0.3710,0
1661,0,3034.7189,3035.9228,3037.2868,0.0443,0
1662,1,3036.5499,3037.7857,3038.0638,0.1044,0
1662,0,3036.5499,3037.7857,3038.8689,0.1714,0
1663,1,3038.2622,3039.4877,3039.7958,0.1012,0
1663,0,3038.2622,3039.4877,3040.5799,0.0563,0
1664,1,3039.8905,3041.4033,3041.6902,0.0683,0
1664,0,3039.8905,3041.4033,3042.4991,0.1913,0
1665,1,3041.9866,3043.3485,3043.6308,0.0601,0
1665,0,3041.9866,3043.3485,3044.4532,0.3633,0
1666,1,3044.0488,3045.3030,3045.5921,0.0766,0
1666,0,3044.0488,3045.3030,3046.3926,0.0413,0
1667,1,3045.6846,3046.8886,3047.4375,0.3665,0
1667,0,3045.6846,3046.8886,3048.2477,0.0455,0
1668,1,3047.5095,3048.7391,3049.0172,0.0971,0
1668,0,3047.5095,3048.7391,3049.8206,0.1646,0
1669,1,3049.2090,3050.4864,3050.7616,0.1008,0
1669,0,3049.2090,3050.4864,3051.5643,0.0354,0
1670,1,3050.8223,3052.0480,3052.3365,0.0981,0
1670,0,3050.8223,3052.0480,3053.1447,0.2010,0
1671,1,3052.5640,3053.9403,3054.5421,0.4214,0
1671,0,3052.5640,3053.9403,3055.3894,0.2656,0
1672,1,3054.8337,3056.0721,3056.3476,0.1011,0
1672,0,3054.8337,3056.0721,3057.1632,0.0857,0
1673,1,3056.4627,3057.8733,3058.4205,0.0704,0
1673,0,3056.4627,3057.8733,3059.2690,0.0547,0
1674,1,3058.5064,3059.7846,3060.0731,0.1100,0
1674,0,3058.5064,3059.7846,3060.8972,0.2675,0
1675,1,3060.3676,3061.6027,3061.8789,0.1012,0
1675,0,3060.3676,3061.6027,3062.6883,0.0374,0
1676,1,3061.9420,3063.1759,3063.4507,0.0996,0
1676,0,3061.9420,3063.1759,3064.2610,0.2400,0
1677,1,3063.7131,3064.9492,3065.2967,0.0962,0
1677,0,3063.7131,3064.9492,3066.1320,0.0442,0
1678,1,3065.3677,3066.7300,3067.1526,0.2353,0
1678,0,3065.3677,3066.7300,3067.9621,0.0430,0
1679,1,3067.2253,3068.4589,3068.7582,0.0988,0
1679,0,3067.2253,3068.4589,3069.5554,0.2708,0
1680,1,3069.0541,3070.2883,3070.5711,0.0985,0
1680,0,3069.0541,3070.2883,3071.3791,0.0373,0
1681,1,3070.6338,3071.8574,3072.3985,0.3647,0
1681,0,3070.6338,3071.8574,3073.4118,0.0435,0
1682,1,3072.4676,3073.8863,3074.1650,0.0971,0
1682,0,3072.4676,3073.8863,3074.9742,0.1721,0
1683,1,3074.3665,3075.5997,3075.8692,0.0935,0
1683,0,3074.3665,3075.5997,3076.6791,0.0365,0
1684,1,3075.9314,3077.1476,3077.4462,0.1030,0
1684,0,3075.9314,3077.1476,3078.2495,0.2030,0
1685,1,3077.6757,3078.9035,3079.1987,0.0987,0
1685,0,3077.6757,3078.9035,3079.9955,0.0418,0
1686,1,3079.2649,3080.4847,3081.0389,0.3792,0
1686,0,3079.2649,3080.4847,3081.8417,0.0482,0
1687,1,3081.1124,3082.3449,3082.6302,0.0917,0
1687,0,3081.1124,3082.3449,3083.4174,0.2933,0
1688,1,3082.9477,3084.1717,3084.5361,0.0834,0
1688,0,3082.9477,3084.1717,3085.3424,0.1179,0
1689,1,3084.6749,3085.8439,3086.3923,0.3717,0
1689,0,3084.6749,3085.8439,3087.2062,0.0401,0
1690,1,3086.4588,3087.8606,3088.9246,0.6634,0
1690,0,3086.4588,3087.8606,3089.7742,0.1532,0
1691,1,3089.1101,3090.6000,3090.9816,0.1040,0
1691,0,3089.1101,3090.6000,3091.7899,0.0911,0
1692,1,3091.0991,3092.3466,3092.7970,0.2056,0
1692,0,3091.0991,3092.3466,3093.6397,0.0425,0
1693,1,3092.8718,3094.1497,3094.7393,0.3743,0
1693,0,3092.8718,3094.1497,3095.5452,0.0452,0
1694,1,3094.8162,3096.0829,3096.3544,0.0951,0
1694,0,3094.8162,3096.0829,3097.1593,0.1919,0
1695,1,3096.5730,3097.7985,3098.0739,0.0987,0
1695,0,3096.5730,3097.7985,3098.8765,0.0410,0
1696,1,3098.1404,3099.3669,3099.7021,0.0913,0
1696,0,3098.1404,3099.3669,3100.5312,0.1654,0
1697,1,3099.9154,3101.3824,3101.6403,0.0487,0
1697,0,3099.9154,3101.3824,3102.4621,0.3204,0
1698,1,3102.0042,3103.2838,3103.5804,0.0749,0
1698,0,3102.0042,3103.2838,3104.3846,0.0491,0
1699,1,3103.6760,3104.9178,3105.2020,0.0775,0
1699,0,3103.6760,3104.9178,3106.0228,0.1947,0
1700,1,3105.4211,3106.6122,3106.9358,0.0875,0
1700,0,3105.4211,3106.6122,3107.7526,0.2051,0
1701,1,3107.1676,3108.4093,3108.8286,0.2213,0
1701,0,3107.1676,3108.4093,3109.6974,0.0404,0
1702,1,3108.8941,3110.1145,3110.3911,0.0975,0
1702,0,3108.8941,3110.1145,3111.1816,0.3177,0
1703,1,3110.7349,3111.9621,3112.2503,0.0972,0
1703,0,3110.7349,3111.9621,3113.0465,0.0381,0
1704,1,3112.3143,3113.5397,3114.1641,0.3681,0
1704,0,3112.3143,3113.5397,3114.9644,0.1547,0
1705,1,3114.3467,3115.5832,3115.8569,0.0988,0
1705,0,3114.3467,3115.5832,3116.6499,0.1988,0
1706,1,3116.0830,3117.4062,3117.6873,0.1039,0
1706,0,3116.0830,3117.4062,3118.5020,0.0426,0
1707,1,3117.7558,3118.9783,3119.5259,0.3703,0
1707,0,3117.7558,3118.9783,3120.3789,0.0443,0
1708,1,3119.5960,3120.9775,3121.2666,0.0990,0
1708,0,3119.5960,3120.9775,3122.1082,0.5009,0
1709,1,3121.7952,3123.1872,3123.5152,0.1180,0
1709,0,3121.7952,3123.1872,3124.3261,0.0360,0
1710,1,3123.6031,3124.8463,3125.4190,0.3807,0
1710,0,3123.6031,3124.8463,3126.2408,0.0468,0
1711,1,3125.4905,3126.7228,3126.9926,0.0869,0
1711,0,3125.4905,3126.7228,3127.7921,0.1855,0
1712,1,3127.2044,3128.4508,3128.7244,0.0984,0
1712,0,3127.2044,3128.4508,3129.5255,0.0431,0
1713,1,3128.7930,3130.0247,3130.3417,0.1054,0
1713,0,3128.7930,3130.0247,3131.1409,0.1939,0
1714,1,3130.5618,3131.7898,3132.0635,0.0975,0
1714,0,3130.5618,3131.7898,3132.9106,0.0377,0
1715,1,3132.1268,3133.3752,3133.8667,0.2255,0
1715,0,3132.1268,3133.3752,3134.7314,0.0557,0
1716,1,3133.9415,3135.1266,3135.6862,0.1272,0
1716,0,3133.9415,3135.1266,3136.4453,0.0514,0
1717,1,3135.7644,3137.0230,3137.6233,0.1087,0
1717,0,3135.7644,3137.0230,3138.4576,0.0656,0
1718,1,3137.7348,3138.9810,3139.5344,0.2484,0
1718,0,3137.7348,3138.9810,3140.4515,0.0644,0
1719,1,3139.6416,3141.0681,3141.5149,0.1118,0
1719,0,3139.6416,3141.0681,3142.4469,0.1148,0
1720,1,3141.6749,3142.8989,3143.3007,0.0594,0
1720,0,3141.6749,3142.8989,3144.1213,0.0466,0
1721,1,3143.3886,3144.5983,3145.1796,0.2201,0
1721,0,3143.3886,3144.5983,3145.9522,0.0482,0
1722,1,3145.2487,3146.4407,3146.7630,0.1036,0
1722,0,3145.2487,3146.4407,3147.8847,0.2674,0
1723,1,3147.0734,3148.2866,3148.6553,0.0773,0
1723,0,3147.0734,3148.2866,3149.4746,0.0510,0
1724,1,3148.7435,3149.9301,3150.5152,0.3552,0
1724,0,3148.7435,3149.9301,3151.3955,0.0504,0
1725,1,3150.6106,3151.8551,3152.2666,0.0723,0
1725,0,3150.6106,3151.8551,3153.0472,0.2391,0
1726,1,3152.5500,3154.1370,3154.5360,0.1324,0
1726,0,3152.5500,3154.1370,3155.3701,0.0560,0
1727,1,3154.6279,3155.9525,3156.3854,0.2509,0
1727,0,3154.6279,3155.9525,3157.1672,0.0435,0
1728,1,3156.4516,3157.8126,3158.1325,0.0909,0
1728,0,3156.4516,3157.8126,3158.9472,0.1989,0
1729,1,3158.3600,3159.5976,3159.8760,0.1016,0
1729,0,3158.3600,3159.5976,3160.7121,0.0363,0
1730,1,3159.9388,3161.2420,3161.6526,0.2315,0
1730,0,3159.9388,3161.2420,3162.5101,0.0379,0
1731,1,3161.7168,3162.9485,3163.2251,0.1079,0
1731,0,3161.7168,3162.9485,3164.0216,0.2973,0
1732,1,3163.5482,3164.7908,3165.0783,0.1072,0
1732,0,3163.5482,3164.7908,3165.8786,0.0372,0
1733,1,3165.1421,3166.3726,3166.9923,0.3700,0
1733,0,3165.1421,3166.3726,3167.8339,0.0704,0
1734,1,3167.0922,3168.3203,3168.5977,0.0999,0
1734,0,3167.0922,3168.3203,3169.4089,0.1906,0
1735,1,3168.8165,3170.0447,3170.3216,0.0996,0
1735,0,3168.8165,3170.0447,3171.1203,0.0433,0
1736,1,3170.3908,3171.6136,3171.9263,0.0985,0
1736,0,3170.3908,3171.6136,3172.7218,0.1956,0
1737,1,3172.1498,3173.3763,3173.6487,0.0956,0
1737,0,3172.1498,3173.3763,3174.4751,0.1658,0
1738,1,3173.8419,3175.1201,3175.3904,0.0998,0
1738,0,3173.8419,3175.1201,3176.1930,0.0869,0
1739,1,3175.5040,3176.7300,3177.0089,0.0952,0
1739,0,3175.5040,3176.7300,3177.8003,0.1845,0
1740,1,3177.2181,3178.4486,3178.7243,0.1004,0
1740,0,3177.2181,3178.4486,3179.5139,0.0369,0
1741,1,3178.7875,3180.0323,3180.3216,0.0996,0
1741,0,3178.7875,3180.0323,3181.1150,0.2138,0
1742,1,3180.5625,3181.7894,3182.0616,0.0965,0
1742,0,3180.5625,3181.7894,3182.9078,0.0450,0
1743,1,3182.1334,3183.4099,3183.8252,0.2246,0
1743,0,3182.1334,3183.4099,3184.6226,0.0428,0
1744,1,3183.8952,3185.1327,3185.4687,0.0979,0
1744,0,3183.8952,3185.1327,3186.2658,0.1665,0
1745,1,3185.6635,3186.8949,3187.4423,0.0982,0
1745,0,3185.6635,3186.8949,3188.2414,0.1996,0
1746,1,3187.6660,3188.9506,3189.3868,0.2548,0
1746,0,3187.6660,3188.9506,3190.1789,0.0428,0
1747,1,3189.4557,3190.8604,3191.1691,0.0980,0
1747,0,3189.4557,3190.8604,3191.9686,0.1921,0
1748,1,3191.3832,3192.6051,3192.9731,0.0970,0
1748,0,3191.3832,3192.6051,3193.7680,0.0428,0
1749,1,3193.0407,3194.2681,3194.8259,0.3761,0
1749,0,3193.0407,3194.2681,3195.6194,0.0430,0
1750,1,3194.8928,3196.1159,3196.4076,0.1042,0
1750,0,3194.8928,3196.1159,3197.1979,0.1775,0
1751,1,3196.6093,3197.8271,3198.1277,0.0984,0
1751,0,3196.6093,3197.8271,3198.8804,0.0424,0
1752,1,3198.1907,3199.3614,3199.6570,0.0986,0
1752,0,3198.1907,3199.3614,3200.4331,0.2483,0
1753,1,3199.9303,3201.1649,3201.4520,0.1032,0
1753,0,3199.9303,3201.1649,3202.2425,0.0444,0
1754,1,3201.5228,3202.9491,3203.2106,0.0971,0
1754,0,3201.5228,3202.9491,3204.0785,0.0956,0
1755,1,3203.3566,3204.5768,3204.8517,0.0971,0
1755,0,3203.3566,3204.5768,3205.6410,0.2948,0
1756,1,3205.1759,3206.4083,3206.6956,0.0985,0
1756,0,3205.1759,3206.4083,3207.4851,0.0381,0
1757,1,3206.7582,3208.0827,3208.6128,0.3609,0
1757,0,3206.7582,3208.0827,3209.4061,0.0374,0
1758,1,3208.6761,3209.9029,3210.1784,0.0980,0
1758,0,3208.6761,3209.9029,3210.9828,0.1606,0
1759,1,3210.3646,3211.6093,3211.8848,0.0968,0
1759,0,3210.3646,3211.6093,3212.6741,0.0441,0
1760,1,3211.9541,3213.1771,3213.4712,0.0988,0
1760,0,3211.9541,3213.1771,3214.2876,0.1992,0
1761,1,3213.6964,3214.9238,3215.2285,0.1007,0
1761,0,3213.6964,3214.9238,3216.0156,0.0420,0
1762,1,3215.2969,3216.5230,3217.0643,0.3682,0
1762,0,3215.2969,3216.5230,3217.8497,0.0359,0
1763,1,3217.1260,3218.3536,3218.6225,0.0947,0
1763,0,3217.1260,3218.3536,3219.4120,0.1853,0
1764,1,3218.8341,3220.0709,3220.5129,0.2492,0
1764,0,3218.8341,3220.0709,3221.3001,0.1759,0
1765,1,3220.7153,3221.9447,3222.5812,0.4200,0
1765,0,3220.7153,3221.9447,3223.3724,0.0502,0
1766,1,3222.6579,3224.0573,3224.3427,0.0934,0
1766,0,3222.6579,3224.0573,3225.1399,0.2707,0
1767,1,3224.6393,3225.8672,3226.1516,0.0986,0
1767,0,3224.6393,3225.8672,3226.9434,0.0370,0
1768,1,3226.2124,3227.4428,3227.9799,0.3715,0
1768,0,3226.2124,3227.4428,3228.7715,0.0362,0
1769,1,3228.0410,3229.3263,3229.7094,0.2161,0
1769,0,3228.0410,3229.3263,3230.5014,0.0368,0
1770,1,3229.7726,3231.1407,3231.4100,0.1003,0
1770,0,3229.7726,3231.1407,3232.2251,0.0878,0
1771,1,3231.5244,3232.7473,3233.4181,0.4903,0
1771,0,3231.5244,3232.7473,3234.2436,0.0387,0
1772,1,3233.4832,3234.7208,3235.3154,0.0802,0
1772,0,3233.4832,3234.7208,3236.1217,0.1008,0
1773,1,3235.4410,3236.8509,3237.1218,0.0918,0
1773,0,3235.4410,3236.8509,3237.9215,0.0439,0
1774,1,3237.1886,3238.4157,3238.7054,0.0951,0
1774,0,3237.1886,3238.4157,3239.5075,0.2063,0
1775,1,3238.9368,3240.1755,3240.6524,0.2898,0
1775,0,3238.9368,3240.1755,3241.4831,0.0393,0
1776,1,3240.7166,3242.1150,3242.3822,0.0974,0
1776,0,3240.7166,3242.1150,3243.1872,0.0950,0
1777,1,3242.5029,3243.7355,3244.0330,0.0937,0
1777,0,3242.5029,3243.7355,3244.8220,0.1965,0
1778,1,3244.2624,3245.5199,3246.0662,0.2629,0
1778,0,3244.2624,3245.5199,3246.8885,0.0656,0
1779,1,3246.1741,3247.4123,3247.9228,0.2388,0
1779,0,3246.1741,3247.4123,3248.8224,0.0418,0
1780,1,3247.9905,3249.2340,3249.8328,0.1271,0
1780,0,3247.9905,3249.2340,3250.6326,0.0663,0
1781,1,3249.9254,3251.1558,3251.5151,0.0868,0
1781,0,3249.9254,3251.1558,3252.3329,0.0439,0
1782,1,3251.5902,3252.9726,3253.4163,0.0943,0
1782,0,3251.5902,3252.9726,3254.2014,0.0471,0
1783,1,3253.4849,3254.7222,3255.0172,0.0903,0
1783,0,3253.4849,3254.7222,3255.8133,0.2755,0
1784,1,3255.3154,3256.5400,3256.8501,0.0963,0
1784,0,3255.3154,3256.5400,3257.6737,0.0374,0
1785,1,3256.9131,3258.1454,3258.6944,0.3734,0
1785,0,3256.9131,3258.1454,3259.4912,0.0374,0
1786,1,3258.7544,3259.9961,3260.2726,0.0991,0
1786,0,3258.7544,3259.9961,3261.0705,0.2036,0
1787,1,3260.5012,3261.7359,3262.0144,0.0971,0
1787,0,3260.5012,3261.7359,3262.8067,0.0399,0
1788,1,3262.0776,3263.3168,3263.5848,0.0955,0
1788,0,3262.0776,3263.3168,3264.3781,0.2657,0
1789,1,3263.8746,3265.1109,3265.3926,0.1002,0
1789,0,3263.8746,3265.1109,3266.2314,0.0452,0
1790,1,3265.4619,3266.7694,3267.1744,0.2319,0
1790,0,3265.4619,3266.7694,3267.9695,0.0383,0
1791,1,3267.2400,3268.4560,3268.7316,0.0973,0
1791,0,3267.2400,3268.4560,3269.5152,0.2819,0
1792,1,3269.0370,3270.2679,3270.5694,0.1064,0
1792,0,3269.0370,3270.2679,3271.3650,0.0357,0
1793,1,3270.6318,3271.8549,3272.3930,0.3665,0
1793,0,3270.6318,3271.8549,3273.1820,0.0451,0
1794,1,3272.4608,3273.8681,3274.1582,0.0967,0
1794,0,3272.4608,3273.8681,3274.9574,0.1636,0
1795,1,3274.3463,3275.5745,3275.8523,0.1012,0
1795,0,3274.3463,3275.5745,3276.6531,0.0364,0
1796,1,3275.9143,3277.1324,3277.3974,0.0973,0
1796,0,3275.9143,3277.1324,3278.1967,0.2381,0
1797,1,3277.6616,3278.8809,3279.2092,0.0978,0
1797,0,3277.6616,3278.8809,3279.9980,0.0361,0
1798,1,3279.2710,3280.4948,3281.0376,0.3620,0
1798,0,3279.2710,3280.4948,3281.8545,0.0471,0
1799,1,3281.1324,3282.3620,3282.6521,0.0966,0
1799,0,3281.1324,3282.3620,3283.4331,0.2635,0
1800,1,3282.9422,3284.1723,3284.4538,0.0973,0
1800,0,3282.9422,3284.1723,3285.2675,0.0357,0
1801,1,3284.5152,3285.7332,3286.2788,0.3733,0
1801,0,3284.5152,3285.7332,3287.0792,0.0377,0
1802,1,3286.3419,3287.7273,3288.5738,0.6722,0
1802,0,3286.3419,3287.7273,3289.3659,0.0760,0
1803,1,3288.6753,3289.9020,3290.3966,0.0999,0
1803,0,3288.6753,3289.9020,3291.2366,0.1935,0
1804,1,3290.6432,3292.1314,3292.5786,0.2077,0
1804,0,3290.6432,3292.1314,3293.3957,0.0536,0
1805,1,3292.6747,3294.1010,3294.3804,0.0742,0
1805,0,3292.6747,3294.1010,3295.1926,0.1910,0
1806,1,3294.6215,3295.8760,3296.1516,0.0709,0
1806,0,3294.6215,3295.8760,3296.9511,0.2360,0
1807,1,3296.4425,3297.7119,3298.0016,0.0783,0
1807,0,3296.4425,3297.7119,3298.8193,0.0538,0
1808,1,3298.0991,3299.3431,3299.6029,0.0733,0
1808,0,3298.0991,3299.3431,3300.4126,0.2188,0
1809,1,3299.8771,3301.1239,3301.4372,0.0746,0
1809,0,3299.8771,3301.1239,3302.2454,0.0419,0
1810,1,3301.5240,3302.7593,3303.3133,0.3502,0
1810,0,3301.5240,3302.7593,3304.1839,0.0506,0
1811,1,3303.4185,3304.6577,3304.9300,0.0777,0
1811,0,3303.4185,3304.6577,3305.8717,0.2574,0
1812,1,3305.2194,3306.4513,3306.7817,0.0939,0
1812,0,3305.2194,3306.4513,3307.5843,0.0944,0
1813,1,3306.9089,3308.1925,3308.7655,0.3553,0
1813,0,3306.9089,3308.1925,3309.6259,0.0456,0
1814,1,3308.8473,3310.1671,3310.4786,0.0796,0
1814,0,3308.8473,3310.1671,3311.2841,0.1698,0
1815,1,3310.7041,3311.9562,3312.2447,0.0798,0
1815,0,3310.7041,3311.9562,3313.0243,0.0437,0
1816,1,3312.3531,3313.5276,3314.0900,0.3755,0
1816,0,3312.3531,3313.5276,3314.8869,0.0433,0
1817,1,3314.1597,3315.3802,3315.6601,0.0970,0
1817,0,3314.1597,3315.3802,3316.4707,0.1726,0
1818,1,3315.8601,3317.0767,3317.3639,0.0958,0
1818,0,3315.8601,3317.0767,3318.1553,0.0388,0
1819,1,3317.4268,3318.6397,3318.9600,0.0975,0
1819,0,3317.4268,3318.6397,3319.7858,0.1768,0
1820,1,3319.1994,3320.8095,3321.2131,0.1553,0
1820,0,3319.1994,3320.8095,3322.0590,0.1638,0
1821,1,3321.4213,3322.6997,3323.1203,0.2191,0
1821,0,3321.4213,3322.6997,3323.9386,0.0532,0
1822,1,3323.2175,3324.7402,3325.0236,0.0674,0
1822,0,3323.2175,3324.7402,3325.8365,0.1855,0
1823,1,3325.2690,3326.5911,3326.8643,0.0734,0
1823,0,3325.2690,3326.5911,3327.6854,0.1573,0
1824,1,3327.0555,3328.3334,3328.6067,0.0763,0
1824,0,3327.0555,3328.3334,3329.4148,0.0439,0
1825,1,3328.6966,3330.1153,3330.4041,0.0739,0
1825,0,3328.6966,3330.1153,3331.2292,0.1911,0
1826,1,3330.6503,3331.8934,3332.1689,0.0738,0
1826,0,3330.6503,3331.8934,3332.9897,0.0424,0
1827,1,3332.2558,3333.5944,3334.0589,0.1977,0
1827,0,3332.2558,3333.5944,3334.8895,0.0459,0
1828,1,3334.1505,3335.4056,3335.6868,0.0810,0
1828,0,3334.1505,3335.4056,3336.6610,0.1936,0
1829,1,3335.9354,3337.1810,3337.5531,0.0808,0
1829,0,3335.9354,3337.1810,3338.3519,0.0549,0
1830,1,3337.6385,3339.0433,3339.3503,0.0996,0
1830,0,3337.6385,3339.0433,3340.1846,0.0437,0
1831,1,3339.4214,3340.8264,3341.1401,0.0956,0
1831,0,3339.4214,3340.8264,3342.0222,0.1846,0
1832,1,3341.3586,3342.6254,3342.9738,0.0955,0
1832,0,3341.3586,3342.6254,3343.7939,0.0417,0
1833,1,3343.0486,3344.2950,3344.8334,0.3621,0
1833,0,3343.0486,3344.2950,3345.6515,0.0367,0
1834,1,3344.8962,3346.1136,3346.3830,0.1012,0
1834,0,3344.8962,3346.1136,3347.1957,0.1919,0
1835,1,3346.6002,3347.8249,3348.0960,0.0955,0
1835,0,3346.6002,3347.8249,3348.9096,0.0356,0
1836,1,3348.1572,3349.3736,3349.6447,0.0804,0
1836,0,3348.1572,3349.3736,3350.4504,0.2408,0
1837,1,3349.9127,3351.1312,3351.4580,0.0962,0
1837,0,3349.9127,3351.1312,3352.2685,0.0374,0
1838,1,3351.5259,3352.7428,3353.4022,0.3566,0
1838,0,3351.5259,3352.7428,3354.2533,0.2454,0
1839,1,3353.6724,3354.9050,3355.2307,0.0899,0
1839,0,3353.6724,3354.9050,3356.0607,0.2614,0
1840,1,3355.5545,3356.8836,3357.3056,0.2095,0
1840,0,3355.5545,3356.8836,3358.1015,0.2253,0
1841,1,3357.5733,3358.8511,3359.1346,0.0779,0
1841,0,3357.5733,3358.8511,3359.9307,0.0520,0
1842,1,3359.2326,3360.5658,3360.8437,0.0758,0
1842,0,3359.2326,3360.5658,3361.6607,0.1925,0
1843,1,3361.0908,3362.5142,3362.7636,0.0467,0
1843,0,3361.0908,3362.5142,3363.5742,0.3225,0
1844,1,3363.1527,3364.4610,3364.7535,0.0784,0
1844,0,3363.1527,3364.4610,3365.5747,0.0522,0
1845,1,3364.8496,3366.2705,3366.5440,0.0738,0
1845,0,3364.8496,3366.2705,3367.3939,0.2017,0
1846,1,3366.7804,3368.0518,3368.3607,0.0721,0
1846,0,3366.7804,3368.0518,3369.1763,0.2617,0
1847,1,3368.6485,3369.8982,3370.4694,0.0929,0
1847,0,3368.6485,3369.8982,3371.2962,0.1715,0
1848,1,3370.6692,3371.8837,3372.5272,0.3660,0
1848,0,3370.6692,3371.8837,3373.3135,0.0460,0
1849,1,3372.5938,3373.9416,3374.2230,0.1014,0
1849,0,3372.5938,3373.9416,3375.0332,0.1715,0
1850,1,3374.4219,3375.6545,3375.9345,0.1035,0
1850,0,3374.4219,3375.6545,3376.7406,0.0430,0
1851,1,3376.0036,3377.2785,3377.5952,0.1023,0
1851,0,3376.0036,3377.2785,3378.4042,0.1795,0
1852,1,3377.7997,3379.0212,3379.2993,0.0987,0
1852,0,3377.7997,3379.0212,3380.1064,0.0364,0
1853,1,3379.3615,3380.5771,3381.1291,0.3666,0
1853,0,3379.3615,3380.5771,3381.9507,0.0445,0
1854,1,3381.2009,3382.4293,3382.7062,0.0988,0
1854,0,3381.2009,3382.4293,3383.4980,0.2874,0
1855,1,3383.0183,3384.2420,3384.6713,0.0639,0
1855,0,3383.0183,3384.2420,3385.4443,0.0795,0
1856,1,3384.7772,3385.9768,3386.5233,0.3593,0
1856,0,3384.7772,3385.9768,3387.3294,0.0415,0
1857,1,3386.5906,3387.8185,3388.6732,0.6020,0
1857,0,3386.5906,3387.8185,3389.4783,0.0465,0
1858,1,3388.8124,3390.2508,3390.6360,0.1736,0
1858,0,3388.8124,3390.2508,3391.4395,0.1735,0
1859,1,3390.8518,3392.1423,3392.5843,0.2120,0
1859,0,3390.8518,3392.1423,3393.3958,0.0476,0
1860,1,3392.6626,3393.9456,3394.2466,0.0954,0
1860,0,3392.6626,3393.9456,3395.0497,0.2010,0
1861,1,3394.4743,3395.7143,3395.9888,0.0959,0
1861,0,3394.4743,3395.7143,3396.7941,0.0358,0
1862,1,3396.0491,3397.3468,3397.7436,0.2226,0
1862,0,3396.0491,3397.3468,3398.6297,0.0364,0
1863,1,3397.8043,3399.0327,3399.3079,0.0997,0
1863,0,3397.8043,3399.0327,3400.1963,0.2237,0
1864,1,3399.5569,3400.7794,3401.0911,0.1043,0
1864,0,3399.5569,3400.7794,3401.9408,0.0479,0
1865,1,3401.1703,3402.4494,3402.9889,0.3656,0
1865,0,3401.1703,3402.4494,3403.7871,0.0434,0
1866,1,3403.0602,3404.2832,3404.5543,0.1037,0
1866,0,3403.0602,3404.2832,3405.3504,0.1826,0
1867,1,3404.7635,3405.9814,3406.2550,0.1021,0
1867,0,3404.7635,3405.9814,3407.0495,0.0371,0
1868,1,3406.3186,3407.7223,3407.9947,0.0939,0
1868,0,3406.3186,3407.7223,3408.7975,0.2268,0
1869,1,3408.2489,3409.4778,3409.7714,0.0887,0
1869,0,3408.2489,3409.4778,3410.5911,0.0371,0
1870,1,3409.8345,3411.1760,3411.5807,0.2289,0
1870,0,3409.8345,3411.1760,3412.4119,0.0450,0
1871,1,3411.6516,3412.8662,3413.1381,0.0960,0
1871,0,3411.6516,3412.8662,3413.9328,0.3022,0
1872,1,3413.4670,3414.6992,3414.9841,0.0961,0
1872,0,3413.4670,3414.6992,3415.7838,0.0363,0
1873,1,3415.0463,3416.2660,3416.9687,0.3482,0
1873,0,3415.0463,3416.2660,3418.0624,0.0667,0
1874,1,3417.0616,3418.2996,3418.9666,0.3983,0
1874,0,3417.0616,3418.2996,3419.7606,0.0631,0
1875,1,3419.0561,3420.4413,3421.0507,0.1148,0
1875,0,3419.0561,3420.4413,3421.9882,0.3376,0
1876,1,3421.4100,3422.6107,3423.0628,0.2227,0
1876,0,3421.4100,3422.6107,3423.9256,0.0441,0
1877,1,3423.1390,3424.6165,3424.9212,0.0987,0
1877,0,3423.1390,3424.6165,3425.7274,0.2005,0
1878,1,3425.1491,3426.3850,3426.6580,0.0973,0
1878,0,3425.1491,3426.3850,3427.4627,0.0361,0
1879,1,3426.7201,3427.9293,3428.3435,0.2338,0
1879,0,3426.7201,3427.9293,3429.1508,0.0381,0
1880,1,3428.4076,3429.6271,3429.8895,0.0953,0
1880,0,3428.4076,3429.6271,3430.6914,0.1755,0
1881,1,3430.0915,3431.2959,3431.6980,0.2288,0
1881,0,3430.0915,3431.2959,3432.5149,0.0381,0
1882,1,3431.7620,3432.9812,3433.5344,0.3747,0
1882,0,3431.7620,3432.9812,3434.3399,0.0373,0
1883,1,3433.5980,3434.8231,3435.0937,0.0969,0
1883,0,3433.5980,3434.8231,3435.8898,0.2567,0
1884,1,3435.3745,3436.6124,3436.8841,0.0964,0
1884,0,3435.3745,3436.6124,3437.6722,0.0366,0
1885,1,3436.9461,3438.1581,3438.4337,0.0979,0
1885,0,3436.9461,3438.1581,3439.2271,0.1923,0
1886,1,3438.6533,3439.8757,3440.1998,0.0972,0
1886,0,3438.6533,3439.8757,3440.9846,0.0464,0
1887,1,3440.2741,3441.5078,3442.0425,0.3594,0
1887,0,3440.2741,3441.5078,3442.8298,0.0370,0
1888,1,3442.1285,3443.3554,3443.6266,0.0972,0
1888,0,3442.1285,3443.3554,3444.4607,0.1858,0
1889,1,3443.8340,3445.0707,3445.3550,0.0971,0
1889,0,3443.8340,3445.0707,3446.1745,0.0381,0
1890,1,3445.4191,3446.6343,3446.9094,0.0980,0
1890,0,3445.4191,3446.6343,3447.6920,0.2794,0
1891,1,3447.2159,3448.4533,3448.8359,0.1362,0
1891,0,3447.2159,3448.4533,3449.6390,0.0444,0
1892,1,3448.9043,3450.2025,3450.6080,0.2125,0
1892,0,3448.9043,3450.2025,3451.4066,0.0395,0
1893,1,3450.6739,3451.8989,3452.1800,0.1006,0
1893,0,3450.6739,3451.8989,3452.9635,0.1917,0
1894,1,3452.3982,3453.7568,3454.0978,0.0964,0
1894,0,3452.3982,3453.7568,3454.9298,0.1358,0
1895,1,3454.2653,3455.4895,3456.0358,0.3651,0
1895,0,3454.2653,3455.4895,3456.8745,0.0476,0
1896,1,3456.1104,3457.5146,3457.8279,0.0965,0
1896,0,3456.1104,3457.5146,3458.6357,0.1784,0
1897,1,3458.0604,3459.3008,3459.6526,0.0743,0
1897,0,3458.0604,3459.3008,3460.4356,0.0437,0
1898,1,3459.7178,3460.8809,3461.4349,0.3576,0
1898,0,3459.7178,3460.8809,3462.2269,0.0434,0
1899,1,3461.5045,3462.7295,3463.0003,0.0962,0
1899,0,3461.5045,3462.7295,3463.7903,0.1892,0
1900,1,3463.2168,3464.4400,3464.7267,0.0995,0
1900,0,3463.2168,3464.4400,3465.5299,0.0416,0
1901,1,3464.7946,3466.0109,3466.2854,0.1010,0
1901,0,3464.7946,3466.0109,3467.0739,0.1882,0
1902,1,3466.5006,3467.7308,3468.0822,0.0978,0
1902,0,3466.5006,3467.7308,3468.8688,0.0416,0
1903,1,3468.1527,3469.5570,3469.8268,0.0983,0
1903,0,3468.1527,3469.5570,3470.6187,0.1005,0
1904,1,3469.9533,3471.1703,3471.4379,0.1004,0
1904,0,3469.9533,3471.1703,3472.2280,0.1889,0
1905,1,3471.6533,3472.8659,3473.1400,0.0930,0
1905,0,3471.6533,3472.8659,3473.9675,0.0424,0
1906,1,3473.2085,3474.6270,3474.9205,0.0986,0
1906,0,3473.2085,3474.6270,3475.7192,0.2010,0
1907,1,3475.1485,3476.3711,3476.6458,0.0959,0
1907,0,3475.1485,3476.3711,3477.4335,0.3187,0
1908,1,3476.9908,3478.2307,3478.6043,0.0990,0
1908,0,3476.9908,3478.2307,3479.4765,0.0542,0
1909,1,3478.7126,3480.1881,3480.4704,0.0689,0
1909,0,3478.7126,3480.1881,3481.2762,0.2748,0
1910,1,3480.7997,3482.0494,3482.3296,0.0781,0
1910,0,3480.7997,3482.0494,3483.1132,0.0527,0
1911,1,3482.4275,3483.6062,3484.1709,0.2251,0
1911,0,3482.4275,3483.6062,3484.9734,0.0443,0
1912,1,3484.2455,3485.4756,3486.0792,0.4317,0
1912,0,3484.2455,3485.4756,3486.9284,0.0630,0
1913,1,3486.1695,3487.5554,3487.8258,0.0986,0
1913,0,3486.1695,3487.5554,3488.6425,0.5115,0
1914,1,3488.3622,3489.7208,3490.0257,0.1186,0
1914,0,3488.3622,3489.7208,3490.8302,0.0366,0
1915,1,3490.0879,3491.3909,3491.9517,0.3886,0
1915,0,3490.0879,3491.3909,3492.7575,0.0369,0
1916,1,3492.0141,3493.2372,3493.5065,0.0919,0
1916,0,3492.0141,3493.2372,3494.5299,0.1932,0
1917,1,3493.7266,3494.9484,3495.2322,0.0981,0
1917,0,3493.7266,3494.9484,3496.0344,0.0519,0
1918,1,3495.3099,3496.5326,3496.8256,0.0987,0
1918,0,3495.3099,3496.5326,3497.6231,0.2033,0
1919,1,3497.0549,3498.2765,3498.5974,0.1021,0
1919,0,3497.0549,3498.2765,3499.4085,0.0385,0
1920,1,3498.6598,3499.8728,3500.4290,0.3770,0
1920,0,3498.6598,3499.8728,3501.2216,0.0378,0
1921,1,3500.4924,3501.7070,3501.9815,0.0973,0
1921,0,3500.4924,3501.7070,3502.7714,0.1874,0
1922,1,3502.1950,3503.4157,3503.6862,0.0983,0
1922,0,3502.1950,3503.4157,3504.4760,0.0364,0
1923,1,3503.7487,3504.9594,3505.2806,0.0965,0
1923,0,3503.7487,3504.9594,3506.0661,0.1804,0
1924,1,3505.4863,3506.7014,3507.0120,0.0968,0
1924,0,3505.4863,3506.7014,3507.8161,0.1769,0
1925,1,3507.2143,3508.4424,3508.7160,0.1009,0
1925,0,3507.2143,3508.4424,3509.5003,0.0827,0
1926,1,3508.8257,3510.0400,3510.3958,0.0981,0
1926,0,3508.8257,3510.0400,3511.2348,0.0993,0
1927,1,3510.5413,3511.8810,3512.1941,0.0686,0
1927,0,3510.5413,3511.8810,3512.9653,0.0532,0
1928,1,3512.3521,3513.5186,3514.0746,0.3703,0
1928,0,3512.3521,3513.5186,3514.8805,0.0437,0
1929,1,3515.2765,3516.4491,3516.9714,0.3323,0
1929,0,3515.2765,3516.4491,3517.7474,0.0378,0
1930,1,3517.1153,3518.3955,3518.9755,0.3638,0
1930,0,3517.1153,3518.3955,3519.7667,0.0425,0
1931,1,3519.0789,3520.4753,3521.0107,0.3196,0
1931,0,3519.0789,3520.4753,3521.8052,0.0464,0
1932,1,3521.1044,3522.3965,3522.9423,0.3360,0
1932,0,3521.1044,3522.3965,3523.7357,0.0512,0
1933,1,3523.0618,3524.4894,3524.7727,0.0707,0
1933,0,3523.0618,3524.4894,3525.5764,0.1835,0
1934,1,3525.0106,3526.4200,3526.6989,0.0669,0
1934,0,3525.0106,3526.4200,3527.5065,0.2636,0
1935,1,3526.9902,3528.2168,3528.4971,0.0913,0
1935,0,3526.9902,3528.2168,3529.3054,0.0409,0
1936,1,3528.5641,3529.7886,3530.0934,0.0977,0
1936,0,3528.5641,3529.7886,3530.9076,0.2075,0
1937,1,3530.3273,3531.5493,3531.8532,0.0964,0
1937,0,3530.3273,3531.5493,3532.6546,0.0374,0
1938,1,3531.9163,3533.1277,3533.6801,0.3660,0
1938,0,3531.9163,3533.1277,3534.5096,0.0392,0
1939,1,3533.7472,3534.9661,3535.3084,0.0735,0
1939,0,3533.7472,3534.9661,3536.1304,0.1645,0
1940,1,3535.4926,3536.6704,3537.0948,0.2216,0
1940,0,3535.4926,3536.6704,3537.9007,0.0429,0
1941,1,3537.1660,3538.4011,3538.7116,0.0951,0
1941,0,3537.1660,3538.4011,3539.5050,0.1849,0
1942,1,3538.9227,3540.1490,3540.4330,0.0918,0
1942,0,3538.9227,3540.1490,3541.2237,0.0838,0
1943,1,3540.5423,3541.7655,3542.1877,0.2229,0
1943,0,3540.5423,3541.7655,3542.9767,0.0435,0
1944,1,3542.2662,3543.4629,3543.7482,0.0734,0
1944,0,3542.2662,3543.4629,3544.5319,0.2606,0
1945,1,3544.0346,3545.2628,3545.5492,0.0968,0
1945,0,3544.0346,3545.2628,3546.3360,0.0444,0
1946,1,3545.6193,3546.8358,3547.3711,0.3676,0
1946,0,3545.6193,3546.8358,3548.1560,0.0447,0
1947,1,3547.4416,3548.6605,3548.9557,0.0963,0
1947,0,3547.4416,3548.6605,3549.7395,0.2308,0
1948,1,3549.2132,3550.4400,3550.7162,0.0992,0
1948,0,3549.2132,3550.4400,3551.4951,0.0377,0
1949,1,3550.7795,3551.9983,3552.3111,0.0976,0
1949,0,3550.7795,3551.9983,3553.0953,0.1975,0
1950,1,3552.5344,3553.9150,3554.4657,0.3364,0
1950,0,3552.5344,3553.9150,3555.2754,0.2549,0
1951,1,3554.7648,3555.9403,3556.3661,0.2319,0
1951,0,3554.7648,3555.9403,3557.1670,0.0384,0
1952,1,3556.4303,3557.8384,3558.1496,0.1021,0
1952,0,3556.4303,3557.8384,3558.9433,0.1994,0
1953,1,3558.3761,3559.6027,3559.8840,0.1003,0
1953,0,3558.3761,3559.6027,3560.6753,0.0444,0
1954,1,3559.9535,3561.1973,3561.6139,0.2316,0
1954,0,3559.9535,3561.1973,3562.4373,0.0449,0
1955,1,3561.6842,3562.9085,3563.1823,0.0971,0
1955,0,3561.6842,3562.9085,3563.9747,0.2098,0
1956,1,3563.4193,3564.6620,3564.9454,0.1065,0
1956,0,3563.4193,3564.6620,3565.7363,0.0362,0
1957,1,3565.0081,3566.2343,3566.8594,0.3714,0
1957,0,3565.0081,3566.2343,3567.7596,0.0431,0
1958,1,3566.9279,3568.1607,3568.4647,0.0977,0
1958,0,3566.9279,3568.1607,3569.2615,0.2490,0
1959,1,3568.7373,3569.9901,3570.2699,0.0945,0
1959,0,3568.7373,3569.9901,3571.0578,0.0402,0
1960,1,3570.3346,3571.5565,3571.8211,0.0945,0
1960,0,3570.3346,3571.5565,3572.6063,0.2440,0
1961,1,3572.0867,3573.3184,3573.7756,0.0952,0
1961,0,3572.0867,3573.3184,3574.5360,0.0586,0
1962,1,3573.8857,3575.1450,3575.7122,0.2422,0
1962,0,3573.8857,3575.1450,3576.5596,0.0663,0
1963,1,3575.8052,3577.0395,3577.4892,0.1091,0
1963,0,3575.8052,3577.0395,3578.2461,0.1561,0
1964,1,3577.6671,3578.8704,3579.1944,0.1003,0
1964,0,3577.6671,3578.8704,3580.0283,0.0411,0
1965,1,3579.2663,3580.7301,3581.0144,0.1011,0
1965,0,3579.2663,3580.7301,3581.8864,0.0710,0
1966,1,3581.1121,3582.3585,3582.6341,0.0958,0
1966,0,3581.1121,3582.3585,3583.4276,0.1812,0
1967,1,3582.8416,3584.0607,3584.3415,0.1029,0
1967,0,3582.8416,3584.0607,3585.1478,0.0352,0
1968,1,3584.4028,3585.6233,3585.9141,0.0998,0
1968,0,3584.4028,3585.6233,3586.6961,0.2848,0
1969,1,3586.2243,3587.6032,3587.8880,0.0982,0
1969,0,3586.2243,3587.6032,3588.7438,0.4860,0
1970,1,3588.3983,3589.7904,3590.1010,0.1141,0
1970,0,3588.3983,3589.7904,3590.9038,0.1112,0
1971,1,3590.2379,3591.4564,3592.0140,0.3852,0
1971,0,3590.2379,3591.4564,3592.8142,0.0516,0
1972,1,3592.0901,3593.3217,3593.6003,0.1014,0
1972,0,3592.0901,3593.3217,3594.4030,0.1846,0
1973,1,3593.8116,3595.0295,3595.3123,0.1032,0
1973,0,3593.8116,3595.0295,3596.1064,0.0401,0
1974,1,3595.3773,3596.5974,3596.8878,0.0973,0
1974,0,3595.3773,3596.5974,3597.6806,0.1993,0
1975,1,3597.1110,3598.3433,3598.6443,0.0902,0
1975,0,3597.1110,3598.3433,3599.4399,0.0372,0
1976,1,3598.7094,3600.0723,3600.4725,0.2270,0
1976,0,3598.7094,3600.0723,3601.3169,0.0368,0
1977,1,3600.5578,3601.7787,3602.0759,0.1025,0
1977,0,3600.5578,3601.7787,3602.8835,0.2626,0
1978,1,3602.3646,3603.5935,3603.8787,0.0938,0
1978,0,3602.3646,3603.5935,3604.6712,0.0395,0
1979,1,3603.9425,3605.1643,3605.7802,0.3721,0
1979,0,3603.9425,3605.1643,3606.5835,0.0590,0
1980,1,3605.8749,3607.2842,3607.5597,0.0967,0
1980,0,3605.8749,3607.2842,3608.3632,0.1960,0
1981,1,3607.7827,3609.0079,3609.2817,0.0970,0
1981,0,3607.7827,3609.0079,3610.0914,0.0370,0
1982,1,3609.3444,3610.5619,3610.8577,0.0998,0
1982,0,3609.3444,3610.5619,3611.6535,0.2028,0
1983,1,3611.0871,3612.3236,3612.5971,0.1010,0
1983,0,3611.0871,3612.3236,3613.3934,0.0354,0
1984,1,3612.6587,3613.9456,3614.3492,0.2295,0
1984,0,3612.6587,3613.9456,3615.2033,0.0361,0
1985,1,3614.4106,3615.6250,3615.8992,0.1004,0
1985,0,3614.4106,3615.6250,3616.6834,0.2817,0
1986,1,3616.2057,3617.4424,3617.7280,0.0999,0
1986,0,3616.2057,3617.4424,3618.5191,0.0358,0
1987,1,3617.7900,3619.0074,3619.5553,0.3700,0
1987,0,3617.7900,3619.0074,3620.3747,0.0432,0
1988,1,3619.6240,3620.9939,3621.7617,0.5359,0
1988,0,3619.6240,3620.9939,3622.5703,0.0446,0
1989,1,3621.8285,3623.0316,3623.3081,0.0964,0
1989,0,3621.8285,3623.0316,3624.0987,0.0351,0
1990,1,3623.3684,3624.7706,3625.3373,0.3903,0
1990,0,3623.3684,3624.7706,3626.1384,0.0392,0
1991,1,3625.4186,3626.6747,3626.9430,0.0913,0
1991,0,3625.4186,3626.6747,3627.7394,0.1908,0
1992,1,3627.1590,3628.3936,3628.6711,0.1017,0
1992,0,3627.1590,3628.3936,3629.4659,0.0360,0
1993,1,3628.7328,3629.9705,3630.2657,0.0981,0
1993,0,3628.7328,3629.9705,3631.0739,0.1988,0
1994,1,3630.4910,3631.7250,3632.0260,0.1046,0
1994,0,3630.4910,3631.7250,3632.8354,0.0388,0
1995,1,3632.0901,3633.4742,3633.7402,0.0957,0
1995,0,3632.0901,3633.4742,3634.5384,0.0851,0
1996,1,3633.8523,3635.0723,3635.3498,0.0981,0
1996,0,3633.8523,3635.0723,3636.1471,0.1915,0
1997,1,3635.5653,3636.7805,3637.0559,0.0982,0
1997,0,3635.5653,3636.7805,3637.8499,0.0383,0
1998,1,3637.1194,3638.3983,3638.7132,0.1035,0
1998,0,3637.1194,3638.3983,3639.5072,0.1851,0
1999,1,3638.9461,3640.1711,3640.4844,0.1000,0
1999,0,3638.9461,3640.1711,3641.2878,0.0446,0
2000,1,3640.5711,3641.8113,3642.2234,0.2234,0
2000,0,3640.5711,3641.8113,3643.3137,0.0372,0
2001,1,3642.3030,3643.5240,3643.9355,0.0993,0
2001,0,3642.3030,3643.5240,3644.8439,0.0835,0
2002,1,3644.0639,3645.3240,3645.7777,0.1106,0
2002,0,3644.0639,3645.3240,3646.5979,0.0505,0
2003,1,3645.8687,3647.0611,3647.5814,0.3368,0
2003,0,3645.8687,3647.0611,3648.8635,0.0427,0
2004,1,3647.6525,3648.8777,3649.1906,0.0988,0
2004,0,3647.6525,3648.8777,3650.0454,0.2693,0
2005,1,3649.5592,3650.7850,3651.1024,0.0987,0
2005,0,3649.5592,3650.7850,3652.0282,0.0477,0
2006,1,3651.2493,3652.5004,3653.2005,0.4954,0
2006,0,3651.2493,3652.5004,3653.9947,0.0480,0
2007,1,3653.2921,3654.6193,3655.2705,0.4399,0
2007,0,3653.2921,3654.6193,3656.0651,0.2097,0
2008,1,3655.5282,3657.0251,3657.4330,0.1859,0
2008,0,3655.5282,3657.0251,3658.2079,0.1305,0
2009,1,3657.6085,3658.8538,3659.1445,0.1006,0
2009,0,3657.6085,3658.8538,3659.9482,0.0385,0
2010,1,3659.2096,3660.4401,3660.7328,0.0964,0
2010,0,3659.2096,3660.4401,3661.5430,0.2030,0
2011,1,3660.9632,3662.1946,3662.5338,0.1052,0
2011,0,3660.9632,3662.1946,3663.3357,0.0361,0
2012,1,3662.5993,3663.8306,3664.3874,0.3755,0
2012,0,3662.5993,3663.8306,3665.2075,0.0380,0
2013,1,3664.4502,3665.6767,3665.9507,0.1000,0
2013,0,3664.4502,3665.6767,3666.7563,0.1892,0
2014,1,3666.1662,3667.3857,3667.6631,0.1013,0
2014,0,3666.1662,3667.3857,3668.4521,0.0381,0
2015,1,3667.7266,3668.9545,3669.3414,0.0957,0
2015,0,3667.7266,3668.9545,3670.1753,0.1040,0
2016,1,3669.4755,3670.7458,3671.0221,0.0916,0
2016,0,3669.4755,3670.7458,3671.8159,0.0420,0
2017,1,3671.0912,3672.3251,3672.7240,0.2172,0
2017,0,3671.0912,3672.3251,3673.5179,0.0389,0
2018,1,3672.7891,3674.1868,3674.4939,0.0978,0
2018,0,3672.7891,3674.1868,3675.2920,0.1898,0
2019,1,3674.7110,3675.9421,3676.2137,0.0971,0
2019,0,3674.7110,3675.9421,3677.0091,0.0360,0
2020,1,3676.2757,3677.5080,3678.0543,0.3688,0
2020,0,3676.2757,3677.5080,3678.8489,0.0444,0
2021,1,3678.1242,3679.3425,3679.6172,0.0956,0
2021,0,3678.1242,3679.3425,3680.4102,0.1668,0
2022,1,3679.8356,3681.0668,3681.3401,0.0962,0
2022,0,3679.8356,3681.0668,3682.0951,0.0353,0
2023,1,3681.3973,3682.5686,3683.1055,0.0921,0
2023,0,3681.3973,3682.5686,3683.9801,0.0507,0
2024,1,3683.2030,3684.7245,3685.0477,0.0724,0
2024,0,3683.2030,3684.7245,3685.9073,0.3762,0
2025,1,3685.4883,3686.8887,3687.4985,0.3378,0
2025,0,3685.4883,3686.8887,3688.3172,0.0373,0
2026,1,3687.5629,3688.7858,3689.3530,0.3946,0
2026,0,3687.5629,3688.7858,3690.1957,0.0383,0
2027,1,3689.4180,3690.8220,3691.0995,0.1004,0
2027,0,3689.4180,3690.8220,3691.9009,0.2947,0
2028,1,3691.4215,3692.6477,3693.0134,0.1057,0
2028,0,3691.4215,3692.6477,3693.8198,0.0371,0
2029,1,3693.0761,3694.2974,3694.8736,0.3644,0
2029,0,3693.0761,3694.2974,3695.7881,0.0533,0
2030,1,3694.9541,3696.1904,3696.4705,0.0905,0
2030,0,3694.9541,3696.1904,3697.2945,0.1675,0
2031,1,3696.6661,3697.8854,3698.1588,0.0938,0
2031,0,3696.6661,3697.8854,3698.9604,0.0428,0
2032,1,3698.2279,3699.5039,3699.8065,0.0899,0
2032,0,3698.2279,3699.5039,3700.6071,0.1931,0
2033,1,3700.0276,3701.2524,3701.5544,0.0934,0
2033,0,3700.0276,3701.2524,3702.3603,0.0425,0
2034,1,3701.6238,3702.8556,3703.2615,0.2270,0
2034,0,3701.6238,3702.8556,3704.0767,0.0467,0
2035,1,3703.3342,3704.5663,3704.8387,0.1019,0
2035,0,3703.3342,3704.5663,3705.6325,0.1968,0
2036,1,3705.0620,3706.2768,3706.5726,0.1000,0
2036,0,3705.0620,3706.2768,3707.3966,0.0453,0
2037,1,3706.6417,3708.0565,3708.3744,0.1101,0
2037,0,3706.6417,3708.0565,3709.1759,0.1866,0
2038,1,3708.5882,3709.8059,3710.0767,0.0964,0
2038,0,3708.5882,3709.8059,3710.8901,0.2560,0
2039,1,3710.3594,3711.6320,3711.9356,0.0984,0
2039,0,3710.3594,3711.6320,3712.7336,0.0418,0
2040,1,3712.0034,3713.2350,3713.5285,0.0967,0
2040,0,3712.0034,3713.2350,3714.3454,0.2022,0
2041,1,3713.7571,3714.9931,3715.3089,0.0961,0
2041,0,3713.7571,3714.9931,3716.1021,0.0484,0
2042,1,3715.3824,3716.7977,3717.1017,0.0938,0
2042,0,3715.3824,3716.7977,3717.9943,0.0408,0
2043,1,3717.1763,3718.4465,3718.7218,0.0948,0
2043,0,3717.1763,3718.4465,3719.5174,0.2873,0
2044,1,3719.0369,3720.4055,3720.9516,0.3456,0
2044,0,3719.0369,3720.4055,3721.7606,0.0388,0
2045,1,3721.0173,3722.3178,3722.7510,0.2636,0
2045,0,3721.0173,3722.3178,3723.6193,0.0431,0
2046,1,3722.8201,3724.2026,3724.5043,0.0985,0
2046,0,3722.8201,3724.2026,3725.3180,0.1900,0
2047,1,3724.7219,3725.9415,3726.3704,0.0980,0
2047,0,3724.7219,3725.9415,3727.1674,0.0661,0
2048,1,3726.4693,3727.7107,3728.3384,0.3793,0
2048,0,3726.4693,3727.7107,3729.1726,0.0436,0
2049,1,3728.4094,3729.6295,3729.9348,0.0996,0
2049,0,3728.4094,3729.6295,3730.7401,0.2017,0
2050,1,3730.1607,3731.3849,3731.6587,0.0963,0
2050,0,3730.1607,3731.3849,3732.4656,0.0442,0
2051,1,3731.7287,3732.9464,3733.4960,0.3602,0
2051,0,3731.7287,3732.9464,3734.2970,0.0433,0
2052,1,3733.5625,3734.7850,3735.0625,0.0956,0
2052,0,3733.5625,3734.7850,3735.8595,0.2316,0
2053,1,3735.3174,3736.5342,3736.8098,0.0967,0
2053,0,3735.3174,3736.5342,3737.6005,0.0424,0
2054,1,3736.8769,3738.1073,3738.4197,0.0975,0
2054,0,3736.8769,3738.1073,3739.2202,0.2003,0
2055,1,3738.6446,3739.8669,3740.1935,0.0919,0
2055,0,3738.6446,3739.8669,3740.9829,0.0376,0
2056,1,3740.2623,3741.4869,3742.0291,0.3611,0
2056,0,3740.2623,3741.4869,3742.8174,0.0480,0
2057,1,3742.1015,3743.3227,3743.5960,0.0971,0
2057,0,3742.1015,3743.3227,3744.3873,0.1939,0
2058,1,3743.8163,3745.0313,3745.3068,0.0969,0
2058,0,3743.8163,3745.0313,3746.0917,0.0363,0
2059,1,3745.3685,3746.5838,3746.9184,0.0791,0
2059,0,3745.3685,3746.5838,3747.7450,0.1514,0
2060,1,3747.1345,3748.4488,3748.7396,0.0936,0
2060,0,3747.1345,3748.4488,3749.5300,0.0419,0
2061,1,3748.8078,3750.0508,3750.4606,0.2400,0
2061,0,3748.8078,3750.0508,3751.3231,0.0440,0
2062,1,3750.5305,3751.7486,3752.0212,0.0972,0
2062,0,3750.5305,3751.7486,3752.8033,0.2843,0
2063,1,3752.3306,3753.7180,3754.2618,0.3345,0
2063,0,3752.3306,3753.7180,3755.0544,0.0449,0
2064,1,3754.3328,3755.6935,3756.1151,0.2479,0
2064,0,3754.3328,3755.6935,3756.9591,0.0441,0
2065,1,3756.2376,3757.6405,3757.9543,0.0977,0
2065,0,3756.2376,3757.6405,3758.7594,0.1911,0
2066,1,3758.1703,3759.4011,3759.7459,0.1044,0
2066,0,3758.1703,3759.4011,3760.5814,0.0456,0
2067,1,3759.8447,3761.2524,3761.5243,0.0969,0
2067,0,3759.8447,3761.2524,3762.3369,0.0865,0
2068,1,3761.6369,3762.8522,3763.1302,0.0980,0
2068,0,3761.6369,3762.8522,3764.0040,0.1892,0
2069,1,3763.3614,3764.6880,3764.9770,0.1010,0
2069,0,3763.3614,3764.6880,3765.7884,0.0430,0
2070,1,3765.0457,3766.2645,3766.8053,0.3631,0
2070,0,3765.0457,3766.2645,3767.6122,0.0416,0
2071,1,3766.8727,3768.1033,3768.3768,0.0985,0
2071,0,3766.8727,3768.1033,3769.1804,0.2532,0
2072,1,3768.6567,3769.8782,3770.1511,0.0959,0
2072,0,3768.6567,3769.8782,3771.3781,0.0431,0
2073,1,3770.2206,3771.4489,3772.0246,0.3474,0
2073,0,3770.2206,3771.4489,3772.8299,0.2061,0
2074,1,3772.2578,3773.4922,3773.7715,0.0977,0
2074,0,3772.2578,3773.4922,3774.5717,0.0777,0
2075,1,3773.8772,3775.1157,3775.5227,0.2267,0
2075,0,3773.8772,3775.1157,3776.3843,0.0458,0
2076,1,3775.5948,3776.8260,3777.0989,0.0982,0
2076,0,3775.5948,3776.8260,3777.8931,0.1917,0
2077,1,3777.3178,3778.5412,3778.8189,0.0993,0
2077,0,3777.3178,3778.5412,3779.6850,0.0362,0
2078,1,3778.8806,3780.0969,3780.3779,0.0961,0
2078,0,3778.8806,3780.0969,3781.1694,0.2016,0
2079,1,3780.6069,3781.8410,3782.1754,0.0966,0
2079,0,3780.6069,3781.8410,3783.2300,0.0600,0
2080,1,3782.2785,3783.5965,3784.1175,0.3071,0
2080,0,3782.2785,3783.5965,3784.9106,0.0539,0
2081,1,3784.2182,3785.4676,3785.7537,0.0571,0
2081,0,3784.2182,3785.4676,3786.5610,0.2880,0
2082,1,3786.0968,3787.7544,3788.0249,0.0687,0
2082,0,3786.0968,3787.7544,3788.8871,0.1546,0
2083,1,3788.2290,3789.5885,3790.2285,0.2107,0
2083,0,3788.2290,3789.5885,3791.1171,0.0430,0
2084,1,3790.3022,3791.5547,3792.2854,0.3949,0
2084,0,3790.3022,3791.5547,3793.2130,0.0408,0
2085,1,3792.3525,3793.6121,3793.9420,0.1039,0
2085,0,3792.3525,3793.6121,3794.7327,0.1740,0
2086,1,3794.1371,3795.3287,3795.9271,0.1426,0
2086,0,3794.1371,3795.3287,3796.7420,0.0447,0
2087,1,3795.9970,3797.3258,3797.7413,0.2313,0
2087,0,3795.9970,3797.3258,3798.6336,0.0408,0
2088,1,3797.8071,3799.0385,3799.3233,0.1047,0
2088,0,3797.8071,3799.0385,3800.1217,0.2866,0
2089,1,3799.6373,3800.8634,3801.1451,0.0961,0
2089,0,3799.6373,3800.8634,3801.9504,0.0375,0
2090,1,3801.2083,3802.4367,3802.9735,0.3622,0
2090,0,3801.2083,3802.4367,3803.7751,0.0372,0
2091,1,3803.0369,3804.2525,3804.5332,0.0987,0
2091,0,3803.0369,3804.2525,3805.3339,0.1764,0
2092,1,3804.7366,3805.9522,3806.2285,0.1010,0
2092,0,3804.7366,3805.9522,3807.0260,0.0384,0
2093,1,3806.2924,3807.6916,3808.0319,0.0862,0
2093,0,3806.2924,3807.6916,3808.8390,0.1553,0
2094,1,3808.2539,3809.6865,3809.9499,0.0516,0
2094,0,3808.2539,3809.6865,3810.7597,0.0504,0
2095,1,3810.0456,3811.3877,3811.8103,0.2335,0
2095,0,3810.0456,3811.3877,3812.6927,0.0467,0
2096,1,3811.8849,3813.1055,3813.3984,0.0995,0
2096,0,3811.8849,3813.1055,3814.2063,0.2006,0
2097,1,3813.6260,3814.8393,3815.1075,0.0910,0
2097,0,3813.6260,3814.8393,3815.9133,0.1046,0
2098,1,3815.2383,3816.4464,3816.9847,0.3607,0
2098,0,3815.2383,3816.4464,3817.7935,0.0362,0
2099,1,3817.0468,3818.2582,3818.5350,0.0901,0
2099,0,3817.0468,3818.2582,3819.3387,0.1707,0
2100,1,3818.7345,3819.9456,3820.3022,0.0847,0
2100,0,3818.7345,3819.9456,3821.1279,0.1241,0
2101,1,3820.4476,3821.7808,3822.1330,0.0988,0
2101,0,3820.4476,3821.7808,3822.9411,0.1806,0
2102,1,3822.3386,3823.5612,3824.0017,0.2610,0
2102,0,3822.3386,3823.5612,3824.7995,0.1575,0
2103,1,3824.1874,3825.3924,3825.6680,0.0959,0
2103,0,3824.1874,3825.3924,3826.5170,0.0371,0
2104,1,3825.7320,3826.9316,3827.2609,0.0996,0
2104,0,3825.7320,3826.9316,3828.0622,0.1811,0
2105,1,3827.4673,3828.6837,3828.9538,0.0870,0
2105,0,3827.4673,3828.6837,3829.7407,0.0372,0
2106,1,3829.0176,3830.2181,3830.5030,0.0958,0
2106,0,3829.0176,3830.2181,3831.2955,0.2114,0
2107,1,3830.7415,3831.9398,3832.2165,0.1034,0
2107,0,3830.7415,3831.9398,3832.9952,0.2620,0
2108,1,3832.5052,3833.7564,3834.0569,0.0971,0
2108,0,3832.5052,3833.7564,3834.8418,0.0367,0
2109,1,3834.1196,3835.3137,3835.6053,0.1003,0
2109,0,3834.1196,3835.3137,3836.4111,0.2126,0
2110,1,3835.8455,3837.0366,3837.3097,0.0970,0
2110,0,3835.8455,3837.0366,3838.1041,0.0361,0
2111,1,3837.3967,3838.5996,3839.1724,0.3596,0
2111,0,3837.3967,3838.5996,3839.9771,0.0475,0
2112,1,3839.2597,3840.6100,3840.9259,0.0746,0
2112,0,3839.2597,3840.6100,3841.7284,0.2118,0
2113,1,3841.1827,3842.3156,3842.6396,0.0955,0
2113,0,3841.1827,3842.3156,3843.4576,0.0537,0
2114,1,3842.7385,3844.1523,3844.7198,0.3485,0
2114,0,3842.7385,3844.1523,3845.5153,0.0417,0
2115,1,3844.7884,3845.9874,3846.3173,0.0997,0
2115,0,3844.7884,3845.9874,3847.1190,0.1132,0
2116,1,3846.4583,3847.6592,3847.9429,0.0997,0
2116,0,3846.4583,3847.6592,3848.7340,0.0416,0
2117,1,3848.0088,3849.1972,3849.4808,0.1013,0
2117,0,3848.0088,3849.1972,3850.2703,0.1702,0
2118,1,3849.6789,3850.8718,3851.6125,0.1499,0
2118,0,3849.6789,3850.8718,3852.4062,0.3374,0
2119,1,3851.9760,3853.1694,3853.6574,0.2500,0
2119,0,3851.9760,3853.1694,3854.4457,0.1176,0
2120,1,3853.8351,3855.0660,3855.8584,0.4739,0
2120,0,3853.8351,3855.0660,3856.6731,0.0687,0
2121,1,3855.9550,3857.1496,3857.9141,0.4858,0
2121,0,3855.9550,3857.1496,3858.7290,0.1239,0
2122,1,3858.0655,3859.1905,3859.4924,0.0934,0
2122,0,3858.0655,3859.1905,3860.3063,0.0412,0
2123,1,3859.5609,3860.6906,3861.3121,0.3539,0
2123,0,3859.5609,3860.6906,3862.1209,0.0541,0
2124,1,3861.3925,3862.6567,3862.9852,0.0965,0
2124,0,3861.3925,3862.6567,3863.7768,0.1370,0
2125,1,3863.1499,3864.3909,3864.7177,0.0852,0
2125,0,3863.1499,3864.3909,3865.5198,0.0482,0
2126,1,3864.7979,3866.0320,3866.3460,0.0857,0
2126,0,3864.7979,3866.0320,3867.1192,0.1698,0
2127,1,3866.5501,3867.7673,3868.1019,0.0931,0
2127,0,3866.5501,3867.7673,3868.8792,0.0364,0
2128,1,3868.1655,3869.4736,3869.8696,0.2276,0
2128,0,3868.1655,3869.4736,3870.6494,0.0368,0
2129,1,3869.9322,3871.1055,3871.3718,0.0955,0
2129,0,3869.9322,3871.1055,3872.1479,0.1924,0
2130,1,3871.5917,3872.7526,3873.1679,0.0958,0
2130,0,3871.5917,3872.7526,3873.9668,0.0482,0
2131,1,3873.2437,3874.6625,3875.2700,0.3552,0
2131,0,3873.2437,3874.6625,3876.0832,0.2152,0
2132,1,3875.5065,3876.6384,3876.9232,0.0948,0
2132,0,3875.5065,3876.6384,3877.7039,0.1951,0
2133,1,3877.1468,3878.3184,3878.6249,0.0908,0
2133,0,3877.1468,3878.3184,3879.4455,0.0507,0
2134,1,3878.7071,3879.9361,3880.2259,0.0945,0
2134,0,3878.7071,3879.9361,3881.0187,0.2081,0
2135,1,3880.4616,3881.6400,3881.9556,0.0955,0
2135,0,3880.4616,3881.6400,3882.7548,0.0442,0
2136,1,3882.0252,3883.3674,3883.6381,0.0964,0
2136,0,3882.0252,3883.3674,3884.4241,0.0771,0
2137,1,3883.7454,3884.9148,3885.1853,0.0933,0
2137,0,3883.7454,3884.9148,3885.9666,0.1979,0
2138,1,3885.4084,3886.5997,3887.0647,0.0835,0
2138,0,3885.4084,3886.5997,3887.8831,0.3285,0
2139,1,3887.4169,3888.5337,3888.8216,0.0957,0
2139,0,3887.4169,3888.5337,3889.7667,0.2663,0
2140,1,3889.1374,3891.0539,3891.4504,0.1002,0
2140,0,3889.1374,3891.0539,3892.2685,0.0467,0
2141,1,3891.5487,3892.7457,3893.1362,0.0717,0
2141,0,3891.5487,3892.7457,3893.9864,0.1223,0
2142,1,3893.3055,3894.5639,3894.9761,0.1969,0
2142,0,3893.3055,3894.5639,3895.8859,0.0517,0
2143,1,3895.0727,3896.4124,3896.9832,0.3127,0
2143,0,3895.0727,3896.4124,3897.7724,0.0571,0
2144,1,3897.0664,3898.1892,3898.5412,0.0866,0
2144,0,3897.0664,3898.1892,3899.3514,0.0404,0
2145,1,3898.6058,3899.7737,3900.3275,0.3617,0
2145,0,3898.6058,3899.7737,3901.1227,0.0427,0
2146,1,3900.3946,3901.5666,3901.8406,0.0938,0
2146,0,3900.3946,3901.5666,3902.6296,0.1738,0
2147,1,3902.0380,3903.2223,3903.4952,0.0932,0
2147,0,3902.0380,3903.2223,3904.2814,0.0416,0
2148,1,3903.5606,3904.7266,3905.2633,0.0949,0
2148,0,3903.5606,3904.7266,3906.1081,0.0537,0
2149,1,3905.3806,3906.6875,3907.4646,0.5599,0
2149,0,3905.3806,3906.6875,3908.2901,0.1444,0
2150,1,3907.6370,3908.8327,3909.1641,0.0931,0
2150,0,3907.6370,3908.8327,3909.9997,0.0435,0
2151,1,3909.2305,3910.3469,3910.6533,0.0930,0
2151,0,3909.2305,3910.3469,3911.4675,0.1572,0
2152,1,3910.8305,3911.9336,3912.2802,0.0912,0
2152,0,3910.8305,3911.9336,3913.0862,0.0465,0
2153,1,3912.3699,3913.4724,3914.0893,0.3507,0
2153,0,3912.3699,3913.4724,3914.8330,0.0547,0
2154,1,3914.1719,3915.3851,3915.6825,0.0865,0
2154,0,3914.1719,3915.3851,3916.4303,0.1968,0
2155,1,3915.9099,3917.1023,3917.4151,0.0903,0
2155,0,3915.9099,3917.1023,3918.1614,0.0509,0
2156,1,3917.5182,3918.7091,3918.9988,0.0883,0
2156,0,3917.5182,3918.7091,3919.7729,0.1927,0
2157,1,3919.2150,3920.4995,3920.8414,0.0960,0
2157,0,3919.2150,3920.4995,3921.7187,0.1305,0
2158,1,3921.0216,3922.2821,3922.7707,0.2528,0
2158,0,3921.0216,3922.2821,3923.5405,0.1300,0
2159,1,3922.9255,3924.3116,3924.6206,0.1007,0
2159,0,3922.9255,3924.3116,3925.4097,0.1908,0
2160,1,3924.8403,3926.0221,3926.4232,0.0897,0
2160,0,3924.8403,3926.0221,3927.2569,0.0573,0
2161,1,3926.5082,3927.8104,3928.2239,0.2248,0
2161,0,3926.5082,3927.8104,3929.0691,0.0471,0
2162,1,3928.2971,3929.4715,3929.7442,0.0965,0
2162,0,3928.2971,3929.4715,3930.5435,0.0417,0
2163,1,3929.8118,3930.9774,3931.3933,0.2279,0
2163,0,3929.8118,3930.9774,3932.1713,0.0375,0
2164,1,3931.4567,3932.6318,3932.9142,0.1002,0
2164,0,3931.4567,3932.6318,3933.6927,0.2156,0
2165,1,3933.1571,3934.3396,3934.6510,0.0964,0
2165,0,3933.1571,3934.3396,3935.4266,0.0376,0
2166,1,3934.7160,3935.8822,3936.4348,0.3698,0
2166,0,3934.7160,3935.8822,3937.4824,0.0450,0
2167,1,3936.5056,3937.7357,3938.6798,0.7289,0
2167,0,3936.5056,3937.7357,3939.4544,0.0424,0
2168,1,3938.7488,3939.9241,3940.2135,0.0919,0
2168,0,3938.7488,3939.9241,3940.9858,0.0477,0
2169,1,3940.2859,3941.4667,3941.9998,0.3497,0
2169,0,3940.2859,3941.4667,3942.7698,0.0397,0
2170,1,3942.0648,3943.2378,3943.5093,0.0927,0
2170,0,3942.0648,3943.2378,3944.2888,0.1804,0
2171,1,3943.7147,3944.8809,3945.1826,0.0959,0
2171,0,3943.7147,3944.8809,3945.9696,0.0425,0
2172,1,3945.2595,3946.4340,3946.7303,0.0964,0
2172,0,3945.2595,3946.4340,3947.4942,0.2095,0
2173,1,3946.9617,3948.1384,3948.4206,0.0927,0
2173,0,3946.9617,3948.1384,3949.1836,0.0379,0
2174,1,3948.4850,3949.6587,3950.1957,0.3591,0
2174,0,3948.4850,3949.6587,3950.9565,0.0445,0
2175,1,3950.2650,3951.4428,3951.7189,0.0953,0
2175,0,3950.2650,3951.4428,3952.5778,0.2318,0
2176,1,3951.9756,3953.1634,3953.8636,0.3825,0
2176,0,3951.9756,3953.1634,3954.6465,0.2350,0
2177,1,3954.1231,3955.3526,3955.9895,0.3949,0
2177,0,3954.1231,3955.3526,3956.7696,0.0528,0
2178,1,3956.0690,3957.4981,3957.8340,0.0895,0
2178,0,3956.0690,3957.4981,3958.6392,0.1604,0
2179,1,3958.0229,3959.2031,3959.4820,0.0957,0
2179,0,3958.0229,3959.2031,3960.2414,0.1693,0
2180,1,3959.6732,3960.7978,3961.3907,0.3593,0
2180,0,3959.6732,3960.7978,3962.1632,0.0525,0
2181,1,3961.4888,3962.7103,3963.2955,0.3426,0
2181,0,3961.4888,3962.7103,3964.0726,0.1149,0
2182,1,3963.4364,3964.6184,3964.9526,0.0919,0
2182,0,3963.4364,3964.6184,3965.7146,0.0505,0
2183,1,3965.0335,3966.2620,3966.8695,0.3581,0
2183,0,3965.0335,3966.2620,3967.6452,0.0499,0
2184,1,3966.9870,3968.2444,3968.8037,0.2010,0
2184,0,3966.9870,3968.2444,3969.5739,0.1854,0
2185,1,3969.0387,3970.6068,3971.0811,0.1132,0
2185,0,3969.0387,3970.6068,3971.8940,0.2901,0
2186,1,3971.4008,3972.6108,3972.9372,0.0841,0
2186,0,3971.4008,3972.6108,3973.7918,0.0482,0
2187,1,3973.0241,3974.4398,3974.7317,0.0739,0
2187,0,3973.0241,3974.4398,3975.5372,0.1784,0
2188,1,3974.9549,3976.0937,3976.4376,0.0745,0
2188,0,3974.9549,3976.0937,3977.2514,0.0514,0
2189,1,3976.5118,3977.6360,3978.2282,0.3559,0
2189,0,3976.5118,3977.6360,3978.9968,0.0502,0
2190,1,3978.3142,3979.4567,3979.7828,0.0657,0
2190,0,3978.3142,3979.4567,3980.5277,0.1155,0
2191,1,3979.9578,3981.2221,3981.6507,0.0640,0
2191,0,3979.9578,3981.2221,3982.4988,0.2644,0
2192,1,3981.9391,3983.0664,3983.6978,0.3656,0
2192,0,3981.9391,3983.0664,3984.5071,0.0521,0
2193,1,3983.7940,3985.0205,3985.8478,0.5916,0
2193,0,3983.7940,3985.0205,3986.6437,0.0553,0
2194,1,3985.9332,3987.2318,3987.5526,0.0598,0
2194,0,3985.9332,3987.2318,3988.3443,0.1241,0
2195,1,3987.7045,3988.9237,3989.3767,0.2266,0
2195,0,3987.7045,3988.9237,3990.2308,0.0527,0
2196,1,3989.4561,3990.8342,3991.1169,0.0915,0
2196,0,3989.4561,3990.8342,3991.9084,0.2256,0
2197,1,3991.3710,3992.5533,3992.8282,0.0962,0
2197,0,3991.3710,3992.5533,3993.6155,0.0363,0
2198,1,3992.8910,3994.0627,3994.6053,0.3661,0
2198,0,3992.8910,3994.0627,3995.3898,0.0432,0
2199,1,3994.6745,3995.8527,3996.1306,0.0958,0
2199,0,3994.6745,3995.8527,3996.9013,0.2469,0
2200,1,3996.4327,3997.6054,3998.3485,0.0980,0
2200,0,3996.4327,3997.6054,3999.1969,0.0484,0
2201,1,3998.4839,3999.6191,4000.4458,0.6232,0
2201,0,3998.4839,3999.6191,4001.2160,0.0547,0
2202,1,4000.5258,4001.7914,4002.0673,0.0939,0
2202,0,4000.5258,4001.7914,4002.8451,0.3185,0
2203,1,4002.4122,4003.5947,4003.8817,0.0970,0
2203,0,4002.4122,4003.5947,4004.6692,0.0414,0
2204,1,4003.9498,4005.1252,4005.6666,0.3656,0
2204,0,4003.9498,4005.1252,4006.4410,0.0442,0
2205,1,4005.7358,4006.9064,4007.3592,0.2746,0
2205,0,4005.7358,4006.9064,4008.1579,0.0381,0
2206,1,4007.4230,4008.7004,4008.9914,0.0971,0
2206,0,4007.4230,4008.7004,4009.7636,0.0537,0
2207,1,4009.0700,4010.2485,4010.5242,0.0930,0
2207,0,4009.0700,4010.2485,4011.3068,0.1803,0
2208,1,4010.7317,4011.9188,4012.2049,0.0971,0
2208,0,4010.7317,4011.9188,4012.9766,0.0429,0
2209,1,4012.2741,4013.4484,4013.9816,0.3573,0
2209,0,4012.2741,4013.4484,4014.7496,0.0439,0
2210,1,4014.0538,4015.2358,4015.6394,0.0851,0
2210,0,4014.0538,4015.2358,4016.3950,0.2284,0
2211,1,4017.2751,4018.5147,4019.1163,0.3985,0
2211,0,4017.2751,4018.5147,4019.8928,0.0455,0
2212,1,4019.2456,4021.0162,4021.3298,0.0946,0
2212,0,4019.2456,4021.0162,4022.1258,0.0440,0
2213,1,4021.4023,4022.6119,4023.0571,0.2459,0
2213,0,4021.4023,4022.6119,4023.8840,0.0437,0
2214,1,4023.1278,4024.4832,4024.7943,0.0977,0
2214,0,4023.1278,4024.4832,4025.6037,0.1772,0
2215,1,4024.9977,4026.1866,4026.5204,0.1002,0
2215,0,4024.9977,4026.1866,4027.3486,0.0479,0
2216,1,4026.5956,4027.8481,4028.2864,0.2199,0
2216,0,4026.5956,4027.8481,4029.1071,0.0498,0
2217,1,4028.3592,4029.5597,4029.8444,0.0908,0
2217,0,4028.3592,4029.5597,4030.6488,0.2633,0
2218,1,4030.1352,4031.3440,4031.6373,0.0916,0
2218,0,4030.1352,4031.3440,4032.4326,0.0406,0
2219,1,4031.7057,4032.8881,4033.4795,0.3610,0
2219,0,4031.7057,4032.8881,4034.2478,0.0501,0
2220,1,4033.5579,4034.7731,4035.1000,0.0812,0
2220,0,4033.5579,4034.7731,4035.8957,0.1876,0
2221,1,4035.3106,4036.4449,4036.7668,0.0932,0
2221,0,4035.3106,4036.4449,4037.5566,0.0472,0
2222,1,4036.8342,4037.9617,4038.2438,0.0860,0
2222,0,4036.8342,4037.9617,4039.0258,0.1613,0
2223,1,4038.4330,4039.6114,4039.8866,0.0957,0
2223,0,4038.4330,4039.6114,4040.6613,0.0424,0
2224,1,4039.9551,4041.3470,4041.6528,0.0974,0
2224,0,4039.9551,4041.3470,4042.4487,0.1919,0
2225,1,4041.8719,4043.0417,4043.3335,0.0957,0
2225,0,4041.8719,4043.0417,4044.1029,0.3141,0
2226,1,4043.6734,4044.8507,4045.1375,0.0983,0
2226,0,4043.6734,4044.8507,4045.9529,0.0421,0
2227,1,4045.2057,4046.3937,4046.7015,0.0999,0
2227,0,4045.2057,4046.3937,4047.4786,0.3218,0
2228,1,4047.0487,4048.2310,4048.5423,0.0968,0
2228,0,4047.0487,4048.2310,4049.3381,0.0363,0
2229,1,4048.6056,4049.7824,4050.3167,0.3641,0
2229,0,4048.6056,4049.7824,4051.1013,0.0438,0
2230,1,4050.3862,4051.5613,4051.8327,0.0947,0
2230,0,4050.3862,4051.5613,4052.6018,0.1818,0
2231,1,4052.0386,4053.2212,4053.6852,0.2377,0
2231,0,4052.0386,4053.2212,4054.4562,0.1552,0
2232,1,4053.8629,4055.0208,4055.3205,0.0980,0
2232,0,4053.8629,4055.0208,4056.0871,0.2024,0
2233,1,4055.5497,4056.7800,4057.0680,0.0983,0
2233,0,4055.5497,4056.7800,4057.8352,0.1265,0
2234,1,4057.2205,4058.3897,4058.8003,0.2310,0
2234,0,4057.2205,4058.3897,4059.5655,0.0496,0
2235,1,4058.8735,4060.0494,4060.3320,0.0979,0
2235,0,4058.8735,4060.0494,4061.0879,0.2868,0
2236,1,4060.6453,4061.8308,4062.3046,0.2574,0
2236,0,4060.6453,4061.8308,4063.0712,0.1460,0
2237,1,4062.4731,4063.6479,4064.1686,0.3472,0
2237,0,4062.4731,4063.6479,4064.9314,0.0440,0
2238,1,4064.2364,4065.4288,4065.7020,0.0986,0
2238,0,4064.2364,4065.4288,4066.4652,0.1933,0
2239,1,4065.9205,4067.0950,4067.3719,0.0958,0
2239,0,4065.9205,4067.0950,4068.1339,0.0431,0
2240,1,4067.4376,4068.6132,4068.8887,0.0923,0
2240,0,4067.4376,4068.6132,4069.6475,0.1814,0
2241,1,4069.0934,4070.2693,4070.5463,0.0959,0
2241,0,4069.0934,4070.2693,4071.3088,0.0423,0
2242,1,4070.6119,4071.7847,4072.3315,0.3614,0
2242,0,4070.6119,4071.7847,4073.0923,0.0431,0
2243,1,4072.3977,4073.5694,4074.0313,0.2685,0
2243,0,4072.3977,4073.5694,4074.7891,0.1824,0
2244,1,4074.2367,4075.4126,4075.6965,0.0962,0
2244,0,4074.2367,4075.4126,4076.4537,0.0414,0
2245,1,4075.7878,4076.9889,4077.3557,0.0878,0
2245,0,4075.7878,4076.9889,4078.1188,0.2528,0
2246,1,4077.6324,4078.8160,4079.2023,0.0868,0
2246,0,4077.6324,4078.8160,4079.9620,0.0431,0
2247,1,4079.2810,4080.6487,4080.9305,0.0982,0
2247,0,4079.2810,4080.6487,4081.7003,0.0793,0
2248,1,4081.0364,4082.2235,4082.5220,0.0913,0
2248,0,4081.0364,4082.2235,4083.2604,0.1624,0
2249,1,4082.7107,4083.9066,4084.1986,0.0861,0
2249,0,4082.7107,4083.9066,4084.9759,0.0536,0
2250,1,4084.2797,4085.4705,4085.7588,0.0939,0
2250,0,4084.2797,4085.4705,4086.5563,0.1994,0
2251,1,4085.9854,4087.3095,4087.9005,0.4087,0
2251,0,4085.9854,4087.3095,4088.7147,0.2027,0
2252,1,4088.1301,4089.3106,4089.7192,0.2271,0
2252,0,4088.1301,4089.3106,4090.4939,0.0372,0
2253,1,4089.7827,4091.1368,4091.4471,0.1039,0
2253,0,4089.7827,4091.1368,4092.5933,0.1924,0
2254,1,4091.6670,4092.9041,4093.2001,0.0906,0
2254,0,4091.6670,4092.9041,4093.9828,0.1395,0
2255,1,4093.3649,4094.5517,4094.9671,0.2369,0
2255,0,4093.3649,4094.5517,4095.7645,0.0427,0
2256,1,4095.0368,4096.2215,4096.4888,0.0909,0
2256,0,4095.0368,4096.2215,4097.2785,0.3000,0
2257,1,4096.8146,4097.9864,4098.2744,0.0975,0
2257,0,4096.8146,4097.9864,4099.0490,0.0408,0
2258,1,4098.3415,4099.5194,4100.0729,0.3729,0
2258,0,4098.3415,4099.5194,4100.8438,0.0403,0
2259,1,4100.1389,4101.3146,4101.5899,0.0999,0
2259,0,4100.1389,4101.3146,4102.3740,0.2825,0
2260,1,4101.8996,4103.0714,4103.3542,0.0971,0
2260,0,4101.8996,4103.0714,4104.2241,0.0414,0
2261,1,4103.4212,4104.5918,4104.8561,0.0979,0
2261,0,4103.4212,4104.5918,4105.6283,0.3161,0
2262,1,4105.1973,4106.3715,4106.6640,0.0967,0
2262,0,4105.1973,4106.3715,4107.4416,0.0425,0
2263,1,4106.7327,4108.0057,4108.6624,0.3650,0
2263,0,4106.7327,4108.0057,4109.4530,0.0818,0
2264,1,4108.7726,4110.1209,4111.0027,0.5361,0
2264,0,4108.7726,4110.1209,4111.8257,0.0789,0
2265,1,4111.1035,4112.2290,4112.5669,0.0964,0
2265,0,4111.1035,4112.2290,4113.3983,0.0459,0
2266,1,4112.6394,4113.9763,4114.4326,0.2198,0
2266,0,4112.6394,4113.9763,4115.2206,0.0463,0
2267,1,4114.5241,4115.6800,4115.9678,0.0967,0
2267,0,4114.5241,4115.6800,4116.7463,0.2999,0
2268,1,4116.2960,4117.4783,4117.8031,0.0897,0
2268,0,4116.2960,4117.4783,4118.5850,0.0453,0
2269,1,4117.9209,4119.0555,4119.6404,0.3548,0
2269,0,4117.9209,4119.0555,4120.4153,0.0530,0
2270,1,4119.7309,4120.9693,4121.6704,0.4952,0
2270,0,4119.7309,4120.9693,4122.4443,0.0390,0
2271,1,4121.7361,4122.9272,4123.2183,0.1131,0
2271,0,4121.7361,4122.9272,4124.2395,0.0371,0
2272,1,4123.2818,4124.6673,4124.9776,0.0855,0
2272,0,4123.2818,4124.6673,4126.2027,0.3238,0
2273,1,4125.4185,4126.5523,4126.8816,0.0873,0
2273,0,4125.4185,4126.5523,4127.6660,0.3399,0
2274,1,4127.2830,4128.4069,4128.7522,0.1013,0
2274,0,4127.2830,4128.4069,4129.7030,0.0450,0
2275,1,4128.8412,4130.0366,4130.8223,0.4867,0
2275,0,4128.8412,4130.0366,4131.6336,0.0473,0
2276,1,4130.9060,4132.0684,4132.4399,0.0692,0
2276,0,4130.9060,4132.0684,4133.2347,0.1644,0
2277,1,4132.6285,4133.8101,4134.2526,0.2415,0
2277,0,4132.6285,4133.8101,4135.0190,0.0489,0
2278,1,4134.3278,4135.5035,4135.8972,0.0980,0
2278,0,4134.3278,4135.5035,4136.8986,0.0680,0
2279,1,4135.9908,4137.1182,4137.4463,0.0931,0
2279,0,4135.9908,4137.1182,4138.3240,0.0388,0
2280,1,4137.5113,4138.6888,4139.4372,0.3382,0
2280,0,4137.5113,4138.6888,4140.6268,0.1582,0
2281,1,4139.6205,4141.0673,4141.3943,0.0911,0
2281,0,4139.6205,4141.0673,4142.1638,0.3691,0
2282,1,4141.7859,4142.9738,4143.2892,0.0925,0
2282,0,4141.7859,4142.9738,4144.0718,0.0583,0
2283,1,4143.3732,4144.5616,4145.1117,0.3581,0
2283,0,4143.3732,4144.5616,4145.8856,0.0433,0
2284,1,4145.1803,4146.3881,4146.6667,0.1009,0
2284,0,4145.1803,4146.3881,4147.4456,0.2277,0
2285,1,4146.9204,4148.0967,4148.3717,0.0924,0
2285,0,4146.9204,4148.0967,4149.1415,0.0892,0
2286,1,4148.4854,4149.6544,4150.1986,0.3611,0
2286,0,4148.4854,4149.6544,4150.9670,0.0431,0
2287,1,4150.2654,4151.4396,4151.7120,0.0955,0
2287,0,4150.2654,4151.4396,4152.4680,0.2372,0
2288,1,4151.9710,4153.1471,4153.6040,0.2226,0
2288,0,4151.9710,4153.1471,4154.5144,0.1576,0
2289,1,4153.8059,4154.9374,4155.2589,0.0753,0
2289,0,4153.8059,4154.9374,4156.0245,0.2041,0
2290,1,4155.4855,4156.6730,4156.9945,0.0933,0
2290,0,4155.4855,4156.6730,4157.7833,0.1716,0
2291,1,4157.1922,4158.4091,4158.8085,0.2184,0
2291,0,4157.1922,4158.4091,4159.6507,0.0377,0
2292,1,4158.8707,4160.0478,4160.3365,0.1022,0
2292,0,4158.8707,4160.0478,4161.0959,0.2761,0
2293,1,4160.6350,4161.8072,4162.0980,0.0996,0
2293,0,4160.6350,4161.8072,4162.8583,0.0428,0
2294,1,4162.1640,4163.3767,4163.6760,0.0960,0
2294,0,4162.1640,4163.3767,4164.4371,0.1995,0
2295,1,4163.9009,4165.0883,4165.3898,0.1186,0
2295,0,4163.9009,4165.0883,4166.1515,0.0357,0
2296,1,4165.4506,4166.8206,4167.0904,0.0943,0
2296,0,4165.4506,4166.8206,4167.8602,0.0847,0
2297,1,4167.1984,4168.3714,4168.6733,0.0877,0
2297,0,4167.1984,4168.3714,4169.4439,0.2347,0
2298,1,4168.9624,4170.1510,4170.9831,0.0765,0
2298,0,4168.9624,4170.1510,4171.8615,0.0682,0
2299,1,4171.0788,4172.5292,4172.8007,0.0897,0
2299,0,4171.0788,4172.5292,4173.6377,0.1874,0
2300,1,4173.0165,4174.3777,4174.6827,0.0950,0
2300,0,4173.0165,4174.3777,4175.4713,0.1909,0
2301,1,4174.9012,4176.0793,4176.4437,0.0957,0
2301,0,4174.9012,4176.0793,4177.2329,0.0485,0
2302,1,4176.5127,4177.6396,4178.1821,0.3592,0
2302,0,4176.5127,4177.6396,4178.9628,0.0423,0
2303,1,4178.2506,4179.4243,4179.7139,0.0954,0
2303,0,4178.2506,4179.4243,4180.4896,0.1692,0
2304,1,4179.9099,4181.0922,4181.3645,0.0841,0
2304,0,4179.9099,4181.0922,4182.1377,0.0443,0
2305,1,4181.4352,4182.6116,4182.9233,0.0860,0
2305,0,4181.4352,4182.6116,4183.7008,0.1888,0
2306,1,4183.1351,4184.3417,4184.6619,0.0903,0
2306,0,4183.1351,4184.3417,4185.4758,0.0381,0
2307,1,4184.7239,4185.9035,4186.4749,0.3693,0
2307,0,4184.7239,4185.9035,4187.3738,0.0584,0
2308,1,4186.5852,4187.8955,4188.1528,0.0708,0
2308,0,4186.5852,4187.8955,4189.3996,0.5055,0
2309,1,4188.6827,4190.1679,4190.4938,0.0778,0
2309,0,4188.6827,4190.1679,4191.2926,0.1152,0
2310,1,4190.6332,4191.8140,4192.2884,0.2620,0
2310,0,4190.6332,4191.8140,4193.0992,0.0437,0
2311,1,4192.3589,4193.5413,4193.8573,0.0947,0
2311,0,4192.3589,4193.5413,4194.6413,0.2703,0
2312,1,4194.1534,4195.3447,4195.6400,0.1031,0
2312,0,4194.1534,4195.3447,4196.4375,0.0374,0
2313,1,4195.7038,4196.8903,4197.4682,0.3845,0
2313,0,4195.7038,4196.8903,4198.2708,0.0538,0
2314,1,4197.5501,4198.7829,4199.1094,0.0917,0
2314,0,4197.5501,4198.7829,4199.9219,0.1560,0
2315,1,4199.2935,4200.4958,4200.8151,0.0915,0
2315,0,4199.2935,4200.4958,4201.6602,0.1318,0
2316,1,4200.9724,4202.2331,4202.5456,0.0894,0
2316,0,4200.9724,4202.2331,4203.3075,0.3016,0
2317,1,4202.8705,4203.9988,4204.3152,0.1187,0
2317,0,4202.8705,4203.9988,4205.1187,0.0472,0
2318,1,4204.3899,4205.6493,4206.0557,0.2241,0
2318,0,4204.3899,4205.6493,4206.8896,0.0428,0
2319,1,4206.1248,4207.4946,4207.8026,0.0936,0
2319,0,4206.1248,4207.4946,4208.5887,0.1895,0
2320,1,4208.0223,4209.2046,4209.4849,0.0962,0
2320,0,4208.0223,4209.2046,4210.2685,0.1556,0
2321,1,4209.6663,4210.8441,4211.4101,0.3683,0
2321,0,4209.6663,4210.8441,4212.1911,0.0423,0
2322,1,4211.4797,4212.6625,4212.9340,0.0935,0
2322,0,4211.4797,4212.6625,4213.7109,0.1955,0
2323,1,4213.1575,4214.3358,4214.6081,0.0931,0
2323,0,4213.1575,4214.3358,4215.3876,0.0369,0
2324,1,4214.6715,4215.8457,4216.1520,0.0958,0
2324,0,4214.6715,4215.8457,4216.9840,0.1915,0
2325,1,4216.3837,4217.6494,4218.2347,0.3851,0
2325,0,4216.3837,4217.6494,4219.0130,0.0413,0
2326,1,4218.3003,4219.4832,4219.8817,0.2240,0
2326,0,4218.3003,4219.4832,4220.6556,0.0440,0
2327,1,4219.9499,4221.2719,4222.0805,0.6071,0
2327,0,4219.9499,4221.2719,4222.8619,0.0413,0
2328,1,4222.1470,4223.3392,4223.6523,0.0894,0
2328,0,4222.1470,4223.3392,4224.4296,0.1760,0
2329,1,4223.8529,4225.0347,4225.4758,0.2458,0
2329,0,4223.8529,4225.0347,4226.3131,0.0396,0
2330,1,4225.5447,4226.7231,4227.0029,0.0901,0
2330,0,4225.5447,4226.7231,4227.7760,0.1679,0
2331,1,4227.1985,4228.3755,4228.6492,0.0967,0
2331,0,4227.1985,4228.3755,4229.4260,0.0428,0
2332,1,4228.7183,4229.8940,4230.1681,0.0975,0
2332,0,4228.7183,4229.8940,4230.9356,0.1951,0
2333,1,4230.3899,4231.5655,4231.8921,0.0986,0
2333,0,4230.3899,4231.5655,4232.7913,0.0376,0
2334,1,4231.9854,4233.8890,4234.1830,0.1037,0
2334,0,4231.9854,4233.8890,4234.9863,0.0413,0
2335,1,4234.2513,4235.4330,4236.1934,0.4830,0
2335,0,4234.2513,4235.4330,4237.2195,0.0487,0
2336,1,4236.2705,4237.4387,4237.7484,0.1001,0
2336,0,4236.2705,4237.4387,4238.5602,0.4748,0
2337,1,4238.2472,4239.5753,4239.8844,0.1167,0
2337,0,4238.2472,4239.5753,4240.6814,0.0440,0
2338,1,4239.9543,4241.3552,4241.6611,0.0923,0
2338,0,4239.9543,4241.3552,4242.4995,0.2520,0
2339,1,4241.9479,4243.1908,4243.4860,0.0712,0
2339,0,4241.9479,4243.1908,4244.2904,0.1582,0
2340,1,4243.6852,4244.9447,4245.2402,0.0759,0
2340,0,4243.6852,4244.9447,4246.0477,0.0444,0
2341,1,4245.3097,4246.5069,4246.8232,0.0960,0
2341,0,4245.3097,4246.5069,4247.6025,0.1851,0
2342,1,4247.0601,4248.1975,4248.8366,0.3620,0
2342,0,4247.0601,4248.1975,4249.7528,0.0553,0
2343,1,4248.9198,4250.1137,4250.6455,0.2533,0
2343,0,4248.9198,4250.1137,4251.6515,0.0635,0
2344,1,4250.7358,4251.9277,4252.2527,0.1135,0
2344,0,4250.7358,4251.9277,4253.0398,0.1729,0
2345,1,4252.4770,4253.8288,4254.1277,0.0764,0
2345,0,4252.4770,4253.8288,4254.9141,0.1551,0
2346,1,4254.3740,4255.6891,4255.9709,0.0714,0
2346,0,4254.3740,4255.6891,4256.7681,0.0804,0
2347,1,4256.1109,4257.5557,4257.8186,0.0710,0
2347,0,4256.1109,4257.5557,4258.6274,0.2146,0
2348,1,4258.0703,4259.2780,4259.5660,0.0737,0
2348,0,4258.0703,4259.2780,4260.3595,0.0439,0
2349,1,4259.6311,4260.7777,4261.3282,0.3611,0
2349,0,4259.6311,4260.7777,4262.1249,0.0383,0
2350,1,4261.3927,4262.5948,4262.8663,0.0945,0
2350,0,4261.3927,4262.5948,4263.6717,0.2272,0
2351,1,4263.1207,4264.3046,4264.5911,0.1016,0
2351,0,4263.1207,4264.3046,4265.3823,0.0425,0
2352,1,4264.6604,4265.8548,4266.1369,0.0920,0
2352,0,4264.6604,4265.8548,4266.9181,0.2651,0
2353,1,4266.4290,4267.6184,4267.9048,0.0947,0
2353,0,4266.4290,4267.6184,4268.6849,0.1048,0
2354,1,4268.0353,4269.2206,4269.7570,0.3668,0
2354,0,4268.0353,4269.2206,4270.5348,0.0389,0
2355,1,4269.8219,4271.0080,4271.2823,0.0962,0
2355,0,4269.8219,4271.0080,4272.0565,0.1586,0
2356,1,4271.4726,4272.7104,4272.9828,0.0873,0
2356,0,4271.4726,4272.7104,4273.7587,0.0376,0
2357,1,4273.0461,4274.4115,4274.7075,0.1010,0
2357,0,4273.0461,4274.4115,4275.5220,0.1953,0
2358,1,4274.9294,4276.1123,4276.4524,0.0933,0
2358,0,4274.9294,4276.1123,4277.4333,0.0374,0
2359,1,4276.5233,4277.7108,4278.3542,0.4615,0
2359,0,4276.5233,4277.7108,4279.2159,0.0394,0
2360,1,4278.4208,4279.6180,4279.9437,0.0923,0
2360,0,4278.4208,4279.6180,4280.7195,0.3827,0
2361,1,4280.3506,4281.5413,4281.8773,0.0949,0
2361,0,4280.3506,4281.5413,4282.6554,0.0367,0
2362,1,4281.9407,4283.1257,4283.6727,0.3717,0
2362,0,4281.9407,4283.1257,4284.4522,0.0431,0
2363,1,4283.7412,4284.9341,4285.2149,0.0940,0
2363,0,4283.7412,4284.9341,4285.9890,0.1869,0
2364,1,4285.4289,4286.6222,4287.0543,0.0944,0
2364,0,4285.4289,4286.6222,4287.8369,0.1783,0
2365,1,4287.2562,4288.4596,4288.7674,0.0946,0
2365,0,4287.2562,4288.4596,4289.5576,0.2744,0
2366,1,4289.1013,4290.9394,4291.4792,0.3327,0
2366,0,4289.1013,4290.9394,4292.2851,0.0393,0
2367,1,4291.5445,4292.7425,4293.1132,0.0970,0
2367,0,4291.5445,4292.7425,4294.0328,0.0490,0
2368,1,4293.1829,4294.3256,4294.8673,0.3617,0
2368,0,4293.1829,4294.3256,4295.6584,0.0436,0
2369,1,4294.9373,4296.1311,4296.4084,0.0864,0
2369,0,4294.9373,4296.1311,4297.2065,0.1717,0
2370,1,4296.6070,4297.8050,4298.0774,0.0948,0
2370,0,4296.6070,4297.8050,4298.8610,0.0431,0
2371,1,4298.1469,4299.3439,4299.6201,0.0956,0
2371,0,4298.1469,4299.3439,4300.4199,0.1837,0
2372,1,4299.8299,4301.0295,4301.3295,0.0945,0
2372,0,4299.8299,4301.0295,4302.1120,0.0369,0
2373,1,4301.3926,4302.5873,4303.1190,0.3546,0
2373,0,4301.3926,4302.5873,4303.9022,0.0390,0
2374,1,4303.1824,4304.3765,4304.6492,0.0968,0
2374,0,4303.1824,4304.3765,4305.4397,0.1697,0
2375,1,4304.8442,4306.1299,4306.4031,0.0955,0
2375,0,4304.8442,4306.1299,4307.1847,0.0355,0
2376,1,4306.4638,4307.8402,4308.1426,0.0921,0
2376,0,4306.4638,4307.8402,4308.9304,0.1851,0
2377,1,4308.3519,4309.5500,4309.9205,0.1179,0
2377,0,4308.3519,4309.5500,4310.7384,0.0468,0
2378,1,4310.0032,4311.2928,4311.6965,0.2249,0
2378,0,4310.0032,4311.2928,4312.5137,0.0570,0
2379,1,4311.8011,4313.0051,4313.2819,0.0957,0
2379,0,4311.8011,4313.0051,4314.0675,0.1942,0
2380,1,4313.5029,4314.6988,4314.9761,0.0963,0
2380,0,4313.5029,4314.6988,4315.7733,0.0395,0
2381,1,4315.0408,4316.2413,4316.7991,0.3752,0
2381,0,4315.0408,4316.2413,4317.5783,0.0437,0
2382,1,4316.8685,4318.0626,4318.3512,0.0970,0
2382,0,4316.8685,4318.0626,4319.1297,0.0384,0
2383,1,4318.4142,4319.6306,4320.1086,0.2369,0
2383,0,4318.4142,4319.6306,4320.8889,0.0577,0
2384,1,4320.1906,4321.4173,4321.7073,0.0935,0
2384,0,4320.1906,4321.4173,4322.4887,0.1838,0
2385,1,4321.9177,4323.1221,4323.3973,0.0940,0
2385,0,4321.9177,4323.1221,4324.1758,0.0375,0
2386,1,4323.4602,4324.7380,4325.4902,0.3594,0
2386,0,4323.4602,4324.7380,4326.3353,0.0523,0
2387,1,4325.5686,4326.7914,4327.2191,0.0903,0
2387,0,4325.5686,4326.7914,4328.0085,0.1219,0
2388,1,4327.3948,4328.6291,4329.3323,0.2244,0
2388,0,4327.3948,4328.6291,4330.1168,0.0691,0
2389,1,4329.4279,4330.6307,4331.2839,0.3812,0
2389,0,4329.4279,4330.6307,4332.1285,0.0642,0
2390,1,4331.3748,4332.5863,4332.9826,0.1003,0
2390,0,4331.3748,4332.5863,4333.7609,0.1149,0
2391,1,4333.1241,4334.3348,4334.7021,0.1041,0
2391,0,4333.1241,4334.3348,4335.4607,0.0448,0
2392,1,4334.7691,4335.9168,4336.4769,0.3632,0
2392,0,4334.7691,4335.9168,4337.2755,0.0444,0
2393,1,4336.5455,4337.7555,4338.0329,0.0922,0
2393,0,4336.5455,4337.7555,4338.8083,0.1867,0
2394,1,4338.2460,4339.4505,4339.7311,0.0967,0
2394,0,4338.2460,4339.4505,4340.7732,0.0424,0
2395,1,4339.7989,4341.1748,4341.8840,0.4206,0
2395,0,4339.7989,4341.1748,4342.6690,0.0685,0
2396,1,4341.9805,4343.1919,4343.5833,0.1110,0
2396,0,4341.9805,4343.1919,4344.4394,0.0999,0
2397,1,4343.7098,4344.9136,4345.3020,0.1166,0
2397,0,4343.7098,4344.9136,4346.0821,0.0631,0
2398,1,4345.3910,4346.5959,4347.0110,0.1052,0
2398,0,4345.3910,4346.5959,4347.7890,0.1115,0
2399,1,4347.1486,4348.3621,4348.9318,0.3434,0
2399,0,4347.1486,4348.3621,4349.7170,0.2708,0
2400,1,4349.2297,4350.4381,4350.8261,0.1103,0
2400,0,4349.2297,4350.4381,4351.6045,0.0639,0
2401,1,4350.9167,4352.1164,4352.5243,0.1075,0
2401,0,4350.9167,4352.1164,4353.3025,0.1546,0
2402,1,4352.7328,4354.1410,4354.6784,0.2671,0
2402,0,4352.7328,4354.1410,4355.5350,0.1579,0
2403,1,4354.8843,4356.1799,4356.4984,0.0924,0
2403,0,4354.8843,4356.1799,4357.3028,0.0567,0
2404,1,4356.5874,4358.1060,4358.3829,0.0699,0
2404,0,4356.5874,4358.1060,4359.1875,0.1890,0
2405,1,4358.5975,4359.8065,4360.0941,0.1061,0
2405,0,4358.5975,4359.8065,4360.8900,0.2122,0
2406,1,4360.3311,4361.5359,4361.8125,0.0893,0
2406,0,4360.3311,4361.5359,4362.6135,0.0418,0
2407,1,4361.8803,4363.0821,4363.3809,0.1036,0
2407,0,4361.8803,4363.0821,4364.1736,0.2212,0
2408,1,4363.6268,4364.8399,4365.1433,0.0977,0
2408,0,4363.6268,4364.8399,4366.2994,0.0810,0
2409,1,4365.2495,4366.4512,4367.0485,0.3706,0
2409,0,4365.2495,4366.4512,4367.8402,0.0483,0
2410,1,4367.1255,4368.3325,4368.6044,0.0943,0
2410,0,4367.1255,4368.3325,4369.4223,0.1915,0
2411,1,4368.8228,4370.0219,4370.2979,0.0997,0
2411,0,4368.8228,4370.0219,4371.0819,0.0407,0
2412,1,4370.3644,4371.5613,4371.9358,0.0935,0
2412,0,4370.3644,4371.5613,4372.7178,0.1940,0
2413,1,4372.1794,4373.4155,4373.7289,0.1193,0
2413,0,4372.1794,4373.4155,4374.5431,0.1249,0
2414,1,4373.8724,4375.0585,4375.4521,0.2142,0
2414,0,4373.8724,4375.0585,4376.2384,0.0384,0
2415,1,4375.5159,4376.7226,4376.9983,0.0927,0
2415,0,4375.5159,4376.7226,4377.7689,0.2766,0
2416,1,4377.3040,4378.5039,4378.7879,0.0919,0
2416,0,4377.3040,4378.5039,4379.5612,0.0436,0
2417,1,4378.8566,4380.0538,4380.3229,0.1012,0
2417,0,4378.8566,4380.0538,4381.0890,0.3068,0
2418,1,4380.6519,4381.8595,4382.1396,0.0922,0
2418,0,4380.6519,4381.8595,4382.9114,0.0430,0
2419,1,4382.2074,4383.4086,4383.7951,0.2156,0
2419,0,4382.2074,4383.4086,4384.5652,0.0424,0
2420,1,4383.8620,4385.0577,4385.3363,0.0970,0
2420,0,4383.8620,4385.0577,4386.1058,0.1929,0
2421,1,4385.5541,4386.7463,4387.5228,0.0937,0
2421,0,4385.5541,4386.7463,4388.3020,0.3070,0
2422,1,4387.8572,4389.0750,4389.5182,0.2086,0
2422,0,4387.8572,4389.0750,4390.3161,0.0423,0
2423,1,4389.6151,4390.9910,4391.2974,0.0953,0
2423,0,4389.6151,4390.9910,4392.0788,0.1974,0
2424,1,4391.5217,4392.7254,4393.0555,0.0822,0
2424,0,4391.5217,4392.7254,4393.8331,0.0375,0
2425,1,4393.1196,4394.3214,4394.8623,0.3673,0
2425,0,4393.1196,4394.3214,4395.6379,0.0372,0
2426,1,4394.9246,4396.1202,4396.3918,0.0952,0
2426,0,4394.9246,4396.1202,4397.1656,0.1888,0
2427,1,4396.6078,4397.8048,4398.0779,0.0963,0
2427,0,4396.6078,4397.8048,4398.8502,0.0359,0
2428,1,4398.1394,4399.3486,4399.6368,0.0961,0
2428,0,4398.1394,4399.3486,4400.4409,0.2048,0
2429,1,4399.8681,4401.0646,4401.4071,0.0970,0
2429,0,4399.8681,4401.0646,4402.1782,0.0375,0
2430,1,4401.4712,4402.6825,4403.2764,0.3425,0
2430,0,4401.4712,4402.6825,4404.1291,0.0548,0
2431,1,4403.3770,4404.5973,4405.2644,0.4567,0
2431,0,4403.3770,4404.5973,4406.0380,0.0454,0
2432,1,4405.3574,4406.5739,4406.9134,0.0739,0
2432,0,4405.3574,4406.5739,4407.6594,0.0426,0
2433,1,4406.9817,4408.1634,4408.7196,0.3644,0
2433,0,4406.9817,4408.1634,4409.4972,0.0380,0
2434,1,4408.7844,4409.9844,4410.2608,0.0986,0
2434,0,4408.7844,4409.9844,4411.0317,0.1988,0
2435,1,4410.4864,4411.6818,4411.9548,0.1013,0
2435,0,4410.4864,4411.6818,4412.7231,0.0358,0
2436,1,4412.0167,4413.2165,4413.4851,0.1001,0
2436,0,4412.0167,4413.2165,4414.2639,0.2299,0
2437,1,4413.7418,4414.9378,4415.2241,0.0986,0
2437,0,4413.7418,4414.9378,4415.9552,0.0373,0
2438,1,4415.2901,4416.5045,4417.0621,0.3623,0
2438,0,4415.2901,4416.5045,4417.8654,0.0417,0
2439,1,4417.1314,4418.3520,4418.8141,0.0994,0
2439,0,4417.1314,4418.3520,4419.6185,0.2020,0
2440,1,4419.0476,4420.4423,4421.1371,0.3983,0
2440,0,4419.0476,4420.4423,4422.1345,0.3286,0
2441,1,4421.4928,4422.6978,4423.0665,0.1066,0
2441,0,4421.4928,4422.6978,4423.9370,0.0632,0
2442,1,4423.1553,4424.5318,4424.8304,0.0739,0
2442,0,4423.1553,4424.5318,4425.6424,0.1840,0
2443,1,4425.0495,4426.2990,4426.5875,0.0948,0
2443,0,4425.0495,4426.2990,4427.3792,0.0359,0
2444,1,4426.6485,4427.9057,4428.3083,0.2252,0
2444,0,4426.6485,4427.9057,4429.0928,0.0411,0
2445,1,4428.3727,4429.5660,4429.8340,0.0940,0
2445,0,4428.3727,4429.5660,4430.6183,0.0388,0
2446,1,4429.8969,4431.1953,4431.4651,0.0950,0
2446,0,4429.8969,4431.1953,4432.2523,0.0836,0
2447,1,4431.5740,4432.7677,4433.0739,0.0960,0
2447,0,4431.5740,4432.7677,4433.8581,0.1913,0
2448,1,4433.2959,4434.5084,4434.8869,0.0905,0
2448,0,4433.2959,4434.5084,4435.7156,0.0649,0
2449,1,4434.9720,4436.2992,4436.7227,0.2353,0
2449,0,4434.9720,4436.2992,4437.5587,0.0390,0
2450,1,4436.7882,4437.9845,4438.2561,0.0948,0
2450,0,4436.7882,4437.9845,4439.0401,0.1880,0
2451,1,4438.4713,4439.6651,4439.9452,0.0977,0
2451,0,4438.4713,4439.6651,4440.7307,0.0379,0
2452,1,4440.0098,4441.4127,4442.1470,0.0954,0
2452,0,4440.0098,4441.4127,4443.2207,0.0581,0
2453,1,4442.2269,4443.3894,4443.9559,0.4037,0
2453,0,4442.2269,4443.3894,4444.7404,0.1532,0
2454,1,4444.1368,4445.3446,4445.6160,0.0939,0
2454,0,4444.1368,4445.3446,4446.4311,0.0362,0
2455,1,4445.6779,4446.9108,4447.5104,0.3700,0
2455,0,4445.6779,4446.9108,4448.3432,0.0520,0
2456,1,4447.6201,4448.9002,4449.4610,0.3276,0
2456,0,4447.6201,4448.9002,4450.3167,0.0442,0
2457,1,4449.5256,4450.6731,4450.9713,0.0925,0
2457,0,4449.5256,4450.6731,4451.7547,0.0427,0
2458,1,4451.0427,4452.2792,4452.6085,0.0909,0
2458,0,4451.0427,4452.2792,4453.4032,0.1702,0
2459,1,4452.8038,4454.4072,4454.7086,0.0979,0
2459,0,4452.8038,4454.4072,4455.5189,0.1623,0
2460,1,4454.8973,4456.1282,4456.4047,0.0916,0
2460,0,4454.8973,4456.1282,4457.2169,0.0425,0
2461,1,4456.4735,4457.8477,4458.1527,0.0934,0
2461,0,4456.4735,4457.8477,4458.9565,0.1894,0
2462,1,4458.3690,4459.5677,4459.8468,0.0911,0
2462,0,4458.3690,4459.5677,4460.6465,0.0360,0
2463,1,4459.9087,4461.1778,4461.5788,0.2213,0
2463,0,4459.9087,4461.1778,4462.4333,0.0427,0
2464,1,4461.6476,4462.8449,4463.1144,0.0924,0
2464,0,4461.6476,4462.8449,4463.9210,0.2853,0
2465,1,4463.4267,4464.6209,4464.9078,0.0913,0
2465,0,4463.4267,4464.6209,4465.7753,0.0421,0
2466,1,4464.9767,4466.1759,4466.7138,0.3495,0
2466,0,4464.9767,4466.1759,4467.5047,0.0372,0
2467,1,4466.7774,4467.9759,4468.2463,0.0899,0
2467,0,4466.7774,4467.9759,4469.0345,0.0364,0
2468,1,4468.3350,4469.5510,4469.9572,0.2294,0
2468,0,4468.3350,4469.5510,4470.7717,0.0365,0
2469,1,4470.0203,4471.2187,4471.4854,0.0916,0
2469,0,4470.0203,4471.2187,4472.2668,0.2978,0
2470,1,4471.8101,4473.0078,4473.2911,0.0920,0
2470,0,4471.8101,4473.0078,4474.0735,0.0367,0
2471,1,4473.3537,4474.7237,4475.2643,0.3675,0
2471,0,4473.3537,4474.7237,4476.0544,0.0386,0
2472,1,4475.3295,4476.5338,4476.8217,0.0842,0
2472,0,4475.3295,4476.5338,4477.6132,0.2904,0
2473,1,4477.1374,4478.3751,4478.7877,0.2210,0
2473,0,4477.1374,4478.3751,4479.5738,0.0433,0
2474,1,4478.8563,4480.0643,4480.3568,0.0926,0
2474,0,4478.8563,4480.0643,4481.1354,0.2577,0
2475,1,4480.6393,4481.8448,4482.1299,0.0899,0
2475,0,4480.6393,4481.8448,4482.9305,0.0436,0
2476,1,4482.2001,4483.5235,4483.7831,0.0971,0
2476,0,4482.2001,4483.5235,4484.5700,0.0977,0
2477,1,4483.9083,4485.1091,4485.3928,0.0951,0
2477,0,4483.9083,4485.1091,4486.1751,0.1689,0
2478,1,4485.5880,4486.9371,4487.2084,0.0967,0
2478,0,4485.5880,4486.9371,4487.9996,0.1903,0
2479,1,4487.4255,4488.6298,4488.9175,0.1025,0
2479,0,4487.4255,4488.6298,4489.7110,0.2344,0
2480,1,4489.1781,4490.5633,4490.8406,0.0987,0
2480,0,4489.1781,4490.5633,4491.6331,0.1930,0
2481,1,4491.0591,4492.2602,4492.5294,0.0947,0
2481,0,4491.0591,4492.2602,4493.3349,0.0362,0
2482,1,4492.5911,4493.7956,4494.0831,0.0949,0
2482,0,4492.5911,4493.7956,4494.8676,0.2168,0
2483,1,4494.3337,4495.5338,4495.8813,0.0906,0
2483,0,4494.3337,4495.5338,4496.6941,0.0493,0
2484,1,4495.9509,4497.2844,4497.6958,0.2245,0
2484,0,4495.9509,4497.2844,4498.5873,0.0357,0
2485,1,4497.7579,4498.9717,4499.2530,0.1066,0
2485,0,4497.7579,4498.9717,4500.0408,0.1843,0
2486,1,4499.4640,4500.6692,4500.9516,0.0958,0
2486,0,4499.4640,4500.6692,4501.7367,0.0381,0
2487,1,4501.0159,4502.2162,4502.9593,0.4247,0
2487,0,4501.0159,4502.2162,4503.8593,0.0731,0
2488,1,4503.0643,4504.3107,4504.6753,0.1137,0
2488,0,4503.0643,4504.3107,4505.4703,0.1929,0
2489,1,4504.8945,4506.2090,4506.6055,0.1246,0
2489,0,4504.8945,4506.2090,4507.3996,0.0628,0
2490,1,4506.6939,4508.0871,4508.8312,0.3925,0
2490,0,4506.6939,4508.0871,4509.9806,0.0663,0
2491,1,4508.9276,4510.1356,4510.5117,0.1018,0
2491,0,4508.9276,4510.1356,4511.3054,0.0979,0
2492,1,4510.6352,4511.8461,4512.2240,0.1114,0
2492,0,4510.6352,4511.8461,4513.0179,0.0636,0
2493,1,4512.3127,4513.5348,4514.2294,0.3870,0
2493,0,4512.3127,4513.5348,4515.0601,0.0654,0
2494,1,4514.3207,4515.5354,4515.8280,0.0809,0
2494,0,4514.3207,4515.5354,4516.6401,0.1470,0
2495,1,4517.2616,4518.4266,4518.9933,0.2931,0
2495,0,4517.2616,4518.4266,4519.7584,0.0857,0
2496,1,4519.1972,4520.9563,4521.2048,0.0594,0
2496,0,4519.1972,4520.9563,4522.1061,0.0381,0
2497,1,4521.2691,4522.6763,4522.9499,0.0997,0
2497,0,4521.2691,4522.6763,4523.7751,0.1153,0
2498,1,4523.0906,4524.4772,4524.7809,0.0952,0
2498,0,4523.0906,4524.4772,4525.6000,0.1919,0
2499,1,4524.9978,4526.2184,4526.5626,0.1323,0
2499,0,4524.9978,4526.2184,4527.4397,0.0414,0
2500,1,4526.6279,4527.8292,4528.3704,0.3592,0
2500,0,4526.6279,4527.8292,4529.4235,0.0480,0
2501,1,4528.4444,4529.6411,4529.9815,0.0739,0
2501,0,4528.4444,4529.6411,4530.7909,0.1015,0
2502,1,4530.1265,4531.4188,4531.6974,0.0743,0
2502,0,4530.1265,4531.4188,4532.4879,0.0528,0
2503,1,4531.8272,4532.9767,4533.5374,0.3736,0
2503,0,4531.8272,4532.9767,4534.3437,0.0424,0
2504,1,4533.6061,4534.8079,4535.0787,0.0996,0
2504,0,4533.6061,4534.8079,4535.8744,0.2185,0
2505,1,4535.3234,4536.5218,4536.8086,0.0980,0
2505,0,4535.3234,4536.5218,4537.6050,0.0373,0
2506,1,4536.8725,4538.0692,4538.3715,0.0946,0
2506,0,4536.8725,4538.0692,4539.1852,0.1910,0
2507,1,4538.5857,4539.8003,4540.0683,0.0901,0
2507,0,4538.5857,4539.8003,4540.8537,0.0358,0
2508,1,4540.1308,4541.4064,4541.9479,0.3634,0
2508,0,4540.1308,4541.4064,4542.7462,0.0374,0
2509,1,4542.0116,4543.2179,4543.4904,0.0970,0
2509,0,4542.0116,4543.2179,4544.3077,0.2075,0
2510,1,4543.7250,4544.9459,4545.3804,0.0963,0
2510,0,4543.7250,4544.9459,4546.2133,0.0670,0
2511,1,4545.4702,4546.7272,4547.4021,0.4717,0
2511,0,4545.4702,4546.7272,4548.1923,0.0430,0
2512,1,4547.4968,4548.7020,4548.9716,0.0961,0
2512,0,4547.4968,4548.7020,4549.7534,0.2569,0
2513,1,4549.2547,4550.4808,4550.7750,0.0974,0
2513,0,4549.2547,4550.4808,4551.5621,0.0371,0
2514,1,4550.8381,4552.0401,4552.3039,0.0957,0
2514,0,4550.8381,4552.0401,4553.0823,0.2043,0
2515,1,4552.5331,4553.9649,4554.2369,0.0959,0
2515,0,4552.5331,4553.9649,4555.0352,0.1927,0
2516,1,4554.4569,4555.6835,4555.9542,0.1010,0
2516,0,4554.4569,4555.6835,4556.7442,0.1289,0
2517,1,4556.1080,4557.4960,4557.8490,0.0982,0
2517,0,4556.1080,4557.4960,4558.6866,0.1603,0
2518,1,4558.0737,4559.3592,4559.6954,0.0752,0
2518,0,4558.0737,4559.3592,4560.4822,0.0434,0
2519,1,4559.7605,4560.9181,4561.6919,0.3732,0
2519,0,4559.7605,4560.9181,4562.5536,0.0445,0
2520,1,4561.7845,4563.0729,4563.3647,0.0786,0
2520,0,4561.7845,4563.0729,4564.1782,0.1898,0
2521,1,4563.5980,4564.8297,4565.1107,0.0732,0
2521,0,4563.5980,4564.8297,4565.8898,0.0440,0
2522,1,4565.1789,4566.3684,4566.9325,0.3510,0
2522,0,4565.1789,4566.3684,4567.7243,0.0551,0
2523,1,4567.0281,4568.2513,4568.5287,0.0732,0
2523,0,4567.0281,4568.2513,4569.3248,0.1755,0
2524,1,4568.7439,4570.0041,4570.3691,0.0666,0
2524,0,4568.7439,4570.0041,4571.1814,0.0575,0
2525,1,4570.4604,4571.8641,4572.1510,0.0718,0
2525,0,4570.4604,4571.8641,4572.9531,0.1892,0
2526,1,4572.3910,4573.6509,4574.1039,0.2586,0
2526,0,4572.3910,4573.6509,4574.9130,0.1470,0
2527,1,4574.3051,4575.5912,4575.8662,0.0727,0
2527,0,4574.3051,4575.5912,4576.9665,0.0517,0
2528,1,4575.9620,4577.3963,4577.9707,0.3563,0
2528,0,4575.9620,4577.3963,4578.7806,0.0516,0
2529,1,4578.0676,4579.2951,4579.5677,0.0673,0
2529,0,4578.0676,4579.2951,4580.3721,0.1989,0
2530,1,4579.7980,4581.0827,4581.3690,0.0747,0
2530,0,4579.7980,4581.0827,4582.1816,0.0433,0
2531,1,4581.4579,4582.6883,4582.9668,0.0775,0
2531,0,4581.4579,4582.6883,4583.7744,0.1902,0
2532,1,4583.2127,4584.4666,4584.8003,0.0722,0
2532,0,4583.2127,4584.4666,4585.6006,0.0446,0
2533,1,4584.8883,4586.2808,4586.5590,0.0755,0
2533,0,4584.8883,4586.2808,4587.4564,0.0581,0
2534,1,4586.6778,4588.1425,4588.4371,0.0742,0
2534,0,4586.6778,4588.1425,4589.2857,0.1636,0
2535,1,4588.6505,4590.2832,4590.7000,0.2134,0
2535,0,4588.6505,4590.2832,4591.5448,0.2111,0
2536,1,4590.9529,4592.1917,4592.5010,0.0845,0
2536,0,4590.9529,4592.1917,4593.3790,0.0420,0
2537,1,4592.5750,4593.8174,4594.1456,0.0893,0
2537,0,4592.5750,4593.8174,4594.9693,0.1630,0
2538,1,4594.3344,4595.5474,4595.8670,0.0962,0
2538,0,4594.3344,4595.5474,4596.6913,0.0355,0
2539,1,4595.9289,4597.1231,4597.7030,0.3685,0
2539,0,4595.9289,4597.1231,4598.5695,0.0432,0
2540,1,4597.7711,4598.9759,4599.2506,0.0964,0
2540,0,4597.7711,4598.9759,4600.0666,0.1851,0
2541,1,4599.4625,4600.6567,4600.9287,0.0964,0
2541,0,4599.4625,4600.6567,4601.7293,0.0355,0
2542,1,4600.9894,4602.1860,4602.4756,0.0982,0
2542,0,4600.9894,4602.1860,4603.2719,0.2031,0
2543,1,4602.7057,4603.9046,4604.2421,0.0915,0
2543,0,4602.7057,4603.9046,4605.0355,0.0466,0
2544,1,4604.3139,4605.6796,4605.9492,0.0988,0
2544,0,4604.3139,4605.6796,4606.7488,0.0850,0
2545,1,4606.0605,4607.4316,4607.7259,0.0960,0
2545,0,4606.0605,4607.4316,4608.5657,0.2726,0
2546,1,4608.0249,4609.2486,4609.5261,0.0957,0
2546,0,4608.0249,4609.2486,4610.3281,0.0360,0
2547,1,4609.5883,4610.7826,4611.3309,0.3731,0
2547,0,4609.5883,4610.7826,4612.1344,0.0390,0
2548,1,4611.3957,4612.5949,4612.8632,0.0974,0
2548,0,4611.3957,4612.5949,4613.6566,0.2398,0
2549,1,4613.1279,4614.3265,4614.6012,0.0980,0
2549,0,4613.1279,4614.3265,4615.3920,0.0345,0
2550,1,4614.6613,4615.8671,4616.1493,0.0871,0
2550,0,4614.6613,4615.8671,4616.9291,0.2771,0
2551,1,4616.4526,4617.6586,4618.0049,0.0936,0
2551,0,4616.4526,4617.6586,4618.7909,0.0363,0
2552,1,4618.0672,4619.2678,4619.8484,0.3685,0
2552,0,4618.0672,4619.2678,4620.6566,0.1702,0
2553,1,4620.0475,4621.3041,4621.5976,0.0980,0
2553,0,4620.0475,4621.3041,4622.3880,0.1934,0
2554,1,4621.8143,4623.0145,4623.2906,0.0988,0
2554,0,4621.8143,4623.0145,4624.1030,0.0371,0
2555,1,4623.3530,4624.7340,4625.0298,0.0936,0
2555,0,4623.3530,4624.7340,4625.8220,0.2229,0
2556,1,4625.2745,4626.4830,4626.7555,0.0951,0
2556,0,4625.2745,4626.4830,4627.5376,0.3423,0
2557,1,4627.1521,4628.3569,4628.6399,0.0952,0
2557,0,4627.1521,4628.3569,4629.4258,0.0362,0
2558,1,4628.7002,4629.8986,4630.1667,0.0952,0
2558,0,4628.7002,4629.8986,4630.9485,0.1924,0
2559,1,4630.3828,4631.6269,4631.9151,0.0952,0
2559,0,4630.3828,4631.6269,4632.6957,0.0364,0
2560,1,4631.9769,4633.1820,4633.7171,0.3618,0
2560,0,4631.9769,4633.1820,4634.5067,0.0362,0
2561,1,4633.7775,4634.9737,4635.2537,0.0991,0
2561,0,4633.7775,4634.9737,4636.0304,0.1672,0
2562,1,4635.4454,4636.6422,4636.9186,0.0991,0
2562,0,4635.4454,4636.6422,4637.6933,0.0364,0
2563,1,4636.9788,4638.1872,4638.4564,0.0918,0
2563,0,4636.9788,4638.1872,4639.2677,0.1840,0
2564,1,4638.6659,4639.8932,4640.2287,0.0987,0
2564,0,4638.6659,4639.8932,4641.0066,0.0372,0
2565,1,4640.3088,4641.5298,4642.0835,0.3603,0
2565,0,4640.3088,4641.5298,4642.8597,0.0421,0
2566,1,4642.1671,4643.3827,4643.6556,0.0951,0
2566,0,4642.1671,4643.3827,4644.4852,0.1836,0
2567,1,4643.8808,4645.0844,4645.4266,0.0860,0
2567,0,4643.8808,4645.0844,4646.2213,0.0474,0
2568,1,4645.5101,4646.8613,4647.1897,0.0651,0
2568,0,4645.5101,4646.8613,4647.9918,0.1350,0
2569,1,4647.3492,4648.5583,4648.9885,0.2391,0
2569,0,4647.3492,4648.5583,4650.0046,0.2201,0
2570,1,4649.2467,4650.5627,4650.9157,0.0733,0
2570,0,4649.2467,4650.5627,4651.7998,0.0488,0
2571,1,4651.0148,4652.1759,4652.4880,0.0714,0
2571,0,4651.0148,4652.1759,4653.3436,0.2206,0
2572,1,4652.7532,4654.1994,4654.7413,0.2773,0
2572,0,4652.7532,4654.1994,4655.6018,0.0726,0
2573,1,4654.8397,4656.0723,4656.4953,0.2327,0
2573,0,4654.8397,4656.0723,4657.3115,0.0412,0
2574,1,4656.5628,4657.9754,4658.2743,0.0975,0
2574,0,4656.5628,4657.9754,4659.0743,0.1907,0
2575,1,4658.4919,4659.6991,4659.9825,0.0959,0
2575,0,4658.4919,4659.6991,4660.7774,0.0370,0
2576,1,4660.0458,4661.2514,4661.6611,0.2345,0
2576,0,4660.0458,4661.2514,4662.4665,0.0416,0
2577,1,4661.7289,4662.9512,4663.2274,0.0944,0
2577,0,4661.7289,4662.9512,4664.0139,0.3009,0
2578,1,4663.5550,4664.7686,4665.0520,0.1009,0
2578,0,4663.5550,4664.7686,4665.8431,0.1084,0
2579,1,4665.1858,4666.4020,4666.9273,0.3577,0
2579,0,4665.1858,4666.4020,4667.7135,0.0371,0
2580,1,4666.9899,4668.1885,4668.4995,0.0920,0
2580,0,4666.9899,4668.1885,4669.2711,0.1327,0
2581,1,4668.6568,4669.9058,4670.2238,0.0958,0
2581,0,4668.6568,4669.9058,4671.0105,0.0435,0
2582,1,4670.2974,4671.5200,4671.8159,0.0995,0
2582,0,4670.2974,4671.5200,4672.6029,0.2030,0
2583,1,4672.0456,4673.2554,4673.5575,0.0953,0
2583,0,4672.0456,4673.2554,4674.3704,0.0358,0
2584,1,4673.6204,4674.8318,4675.3678,0.3565,0
2584,0,4673.6204,4674.8318,4676.1490,0.0397,0
2585,1,4675.4329,4676.6301,4676.9052,0.1046,0
2585,0,4675.4329,4676.6301,4677.6829,0.1692,0
2586,1,4677.1005,4678.3047,4678.5790,0.0973,0
2586,0,4677.1005,4678.3047,4679.3746,0.0356,0
2587,1,4678.6406,4679.8418,4680.1142,0.0963,0
2587,0,4678.6406,4679.8418,4680.9000,0.2289,0
2588,1,4680.3675,4681.5694,4681.9124,0.0958,0
2588,0,4680.3675,4681.5694,4682.6855,0.0354,0
2589,1,4681.9751,4683.1790,4683.7164,0.3571,0
2589,0,4681.9751,4683.1790,4684.4930,0.0383,0
2590,1,4683.7803,4684.9752,4685.2540,0.0983,0
2590,0,4683.7803,4684.9752,4686.0254,0.1703,0
2591,1,4685.4505,4686.6481,4687.0873,0.0817,0
2591,0,4685.4505,4686.6481,4687.9036,0.1931,0
2592,1,4687.3120,4688.5806,4689.3884,0.4365,0
2592,0,4687.3120,4688.5806,4690.2447,0.0446,0
2593,1,4689.4569,4690.8379,4691.1459,0.0943,0
2593,0,4689.4569,4690.8379,4691.9396,0.1907,0
2594,1,4691.3625,4692.5616,4692.8421,0.0974,0
2594,0,4691.3625,4692.5616,4693.6227,0.0367,0
2595,1,4692.9039,4694.1012,4694.6448,0.3651,0
2595,0,4692.9039,4694.1012,4695.4451,0.0388,0
2596,1,4694.7092,4695.9104,4696.1853,0.0978,0
2596,0,4694.7092,4695.9104,4696.9560,0.2554,0
2597,1,4696.4657,4697.7152,4697.9975,0.0949,0
2597,0,4696.4657,4697.7152,4698.7745,0.0372,0
2598,1,4698.0611,4699.2622,4699.5500,0.1016,0
2598,0,4698.0611,4699.2622,4700.3278,0.2095,0
2599,1,4699.7865,4700.9864,4701.2565,0.0982,0
2599,0,4699.7865,4700.9864,4702.0300,0.0928,0
2600,1,4701.3757,4702.5717,4703.1226,0.3577,0
2600,0,4701.3757,4702.5717,4703.9003,0.0464,0
2601,1,4703.2203,4704.4216,4704.7036,0.0981,0
2601,0,4703.2203,4704.4216,4705.5056,0.1597,0
2602,1,4704.8889,4706.1606,4706.4333,0.0982,0
2602,0,4704.8889,4706.1606,4707.2512,0.0478,0
2603,1,4706.5061,4707.8729,4708.1680,0.0962,0
2603,0,4706.5061,4707.8729,4708.9618,0.2044,0
2604,1,4708.3995,4709.5940,4709.8615,0.0960,0
2604,0,4708.3995,4709.5940,4710.6584,0.0357,0
2605,1,4709.9227,4711.2394,4711.6429,0.2254,0
2605,0,4709.9227,4711.2394,4712.4676,0.0485,0
2606,1,4711.7157,4712.9193,4713.1933,0.0967,0
2606,0,4711.7157,4712.9193,4713.9880,0.1957,0
2607,1,4713.4153,4714.6155,4714.8927,0.0979,0
2607,0,4713.4153,4714.6155,4715.6780,0.0381,0
2608,1,4714.9550,4716.2054,4716.5144,0.0907,0
2608,0,4714.9550,4716.2054,4717.3168,0.1780,0
2609,1,4716.7180,4717.9224,4718.2777,0.1017,0
2609,0,4716.7180,4717.9224,4719.1630,0.0505,0
2610,1,4718.3745,4719.6549,4719.9309,0.0936,0
2610,0,4718.3745,4719.6549,4720.7758,0.0754,0
2611,1,4720.0311,4721.3147,4722.3071,0.6672,0
2611,0,4720.0311,4721.3147,4723.1431,0.0530,0
2612,1,4722.3925,4723.6388,4724.0757,0.2665,0
2612,0,4722.3925,4723.6388,4724.8706,0.1914,0
2613,1,4724.2942,4725.5029,4725.9170,0.2344,0
2613,0,4724.2942,4725.5029,4726.6991,0.0435,0
2614,1,4725.9867,4727.1874,4727.4581,0.0970,0
2614,0,4725.9867,4727.1874,4728.2325,0.2896,0
2615,1,4727.7743,4728.9833,4729.2868,0.1127,0
2615,0,4727.7743,4728.9833,4730.0841,0.0433,0
2616,1,4729.3597,4730.6681,4730.9360,0.0968,0
2616,0,4729.3597,4730.6681,4731.7184,0.0933,0
2617,1,4731.0531,4732.2492,4732.5193,0.0992,0
2617,0,4731.0531,4732.2492,4733.4364,0.1917,0
2618,1,4732.7365,4733.9369,4734.2254,0.0991,0
2618,0,4732.7365,4733.9369,4735.0052,0.0367,0
2619,1,4734.2875,4735.4840,4735.7780,0.1001,0
2619,0,4734.2875,4735.4840,4736.5701,0.2204,0
2620,1,4736.0255,4737.2273,4737.5633,0.0973,0
2620,0,4736.0255,4737.2273,4738.3410,0.0354,0
2621,1,4737.6244,4738.8181,4739.3641,0.3603,0
2621,0,4737.6244,4738.8181,4740.1495,0.0363,0
2622,1,4739.4257,4740.8010,4741.0967,0.0959,0
2622,0,4739.4257,4740.8010,4741.8775,0.2581,0
2623,1,4741.3809,4742.5965,4742.8817,0.0974,0
2623,0,4741.3809,4742.5965,4743.6640,0.0378,0
2624,1,4742.9439,4744.1674,4744.7076,0.3700,0
2624,0,4742.9439,4744.1674,4745.4942,0.0369,0
2625,1,4744.7694,4745.9698,4746.2424,0.0989,0
2625,0,4744.7694,4745.9698,4747.0208,0.1667,0
2626,1,4746.4356,4747.6416,4747.9254,0.0962,0
2626,0,4746.4356,4747.6416,4748.7037,0.0447,0
2627,1,4747.9960,4749.1998,4749.9648,0.4353,0
2627,0,4747.9960,4749.1998,4750.7483,0.1725,0
2628,1,4750.1693,4751.4098,4751.6905,0.0920,0
2628,0,4750.1693,4751.4098,4752.4846,0.2414,0
2629,1,4751.9591,4753.1706,4753.5172,0.0966,0
2629,0,4751.9591,4753.1706,4754.3069,0.3031,0
2630,1,4753.8448,4755.0695,4755.3700,0.0972,0
2630,0,4753.8448,4755.0695,4756.1513,0.1895,0
2631,1,4755.5851,4756.9015,4757.3598,0.2731,0
2631,0,4755.5851,4756.9015,4758.1440,0.1600,0
2632,1,4757.5469,4758.7508,4759.0237,0.0976,0
2632,0,4757.5469,4758.7508,4759.8052,0.0361,0
2633,1,4759.0865,4760.2975,4760.5965,0.0969,0
2633,0,4759.0865,4760.2975,4761.3831,0.2000,0
2634,1,4760.8211,4762.0217,4762.3011,0.0952,0
2634,0,4760.8211,4762.0217,4763.0795,0.0376,0
2635,1,4762.3619,4763.5633,4764.0900,0.3474,0
2635,0,4762.3619,4763.5633,4764.8724,0.0435,0
2636,1,4764.1572,4765.4666,4765.7352,0.0879,0
2636,0,4764.1572,4765.4666,4766.5201,0.1848,0
2637,1,4765.9438,4767.1425,4767.4192,0.0945,0
2637,0,4765.9438,4767.1425,4768.2006,0.0410,0
2638,1,4767.4832,4768.6823,4768.9684,0.0944,0
2638,0,4767.4832,4768.6823,4769.7470,0.2096,0
2639,1,4769.2006,4770.4109,4770.7524,0.0941,0
2639,0,4769.2006,4770.4109,4771.5558,0.0403,0
2640,1,4770.8153,4772.0359,4772.5840,0.3726,0
2640,0,4770.8153,4772.0359,4773.3621,0.0368,0
2641,1,4772.6453,4774.0306,4774.3523,0.0957,0
2641,0,4772.6453,4774.0306,4775.1550,0.2501,0
2642,1,4774.6261,4775.8305,4776.1014,0.0926,0
2642,0,4774.6261,4775.8305,4776.8839,0.0383,0
2643,1,4776.1656,4777.3676,4777.9021,0.3604,0
2643,0,4776.1656,4777.3676,4778.6857,0.0360,0
2644,1,4777.9637,4779.1798,4779.4529,0.0997,0
2644,0,4777.9637,4779.1798,4780.2316,0.2617,0
2645,1,4779.7408,4780.9370,4781.2208,0.0961,0
2645,0,4779.7408,4780.9370,4782.0015,0.0368,0
2646,1,4781.3072,4782.5115,4782.8201,0.1016,0
2646,0,4781.3072,4782.5115,4783.5995,0.1880,0
2647,1,4783.0338,4784.2335,4784.5121,0.0973,0
2647,0,4783.0338,4784.2335,4785.3057,0.0380,0
2648,1,4784.5760,4785.7786,4786.3372,0.3673,0
2648,0,4784.5760,4785.7786,4787.1106,0.0388,0
2649,1,4786.4015,4787.8067,4788.0840,0.1008,0
2649,0,4786.4015,4787.8067,4788.8656,0.1900,0
2650,1,4788.2985,4789.5165,4789.9056,0.2149,0
2650,0,4788.2985,4789.5165,4790.6865,0.0353,0
2651,1,4789.9663,4791.3964,4791.6876,0.0990,0
2651,0,4789.9663,4791.3964,4792.4782,0.1962,0
2652,1,4791.9106,4793.1092,4793.3794,0.0959,0
2652,0,4791.9106,4793.1092,4794.1620,0.2881,0
2653,1,4793.6928,4794.9546,4795.2384,0.0920,0
2653,0,4793.6928,4794.9546,4796.1934,0.0362,0
2654,1,4795.2997,4796.5076,4796.9604,0.1228,0
2654,0,4795.2997,4796.5076,4797.7855,0.1366,0
2655,1,4797.1290,4798.3992,4798.7628,0.0928,0
2655,0,4797.1290,4798.3992,4799.5548,0.0367,0
2656,1,4798.8262,4800.0297,4800.5733,0.3634,0
2656,0,4798.8262,4800.0297,4801.4092,0.0444,0
2657,1,4800.6443,4801.8663,4802.1349,0.0953,0
2657,0,4800.6443,4801.8663,4802.9246,0.1903,0
2658,1,4802.3557,4803.5541,4803.9891,0.2217,0
2658,0,4802.3557,4803.5541,4804.7748,0.0411,0
2659,1,4804.0543,4805.2577,4805.8023,0.3679,0
2659,0,4804.0543,4805.2577,4806.5873,0.0379,0
2660,1,4805.8656,4807.2384,4807.5121,0.0963,0
2660,0,4805.8656,4807.2384,4808.3010,0.1825,0
2661,1,4807.7209,4808.9252,4809.1948,0.0968,0
2661,0,4807.7209,4808.9252,4809.9938,0.0361,0
2662,1,4809.2571,4810.4547,4810.7521,0.0941,0
2662,0,4809.2571,4810.4547,4811.5357,0.2148,0
2663,1,4811.0054,4812.2392,4812.5671,0.0942,0
2663,0,4811.0054,4812.2392,4813.3627,0.0441,0
2664,1,4812.6352,4813.9831,4814.4002,0.2268,0
2664,0,4812.6352,4813.9831,4815.2567,0.0393,0
2665,1,4814.4640,4815.6677,4815.9485,0.0927,0
2665,0,4814.4640,4815.6677,4816.7374,0.1872,0
2666,1,4816.1611,4817.3699,4817.6409,0.0939,0
2666,0,4816.1611,4817.3699,4818.4263,0.0371,0
2667,1,4817.7082,4818.9765,4819.2663,0.0941,0
2667,0,4817.7082,4818.9765,4820.0520,0.2045,0
2668,1,4819.4952,4820.8419,4821.1151,0.0942,0
2668,0,4819.4952,4820.8419,4821.8977,0.5077,0
2669,1,4821.6449,4822.9683,4823.2688,0.1138,0
2669,0,4821.6449,4822.9683,4824.0636,0.0355,0
2670,1,4823.3286,4824.7399,4825.0617,0.0985,0
2670,0,4823.3286,4824.7399,4825.8649,0.2134,0
2671,1,4825.3023,4826.5258,4826.7967,0.0979,0
2671,0,4825.3023,4826.5258,4827.6134,0.2505,0
2672,1,4827.0869,4828.4078,4828.6935,0.0838,0
2672,0,4827.0869,4828.4078,4829.4979,0.0363,0
2673,1,4828.7554,4829.9625,4830.2260,0.0934,0
2673,0,4828.7554,4829.9625,4831.0303,0.2927,0
2674,1,4830.5454,4831.7619,4832.0660,0.0914,0
2674,0,4830.5454,4831.7619,4832.8651,0.0465,0
2675,1,4832.1384,4833.4965,4833.7609,0.0981,0
2675,0,4832.1384,4833.4965,4834.5605,0.0829,0
2676,1,4833.8687,4835.0716,4835.3464,0.0947,0
2676,0,4833.8687,4835.0716,4836.1437,0.1829,0
2677,1,4835.5541,4836.7507,4837.0229,0.0969,0
2677,0,4835.5541,4836.7507,4837.8135,0.0358,0
2678,1,4837.0847,4838.2928,4838.5999,0.0973,0
2678,0,4837.0847,4838.2928,4839.4276,0.2394,0
2679,1,4838.8651,4840.0991,4840.4156,0.1146,0
2679,0,4838.8651,4840.0991,4841.2298,0.1340,0
2680,1,4840.5737,4841.8438,4842.1691,0.0977,0
2680,0,4840.5737,4841.8438,4843.0112,0.0403,0
2681,1,4842.2478,4843.3985,4843.6750,0.0930,0
2681,0,4842.2478,4843.3985,4844.4672,0.1816,0
2682,1,4843.8836,4845.0905,4845.3674,0.0961,0
2682,0,4843.8836,4845.0905,4846.1502,0.0354,0
2683,1,4845.4280,4846.6257,4846.9157,0.0970,0
2683,0,4845.4280,4846.6257,4847.6983,0.2085,0
2684,1,4847.1513,4848.3656,4848.7744,0.0883,0
2684,0,4847.1513,4848.3656,4849.5655,0.0476,0
2685,1,4848.8643,4850.1905,4850.4812,0.0862,0
2685,0,4848.8643,4850.1905,4851.3407,0.0571,0
2686,1,4850.5653,4851.7723,4852.0435,0.0947,0
2686,0,4850.5653,4851.7723,4852.8217,0.2852,0
2687,1,4852.3553,4853.7092,4853.9874,0.0945,0
2687,0,4852.3553,4853.7092,4854.7803,0.1871,0
2688,1,4854.2059,4855.4263,4855.9733,0.3808,0
2688,0,4854.2059,4855.4263,4856.7631,0.0379,0
2689,1,4856.0368,4857.6299,4857.9124,0.1107,0
2689,0,4856.0368,4857.6299,4858.7171,0.0829,0
2690,1,4858.0221,4859.2482,4859.5192,0.0993,0
2690,0,4858.0221,4859.2482,4860.3278,0.0375,0
2691,1,4859.6070,4860.8050,4861.3500,0.3624,0
2691,0,4859.6070,4860.8050,4862.1493,0.0410,0
2692,1,4861.4164,4862.6251,4862.8921,0.0954,0
2692,0,4861.4164,4862.6251,4863.6872,0.1903,0
2693,1,4863.1088,4864.3091,4864.5816,0.1005,0
2693,0,4863.1088,4864.3091,4865.3746,0.0364,0
2694,1,4864.6432,4865.8428,4866.1290,0.0995,0
2694,0,4864.6432,4865.8428,4866.8823,0.2113,0
2695,1,4866.3625,4867.5198,4867.8076,0.0926,0
2695,0,4866.3625,4867.5198,4868.5957,0.0416,0
2696,1,4867.8750,4869.0793,4869.6292,0.3539,0
2696,0,4867.8750,4869.0793,4870.4157,0.0405,0
2697,1,4869.6940,4870.8984,4871.1760,0.0942,0
2697,0,4869.6940,4870.8984,4871.9571,0.2386,0
2698,1,4871.4379,4872.6370,4872.9150,0.1029,0
2698,0,4871.4379,4872.6370,4873.6946,0.0366,0
2699,1,4872.9757,4874.3635,4874.6806,0.0852,0
2699,0,4872.9757,4874.3635,4875.4817,0.1975,0
2700,1,4874.9241,4876.1414,4876.5059,0.0752,0
2700,0,4874.9241,4876.1414,4877.3230,0.0523,0
2701,1,4876.5824,4877.8982,4878.3453,0.2240,0
2701,0,4876.5824,4877.8982,4879.2065,0.0430,0
2702,1,4878.4232,4879.6486,4880.2828,0.3720,0
2702,0,4878.4232,4879.6486,4881.0681,0.0431,0
2703,1,4880.3627,4881.5230,4881.8988,0.0896,0
2703,0,4880.3627,4881.5230,4882.7164,0.0408,0
2704,1,4881.9595,4883.1174,4883.7013,0.3504,0
2704,0,4881.9595,4883.1174,4884.4864,0.0401,0
2705,1,4883.7696,4884.9737,4885.2394,0.0916,0
2705,0,4883.7696,4884.9737,4886.0203,0.1721,0
2706,1,4885.4393,4886.6420,4886.9100,0.0975,0
2706,0,4885.4393,4886.6420,4887.6659,0.0436,0
2707,1,4886.9760,4888.2915,4889.0759,0.5779,0
2707,0,4886.9760,4888.2915,4889.8616,0.0399,0
2708,1,4889.1430,4890.5591,4890.8329,0.0635,0
2708,0,4889.1430,4890.5591,4891.6288,0.1372,0
2709,1,4891.0086,4892.2947,4892.6887,0.1888,0
2709,0,4891.0086,4892.2947,4893.4962,0.0425,0
2710,1,4892.7773,4894.1846,4894.7354,0.3372,0
2710,0,4892.7773,4894.1846,4895.5366,0.0426,0
2711,1,4894.8234,4896.0514,4896.3175,0.0684,0
2711,0,4894.8234,4896.0514,4897.1151,0.1590,0
2712,1,4896.5122,4897.7682,4898.0385,0.0672,0
2712,0,4896.5122,4897.7682,4898.8347,0.0457,0
2713,1,4898.1298,4899.3656,4899.6499,0.0643,0
2713,0,4898.1298,4899.3656,4900.4481,0.1762,0
2714,1,4899.8653,4901.0876,4901.3928,0.0673,0
2714,0,4899.8653,4901.0876,4902.1612,0.0425,0
2715,1,4901.4645,4902.6456,4903.1966,0.3531,0
2715,0,4901.4645,4902.6456,4903.9902,0.0416,0
2716,1,4903.2624,4904.4667,4904.7338,0.0877,0
2716,0,4903.2624,4904.4667,4905.5856,0.1771,0
2717,1,4904.9354,4906.1381,4906.4269,0.0934,0
2717,0,4904.9354,4906.1381,4907.2242,0.0445,0
2718,1,4906.4950,4907.8697,4908.1588,0.0875,0
2718,0,4906.4950,4907.8697,4908.9531,0.1770,0
2719,1,4908.3587,4909.5622,4909.8296,0.0864,0
2719,0,4908.3587,4909.5622,4910.6528,0.0360,0
2720,1,4909.8907,4911.2151,4911.6120,0.2166,0
2720,0,4909.8907,4911.2151,4912.4531,0.0443,0
2721,1,4911.6807,4912.8807,4913.1538,0.0960,0
2721,0,4911.6807,4912.8807,4913.9447,0.2979,0
2722,1,4913.4734,4914.6750,4914.9529,0.0910,0
2722,0,4913.4734,4914.6750,4915.7430,0.0362,0
2723,1,4915.0141,4916.2161,4916.7451,0.3557,0
2723,0,4915.0141,4916.2161,4917.5330,0.0411,0
2724,1,4916.8086,4918.0146,4918.2852,0.0899,0
2724,0,4916.8086,4918.0146,4919.0678,0.0416,0
2725,1,4918.3494,4919.5522,4920.0013,0.2249,0
2725,0,4918.3494,4919.5522,4921.0676,0.1779,0
2726,1,4920.2243,4921.4859,4921.7679,0.0627,0
2726,0,4920.2243,4921.4859,4922.5285,0.2605,0
2727,1,4922.0484,4923.2143,4923.4842,0.0787,0
2727,0,4922.0484,4923.2143,4924.2682,0.0868,0
2728,1,4923.5965,4924.8101,4925.3595,0.3502,0
2728,0,4923.5965,4924.8101,4926.1095,0.0477,0
2729,1,4925.4676,4926.6864,4926.9652,0.0732,0
2729,0,4925.4676,4926.6864,4927.7500,0.1564,0
2730,1,4927.1654,4928.4373,4928.7169,0.0683,0
2730,0,4927.1654,4928.4373,4929.4990,0.0441,0
2731,1,4928.7966,4930.1969,4930.4821,0.0731,0
2731,0,4928.7966,4930.1969,4931.2731,0.1787,0
2732,1,4930.6992,4931.9386,4932.2141,0.0719,0
2732,0,4930.6992,4931.9386,4932.9956,0.3031,0
2733,1,4932.5596,4933.8357,4934.1135,0.0648,0
2733,0,4932.5596,4933.8357,4934.9007,0.0417,0
2734,1,4934.1998,4935.4238,4935.7064,0.0714,0
2734,0,4934.1998,4935.4238,4936.5348,0.1871,0
2735,1,4935.9531,4937.1805,4937.4956,0.0824,0
2735,0,4935.9531,4937.1805,4938.3147,0.0448,0
2736,1,4937.5645,4938.7953,4939.3638,0.3561,0
2736,0,4937.5645,4938.7953,4940.1508,0.0464,0
2737,1,4939.4331,4940.8056,4941.0741,0.0873,0
2737,0,4939.4331,4940.8056,4941.8609,0.2838,0
2738,1,4941.3820,4942.5891,4942.8656,0.0861,0
2738,0,4941.3820,4942.5891,4943.6541,0.0364,0
2739,1,4942.9258,4944.1340,4944.6593,0.3557,0
2739,0,4942.9258,4944.1340,4945.4498,0.0381,0
2740,1,4944.7212,4945.9250,4946.1944,0.0929,0
2740,0,4944.7212,4945.9250,4946.9839,0.2483,0
2741,1,4946.4693,4947.7167,4947.9836,0.0866,0
2741,0,4946.4693,4947.7167,4948.7681,0.0364,0
2742,1,4948.0435,4949.2460,4949.5960,0.0765,0
2742,0,4948.0435,4949.2460,4950.3814,0.1200,0
2743,1,4949.7390,4950.8869,4951.1710,0.0977,0
2743,0,4949.7390,4950.8869,4951.9510,0.0427,0
2744,1,4951.2412,4952.4503,4953.0766,0.3475,0
2744,0,4951.2412,4952.4503,4953.8899,0.0448,0
2745,1,4953.1466,4954.5455,4955.4552,0.6669,0
2745,0,4953.1466,4954.5455,4956.2488,0.0412,0
2746,1,4955.5187,4956.7236,4957.0186,0.0905,0
2746,0,4955.5187,4956.7236,4957.8022,0.1723,0
2747,1,4957.2154,4958.4869,4958.7484,0.0881,0
2747,0,4957.2154,4958.4869,4959.5341,0.1009,0
2748,1,4958.8734,4960.0794,4960.3457,0.0853,0
2748,0,4958.8734,4960.0794,4961.1216,0.2735,0
2749,1,4960.6437,4961.8530,4962.1345,0.0846,0
2749,0,4960.6437,4961.8530,4962.9180,0.0437,0
2750,1,4962.2009,4963.4233,4963.7190,0.0931,0
2750,0,4962.2009,4963.4233,4964.5076,0.1814,0
2751,1,4963.9245,4965.1273,4965.4068,0.0893,0
2751,0,4963.9245,4965.1273,4966.1854,0.0354,0
2752,1,4965.4682,4966.6768,4967.2017,0.3519,0
2752,0,4965.4682,4966.6768,4968.0405,0.0367,0
2753,1,4967.2652,4968.4646,4968.7307,0.0836,0
2753,0,4967.2652,4968.4646,4969.5077,0.1769,0
2754,1,4968.9343,4970.1347,4970.4125,0.0920,0
2754,0,4968.9343,4970.1347,4971.1901,0.0431,0
2755,1,4970.4818,4971.6794,4971.9463,0.0920,0
2755,0,4970.4818,4971.6794,4972.7209,0.1902,0
2756,1,4972.1628,4973.3638,4973.6696,0.0888,0
2756,0,4972.1628,4973.3638,4974.4549,0.1805,0
2757,1,4973.8763,4975.1467,4975.4170,0.0872,0
2757,0,4973.8763,4975.1467,4976.1936,0.0654,0
2758,1,4975.5091,4976.7138,4976.9715,0.0872,0
2758,0,4975.5091,4976.7138,4977.7447,0.1871,0
2759,1,4977.1844,4978.3814,4978.6517,0.0968,0
2759,0,4977.1844,4978.3814,4979.4356,0.0358,0
2760,1,4978.7132,4979.9186,4980.1724,0.0860,0
2760,0,4978.7132,4979.9186,4980.9499,0.2295,0
2761,1,4980.4275,4981.6332,4981.9971,0.0922,0
2761,0,4980.4275,4981.6332,4982.7706,0.0462,0
2762,1,4982.0672,4983.2741,4983.9192,0.3323,0
2762,0,4982.0672,4983.2741,4984.7893,0.0653,0
2763,1,4984.0062,4985.1840,4985.4561,0.0900,0
2763,0,4984.0062,4985.1840,4986.2220,0.2808,0
2764,1,4985.7644,4987.1093,4987.3952,0.0980,0
2764,0,4985.7644,4987.1093,4988.1803,0.1739,0
2765,1,4987.5951,4988.8041,4989.3651,0.3724,0
2765,0,4987.5951,4988.8041,4990.1428,0.0371,0
2766,1,4989.4278,4990.8157,4991.0840,0.0897,0
2766,0,4989.4278,4990.8157,4991.8635,0.2844,0
2767,1,4991.3936,4992.6078,4992.8909,0.0938,0
2767,0,4991.3936,4992.6078,4993.6734,0.0384,0
2768,1,4992.9537,4994.1649,4994.7154,0.3787,0
2768,0,4992.9537,4994.1649,4995.4968,0.0376,0
2769,1,4994.7777,4995.9930,4996.2565,0.0962,0
2769,0,4994.7777,4995.9930,4997.0367,0.1867,0
2770,1,4996.4717,4997.6909,4997.9638,0.0980,0
2770,0,4996.4717,4997.6909,4998.7718,0.0354,0
2771,1,4998.0244,4999.2372,4999.5076,0.0718,0
2771,0,4998.0244,4999.2372,5000.2867,0.1730,0
2772,1,4999.7079,5001.0345,5001.3629,0.0861,0
2772,0,4999.7079,5001.0345,5002.1480,0.0407,0
2773,1,5001.4278,5002.6266,5003.1567,0.3583,0
2773,0,5001.4278,5002.6266,5003.9400,0.0373,0
2774,1,5003.2197,5004.4252,5004.6913,0.0923,0
2774,0,5003.2197,5004.4252,5005.4757,0.1639,0
2775,1,5004.8816,5006.0872,5006.4959,0.2209,0
2775,0,5004.8816,5006.0872,5007.3197,0.0359,0
2776,1,5006.5571,5007.9475,5008.2475,0.0900,0
2776,0,5006.5571,5007.9475,5009.0349,0.1798,0
2777,1,5008.4523,5009.6596,5009.9210,0.0889,0
2777,0,5008.4523,5009.6596,5010.7056,0.0372,0
2778,1,5009.9840,5011.2334,5011.6239,0.2172,0
2778,0,5009.9840,5011.2334,5012.4581,0.0381,0
2779,1,5011.6872,5012.8830,5013.1446,0.0908,0
2779,0,5011.6872,5012.8830,5013.9276,0.1867,0
2780,1,5013.3791,5014.5909,5014.9131,0.0870,0
2780,0,5013.3791,5014.5909,5015.7295,0.0412,0
2781,1,5014.9857,5016.2290,5016.5156,0.0840,0
2781,0,5014.9857,5016.2290,5017.3300,0.1858,0
2782,1,5017.8651,5019.0187,5019.5453,0.3383,0
2782,0,5017.8651,5019.0187,5020.3128,0.0435,0
2783,1,5019.6960,5021.5434,5021.8125,0.0926,0
2783,0,5019.6960,5021.5434,5022.6472,0.2560,0
2784,1,5022.0953,5023.3057,5023.5937,0.0827,0
2784,0,5022.0953,5023.3057,5024.4126,0.0358,0
2785,1,5023.6562,5024.8599,5025.4202,0.3608,0
2785,0,5023.6562,5024.8599,5026.2227,0.0395,0
2786,1,5025.4855,5026.6935,5026.9597,0.0928,0
2786,0,5025.4855,5026.6935,5027.7555,0.1824,0
2787,1,5027.1689,5028.3881,5028.6654,0.0982,0
2787,0,5027.1689,5028.3881,5029.4687,0.0381,0
2788,1,5028.7288,5029.9405,5030.2045,0.0881,0
2788,0,5028.7288,5029.9405,5030.9944,0.1828,0
2789,1,5030.4156,5031.6288,5031.9227,0.0806,0
2789,0,5030.4156,5031.6288,5032.7129,0.0382,0
2790,1,5031.9860,5033.1984,5033.7209,0.3449,0
2790,0,5031.9860,5033.1984,5034.5102,0.0367,0
2791,1,5033.7840,5034.9956,5035.2599,0.0893,0
2791,0,5033.7840,5034.9956,5036.0671,0.0371,0
2792,1,5035.3225,5036.5510,5036.9587,0.2194,0
2792,0,5035.3225,5036.5510,5037.7439,0.0381,0
2793,1,5037.0222,5038.2265,5038.5120,0.0893,0
2793,0,5037.0222,5038.2265,5039.3002,0.1896,0
2794,1,5038.7263,5039.9324,5040.2348,0.0902,0
2794,0,5038.7263,5039.9324,5041.0159,0.0354,0
2795,1,5040.2962,5041.5000,5042.0253,0.3500,0
2795,0,5040.2962,5041.5000,5042.8044,0.0380,0
2796,1,5042.0898,5043.2934,5043.6298,0.0945,0
2796,0,5042.0898,5043.2934,5044.4028,0.0952,0
2797,1,5043.7469,5044.9031,5045.1739,0.0901,0
2797,0,5043.7469,5044.9031,5045.9498,0.0365,0
2798,1,5045.2361,5046.4502,5046.7623,0.0702,0
2798,0,5045.2361,5046.4502,5047.5372,0.1606,0
2799,1,5046.9495,5048.1685,5048.4391,0.0941,0
2799,0,5046.9495,5048.1685,5049.2143,0.0371,0
2800,1,5048.5017,5049.7149,5050.2711,0.3680,0
2800,0,5048.5017,5049.7149,5051.0469,0.0488,0
2801,1,5050.3463,5051.5480,5051.8192,0.0932,0
2801,0,5050.3463,5051.5480,5052.5989,0.2325,0
2802,1,5052.0760,5053.4438,5053.7062,0.0877,0
2802,0,5052.0760,5053.4438,5054.5111,0.1840,0
2803,1,5053.9168,5055.1286,5055.4250,0.0949,0
2803,0,5053.9168,5055.1286,5056.2051,0.2750,0
2804,1,5055.7243,5056.9264,5057.3905,0.2730,0
2804,0,5055.7243,5056.9264,5058.1798,0.2099,0
2805,1,5057.6269,5058.8564,5059.1139,0.0883,0
2805,0,5057.6269,5058.8564,5059.8930,0.0390,0
2806,1,5059.1775,5060.3792,5060.6825,0.0941,0
2806,0,5059.1775,5060.3792,5061.4641,0.1860,0
2807,1,5060.8947,5062.0997,5062.3744,0.0859,0
2807,0,5060.8947,5062.0997,5063.1494,0.1102,0
2808,1,5062.5106,5063.7123,5064.2306,0.3458,0
2808,0,5062.5106,5063.7123,5065.0064,0.0363,0
2809,1,5064.2922,5065.5004,5065.7613,0.0894,0
2809,0,5064.2922,5065.5004,5066.5374,0.2123,0
2810,1,5065.9994,5067.2976,5067.5762,0.0933,0
2810,0,5065.9994,5067.2976,5068.3547,0.0364,0
2811,1,5067.6382,5068.8388,5069.1188,0.0862,0
2811,0,5067.6382,5068.8388,5069.8943,0.1901,0
2812,1,5069.3343,5070.5517,5070.8808,0.0897,0
2812,0,5069.3343,5070.5517,5071.6740,0.0469,0
2813,1,5070.9536,5072.2974,5072.5683,0.0965,0
2813,0,5070.9536,5072.2974,5073.3560,0.0708,0
2814,1,5072.6647,5074.0453,5074.3200,0.1005,0
2814,0,5072.6647,5074.0453,5075.1073,0.1788,0
2815,1,5074.5248,5075.7229,5075.9875,0.0901,0
2815,0,5074.5248,5075.7229,5076.7850,0.0357,0
2816,1,5076.0486,5077.2469,5077.5355,0.0856,0
2816,0,5076.0486,5077.2469,5078.5580,0.1979,0
2817,1,5077.7582,5078.9660,5079.3061,0.0842,0
2817,0,5077.7582,5078.9660,5080.0908,0.0413,0
2818,1,5079.3749,5080.7624,5081.0305,0.0936,0
2818,0,5079.3749,5080.7624,5081.8950,0.0674,0
2819,1,5081.1243,5082.3395,5082.6023,0.0828,0
2819,0,5081.1243,5082.3395,5083.3882,0.2758,0
2820,1,5082.9051,5084.1069,5084.3998,0.0878,0
2820,0,5082.9051,5084.1069,5085.1995,0.0459,0
2821,1,5084.4706,5085.6690,5085.9482,0.0894,0
2821,0,5084.4706,5085.6690,5086.7395,0.1859,0
2822,1,5086.1597,5087.5670,5088.0801,0.3312,0
2822,0,5086.1597,5087.5670,5088.8903,0.1705,0
2823,1,5088.2726,5089.5006,5089.9036,0.2257,0
2823,0,5088.2726,5089.5006,5090.6984,0.0381,0
2824,1,5089.9906,5091.8369,5092.0944,0.0837,0
2824,0,5089.9906,5091.8369,5092.9125,0.0732,0
2825,1,5092.1926,5093.4187,5093.6854,0.0859,0
2825,0,5092.1926,5093.4187,5094.7119,0.1815,0
2826,1,5093.8922,5095.0884,5095.3679,0.0901,0
2826,0,5093.8922,5095.0884,5096.1810,0.0373,0
2827,1,5095.4298,5096.6303,5096.9054,0.0856,0
2827,0,5095.4298,5096.6303,5097.7021,0.2864,0
2828,1,5097.2155,5098.4292,5098.7095,0.0887,0
2828,0,5097.2155,5098.4292,5099.5419,0.0425,0
2829,1,5098.7762,5100.1445,5100.4107,0.0903,0
2829,0,5098.7762,5100.1445,5101.2153,0.0749,0
2830,1,5100.5088,5101.7124,5101.9786,0.0872,0
2830,0,5100.5088,5101.7124,5102.7826,0.1765,0
2831,1,5102.1796,5103.4196,5103.6879,0.0901,0
2831,0,5102.1796,5103.4196,5104.4893,0.0360,0
2832,1,5103.7473,5104.9384,5105.2214,0.0856,0
2832,0,5103.7473,5104.9384,5106.0171,0.1880,0
2833,1,5105.4325,5106.6403,5106.9290,0.0902,0
2833,0,5105.4325,5106.6403,5107.7249,0.0380,0
2834,1,5106.9897,5108.1916,5108.7161,0.3474,0
2834,0,5106.9897,5108.1916,5109.5086,0.0378,0
2835,1,5108.7772,5110.0064,5110.2887,0.0942,0
2835,0,5108.7772,5110.0064,5111.0793,0.1675,0
2836,1,5110.4803,5111.6834,5111.9534,0.0878,0
2836,0,5110.4803,5111.6834,5112.7402,0.0371,0
2837,1,5112.0134,5113.2176,5113.5586,0.0899,0
2837,0,5112.0134,5113.2176,5114.3390,0.1365,0
2838,1,5113.7165,5114.8654,5115.1409,0.0903,0
2838,0,5113.7165,5114.8654,5115.9215,0.1063,0
2839,1,5115.2728,5116.4788,5117.0077,0.3565,0
2839,0,5115.2728,5116.4788,5117.7846,0.0362,0
2840,1,5117.0698,5118.2736,5118.5414,0.0886,0
2840,0,5117.0698,5118.2736,5119.3193,0.1620,0
2841,1,5118.7298,5119.9634,5120.3654,0.0910,0
2841,0,5118.7298,5119.9634,5121.2782,0.4805,0
2842,1,5120.8783,5122.4719,5122.9765,0.2219,0
2842,0,5120.8783,5122.4719,5123.8413,0.0639,0
2843,1,5123.0662,5124.4475,5124.7356,0.0690,0
2843,0,5123.0662,5124.4475,5125.5707,0.1845,0
2844,1,5124.9583,5126.1724,5126.6802,0.1600,0
2844,0,5124.9583,5126.1724,5127.5086,0.0481,0
2845,1,5126.7645,5127.9614,5128.3672,0.2208,0
2845,0,5126.7645,5127.9614,5129.2053,0.0428,0
2846,1,5128.4521,5129.6683,5129.9377,0.0881,0
2846,0,5128.4521,5129.6683,5130.7829,0.1819,0
2847,1,5130.1593,5131.4241,5131.7934,0.0826,0
2847,0,5130.1593,5131.4241,5132.6112,0.1061,0
2848,1,5131.9249,5133.1063,5133.8105,0.3578,0
2848,0,5131.9249,5133.1063,5134.5940,0.0436,0
2849,1,5133.8856,5135.1757,5135.6925,0.0790,0
2849,0,5133.8856,5135.1757,5136.6627,0.1433,0
2850,1,5135.8576,5137.0146,5137.3338,0.0921,0
2850,0,5135.8576,5137.0146,5138.1995,0.0439,0
2851,1,5137.3985,5138.5582,5138.9929,0.0924,0
2851,0,5137.3985,5138.5582,5139.7884,0.1423,0
2852,1,5139.1560,5140.3106,5140.7749,0.2737,0
2852,0,5139.1560,5140.3106,5141.5827,0.1527,0
2853,1,5140.9548,5142.2132,5142.4861,0.0825,0
2853,0,5140.9548,5142.2132,5143.3656,0.0433,0
2854,1,5142.5551,5143.7569,5144.0366,0.0903,0
2854,0,5142.5551,5143.7569,5144.8095,0.2598,0
2855,1,5144.3199,5145.5393,5145.9739,0.0821,0
2855,0,5144.3199,5145.5393,5146.7656,0.0532,0
2856,1,5146.0632,5147.3687,5147.7743,0.2282,0
2856,0,5146.0632,5147.3687,5148.5797,0.0434,0
2857,1,5147.8441,5149.0473,5149.3134,0.0896,0
2857,0,5147.8441,5149.0473,5150.1044,0.1832,0
2858,1,5149.5243,5150.7284,5150.9972,0.0862,0
2858,0,5149.5243,5150.7284,5151.7787,0.0435,0
2859,1,5151.0669,5152.3074,5152.8412,0.3535,0
2859,0,5151.0669,5152.3074,5153.6237,0.0443,0
2860,1,5152.9115,5154.5285,5154.7919,0.0847,0
2860,0,5152.9115,5154.5285,5155.5803,0.2611,0
2861,1,5155.0802,5156.3036,5156.5764,0.0824,0
2861,0,5155.0802,5156.3036,5157.4999,0.0373,0
2862,1,5156.6404,5158.0778,5158.6055,0.3587,0
2862,0,5156.6404,5158.0778,5159.4115,0.0446,0
2863,1,5158.6769,5159.8857,5160.1503,0.0894,0
2863,0,5158.6769,5159.8857,5160.9520,0.1852,0
2864,1,5160.3625,5161.5856,5161.8487,0.0840,0
2864,0,5160.3625,5161.5856,5162.6489,0.0369,0
2865,1,5161.9120,5163.1136,5163.4092,0.0853,0
2865,0,5161.9120,5163.1136,5164.2922,0.1917,0
2866,1,5163.6289,5164.8554,5165.1286,0.0883,0
2866,0,5163.6289,5164.8554,5165.9257,0.0439,0
2867,1,5165.2002,5166.4196,5166.9852,0.3575,0
2867,0,5165.2002,5166.4196,5167.7860,0.0511,0
2868,1,5167.0820,5168.3147,5168.9366,0.3684,0
2868,0,5167.0820,5168.3147,5169.7295,0.1064,0
2869,1,5169.1466,5170.3672,5170.8996,0.1066,0
2869,0,5169.1466,5170.3672,5171.6660,0.1120,0
2870,1,5171.0336,5172.1862,5172.7440,0.3537,0
2870,0,5171.0336,5172.1862,5173.5849,0.0426,0
2871,1,5172.8121,5174.2234,5174.5701,0.0764,0
2871,0,5172.8121,5174.2234,5175.3699,0.1363,0
2872,1,5174.7315,5175.9345,5176.2031,0.0898,0
2872,0,5174.7315,5175.9345,5176.9931,0.0357,0
2873,1,5176.2648,5177.4791,5178.0255,0.3570,0
2873,0,5176.2648,5177.4791,5178.8157,0.0413,0
2874,1,5178.0912,5179.2989,5179.5645,0.0923,0
2874,0,5178.0912,5179.2989,5180.3495,0.2182,0
2875,1,5179.8096,5181.0367,5181.3826,0.0751,0
2875,0,5179.8096,5181.0367,5182.2203,0.0607,0
2876,1,5181.4995,5182.8328,5183.1376,0.0611,0
2876,0,5181.4995,5182.8328,5183.9314,0.1519,0
2877,1,5183.3692,5184.7357,5184.9817,0.0465,0
2877,0,5183.3692,5184.7357,5185.7951,0.0420,0
2878,1,5185.0730,5186.4381,5186.9321,0.1974,0
2878,0,5185.0730,5186.4381,5187.7623,0.0596,0
2879,1,5187.0571,5188.3023,5189.2266,0.3802,0
2879,0,5187.0571,5188.3023,5190.0290,0.0545,0
2880,1,5189.3942,5190.7791,5191.5892,0.4909,0
2880,0,5189.3942,5190.7791,5192.4586,0.0639,0
2881,1,5191.6803,5192.8850,5193.2377,0.0831,0
2881,0,5191.6803,5192.8850,5194.0569,0.0415,0
2882,1,5193.3117,5194.6007,5194.9941,0.2183,0
2882,0,5193.3117,5194.6007,5195.7989,0.0427,0
2883,1,5195.0625,5196.2708,5196.5359,0.0868,0
2883,0,5195.0625,5196.2708,5197.3723,0.1878,0
2884,1,5196.7488,5197.9625,5198.2366,0.0849,0
2884,0,5196.7488,5197.9625,5199.0341,0.0379,0
2885,1,5198.3008,5199.5253,5199.8164,0.0861,0
2885,0,5198.3008,5199.5253,5200.6115,0.1809,0
2886,1,5200.0242,5201.2297,5201.5781,0.1196,0
2886,0,5200.0242,5201.2297,5202.4141,0.0491,0
2887,1,5201.6873,5203.0706,5203.4996,0.1899,0
2887,0,5201.6873,5203.0706,5204.2936,0.0506,0
2888,1,5203.5952,5204.8475,5205.1416,0.0933,0
2888,0,5203.5952,5204.8475,5205.9432,0.1818,0
2889,1,5205.3537,5206.5625,5206.8937,0.0913,0
2889,0,5205.3537,5206.5625,5207.6917,0.0395,0
2890,1,5206.9597,5208.1730,5208.7109,0.3582,0
2890,0,5206.9597,5208.1730,5209.5041,0.0374,0
2891,1,5208.7746,5209.9764,5210.2353,0.0915,0
2891,0,5208.7746,5209.9764,5211.0253,0.1834,0
2892,1,5210.4458,5211.6524,5211.9163,0.0929,0
2892,0,5210.4458,5211.6524,5212.7042,0.0429,0
2893,1,5211.9850,5213.1846,5213.4746,0.0912,0
2893,0,5211.9850,5213.1846,5214.2643,0.1810,0
2894,1,5213.6839,5214.9001,5215.2306,0.0871,0
2894,0,5213.6839,5214.9001,5216.0189,0.0390,0
2895,1,5215.2957,5216.5020,5217.0361,0.3602,0
2895,0,5215.2957,5216.5020,5217.8189,0.0440,0
2896,1,5217.1059,5218.3087,5218.5709,0.0923,0
2896,0,5217.1059,5218.3087,5219.3517,0.1798,0
2897,1,5218.7779,5219.9988,5220.2626,0.0843,0
2897,0,5218.7779,5219.9988,5221.0439,0.0530,0
2898,1,5220.3427,5221.5495,5221.8455,0.0893,0
2898,0,5220.3427,5221.5495,5222.6117,0.2244,0
2899,1,5222.0910,5223.2516,5223.5747,0.0839,0
2899,0,5222.0910,5223.2516,5224.3553,0.0373,0
2900,1,5223.6379,5224.8435,5225.3886,0.3542,0
2900,0,5223.6379,5224.8435,5226.3476,0.0406,0
2901,1,5225.4535,5226.6709,5226.9333,0.0883,0
2901,0,5225.4535,5226.6709,5227.7020,0.2846,0
2902,1,5227.2440,5228.4618,5228.7374,0.0881,0
2902,0,5227.2440,5228.4618,5229.5122,0.0359,0
2903,1,5228.7973,5229.9973,5230.2820,0.0871,0
2903,0,5228.7973,5229.9973,5231.0532,0.2749,0
2904,1,5230.5811,5231.7950,5232.1003,0.1210,0
2904,0,5230.5811,5231.7950,5232.8912,0.0357,0
2905,1,5232.1617,5233.4813,5233.7363,0.0900,0
2905,0,5232.1617,5233.4813,5234.8764,0.0873,0
2906,1,5233.8514,5235.0586,5235.3370,0.0829,0
2906,0,5233.8514,5235.0586,5236.1185,0.1493,0
2907,1,5235.5128,5236.7435,5237.0072,0.0864,0
2907,0,5235.5128,5236.7435,5237.7884,0.0371,0
2908,1,5237.0707,5238.2707,5238.5628,0.0874,0
2908,0,5237.0707,5238.2707,5239.3525,0.1822,0
2909,1,5238.7720,5239.9762,5240.3178,0.0891,0
2909,0,5238.7720,5239.9762,5241.0910,0.2088,0
2910,1,5240.5521,5241.8442,5242.1055,0.0879,0
2910,0,5240.5521,5241.8442,5242.8823,0.0740,0
2911,1,5242.2060,5243.4191,5243.6861,0.0984,0
2911,0,5242.2060,5243.4191,5244.4976,0.1795,0
2912,1,5243.8924,5245.0939,5245.3709,0.0902,0
2912,0,5243.8924,5245.0939,5246.1469,0.0362,0
2913,1,5245.4552,5246.6559,5246.9401,0.0882,0
2913,0,5245.4552,5246.6559,5247.7133,0.1991,0
2914,1,5247.1653,5248.3724,5248.6819,0.0876,0
2914,0,5247.1653,5248.3724,5249.4586,0.0354,0
2915,1,5248.7427,5250.0052,5250.5761,0.3036,0
2915,0,5248.7427,5250.0052,5251.3913,0.0516,0
2916,1,5250.6834,5251.9726,5252.2291,0.0496,0
2916,0,5250.6834,5251.9726,5253.0157,0.2594,0
2917,1,5252.5286,5253.9405,5254.4550,0.2810,0
2917,0,5252.5286,5253.9405,5255.2755,0.0446,0
2918,1,5254.5468,5256.0102,5256.2785,0.0660,0
2918,0,5254.5468,5256.0102,5257.1051,0.0521,0
2919,1,5256.3778,5257.7889,5258.0568,0.0685,0
2919,0,5256.3778,5257.7889,5258.8678,0.1860,0
2920,1,5258.2813,5259.5161,5259.8337,0.0675,0
2920,0,5258.2813,5259.5161,5260.6483,0.0479,0
2921,1,5259.9264,5261.2587,5261.6644,0.2022,0
2921,0,5259.9264,5261.2587,5262.5039,0.0417,0
2922,1,5261.7515,5262.9822,5263.2470,0.0681,0
2922,0,5261.7515,5262.9822,5264.0469,0.2784,0
2923,1,5263.5822,5264.8145,5265.1051,0.0789,0
2923,0,5263.5822,5264.8145,5265.9026,0.0411,0
2924,1,5265.1924,5266.4097,5266.9558,0.3608,0
2924,0,5265.1924,5266.4097,5267.7579,0.0618,0
2925,1,5267.0430,5268.2524,5268.5169,0.0842,0
2925,0,5267.0430,5268.2524,5269.3143,0.2327,0
2926,1,5268.7749,5269.9928,5270.2596,0.0866,0
2926,0,5268.7749,5269.9928,5271.0520,0.0370,0
2927,1,5270.3192,5271.5150,5271.7986,0.0856,0
2927,0,5270.3192,5271.5150,5272.5892,0.2743,0
2928,1,5272.0984,5273.3067,5273.6532,0.0871,0
2928,0,5272.0984,5273.3067,5274.4344,0.2266,0
2929,1,5273.9048,5275.1593,5275.4281,0.0852,0
2929,0,5273.9048,5275.1593,5276.2176,0.0641,0
2930,1,5275.5162,5276.7178,5276.9738,0.0873,0
2930,0,5275.5162,5276.7178,5277.7581,0.1860,0
2931,1,5277.1847,5278.3845,5278.6504,0.0901,0
2931,0,5277.1847,5278.3845,5279.4365,0.0422,0
2932,1,5278.7179,5279.9229,5280.2009,0.0897,0
2932,0,5278.7179,5279.9229,5281.0275,0.2060,0
2933,1,5280.4321,5281.6374,5281.9413,0.0921,0
2933,0,5280.4321,5281.6374,5282.7198,0.0382,0
2934,1,5282.0031,5283.2099,5283.7308,0.3446,0
2934,0,5282.0031,5283.2099,5284.5073,0.0369,0
2935,1,5283.7918,5284.9909,5285.2620,0.0884,0
2935,0,5283.7918,5284.9909,5286.0394,0.1756,0
2936,1,5285.4609,5286.8098,5287.0720,0.0884,0
2936,0,5285.4609,5286.8098,5287.8555,0.2070,0
2937,1,5287.3045,5288.5114,5288.8939,0.0957,0
2937,0,5287.3045,5288.5114,5289.7057,0.1373,0
2938,1,5289.0695,5290.5363,5290.8134,0.0880,0
2938,0,5289.0695,5290.5363,5291.6082,0.1978,0
2939,1,5291.0378,5292.2422,5292.6272,0.2201,0
2939,0,5291.0378,5292.2422,5293.4214,0.0434,0
2940,1,5292.6968,5293.9070,5294.2019,0.0885,0
2940,0,5292.6968,5293.9070,5294.9905,0.1994,0
2941,1,5294.4276,5295.6314,5295.8966,0.0887,0
2941,0,5294.4276,5295.6314,5296.6922,0.0376,0
2942,1,5295.9653,5297.3019,5297.7077,0.2127,0
2942,0,5295.9653,5297.3019,5298.5617,0.0419,0
2943,1,5297.7770,5298.9816,5299.2404,0.0863,0
2943,0,5297.7770,5298.9816,5300.0188,0.2845,0
2944,1,5299.5506,5300.7516,5301.0305,0.0950,0
2944,0,5299.5506,5300.7516,5301.8159,0.0357,0
2945,1,5301.0922,5302.3177,5302.6062,0.0875,0
2945,0,5301.0922,5302.3177,5303.4039,0.1803,0
2946,1,5302.8140,5304.0171,5304.3489,0.1075,0
2946,0,5302.8140,5304.0171,5305.1319,0.0416,0
2947,1,5304.4159,5305.7572,5306.0205,0.0949,0
2947,0,5304.4159,5305.7572,5306.8213,0.0927,0
2948,1,5306.1394,5307.5159,5307.7779,0.0888,0
2948,0,5306.1394,5307.5159,5308.5694,0.2705,0
2949,1,5308.0751,5309.2841,5309.5558,0.0891,0
2949,0,5308.0751,5309.2841,5310.3566,0.0370,0
2950,1,5309.6182,5310.8256,5311.3581,0.3480,0
2950,0,5309.6182,5310.8256,5312.1483,0.0439,0
2951,1,5311.4279,5312.6308,5312.9668,0.0812,0
2951,0,5311.4279,5312.6308,5313.8214,0.2184,0
2952,1,5313.2587,5314.5465,5314.8307,0.0852,0
2952,0,5313.2587,5314.5465,5315.6274,0.0366,0
2953,1,5314.8915,5316.0904,5316.3928,0.0871,0
2953,0,5314.8915,5316.0904,5317.1828,0.2243,0
2954,1,5316.6421,5317.8457,5318.1413,0.0894,0
2954,0,5316.6421,5317.8457,5318.9251,0.0363,0
2955,1,5318.2037,5319.5678,5319.8493,0.0867,0
2955,0,5318.2037,5319.5678,5320.6382,0.0596,0
2956,1,5319.9353,5321.1400,5322.0475,0.7128,0
2956,0,5319.9353,5321.1400,5322.8692,0.0513,0
2957,1,5322.1258,5323.3246,5323.6058,0.0871,0
2957,0,5322.1258,5323.3246,5324.3950,0.0365,0
2958,1,5323.6909,5324.9187,5325.5237,0.3707,0
2958,0,5323.6909,5324.9187,5326.3819,0.0427,0
2959,1,5325.5909,5326.7902,5327.0579,0.0913,0
2959,0,5325.5909,5326.7902,5327.8402,0.1839,0
2960,1,5327.2685,5328.4815,5328.8533,0.0775,0
2960,0,5327.2685,5328.4815,5329.6446,0.0395,0
2961,1,5328.9190,5330.1113,5330.3846,0.0871,0
2961,0,5328.9190,5330.1113,5331.1576,0.2649,0
2962,1,5330.6757,5331.8745,5332.1569,0.0961,0
2962,0,5330.6757,5331.8745,5332.9335,0.0433,0
2963,1,5332.2262,5333.4825,5333.8685,0.2187,0
2963,0,5332.2262,5333.4825,5334.7390,0.0363,0
2964,1,5333.9308,5335.1316,5335.4106,0.0957,0
2964,0,5333.9308,5335.1316,5336.1886,0.1731,0
2965,1,5335.6107,5336.8082,5337.0784,0.0779,0
2965,0,5335.6107,5336.8082,5337.8530,0.0375,0
2966,1,5337.1417,5338.3474,5338.6476,0.0881,0
2966,0,5337.1417,5338.3474,5339.4294,0.1604,0
2967,1,5338.8345,5340.0472,5340.3611,0.0850,0
2967,0,5338.8345,5340.0472,5341.1346,0.1767,0
2968,1,5340.5612,5341.8735,5342.1351,0.0900,0
2968,0,5340.5612,5341.8735,5342.9127,0.0760,0
2969,1,5342.2368,5343.4520,5343.7150,0.0876,0
2969,0,5342.2368,5343.4520,5344.7302,0.1767,0
2970,1,5343.9179,5345.1201,5345.5783,0.1455,0
2970,0,5343.9179,5345.1201,5346.3965,0.0683,0
2971,1,5345.8716,5347.1189,5347.7667,0.3709,0
2971,0,5345.8716,5347.1189,5348.8428,0.0624,0
2972,1,5347.8557,5349.0608,5349.8885,0.4749,0
2972,0,5347.8557,5349.0608,5350.6677,0.0632,0
2973,1,5349.9780,5351.1872,5351.5384,0.0797,0
2973,0,5349.9780,5351.1872,5352.3169,0.0367,0
2974,1,5351.6023,5353.0079,5353.8396,0.6426,0
2974,0,5351.6023,5353.0079,5354.6290,0.0472,0
2975,1,5353.9144,5355.1277,5355.4109,0.0910,0
2975,0,5353.9144,5355.1277,5356.2080,0.1876,0
2976,1,5355.6262,5356.8565,5357.1125,0.0834,0
2976,0,5355.6262,5356.8565,5357.8963,0.0964,0
2977,1,5357.2342,5358.4339,5358.8428,0.2258,0
2977,0,5357.2342,5358.4339,5359.7142,0.0372,0
2978,1,5358.9048,5360.1141,5360.3777,0.0888,0
2978,0,5358.9048,5360.1141,5361.1558,0.2812,0
2979,1,5360.6839,5361.8923,5362.1676,0.0896,0
2979,0,5360.6839,5361.8923,5362.9461,0.0406,0
2980,1,5362.2338,5363.4376,5363.7411,0.0943,0
2980,0,5362.2338,5363.4376,5364.5206,0.1922,0
2981,1,5363.9578,5365.1768,5365.4553,0.0993,0
2981,0,5363.9578,5365.1768,5366.2542,0.0362,0
2982,1,5365.5170,5366.8492,5367.1115,0.0917,0
2982,0,5365.5170,5366.8492,5367.8972,0.0687,0
2983,1,5367.2051,5368.4113,5368.6755,0.0876,0
2983,0,5367.2051,5368.4113,5369.4533,0.2761,0
2984,1,5368.9783,5370.1825,5370.4596,0.0889,0
2984,0,5368.9783,5370.1825,5371.2490,0.0367,0
2985,1,5370.5223,5371.7514,5372.0379,0.0941,0
2985,0,5370.5223,5371.7514,5372.8181,0.1991,0
2986,1,5372.2628,5373.4690,5373.7619,0.1099,0
2986,0,5372.2628,5373.4690,5374.5773,0.1341,0
2987,1,5373.9226,5375.1689,5375.6044,0.0551,0
2987,0,5373.9226,5375.1689,5376.7142,0.0847,0
2988,1,5375.7092,5376.8653,5377.1275,0.0886,0
2988,0,5375.7092,5376.8653,5377.9043,0.1858,0
2989,1,5377.3351,5378.5436,5378.8206,0.0959,0
2989,0,5377.3351,5378.5436,5379.6210,0.0402,0
2990,1,5378.8836,5380.0845,5380.3945,0.0875,0
2990,0,5378.8836,5380.0845,5381.1850,0.2270,0
2991,1,5380.6468,5381.8552,5382.1501,0.0863,0
2991,0,5380.6468,5381.8552,5382.9450,0.0414,0
2992,1,5382.2226,5383.4940,5383.8829,0.2165,0
2992,0,5382.2226,5383.4940,5384.6762,0.0417,0
2993,1,5383.9503,5385.1555,5385.4229,0.0877,0
2993,0,5383.9503,5385.1555,5386.1966,0.2867,0
2994,1,5385.7362,5387.0812,5387.6226,0.3259,0
2994,0,5385.7362,5387.0812,5388.4281,0.0363,0
2995,1,5387.6851,5389.0107,5389.4434,0.2384,0
2995,0,5387.6851,5389.0107,5390.3848,0.0482,0
2996,1,5389.5153,5390.9117,5391.2200,0.0900,0
2996,0,5389.5153,5390.9117,5392.0193,0.1844,0
2997,1,5391.4337,5392.6342,5392.9079,0.0973,0
2997,0,5391.4337,5392.6342,5393.6970,0.0363,0
2998,1,5392.9705,5394.1723,5394.7130,0.3622,0
2998,0,5392.9705,5394.1723,5395.5030,0.0382,0
2999,1,5394.7762,5395.9927,5396.2606,0.0947,0
2999,0,5394.7762,5395.9927,5397.0461,0.2652,0
3000,1,5396.5516,5397.7690,5398.0523,0.1005,0
3000,0,5396.5516,5397.7690,5398.8353,0.0369,0
3001,1,5398.1140,5399.3220,5399.6261,0.0845,0
3001,0,5398.1140,5399.3220,5400.4128,0.1820,0
3002,1,5399.8345,5401.0413,5401.3792,0.0882,0
3002,0,5399.8345,5401.0413,5402.1767,0.0369,0
3003,1,5401.4640,5402.6654,5403.2187,0.3623,0
3003,0,5401.4640,5402.6654,5403.9980,0.0367,0
3004,1,5403.2793,5404.4716,5404.7335,0.0933,0
3004,0,5403.2793,5404.4716,5405.5127,0.2099,0
3005,1,5404.9684,5406.1818,5406.6132,0.0794,0
3005,0,5404.9684,5406.1818,5407.4953,0.0713,0
3006,1,5406.7176,5408.1658,5408.9218,0.4132,0
3006,0,5406.7176,5408.1658,5410.0821,0.0537,0
3007,1,5409.0015,5410.2228,5410.9570,0.4464,0
3007,0,5409.0015,5410.2228,5411.7463,0.0642,0
3008,1,5411.0478,5412.2622,5412.8164,0.2820,0
3008,0,5411.0478,5412.2622,5413.6032,0.0610,0
3009,1,5412.9040,5414.1125,5414.6589,0.2627,0
3009,0,5412.9040,5414.1125,5415.5668,0.0401,0
3010,1,5414.7258,5415.9270,5416.6870,0.4576,0
3010,0,5414.7258,5415.9270,5417.4886,0.0476,0
3011,1,5416.7665,5418.0242,5418.2934,0.0886,0
3011,0,5416.7665,5418.0242,5419.0778,0.0488,0
3012,1,5418.3679,5419.8080,5420.4619,0.2200,0
3012,0,5418.3679,5419.8080,5421.2592,0.1628,0
3013,1,5420.6441,5421.7952,5422.0960,0.0859,0
3013,0,5420.6441,5421.7952,5422.8799,0.2673,0
3014,1,5422.3920,5423.6053,5424.0566,0.2624,0
3014,0,5422.3920,5423.6053,5424.8061,0.1987,0
3015,1,5424.2839,5425.5347,5425.8482,0.0529,0
3015,0,5424.2839,5425.5347,5426.6405,0.0448,0
3016,1,5425.9240,5427.1664,5427.4503,0.0863,0
3016,0,5425.9240,5427.1664,5428.2393,0.1863,0
3017,1,5427.6604,5428.8695,5429.1821,0.0865,0
3017,0,5427.6604,5428.8695,5429.9690,0.0384,0
3018,1,5429.2433,5430.6049,5431.1141,0.3275,0
3018,0,5429.2433,5430.6049,5431.9292,0.0432,0
3019,1,5431.1818,5432.3834,5432.6560,0.0930,0
3019,0,5431.1818,5432.3834,5433.4494,0.1815,0
3020,1,5432.8616,5434.0676,5434.3386,0.0868,0
3020,0,5432.8616,5434.0676,5435.1260,0.0383,0
3021,1,5434.3992,5435.6494,5435.9497,0.0880,0
3021,0,5434.3992,5435.6494,5436.7557,0.1868,0
3022,1,5436.1617,5437.3676,5437.6389,0.0852,0
3022,0,5436.1617,5437.3676,5438.4289,0.0402,0
3023,1,5437.7021,5438.9748,5439.3820,0.2179,0
3023,0,5437.7021,5438.9748,5440.2296,0.0445,0
3024,1,5439.4529,5440.8361,5441.1351,0.0897,0
3024,0,5439.4529,5440.8361,5441.9403,0.2391,0
3025,1,5441.3996,5442.5962,5442.8599,0.0897,0
3025,0,5441.3996,5442.5962,5443.6485,0.0370,0
3026,1,5442.9227,5444.1158,5444.6628,0.3654,0
3026,0,5442.9227,5444.1158,5445.4757,0.0418,0
3027,1,5444.7288,5445.9312,5446.1981,0.0921,0
3027,0,5444.7288,5445.9312,5446.9730,0.2944,0
3028,1,5446.5167,5447.7407,5448.0212,0.0892,0
3028,0,5446.5167,5447.7407,5448.8032,0.0369,0
3029,1,5448.0842,5449.2860,5449.5732,0.0897,0
3029,0,5448.0842,5449.2860,5450.3558,0.1928,0
3030,1,5449.7915,5450.9961,5451.2642,0.0893,0
3030,0,5449.7915,5450.9961,5452.2951,0.1195,0
3031,1,5451.4092,5452.6027,5453.2013,0.3461,0
3031,0,5451.4092,5452.6027,5454.1832,0.1545,0
3032,1,5453.3879,5454.6318,5454.9094,0.0930,0
3032,0,5453.3879,5454.6318,5455.6911,0.2518,0
3033,1,5455.1888,5456.3910,5456.6687,0.0879,0
3033,0,5455.1888,5456.3910,5457.4717,0.0386,0
3034,1,5456.7333,5458.1046,5458.6269,0.3489,0
3034,0,5456.7333,5458.1046,5459.4164,0.0431,0
3035,1,5458.6958,5459.8934,5460.1563,0.0924,0
3035,0,5458.6958,5459.8934,5460.9526,0.1582,0
3036,1,5460.3419,5461.5447,5461.8090,0.0929,0
3036,0,5460.3419,5461.5447,5462.5893,0.0418,0
3037,1,5461.8759,5463.0742,5463.4834,0.0876,0
3037,0,5461.8759,5463.0742,5464.2677,0.0976,0
3038,1,5463.6078,5464.8144,5465.3614,0.1032,0
3038,0,5463.6078,5464.8144,5466.2173,0.0697,0
3039,1,5465.4568,5466.7576,5467.3446,0.2598,0
3039,0,5465.4568,5466.7576,5468.2030,0.0491,0
3040,1,5467.4245,5468.6734,5468.9968,0.0854,0
3040,0,5467.4245,5468.6734,5469.7821,0.1229,0
3041,1,5469.1531,5470.3914,5470.6612,0.0890,0
3041,0,5469.1531,5470.3914,5471.4437,0.0353,0
3042,1,5470.7223,5471.9286,5472.5313,0.4220,0
3042,0,5470.7223,5471.9286,5473.3179,0.0446,0
3043,1,5472.6004,5473.9700,5474.2442,0.0897,0
3043,0,5472.6004,5473.9700,5475.0314,0.1522,0
3044,1,5474.4209,5475.6645,5475.9309,0.0907,0
3044,0,5474.4209,5475.6645,5476.7206,0.0440,0
3045,1,5476.0013,5477.2004,5477.4815,0.0789,0
3045,0,5476.0013,5477.2004,5478.2715,0.1819,0
3046,1,5477.6880,5478.9062,5479.2725,0.0894,0
3046,0,5477.6880,5478.9062,5480.0572,0.0469,0
3047,1,5479.3692,5480.5775,5481.1011,0.3429,0
3047,0,5479.3692,5480.5775,5481.9545,0.0470,0
3048,1,5481.1734,5482.3811,5482.6555,0.0936,0
3048,0,5481.1734,5482.3811,5483.4441,0.1753,0
3049,1,5482.8557,5484.0542,5484.3242,0.0915,0
3049,0,5482.8557,5484.0542,5485.1031,0.0363,0
3050,1,5484.3899,5485.5856,5485.8710,0.0867,0
3050,0,5484.3899,5485.5856,5486.6704,0.1888,0
3051,1,5486.0847,5487.4396,5487.9423,0.3279,0
3051,0,5486.0847,5487.4396,5488.7609,0.2728,0
3052,1,5488.2403,5489.4432,5490.2617,0.3355,0
3052,0,5488.2403,5489.4432,5491.0542,0.0456,0
3053,1,5490.3368,5491.5548,5492.0799,0.3489,0
3053,0,5490.3368,5491.5548,5492.8630,0.0375,0
3054,1,5492.1420,5493.3492,5493.6234,0.0855,0
3054,0,5492.1420,5493.3492,5494.4082,0.0445,0
3055,1,5493.6903,5494.9894,5495.2547,0.0870,0
3055,0,5493.6903,5494.9894,5496.0374,0.0739,0
3056,1,5495.3518,5496.5526,5496.8203,0.0872,0
3056,0,5495.3518,5496.5526,5497.6003,0.1808,0
3057,1,5497.0250,5498.2264,5498.4968,0.0864,0
3057,0,5497.0250,5498.2264,5499.2774,0.0359,0
3058,1,5498.5576,5499.7581,5500.3296,0.3485,0
3058,0,5498.5576,5499.7581,5501.1316,0.0459,0
3059,1,5500.3996,5501.5953,5501.8648,0.0848,0
3059,0,5500.3996,5501.5953,5502.6420,0.2183,0
3060,1,5502.1086,5503.3584,5503.6224,0.0814,0
3060,0,5502.1086,5503.3584,5504.4040,0.0358,0
3061,1,5503.6828,5504.8740,5505.1599,0.0954,0
3061,0,5503.6828,5504.8740,5505.9357,0.2075,0
3062,1,5505.3913,5506.5901,5506.9298,0.0866,0
3062,0,5505.3913,5506.5901,5507.7017,0.0401,0
3063,1,5506.9942,5508.1886,5508.7105,0.3477,0
3063,0,5506.9942,5508.1886,5509.5013,0.0370,0
3064,1,5508.7718,5509.9785,5510.2409,0.0872,0
3064,0,5508.7718,5509.9785,5511.0130,0.1833,0
3065,1,5510.4483,5511.6385,5512.3437,0.0874,0
3065,0,5510.4483,5511.6385,5513.1290,0.1542,0
3066,1,5512.5266,5513.7084,5514.3044,0.3390,0
3066,0,5512.5266,5513.7084,5515.0825,0.0555,0
3067,1,5514.3885,5515.5860,5515.8537,0.0826,0
3067,0,5514.3885,5515.5860,5516.6284,0.2635,0
3068,1,5516.1445,5517.3578,5517.6408,0.0874,0
3068,0,5516.1445,5517.3578,5518.4360,0.0417,0
3069,1,5518.8279,5519.9840,5520.3924,0.1943,0
3069,0,5518.8279,5519.9840,5521.2658,0.3141,0
3070,1,5520.8358,5522.5777,5522.9685,0.1979,0
3070,0,5520.8358,5522.5777,5523.7861,0.0399,0
3071,1,5523.0313,5524.4195,5524.6918,0.0979,0
3071,0,5523.0313,5524.4195,5525.4809,0.2718,0
3072,1,5524.9890,5526.1843,5526.5271,0.0894,0
3072,0,5524.9890,5526.1843,5527.3708,0.0455,0
3073,1,5526.5957,5527.9727,5528.2273,0.0869,0
3073,0,5526.5957,5527.9727,5529.0292,0.0891,0
3074,1,5528.3418,5529.5408,5529.7971,0.0884,0
3074,0,5528.3418,5529.5408,5530.5961,0.1877,0
3075,1,5530.0097,5531.2167,5531.5971,0.0816,0
3075,0,5530.0097,5531.2167,5532.3761,0.0422,0
3076,1,5531.6666,5532.9180,5533.6199,0.4169,0
3076,0,5531.6666,5532.9180,5534.4748,0.0639,0
3077,1,5533.7110,5534.9111,5535.2690,0.1171,0
3077,0,5533.7110,5534.9111,5536.0661,0.1698,0
3078,1,5535.4853,5536.7414,5537.0170,0.0682,0
3078,0,5535.4853,5536.7414,5537.8004,0.0495,0
3079,1,5537.1120,5538.3204,5538.5971,0.0741,0
3079,0,5537.1120,5538.3204,5539.3891,0.1752,0
3080,1,5538.8100,5540.0769,5540.7705,0.2187,0
3080,0,5538.8100,5540.0769,5541.5519,0.2007,0
3081,1,5541.0059,5542.3343,5542.6232,0.0798,0
3081,0,5541.0059,5542.3343,5543.4260,0.0410,0
3082,1,5542.6905,5543.8860,5544.1802,0.0976,0
3082,0,5542.6905,5543.8860,5544.9725,0.1835,0
3083,1,5544.3905,5545.5901,5545.9085,0.0907,0
3083,0,5544.3905,5545.5901,5546.8285,0.0440,0
3084,1,5545.9764,5547.3738,5547.6409,0.0858,0
3084,0,5545.9764,5547.3738,5548.4403,0.0684,0
3085,1,5547.7364,5548.9324,5549.1969,0.0888,0
3085,0,5547.7364,5548.9324,5549.9869,0.1719,0
3086,1,5549.3946,5550.5846,5550.8495,0.0856,0
3086,0,5549.3946,5550.5846,5551.6410,0.0365,0
3087,1,5550.9109,5552.1067,5552.3655,0.0889,0
3087,0,5550.9109,5552.1067,5553.1833,0.2304,0
3088,1,5552.6229,5553.9691,5554.2951,0.0953,0
3088,0,5552.6229,5553.9691,5555.1070,0.1267,0
3089,1,5554.4478,5555.7039,5556.1302,0.2503,0
3089,0,5554.4478,5555.7039,5556.9273,0.0440,0
3090,1,5556.1998,5557.6007,5557.9600,0.0880,0
3090,0,5556.1998,5557.6007,5558.9102,0.1413,0
3091,1,5558.1289,5559.3371,5559.6985,0.0850,0
3091,0,5558.1289,5559.3371,5560.5499,0.0406,0
3092,1,5559.7856,5560.9445,5561.4905,0.3429,0
3092,0,5559.7856,5560.9445,5562.4855,0.0417,0
3093,1,5561.5623,5562.9574,5563.2798,0.0949,0
3093,0,5561.5623,5562.9574,5564.0924,0.2460,0
3094,1,5563.5516,5564.7641,5565.0385,0.0964,0
3094,0,5563.5516,5564.7641,5565.8465,0.0351,0
3095,1,5565.1003,5566.3109,5566.8559,0.3581,0
3095,0,5565.1003,5566.3109,5567.6477,0.0435,0
3096,1,5566.9256,5568.1209,5568.4010,0.0977,0
3096,0,5566.9256,5568.1209,5569.1936,0.2488,0
3097,1,5568.6772,5569.8702,5570.1441,0.0980,0
3097,0,5568.6772,5569.8702,5570.9286,0.0437,0
3098,1,5570.2144,5571.4123,5571.6963,0.1023,0
3098,0,5570.2144,5571.4123,5572.4820,0.1742,0
3099,1,5571.8971,5573.0879,5573.4873,0.2262,0
3099,0,5571.8971,5573.0879,5574.2923,0.0363,0
3100,1,5573.5497,5574.7700,5575.3223,0.3662,0
3100,0,5573.5497,5574.7700,5576.1042,0.0401,0
3101,1,5575.3879,5576.5854,5576.8639,0.0964,0
3101,0,5575.3879,5576.5854,5577.6402,0.2219,0
3102,1,5577.1120,5578.3567,5578.6520,0.0818,0
3102,0,5577.1120,5578.3567,5579.4667,0.0431,0
3103,1,5578.7170,5579.8800,5580.1656,0.0910,0
3103,0,5578.7170,5579.8800,5580.9456,0.1918,0
3104,1,5580.3842,5581.5841,5581.9263,0.0933,0
3104,0,5580.3842,5581.5841,5582.6995,0.0397,0
3105,1,5581.9899,5583.1987,5583.7312,0.3528,0
3105,0,5581.9899,5583.1987,5584.5097,0.0462,0
3106,1,5583.8004,5584.9958,5585.2734,0.0965,0
3106,0,5583.8004,5584.9958,5586.0345,0.1888,0
3107,1,5585.4831,5586.8638,5587.3877,0.3338,0
3107,0,5585.4831,5586.8638,5588.1368,0.0952,0
3108,1,5587.5038,5588.6508,5589.2359,0.3911,0
3108,0,5587.5038,5588.6508,5590.0243,0.0439,0
3109,1,5589.3052,5590.6844,5590.9663,0.0961,0
3109,0,5589.3052,5590.6844,5591.7539,0.1698,0
3110,1,5591.1618,5592.3773,5592.6476,0.0961,0
3110,0,5591.1618,5592.3773,5593.4355,0.0365,0
3111,1,5592.7099,5593.9011,5594.2703,0.0537,0
3111,0,5592.7099,5593.9011,5595.0592,0.1180,0
3112,1,5594.4137,5595.6159,5595.9205,0.0962,0
3112,0,5594.4137,5595.6159,5596.7187,0.0365,0
3113,1,5595.9835,5597.3122,5597.7144,0.2250,0
3113,0,5595.9835,5597.3122,5598.5027,0.0433,0
3114,1,5597.7840,5598.9825,5599.2971,0.0992,0
3114,0,5597.7840,5598.9825,5600.0739,0.1580,0
3115,1,5599.4826,5600.6628,5601.0604,0.1160,0
3115,0,5599.4826,5600.6628,5601.8446,0.0491,0
3116,1,5601.1335,5602.3340,5602.8795,0.3668,0
3116,0,5601.1335,5602.3340,5603.6607,0.0430,0
3117,1,5602.9489,5604.1553,5604.4378,0.0947,0
3117,0,5602.9489,5604.1553,5605.2095,0.2947,0
3118,1,5604.7590,5605.9610,5606.2441,0.0970,0
3118,0,5604.7590,5605.9610,5607.0208,0.0362,0
3119,1,5606.3063,5607.6800,5607.9717,0.0957,0
3119,0,5606.3063,5607.6800,5608.7563,0.1937,0
3120,1,5608.1887,5609.3885,5609.7252,0.0953,0
3120,0,5608.1887,5609.3885,5610.5117,0.0373,0
3121,1,5609.7872,5610.9858,5611.5420,0.3734,0
3121,0,5609.7872,5610.9858,5612.3243,0.0420,0
3122,1,5611.6075,5612.7997,5613.0752,0.0945,0
3122,0,5611.6075,5612.7997,5613.8526,0.1915,0
3123,1,5613.2898,5614.4838,5614.7563,0.0953,0
3123,0,5613.2898,5614.4838,5615.5298,0.0357,0
3124,1,5614.8164,5616.0240,5616.3192,0.0970,0
3124,0,5614.8164,5616.0240,5617.0946,0.2031,0
3125,1,5616.5452,5617.7445,5618.0683,0.0948,0
3125,0,5616.5452,5617.7445,5618.8390,0.0369,0
3126,1,5618.1327,5619.3364,5620.0097,0.3509,0
3126,0,5618.1327,5619.3364,5620.8533,0.0565,0
3127,1,5620.1175,5621.3646,5621.6476,0.0907,0
3127,0,5620.1175,5621.3646,5622.4397,0.1838,0
3128,1,5621.8558,5623.0535,5623.3306,0.0933,0
3128,0,5621.8558,5623.0535,5624.1059,0.0380,0
3129,1,5623.3961,5624.7648,5625.0496,0.0955,0
3129,0,5623.3961,5624.7648,5625.9190,0.2092,0
3130,1,5625.3113,5626.6813,5627.4938,0.4838,0
3130,0,5625.3113,5626.6813,5628.2888,0.0650,0
3131,1,5627.6062,5628.8183,5629.3587,0.0943,0
3131,0,5627.6062,5628.8183,5630.1565,0.0673,0
3132,1,5629.4694,5630.6708,5631.1926,0.2494,0
3132,0,5629.4694,5630.6708,5632.2683,0.0633,0
3133,1,5631.2987,5632.5039,5632.8807,0.0889,0
3133,0,5631.2987,5632.5039,5633.6872,0.1696,0
3134,1,5633.0753,5634.2269,5634.7881,0.0834,0
3134,0,5633.0753,5634.2269,5635.6055,0.0478,0
3135,1,5634.8797,5636.2217,5636.9267,0.2206,0
3135,0,5634.8797,5636.2217,5637.9029,0.0504,0
3136,1,5637.0248,5638.1670,5638.4953,0.1004,0
3136,0,5637.0248,5638.1670,5639.3678,0.1439,0
3137,1,5638.6613,5639.8044,5640.1659,0.0994,0
3137,0,5638.6613,5639.8044,5640.9885,0.1143,0
3138,1,5640.3050,5641.5095,5642.2310,0.5069,0
3138,0,5640.3050,5641.5095,5643.0354,0.1370,0
3139,1,5642.3947,5643.5908,5643.8592,0.0923,0
3139,0,5642.3947,5643.5908,5644.5967,0.1828,0
3140,1,5644.0623,5645.2076,5645.4912,0.0927,0
3140,0,5644.0623,5645.2076,5646.2768,0.0424,0
3141,1,5645.5603,5646.7531,5647.3547,0.3628,0
3141,0,5645.5603,5646.7531,5648.1320,0.0573,0
3142,1,5647.4601,5648.6862,5648.9714,0.0766,0
3142,0,5647.4601,5648.6862,5649.7380,0.2317,0
3143,1,5649.2453,5650.4131,5650.6956,0.0924,0
3143,0,5649.2453,5650.4131,5651.4805,0.0371,0
3144,1,5650.7571,5651.9517,5652.2269,0.0921,0
3144,0,5650.7571,5651.9517,5652.9940,0.1835,0
3145,1,5652.4340,5653.7753,5654.0620,0.0951,0
3145,0,5652.4340,5653.7753,5654.8394,0.1755,0
3146,1,5654.2637,5655.4676,5656.0442,0.4012,0
3146,0,5654.2637,5655.4676,5656.8115,0.0433,0
3147,1,5656.1141,5657.4939,5657.8105,0.0988,0
3147,0,5656.1141,5657.4939,5658.5951,0.1901,0
3148,1,5658.0277,5659.2238,5659.5114,0.0828,0
3148,0,5658.0277,5659.2238,5660.3032,0.0448,0
3149,1,5659.5821,5660.7821,5661.3316,0.3643,0
3149,0,5659.5821,5660.7821,5662.1091,0.0378,0
3150,1,5661.3987,5662.5931,5662.8667,0.0974,0
3150,0,5661.3987,5662.5931,5663.6318,0.2986,0
3151,1,5663.1907,5664.4068,5664.6897,0.0967,0
3151,0,5663.1907,5664.4068,5665.4688,0.0359,0
3152,1,5664.7513,5665.9430,5666.2257,0.0996,0
3152,0,5664.7513,5665.9430,5667.0019,0.2215,0
3153,1,5666.4775,5667.6682,5667.9437,0.0959,0
3153,0,5666.4775,5667.6682,5668.7162,0.1018,0
3154,1,5668.0718,5669.2652,5669.8059,0.3577,0
3154,0,5668.0718,5669.2652,5670.5757,0.0391,0
3155,1,5669.8700,5671.0608,5671.3388,0.0976,0
3155,0,5669.8700,5671.0608,5672.1085,0.1611,0
3156,1,5671.5258,5672.7670,5673.0448,0.0979,0
3156,0,5671.5258,5672.7670,5673.8498,0.0357,0
3157,1,5673.1071,5674.4814,5674.7744,0.0990,0
3157,0,5673.1071,5674.4814,5675.5562,0.2071,0
3158,1,5675.0077,5676.1994,5676.5218,0.0976,0
3158,0,5675.0077,5676.1994,5677.2973,0.0358,0
3159,1,5676.5855,5677.7829,5678.3382,0.3711,0
3159,0,5676.5855,5677.7829,5679.1594,0.0384,0
3160,1,5678.4054,5679.6033,5679.8707,0.0977,0
3160,0,5678.4054,5679.6033,5680.6445,0.1922,0
3161,1,5680.0891,5681.2829,5681.5577,0.0898,0
3161,0,5680.0891,5681.2829,5682.3425,0.0378,0
3162,1,5681.6189,5682.8071,5683.0753,0.0992,0
3162,0,5681.6189,5682.8071,5683.8470,0.2834,0
3163,1,5683.3853,5684.5827,5684.8747,0.1093,0
3163,0,5683.3853,5684.5827,5685.6737,0.0439,0
3164,1,5684.9448,5686.2567,5686.5275,0.1063,0
3164,0,5684.9448,5686.2567,5687.3438,0.0937,0
3165,1,5686.6473,5687.8528,5689.0531,0.9430,0
3165,0,5686.6473,5687.8528,5689.8721,0.0455,0
3166,1,5689.1239,5690.5899,5690.8777,0.1098,0
3166,0,5689.1239,5690.5899,5691.6554,0.4923,0
3167,1,5691.3930,5692.7099,5693.0614,0.1208,0
3167,0,5691.3930,5692.7099,5693.8516,0.0374,0
3168,1,5693.1390,5694.3475,5694.8867,0.3632,0
3168,0,5693.1390,5694.3475,5695.6753,0.0353,0
3169,1,5694.9467,5696.1536,5696.4404,0.0938,0
3169,0,5694.9467,5696.1536,5697.2249,0.1685,0
3170,1,5696.6316,5697.8306,5698.1088,0.0953,0
3170,0,5696.6316,5697.8306,5698.8910,0.0445,0
3171,1,5698.1764,5699.3714,5700.1392,0.4544,0
3171,0,5698.1764,5699.3714,5700.9565,0.0849,0
3172,1,5700.2567,5701.5074,5701.9285,0.1528,0
3172,0,5700.2567,5701.5074,5702.7418,0.1907,0
3173,1,5702.1457,5703.4016,5703.7294,0.0896,0
3173,0,5702.1457,5703.4016,5704.6604,0.0512,0
3174,1,5703.8081,5705.1125,5705.4131,0.1001,0
3174,0,5703.8081,5705.1125,5706.2015,0.3366,0
3175,1,5705.7770,5706.9879,5707.4197,0.2473,0
3175,0,5705.7770,5706.9879,5708.2089,0.1554,0
3176,1,5707.6025,5708.7946,5709.0678,0.0917,0
3176,0,5707.6025,5708.7946,5709.8519,0.0424,0
3177,1,5709.1370,5710.3267,5710.6532,0.0955,0
3177,0,5709.1370,5710.3267,5711.4446,0.1819,0
3178,1,5710.8673,5712.0955,5712.3788,0.0729,0
3178,0,5710.8673,5712.0955,5713.1348,0.1158,0
3179,1,5712.5219,5713.7167,5714.2709,0.3704,0
3179,0,5712.5219,5713.7167,5715.0523,0.0424,0
3180,1,5714.3391,5715.5350,5715.8076,0.1010,0
3180,0,5714.3391,5715.5350,5716.5866,0.1891,0
3181,1,5716.0471,5717.2426,5717.5872,0.1027,0
3181,0,5716.0471,5717.2426,5718.3681,0.0479,0
3182,1,5717.6621,5718.8575,5719.1615,0.0939,0
3182,0,5717.6621,5718.8575,5720.0171,0.2044,0
3183,1,5719.3930,5720.7504,5721.0443,0.0970,0
3183,0,5719.3930,5720.7504,5722.0359,0.7147,0
3184,1,5721.8176,5723.2699,5723.8240,0.1401,0
3184,0,5721.8176,5723.2699,5724.6180,0.1006,0
3185,1,5723.9662,5725.1739,5725.7095,0.2415,0
3185,0,5723.9662,5725.1739,5726.6072,0.0422,0
3186,1,5725.8058,5727.0043,5727.4172,0.1140,0
3186,0,5725.8058,5727.0043,5728.2546,0.1538,0
3187,1,5727.6057,5728.8611,5729.2008,0.0924,0
3187,0,5727.6057,5728.8611,5729.9954,0.0405,0
3188,1,5729.2677,5730.6380,5730.9072,0.0946,0
3188,0,5729.2677,5730.6380,5731.7005,0.0944,0
3189,1,5731.0245,5732.2229,5732.5131,0.1072,0
3189,0,5731.0245,5732.2229,5733.3020,0.1949,0
3190,1,5732.7325,5733.9350,5734.2095,0.0935,0
3190,0,5732.7325,5733.9350,5734.9982,0.0370,0
3191,1,5734.2702,5735.4608,5735.9959,0.0931,0
3191,0,5734.2702,5735.4608,5736.9127,0.0957,0
3192,1,5736.1260,5737.7412,5738.0278,0.0978,0
3192,0,5736.1260,5737.7412,5738.8260,0.2792,0
3193,1,5738.3348,5739.5294,5739.8083,0.0970,0
3193,0,5738.3348,5739.5294,5740.6083,0.0421,0
3194,1,5739.8760,5741.2634,5741.5525,0.1010,0
3194,0,5739.8760,5741.2634,5742.3580,0.2002,0
3195,1,5741.7789,5742.9687,5743.2396,0.1008,0
3195,0,5741.7789,5742.9687,5744.0392,0.0364,0
3196,1,5743.3022,5744.5452,5744.9466,0.2253,0
3196,0,5743.3022,5744.5452,5745.7443,0.0363,0
3197,1,5745.0091,5746.1981,5746.4769,0.0999,0
3197,0,5745.0091,5746.1981,5747.2790,0.1698,0
3198,1,5746.6734,5747.8678,5748.1400,0.1009,0
3198,0,5746.6734,5747.8678,5748.9310,0.0363,0
3199,1,5748.2016,5749.3962,5749.6618,0.1001,0
3199,0,5748.2016,5749.3962,5750.4531,0.2348,0
3200,1,5749.9233,5751.1185,5751.5803,0.0816,0
3200,0,5749.9233,5751.1185,5752.3965,0.0592,0
3201,1,5751.6734,5753.1667,5753.4618,0.1021,0
3201,0,5751.6734,5753.1667,5754.2708,0.4259,0
3202,1,5753.9146,5755.1214,5755.7699,0.4082,0
3202,0,5753.9146,5755.1214,5756.5811,0.0515,0
3203,1,5755.8523,5757.2608,5757.5478,0.0982,0
3203,0,5755.8523,5757.2608,5758.3532,0.1787,0
3204,1,5757.7518,5758.9471,5759.2187,0.0921,0
3204,0,5757.7518,5758.9471,5760.0165,0.0427,0
3205,1,5759.2880,5760.4909,5760.7824,0.0968,0
3205,0,5759.2880,5760.4909,5761.5798,0.2167,0
3206,1,5761.0259,5762.2187,5762.6213,0.0948,0
3206,0,5761.0259,5762.2187,5763.4942,0.0548,0
3207,1,5762.7154,5764.0526,5764.3216,0.0921,0
3207,0,5762.7154,5764.0526,5765.1213,0.0879,0
3208,1,5764.4374,5765.6344,5765.9078,0.0986,0
3208,0,5764.4374,5765.6344,5766.7020,0.1834,0
3209,1,5766.1181,5767.3465,5767.8130,0.2633,0
3209,0,5766.1181,5767.3465,5768.5848,0.0939,0
3210,1,5767.9677,5769.1046,5769.6691,0.3674,0
3210,0,5767.9677,5769.1046,5770.4605,0.0431,0
3211,1,5769.7360,5770.9307,5771.2050,0.0929,0
3211,0,5769.7360,5770.9307,5771.9865,0.0368,0
3212,1,5771.2662,5772.4691,5773.0102,0.3602,0
3212,0,5771.2662,5772.4691,5773.8086,0.0427,0
3213,1,5773.0756,5774.4586,5774.7491,0.0975,0
3213,0,5773.0756,5774.4586,5775.5417,0.1951,0
3214,1,5774.9673,5776.1622,5776.5064,0.0972,0
3214,0,5774.9673,5776.1622,5777.2935,0.0436,0
3215,1,5776.5731,5777.7652,5778.3122,0.3662,0
3215,0,5776.5731,5777.7652,5779.1449,0.0453,0
3216,1,5778.3834,5779.5730,5779.8457,0.0940,0
3216,0,5778.3834,5779.5730,5780.6263,0.1919,0
3217,1,5780.0611,5781.2455,5781.5254,0.0936,0
3217,0,5780.0611,5781.2455,5782.3056,0.0421,0
3218,1,5781.5905,5782.8029,5783.2289,0.0947,0
3218,0,5781.5905,5782.8029,5784.0579,0.1788,0
3219,1,5783.4320,5784.7042,5785.1847,0.2583,0
3219,0,5783.4320,5784.7042,5785.9662,0.1547,0
3220,1,5785.3621,5786.5584,5786.9795,0.2366,0
3220,0,5785.3621,5786.5584,5787.7623,0.1828,0
3221,1,5787.1874,5788.4352,5788.7380,0.0973,0
3221,0,5787.1874,5788.4352,5789.5223,0.1958,0
3222,1,5788.9619,5790.1509,5790.7822,0.4065,0
3222,0,5788.9619,5790.1509,5791.5631,0.1107,0
3223,1,5790.9168,5792.1153,5792.3936,0.0943,0
3223,0,5790.9168,5792.1153,5793.1701,0.0449,0
3224,1,5792.4615,5793.6465,5793.9407,0.0899,0
3224,0,5792.4615,5793.6465,5794.7174,0.1897,0
3225,1,5794.1751,5795.3791,5795.6524,0.0894,0
3225,0,5794.1751,5795.3791,5796.4890,0.0362,0
3226,1,5795.7121,5796.8916,5797.4532,0.3695,0
3226,0,5795.7121,5796.8916,5798.2718,0.0464,0
3227,1,5797.5259,5798.7169,5799.2091,0.2772,0
3227,0,5797.5259,5798.7169,5799.9915,0.1362,0
3228,1,5799.3807,5800.5828,5800.8597,0.0953,0
3228,0,5799.3807,5800.5828,5801.6290,0.0431,0
3229,1,5800.9292,5802.1215,5802.4838,0.1016,0
3229,0,5800.9292,5802.1215,5803.2578,0.1595,0
3230,1,5802.6792,5803.8952,5804.1974,0.0781,0
3230,0,5802.6792,5803.8952,5804.9474,0.0424,0
3231,1,5804.2606,5805.4180,5805.9783,0.3549,0
3231,0,5804.2606,5805.4180,5806.7466,0.0518,0
3232,1,5806.0755,5807.4817,5807.7469,0.0709,0
3232,0,5806.0755,5807.4817,5808.5164,0.2503,0
3233,1,5808.0333,5809.2472,5809.5346,0.0766,0
3233,0,5808.0333,5809.2472,5810.2881,0.0417,0
3234,1,5809.6409,5810.8093,5811.3609,0.3507,0
3234,0,5809.6409,5810.8093,5812.1393,0.0458,0
3235,1,5811.4320,5812.6255,5812.9042,0.0998,0
3235,0,5811.4320,5812.6255,5813.6786,0.2138,0
3236,1,5813.1401,5814.3864,5814.8607,0.2119,0
3236,0,5813.1401,5814.3864,5815.6482,0.0562,0
3237,1,5814.9929,5816.5976,5817.1631,0.3476,0
3237,0,5814.9929,5816.5976,5817.9566,0.0541,0
3238,1,5817.2606,5818.5159,5818.7957,0.0816,0
3238,0,5817.2606,5818.5159,5819.5859,0.2652,0
3239,1,5819.1149,5820.4748,5821.0180,0.3098,0
3239,0,5819.1149,5820.4748,5821.8202,0.0522,0
3240,1,5821.1125,5822.4496,5822.8804,0.2283,0
3240,0,5821.1125,5822.4496,5823.6966,0.0523,0
3241,1,5822.9781,5824.3566,5824.6442,0.0752,0
3241,0,5822.9781,5824.3566,5825.4526,0.1817,0
3242,1,5824.8619,5826.0756,5826.4023,0.0747,0
3242,0,5824.8619,5826.0756,5827.1823,0.0432,0
3243,1,5826.4775,5827.6772,5828.2301,0.3594,0
3243,0,5826.4775,5827.6772,5829.0514,0.0430,0
3244,1,5828.2993,5829.4984,5829.7727,0.0971,0
3244,0,5828.2993,5829.4984,5830.5922,0.2031,0
3245,1,5830.0014,5831.2636,5831.8425,0.3848,0
3245,0,5830.0014,5831.2636,5832.6419,0.0861,0
3246,1,5831.9563,5833.1515,5833.6905,0.3615,0
3246,0,5831.9563,5833.1515,5834.4902,0.0363,0
3247,1,5833.7534,5834.9516,5835.2165,0.0904,0
3247,0,5833.7534,5834.9516,5836.0053,0.2175,0
3248,1,5835.4700,5836.6620,5836.9338,0.0965,0
3248,0,5835.4700,5836.6620,5837.7180,0.0357,0
3249,1,5836.9951,5838.1860,5838.4870,0.0933,0
3249,0,5836.9951,5838.1860,5839.2712,0.1864,0
3250,1,5838.6985,5839.8927,5840.1638,0.0944,0
3250,0,5838.6985,5839.8927,5840.9444,0.0371,0
3251,1,5840.2270,5841.4587,5841.9963,0.3543,0
3251,0,5840.2270,5841.4587,5842.7762,0.0383,0
3252,1,5842.0602,5843.2474,5843.5248,0.1024,0
3252,0,5842.0602,5843.2474,5844.3024,0.1939,0
3253,1,5843.7455,5844.9459,5845.2163,0.0944,0
3253,0,5843.7455,5844.9459,5846.0648,0.0355,0
3254,1,5845.2780,5846.6617,5846.9558,0.0969,0
3254,0,5845.2780,5846.6617,5847.7423,0.2067,0
3255,1,5847.1895,5848.3841,5848.7067,0.0983,0
3255,0,5847.1895,5848.3841,5849.4886,0.0374,0
3256,1,5848.7697,5849.9577,5850.5077,0.3637,0
3256,0,5848.7697,5849.9577,5851.2880,0.0357,0
3257,1,5850.5697,5851.7567,5852.0391,0.1036,0
3257,0,5850.5697,5851.7567,5852.8156,0.2017,0
3258,1,5852.2674,5853.6028,5853.8714,0.0958,0
3258,0,5852.2674,5853.6028,5854.6764,0.1927,0
3259,1,5854.0914,5855.2856,5855.8736,0.4148,0
3259,0,5854.0914,5855.2856,5856.6534,0.0358,0
3260,1,5855.9355,5857.1242,5857.4388,0.1030,0
3260,0,5855.9355,5857.1242,5858.2693,0.3064,0
3261,1,5857.8066,5859.1082,5859.5390,0.1448,0
3261,0,5857.8066,5859.1082,5860.3241,0.2271,0
3262,1,5859.7927,5860.9858,5861.8468,0.4104,0
3262,0,5859.7927,5860.9858,5862.6277,0.0697,0
3263,1,5861.9547,5863.2379,5863.6072,0.1010,0
3263,0,5861.9547,5863.2379,5864.3981,0.2680,0
3264,1,5863.9044,5865.1002,5865.4256,0.0959,0
3264,0,5863.9044,5865.1002,5866.2075,0.0429,0
3265,1,5865.4939,5866.8701,5867.1313,0.0963,0
3265,0,5865.4939,5866.8701,5867.9245,0.0947,0
3266,1,5867.2525,5868.4518,5868.7236,0.0927,0
3266,0,5867.2525,5868.4518,5869.5101,0.1868,0
3267,1,5868.9359,5870.1208,5870.3951,0.0983,0
3267,0,5868.9359,5870.1208,5871.1764,0.0385,0
3268,1,5870.4730,5871.6537,5871.9291,0.0943,0
3268,0,5870.4730,5871.6537,5872.7083,0.2239,0
3269,1,5872.1786,5873.3705,5873.6984,0.0953,0
3269,0,5872.1786,5873.3705,5874.5318,0.0363,0
3270,1,5873.7832,5874.9792,5875.5433,0.3591,0
3270,0,5873.7832,5874.9792,5876.4471,0.0374,0
3271,1,5875.6064,5876.8353,5877.1887,0.0921,0
3271,0,5875.6064,5876.8353,5878.0149,0.2340,0
3272,1,5877.4499,5878.7599,5879.2617,0.2626,0
3272,0,5877.4499,5878.7599,5880.0717,0.0426,0
3273,1,5879.3280,5880.6725,5880.9391,0.0981,0
3273,0,5879.3280,5880.6725,5881.7258,0.0907,0
3274,1,5881.0538,5882.2461,5882.5307,0.1032,0
3274,0,5881.0538,5882.2461,5883.3125,0.1948,0
3275,1,5882.7495,5883.9505,5884.2191,0.0913,0
3275,0,5882.7495,5883.9505,5884.9975,0.0354,0
3276,1,5884.2793,5885.4699,5885.7612,0.0967,0
3276,0,5884.2793,5885.4699,5886.5428,0.2025,0
3277,1,5885.9877,5887.3362,5887.6201,0.0959,0
3277,0,5885.9877,5887.3362,5888.4051,0.1810,0
3278,1,5887.8268,5889.0219,5889.4644,0.2483,0
3278,0,5887.8268,5889.0219,5890.2751,0.0381,0
3279,1,5889.5259,5890.8996,5891.2052,0.0900,0
3279,0,5889.5259,5890.8996,5892.1871,0.2442,0
3280,1,5891.4774,5892.6728,5893.3616,0.1565,0
3280,0,5891.4774,5892.6728,5894.1837,0.0736,0
3281,1,5893.4658,5894.7109,5895.2455,0.2252,0
3281,0,5893.4658,5894.7109,5896.0389,0.0699,0
3282,1,5895.3464,5896.5478,5896.9680,0.1089,0
3282,0,5895.3464,5896.5478,5897.7524,0.1326,0
3283,1,5897.1261,5898.3233,5898.8789,0.2797,0
3283,0,5897.1261,5898.3233,5899.6696,0.0635,0
3284,1,5898.9683,5900.2482,5900.6270,0.1135,0
3284,0,5898.9683,5900.2482,5901.6598,0.0652,0
3285,1,5900.7180,5901.9100,5902.2680,0.1082,0
3285,0,5900.7180,5901.9100,5903.0183,0.2101,0
3286,1,5902.5004,5903.6818,5903.9965,0.0859,0
3286,0,5902.5004,5903.6818,5904.7957,0.0408,0
3287,1,5904.0669,5905.2930,5905.8382,0.3620,0
3287,0,5904.0669,5905.2930,5906.6198,0.0377,0
3288,1,5905.8997,5907.2873,5907.6947,0.0966,0
3288,0,5905.8997,5907.2873,5908.4758,0.0544,0
3289,1,5907.7716,5908.9701,5909.3311,0.1682,0
3289,0,5907.7716,5908.9701,5910.1191,0.0533,0
3290,1,5909.4085,5910.6527,5910.9544,0.0943,0
3290,0,5909.4085,5910.6527,5911.7427,0.1949,0
3291,1,5911.1745,5912.3717,5912.6734,0.1288,0
3291,0,5911.1745,5912.3717,5913.4872,0.0365,0
3292,1,5912.7358,5914.0706,5914.3368,0.0901,0
3292,0,5912.7358,5914.0706,5915.1376,0.0842,0
3293,1,5914.4485,5915.6337,5915.9045,0.1007,0
3293,0,5914.4485,5915.6337,5916.7024,0.1969,0
3294,1,5916.1283,5917.3136,5917.5870,0.0956,0
3294,0,5916.1283,5917.3136,5918.3703,0.0362,0
3295,1,5917.6493,5918.8309,5919.1171,0.0946,0
3295,0,5917.6493,5918.8309,5919.9618,0.1994,0
3296,1,5919.3429,5920.6964,5920.9791,0.0968,0
3296,0,5919.3429,5920.6964,5921.8077,0.1837,0
3297,1,5921.1889,5922.4446,5922.9271,0.0943,0
3297,0,5921.1889,5922.4446,5923.7203,0.1000,0
3298,1,5923.0545,5924.4566,5924.7629,0.1022,0
3298,0,5923.0545,5924.4566,5925.5454,0.3126,0
3299,1,5925.1168,5926.3053,5926.6051,0.0978,0
3299,0,5925.1168,5926.3053,5927.4199,0.0368,0
3300,1,5926.6653,5928.0096,5928.2767,0.0977,0
3300,0,5926.6653,5928.0096,5929.1380,0.0952,0
3301,1,5928.3999,5929.5844,5929.8565,0.0971,0
3301,0,5928.3999,5929.5844,5930.6696,0.0365,0
3302,1,5929.9159,5931.1364,5931.5373,0.2228,0
3302,0,5929.9159,5931.1364,5932.3309,0.0442,0
3303,1,5931.6050,5932.7900,5933.0916,0.0929,0
3303,0,5931.6050,5932.7900,5933.8782,0.1944,0
3304,1,5933.3076,5934.5034,5934.8253,0.0980,0
3304,0,5933.3076,5934.5034,5935.6150,0.0373,0
3305,1,5934.8848,5936.0715,5936.6156,0.3659,0
3305,0,5934.8848,5936.0715,5937.4765,0.0459,0
3306,1,5936.6838,5937.8702,5938.1566,0.0949,0
3306,0,5936.6838,5937.8702,5939.0224,0.1883,0
3307,1,5938.3698,5939.6138,5940.0272,0.2347,0
3307,0,5938.3698,5939.6138,5940.8074,0.0891,0
3308,1,5940.1490,5941.4229,5941.9615,0.3589,0
3308,0,5940.1490,5941.4229,5942.7410,0.0377,0
3309,1,5942.0246,5943.2170,5943.4913,0.0970,0
3309,0,5942.0246,5943.2170,5944.2817,0.2346,0
3310,1,5943.7527,5944.9817,5945.2764,0.0941,0
3310,0,5943.7527,5944.9817,5946.0535,0.0437,0
3311,1,5945.3463,5946.5315,5946.8208,0.0934,0
3311,0,5945.3463,5946.5315,5947.5980,0.2022,0
3312,1,5947.0488,5948.2395,5948.5119,0.0965,0
3312,0,5947.0488,5948.2395,5949.3349,0.1006,0
3313,1,5948.6384,5949.8203,5950.3647,0.3687,0
3313,0,5948.6384,5949.8203,5951.1407,0.0362,0
3314,1,5950.4265,5951.6220,5951.9034,0.1009,0
3314,0,5950.4265,5951.6220,5952.6725,0.1614,0
3315,1,5952.1135,5953.3262,5953.6229,0.0931,0
3315,0,5952.1135,5953.3262,5954.6125,0.3323,0
3316,1,5953.9820,5955.2070,5955.6452,0.0862,0
3316,0,5953.9820,5955.2070,5956.4197,0.2849,0
3317,1,5955.9541,5957.3244,5957.5997,0.0969,0
3317,0,5955.9541,5957.3244,5958.3757,0.2800,0
3318,1,5957.9069,5959.0928,5959.3794,0.1045,0
3318,0,5957.9069,5959.0928,5960.1582,0.0496,0
3319,1,5959.4547,5960.6675,5960.9355,0.0987,0
3319,0,5959.4547,5960.6675,5961.7093,0.3006,0
3320,1,5961.2600,5962.4521,5962.7485,0.0985,0
3320,0,5961.2600,5962.4521,5963.5458,0.0370,0
3321,1,5962.8111,5964.0437,5964.4376,0.2239,0
3321,0,5962.8111,5964.0437,5965.3004,0.0357,0
3322,1,5964.4987,5965.6953,5965.9654,0.0950,0
3322,0,5964.4987,5965.6953,5966.7450,0.1879,0
3323,1,5966.1788,5967.3844,5967.6599,0.0983,0
3323,0,5966.1788,5967.3844,5968.4420,0.0365,0
3324,1,5967.7217,5968.9096,5969.2032,0.0964,0
3324,0,5967.7217,5968.9096,5969.9761,0.2105,0
3325,1,5969.4383,5970.6297,5971.2560,0.1790,0
3325,0,5969.4383,5970.6297,5972.0371,0.0577,0
3326,1,5971.3477,5972.6354,5973.0519,0.2189,0
3326,0,5971.3477,5972.6354,5973.8320,0.0403,0
3327,1,5973.1166,5974.4905,5974.7830,0.0942,0
3327,0,5973.1166,5974.4905,5975.5646,0.1956,0
3328,1,5975.0045,5976.1958,5976.5109,0.0955,0
3328,0,5975.0045,5976.1958,5977.2976,0.0365,0
3329,1,5976.5709,5977.7727,5978.3141,0.3568,0
3329,0,5976.5709,5977.7727,5979.1693,0.0440,0
3330,1,5978.3843,5979.5740,5979.8468,0.0922,0
3330,0,5978.3843,5979.5740,5980.6211,0.1898,0
3331,1,5980.0601,5981.2568,5981.6122,0.1012,0
3331,0,5980.0601,5981.2568,5982.4265,0.0512,0
3332,1,5981.7121,5982.9056,5983.4791,0.3716,0
3332,0,5981.7121,5982.9056,5984.2552,0.0413,0
3333,1,5983.5454,5984.7382,5985.0154,0.0966,0
3333,0,5983.5454,5984.7382,5985.7907,0.0462,0
3334,1,5985.0841,5986.3130,5987.0117,0.5025,0
3334,0,5985.0841,5986.3130,5987.7808,0.2883,0
3335,1,5987.3314,5988.5327,5988.8422,0.1032,0
3335,0,5987.3314,5988.5327,5989.6231,0.2314,0
3336,1,5989.0962,5990.2834,5990.7312,0.2728,0
3336,0,5989.0962,5990.2834,5991.4802,0.2039,0
3337,1,5990.9586,5992.1605,5992.4679,0.0870,0
3337,0,5990.9586,5992.1605,5993.2415,0.0373,0
3338,1,5992.5320,5993.7185,5994.0521,0.0998,0
3338,0,5992.5320,5993.7185,5994.8259,0.1631,0
3339,1,5994.2409,5995.4455,5995.7138,0.0929,0
3339,0,5994.2409,5995.4455,5996.4976,0.0387,0
3340,1,5995.7796,5996.9652,5997.5451,0.3633,0
3340,0,5995.7796,5996.9652,5998.3211,0.0499,0
3341,1,5997.6394,5998.8502,5999.1219,0.0731,0
3341,0,5997.6394,5998.8502,5999.8917,0.1594,0
3342,1,5999.3154,6000.5933,6000.8768,0.0682,0
3342,0,5999.3154,6000.5933,6001.9016,0.0516,0
3343,1,6000.9734,6002.1870,6002.5343,0.1048,0
3343,0,6000.9734,6002.1870,6003.3056,0.5039,0
3344,1,6003.0612,6004.3815,6004.6834,0.1145,0
3344,0,6003.0612,6004.3815,6005.4686,0.1722,0
3345,1,6004.8799,6006.0756,6006.3386,0.0920,0
3345,0,6004.8799,6006.0756,6007.1141,0.0387,0
3346,1,6006.4016,6007.7650,6008.0597,0.1000,0
3346,0,6006.4016,6007.7650,6008.8432,0.2035,0
3347,1,6008.2890,6009.4935,6009.8262,0.0921,0
3347,0,6008.2890,6009.4935,6010.6051,0.0362,0
3348,1,6009.8864,6011.0707,6011.6190,0.3672,0
3348,0,6009.8864,6011.0707,6012.3954,0.0466,0
3349,1,6011.6892,6012.8723,6013.1441,0.1006,0
3349,0,6011.6892,6012.8723,6013.9201,0.1908,0
3350,1,6013.3579,6014.5521,6014.8291,0.0960,0
3350,0,6013.3579,6014.5521,6015.6163,0.0359,0
3351,1,6014.8873,6016.0750,6016.3618,0.0921,0
3351,0,6014.8873,6016.0750,6017.3542,0.1977,0
3352,1,6016.5845,6017.7985,6018.2497,0.2673,0
3352,0,6016.5845,6017.7985,6019.0409,0.0581,0
3353,1,6019.4656,6020.7493,6021.2366,0.3005,0
3353,0,6019.4656,6020.7493,6022.3173,0.2561,0
3354,1,6021.5981,6022.8502,6023.2182,0.1126,0
3354,0,6021.5981,6022.8502,6024.0735,0.0996,0
3355,1,6023.3364,6024.6843,6025.0023,0.0979,0
3355,0,6023.3364,6024.6843,6025.7918,0.1794,0
3356,1,6025.2054,6026.4096,6026.6977,0.0985,0
3356,0,6025.2054,6026.4096,6027.4766,0.3140,0
3357,1,6027.0362,6028.2335,6028.5294,0.0958,0
3357,0,6027.0362,6028.2335,6029.3142,0.0368,0
3358,1,6028.5925,6029.7881,6030.0676,0.0935,0
3358,0,6028.5925,6029.7881,6030.8464,0.1757,0
3359,1,6030.2903,6031.4796,6031.9327,0.2279,0
3359,0,6030.2903,6031.4796,6032.7309,0.0362,0
3360,1,6031.9952,6033.1948,6033.8443,0.3741,0
3360,0,6031.9952,6033.1948,6034.7293,0.0550,0
3361,1,6033.9216,6035.3228,6035.5977,0.0955,0
3361,0,6033.9216,6035.3228,6036.3896,0.3325,0
3362,1,6035.9564,6037.1576,6037.5089,0.0963,0
3362,0,6035.9564,6037.1576,6038.2959,0.0405,0
3363,1,6037.5734,6038.7617,6039.3025,0.3677,0
3363,0,6037.5734,6038.7617,6040.0946,0.0384,0
3364,1,6039.3676,6040.7415,6041.0218,0.0943,0
3364,0,6039.3676,6040.7415,6041.8026,0.2690,0
3365,1,6041.3167,6042.5017,6042.7884,0.1015,0
3365,0,6041.3167,6042.5017,6043.5720,0.0363,0
3366,1,6042.8501,6044.0334,6044.5715,0.3705,0
3366,0,6042.8501,6044.0334,6045.3524,0.0369,0
3367,1,6044.6340,6045.8218,6046.0999,0.0936,0
3367,0,6044.6340,6045.8218,6046.8788,0.0346,0
3368,1,6046.1596,6047.3728,6047.7824,0.2294,0
3368,0,6046.1596,6047.3728,6048.6218,0.0364,0
3369,1,6047.8448,6049.0380,6049.6800,0.2085,0
3369,0,6047.8448,6049.0380,6050.4624,0.0475,0
3370,1,6049.7552,6050.8973,6051.1839,0.0905,0
3370,0,6049.7552,6050.8973,6051.9628,0.0412,0
3371,1,6051.2487,6052.4349,6052.9831,0.3672,0
3371,0,6051.2487,6052.4349,6053.7524,0.0472,0
3372,1,6053.0582,6054.3916,6055.2496,0.6430,0
3372,0,6053.0582,6054.3916,6056.0285,0.0403,0
3373,1,6055.3139,6056.5125,6056.7817,0.0959,0
3373,0,6055.3139,6056.5125,6057.5749,0.0360,0
3374,1,6056.8439,6058.2062,6058.9678,0.4167,0
3374,0,6056.8439,6058.2062,6060.0256,0.1147,0
3375,1,6059.1158,6060.3498,6060.7544,0.0996,0
3375,0,6059.1158,6060.3498,6061.5455,0.1380,0
3376,1,6060.9286,6062.1405,6062.5092,0.0827,0
3376,0,6060.9286,6062.1405,6063.2657,0.0450,0
3377,1,6062.5768,6063.7405,6064.2826,0.3521,0
3377,0,6062.5768,6063.7405,6065.0623,0.0440,0
3378,1,6064.3510,6065.5385,6065.8359,0.0869,0
3378,0,6064.3510,6065.5385,6066.6100,0.3170,0
3379,1,6066.2122,6067.4616,6067.7470,0.0729,0
3379,0,6066.2122,6067.4616,6068.5226,0.0526,0
3380,1,6067.8432,6069.2442,6069.8032,0.3473,0
3380,0,6067.8432,6069.2442,6070.5918,0.0524,0
3381,1,6069.8998,6071.1171,6071.3863,0.0718,0
3381,0,6069.8998,6071.1171,6072.1700,0.2260,0
3382,1,6071.6433,6072.9445,6073.2431,0.0742,0
3382,0,6071.6433,6072.9445,6074.0273,0.0521,0
3383,1,6073.3390,6074.7702,6075.3323,0.3504,0
3383,0,6073.3390,6074.7702,6076.1304,0.0449,0
3384,1,6075.4329,6076.6867,6076.9626,0.0778,0
3384,0,6075.4329,6076.6867,6077.7604,0.1590,0
3385,1,6077.1578,6078.4890,6078.7653,0.0742,0
3385,0,6077.1578,6078.4890,6079.5675,0.0525,0
3386,1,6078.8609,6080.2492,6080.5317,0.0806,0
3386,0,6078.8609,6080.2492,6081.4011,0.1837,0
3387,1,6080.7523,6082.0723,6082.6240,0.3743,0
3387,0,6080.7523,6082.0723,6083.4284,0.2884,0
3388,1,6082.9360,6084.1404,6084.4265,0.0981,0
3388,0,6082.9360,6084.1404,6085.2312,0.0358,0
3389,1,6084.4876,6085.6735,6086.2184,0.3623,0
3389,0,6084.4876,6085.6735,6087.0317,0.0464,0
3390,1,6086.2885,6087.6699,6088.2758,0.4278,0
3390,0,6086.2885,6087.6699,6089.0787,0.0754,0
3391,1,6088.3744,6089.5592,6089.9578,0.2153,0
3391,0,6088.3744,6089.5592,6090.7566,0.0377,0
3392,1,6090.0180,6091.4243,6091.7182,0.0985,0
3392,0,6090.0180,6091.4243,6092.5277,0.2000,0
3393,1,6091.9473,6093.1294,6093.4168,0.1022,0
3393,0,6091.9473,6093.1294,6094.2049,0.2838,0
3394,1,6093.7233,6094.9724,6095.2586,0.0931,0
3394,0,6093.7233,6094.9724,6096.0560,0.0456,0
3395,1,6095.3272,6096.5373,6097.0053,0.0948,0
3395,0,6095.3272,6096.5373,6097.8962,0.2423,0
3396,1,6097.2999,6098.6332,6099.0885,0.2382,0
3396,0,6097.2999,6098.6332,6099.8888,0.1404,0
3397,1,6099.3522,6100.6511,6100.9392,0.0766,0
3397,0,6099.3522,6100.6511,6101.7362,0.0515,0
3398,1,6101.0357,6102.4272,6102.7123,0.0735,0
3398,0,6101.0357,6102.4272,6103.5218,0.1888,0
3399,1,6102.9561,6104.1869,6104.4364,0.0504,0
3399,0,6102.9561,6104.1869,6105.2370,0.3120,0
3400,1,6104.7917,6106.0861,6106.3713,0.0712,0
3400,0,6104.7917,6106.0861,6107.1884,0.0518,0
3401,1,6106.4669,6107.9147,6108.1905,0.0717,0
3401,0,6106.4669,6107.9147,6109.0007,0.1913,0
3402,1,6108.4185,6109.8839,6110.1766,0.0479,0
3402,0,6108.4185,6109.8839,6111.0004,0.1867,0
3403,1,6110.3886,6111.5900,6111.9987,0.1290,0
3403,0,6110.3886,6111.5900,6113.2986,0.0941,0
3404,1,6112.1509,6113.3439,6113.9385,0.3788,0
3404,0,6112.1509,6113.3439,6114.7353,0.1956,0
3405,1,6114.1641,6115.3456,6115.6673,0.0872,0
3405,0,6114.1641,6115.3456,6116.5502,0.2601,0
3406,1,6115.9592,6117.1927,6117.5958,0.2076,0
3406,0,6115.9592,6117.1927,6118.4042,0.0438,0
3407,1,6117.6652,6118.8547,6119.5027,0.4836,0
3407,0,6117.6652,6118.8547,6120.4004,0.0362,0
3408,1,6119.5646,6120.8930,6121.1622,0.0988,0
3408,0,6119.5646,6120.8930,6122.0520,0.2125,0
3409,1,6121.4333,6122.8435,6123.1121,0.0659,0
3409,0,6121.4333,6122.8435,6123.9322,0.0631,0
3410,1,6123.2324,6124.8488,6125.1273,0.0645,0
3410,0,6123.2324,6124.8488,6125.9340,0.1948,0
3411,1,6125.3673,6126.5266,6126.8077,0.0961,0
3411,0,6125.3673,6126.5266,6127.6288,0.0445,0
3412,1,6126.8764,6128.0742,6128.6106,0.2382,0
3412,0,6126.8764,6128.0742,6129.4077,0.0508,0
3413,1,6128.7051,6129.8849,6130.3035,0.1109,0
3413,0,6128.7051,6129.8849,6131.1126,0.1029,0
3414,1,6130.4503,6131.6665,6132.3290,0.2714,0
3414,0,6130.4503,6131.6665,6133.2768,0.0596,0
3415,1,6132.4229,6133.6328,6134.1157,0.2281,0
3415,0,6132.4229,6133.6328,6134.9770,0.0507,0
3416,1,6134.1904,6135.3507,6135.6927,0.0905,0
3416,0,6134.1904,6135.3507,6136.5252,0.2110,0
3417,1,6135.9571,6137.1775,6137.6696,0.2186,0
3417,0,6135.9571,6137.1775,6138.7870,0.0532,0
3418,1,6137.7484,6138.8920,6139.4895,0.3585,0
3418,0,6137.7484,6138.8920,6140.5936,0.0497,0
3419,1,6139.5627,6140.8884,6141.2026,0.0650,0
3419,0,6139.5627,6140.8884,6142.0049,0.1695,0
3420,1,6141.4023,6142.5387,6142.8326,0.1008,0
3420,0,6141.4023,6142.5387,6143.6282,0.0475,0
3421,1,6142.9499,6144.2019,6144.9641,0.5789,0
3421,0,6142.9499,6144.2019,6145.8121,0.0391,0
3422,1,6145.0276,6146.2253,6146.5010,0.0941,0
3422,0,6145.0276,6146.2253,6147.3156,0.2841,0
3423,1,6146.8103,6148.0092,6148.3003,0.0980,0
3423,0,6146.8103,6148.0092,6149.0827,0.0425,0
3424,1,6148.3657,6149.5490,6149.8098,0.0910,0
3424,0,6148.3657,6149.5490,6150.5917,0.2308,0
3425,1,6150.0628,6151.2523,6151.5503,0.1150,0
3425,0,6150.0628,6151.2523,6152.3512,0.0371,0
3426,1,6151.6108,6152.9246,6153.2889,0.0967,0
3426,0,6151.6108,6152.9246,6154.1030,0.1443,0
3427,1,6153.4644,6154.7701,6155.0901,0.0860,0
3427,0,6153.4644,6154.7701,6155.8535,0.1585,0
3428,1,6155.2697,6156.4241,6156.7127,0.0926,0
3428,0,6155.2697,6156.4241,6157.5044,0.0375,0
3429,1,6156.7763,6158.0923,6158.6305,0.3605,0
3429,0,6156.7763,6158.0923,6159.4784,0.0436,0
3430,1,6158.6996,6159.9269,6160.2101,0.0965,0
3430,0,6158.6996,6159.9269,6161.0000,0.5571,0
3431,1,6160.7959,6162.0976,6162.4111,0.1213,0
3431,0,6160.7959,6162.0976,6163.1972,0.0877,0
3432,1,6162.5254,6163.7133,6164.2521,0.3684,0
3432,0,6162.5254,6163.7133,6165.0375,0.0389,0
3433,1,6164.3169,6165.5184,6165.7879,0.0952,0
3433,0,6164.3169,6165.5184,6166.5822,0.1704,0
3434,1,6165.9848,6167.1970,6167.4662,0.0915,0
3434,0,6165.9848,6167.1970,6168.2471,0.0366,0
3435,1,6167.5281,6168.7077,6169.0190,0.0968,0
3435,0,6167.5281,6168.7077,6169.7978,0.1834,0
3436,1,6169.2275,6170.4185,6170.6897,0.0970,0
3436,0,6169.2275,6170.4185,6171.4680,0.0367,0
3437,1,6170.7521,6171.9369,6172.2023,0.0959,0
3437,0,6170.7521,6171.9369,6172.9667,0.2995,0
3438,1,6172.5284,6173.8869,6174.1875,0.0983,0
3438,0,6172.5284,6173.8869,6174.9703,0.1411,0
3439,1,6174.3565,6175.5570,6176.0138,0.0934,0
3439,0,6174.3565,6175.5570,6176.7974,0.2207,0
3440,1,6176.2635,6177.4477,6177.7525,0.0909,0
3440,0,6176.2635,6177.4477,6178.5345,0.1795,0
3441,1,6177.9641,6179.1989,6179.4806,0.0976,0
3441,0,6177.9641,6179.1989,6180.2619,0.2979,0
3442,1,6179.8041,6180.9906,6181.4127,0.2348,0
3442,0,6179.8041,6180.9906,6182.1887,0.0414,0
3443,1,6181.4803,6182.6665,6182.9680,0.0989,0
3443,0,6181.4803,6182.6665,6183.7415,0.1933,0
3444,1,6183.1882,6184.3730,6184.7090,0.1024,0
3444,0,6183.1882,6184.3730,6185.4820,0.0401,0
3445,1,6184.7742,6185.9544,6186.4980,0.3682,0
3445,0,6184.7742,6185.9544,6187.2823,0.0442,0
3446,1,6186.5677,6187.8298,6188.7912,0.6728,0
3446,0,6186.5677,6187.8298,6189.5736,0.0530,0
3447,1,6188.8824,6190.1581,6190.4658,0.1033,0
3447,0,6188.8824,6190.1581,6191.2514,0.0982,0
3448,1,6190.6110,6191.8392,6192.5547,0.5104,0
3448,0,6190.6110,6191.8392,6193.3325,0.0391,0
3449,1,6192.6179,6193.8150,6194.0890,0.0928,0
3449,0,6192.6179,6193.8150,6194.8611,0.2078,0
3450,1,6194.3208,6195.5011,6195.8340,0.0990,0
3450,0,6194.3208,6195.5011,6196.6039,0.0378,0
3451,1,6195.8948,6197.0950,6197.6495,0.3754,0
3451,0,6195.8948,6197.0950,6198.4262,0.0420,0
3452,1,6197.7149,6198.9034,6199.1837,0.0948,0
3452,0,6197.7149,6198.9034,6199.9522,0.1679,0
3453,1,6199.3754,6200.5686,6200.8432,0.0868,0
3453,0,6199.3754,6200.5686,6201.6121,0.0372,0
3454,1,6200.9054,6202.1064,6202.3965,0.0942,0
3454,0,6200.9054,6202.1064,6203.1645,0.2199,0
3455,1,6202.6533,6203.9624,6204.3223,0.0889,0
3455,0,6202.6533,6203.9624,6205.0623,0.0400,0
3456,1,6204.3813,6205.7215,6205.9965,0.0917,0
3456,0,6204.3813,6205.7215,6206.7784,0.0792,0
3457,1,6206.1017,6207.4747,6208.4801,0.6850,0
3457,0,6206.1017,6207.4747,6209.4005,0.0685,0
3458,1,6208.5756,6209.7832,6210.0619,0.0921,0
3458,0,6208.5756,6209.7832,6210.8529,0.2972,0
3459,1,6210.3860,6211.5741,6211.8568,0.0896,0
3459,0,6210.3860,6211.5741,6212.6403,0.0417,0
3460,1,6211.9250,6213.1069,6213.3756,0.0978,0
3460,0,6211.9250,6213.1069,6214.1712,0.2894,0
3461,1,6213.6916,6214.8785,6215.1674,0.1031,0
3461,0,6213.6916,6214.8785,6215.9445,0.0893,0
3462,1,6215.2832,6216.4712,6217.0056,0.3656,0
3462,0,6215.2832,6216.4712,6217.7827,0.0374,0
3463,1,6217.0697,6218.2570,6218.5412,0.0998,0
3463,0,6217.0697,6218.2570,6219.3139,0.1963,0
3464,1,6218.7648,6219.9517,6220.2586,0.0970,0
3464,0,6218.7648,6219.9517,6221.0295,0.3328,0
3465,1,6220.6161,6221.8153,6222.1058,0.0977,0
3465,0,6220.6161,6221.8153,6222.8770,0.2514,0
3466,1,6222.3815,6223.6055,6224.7286,0.8979,0
3466,0,6222.3815,6223.6055,6225.5580,0.0444,0
3467,1,6224.8056,6226.0395,6226.4032,0.0996,0
3467,0,6224.8056,6226.0395,6227.1414,0.0388,0
3468,1,6226.4667,6227.6036,6228.1629,0.3659,0
3468,0,6226.4667,6227.6036,6228.9441,0.0438,0
3469,1,6228.2340,6229.4264,6229.7078,0.0958,0
3469,0,6228.2340,6229.4264,6230.4820,0.0364,0
3470,1,6229.7703,6231.0618,6231.3312,0.0982,0
3470,0,6229.7703,6231.0618,6232.1062,0.0859,0
3471,1,6231.4444,6232.6371,6232.9276,0.0971,0
3471,0,6231.4444,6232.6371,6233.7004,0.2209,0
3472,1,6233.1752,6234.3651,6234.7027,0.0952,0
3472,0,6233.1752,6234.3651,6235.4948,0.0385,0
3473,1,6234.7676,6235.9563,6236.5678,0.3619,0
3473,0,6234.7676,6235.9563,6237.3659,0.0501,0
3474,1,6236.6637,6237.8727,6238.1490,0.0770,0
3474,0,6236.6637,6237.8727,6238.9433,0.1561,0
3475,1,6238.3391,6239.5923,6240.2794,0.4559,0
3475,0,6238.3391,6239.5923,6241.0586,0.0370,0
3476,1,6240.3437,6241.5328,6242.0734,0.3642,0
3476,0,6240.3437,6241.5328,6242.8436,0.0371,0
3477,1,6242.1370,6243.3253,6243.5892,0.0937,0
3477,0,6242.1370,6243.3253,6244.3578,0.1811,0
3478,1,6243.7976,6244.9794,6245.2508,0.0947,0
3478,0,6243.7976,6244.9794,6246.0276,0.0436,0
3479,1,6245.3204,6246.5236,6246.8328,0.0982,0
3479,0,6245.3204,6246.5236,6247.6008,0.1983,0
3480,1,6247.0576,6248.2468,6248.6082,0.0980,0
3480,0,6247.0576,6248.2468,6249.3744,0.0389,0
3481,1,6248.6729,6249.8576,6250.4040,0.3680,0
3481,0,6248.6729,6249.8576,6251.1711,0.0414,0
3482,1,6250.4708,6251.6562,6251.9284,0.0934,0
3482,0,6250.4708,6251.6562,6252.6897,0.1680,0
3483,1,6252.1227,6253.4648,6253.7353,0.0961,0
3483,0,6252.1227,6253.4648,6254.6359,0.1940,0
3484,1,6253.9564,6255.1760,6255.4772,0.0992,0
3484,0,6253.9564,6255.1760,6256.2543,0.5543,0
3485,1,6256.0589,6257.5287,6258.1106,0.3974,0
3485,0,6256.0589,6257.5287,6258.8956,0.0372,0
3486,1,6258.1732,6259.3596,6259.6222,0.0951,0
3486,0,6258.1732,6259.3596,6260.4195,0.0995,0
3487,1,6259.7484,6260.9300,6261.4897,0.3691,0
3487,0,6259.7484,6260.9300,6262.2746,0.0397,0
3488,1,6261.5555,6262.7389,6263.0045,0.0970,0
3488,0,6261.5555,6262.7389,6263.7803,0.1848,0
3489,1,6263.2161,6264.4199,6264.6934,0.0990,0
3489,0,6263.2161,6264.4199,6265.4864,0.0367,0
3490,1,6264.7556,6265.9466,6266.2597,0.0912,0
3490,0,6264.7556,6265.9466,6267.0722,0.1638,0
3491,1,6266.4690,6267.7214,6268.0669,0.0733,0
3491,0,6266.4690,6267.7214,6268.8275,0.0430,0
3492,1,6268.1305,6269.2686,6269.8122,0.3593,0
3492,0,6268.1305,6269.2686,6270.5878,0.0415,0
3493,1,6269.9335,6271.4687,6272.1234,0.0952,0
3493,0,6269.9335,6271.4687,6272.9409,0.0566,0
3494,1,6272.2024,6273.4462,6273.7491,0.0876,0
3494,0,6272.2024,6273.4462,6274.5962,0.1615,0
3495,1,6273.9327,6275.3511,6275.7552,0.2224,0
3495,0,6273.9327,6275.3511,6276.5534,0.0455,0
3496,1,6275.8240,6277.0114,6277.7865,0.4862,0
3496,0,6275.8240,6277.0114,6278.6520,0.0652,0
3497,1,6277.8786,6279.0732,6279.3657,0.0941,0
3497,0,6277.8786,6279.0732,6280.1571,0.0378,0
3498,1,6279.4304,6280.8043,6281.0718,0.0931,0
3498,0,6279.4304,6280.8043,6281.9306,0.0853,0
3499,1,6281.1849,6282.3745,6282.6504,0.1007,0
3499,0,6281.1849,6282.3745,6283.4912,0.2907,0
3500,1,6282.9668,6284.1558,6284.4850,0.0958,0
3500,0,6282.9668,6284.1558,6285.2778,0.0463,0
3501,1,6284.5568,6285.7535,6286.6122,0.6476,0
3501,0,6284.5568,6285.7535,6287.3807,0.0423,0
3502,1,6286.6796,6287.9996,6288.4914,0.1071,0
3502,0,6286.6796,6287.9996,6289.4286,0.2219,0
3503,1,6288.7401,6289.9493,6290.4518,0.1021,0
3503,0,6288.7401,6289.9493,6291.2438,0.1626,0
3504,1,6290.6413,6291.8341,6292.5172,0.4009,0
3504,0,6290.6413,6291.8341,6293.4049,0.0419,0
3505,1,6292.5856,6293.7845,6294.0834,0.0752,0
3505,0,6292.5856,6293.7845,6294.8692,0.1849,0
3506,1,6294.2960,6295.4922,6295.8221,0.0969,0
3506,0,6294.2960,6295.4922,6296.6373,0.0362,0
3507,1,6295.8849,6297.0784,6297.6331,0.3583,0
3507,0,6295.8849,6297.0784,6298.4139,0.0455,0
3508,1,6297.7053,6298.8962,6299.1665,0.0934,0
3508,0,6297.7053,6298.8962,6299.9559,0.1933,0
3509,1,6299.3872,6300.5797,6300.8514,0.0895,0
3509,0,6299.3872,6300.5797,6301.6639,0.0423,0
3510,1,6300.9196,6302.4788,6303.0408,0.3675,0
3510,0,6300.9196,6302.4788,6303.8342,0.0418,0
3511,1,6303.1096,6304.2988,6304.5744,0.1012,0
3511,0,6303.1096,6304.2988,6305.3546,0.2807,0
3512,1,6304.8812,6306.0974,6306.4555,0.0958,0
3512,0,6304.8812,6306.0974,6307.2774,0.1237,0
3513,1,6306.6200,6307.9426,6308.2124,0.0913,0
3513,0,6306.6200,6307.9426,6309.0130,0.2193,0
3514,1,6308.4582,6309.6455,6309.9205,0.0957,0
3514,0,6308.4582,6309.6455,6310.7376,0.0373,0
3515,1,6309.9804,6311.2866,6311.6932,0.2252,0
3515,0,6309.9804,6311.2866,6312.5139,0.0374,0
3516,1,6311.7548,6312.9436,6313.2176,0.0945,0
3516,0,6311.7548,6312.9436,6314.0067,0.1887,0
3517,1,6313.4318,6314.6152,6314.8870,0.0973,0
3517,0,6313.4318,6314.6152,6315.6705,0.0357,0
3518,1,6314.9460,6316.1334,6316.4166,0.0934,0
3518,0,6314.9460,6316.1334,6317.1993,0.1820,0
3519,1,6316.6312,6318.2396,6318.5231,0.0859,0
3519,0,6316.6312,6318.2396,6319.3267,0.0445,0
3520,1,6318.5956,6319.7920,6320.7040,0.6834,0
3520,0,6318.5956,6319.7920,6321.5055,0.0422,0
3521,1,6320.7741,6321.9872,6322.5701,0.3781,0
3521,0,6320.7741,6321.9872,6323.3661,0.0408,0
3522,1,6322.6369,6324.0208,6324.2879,0.0960,0
3522,0,6322.6369,6324.0208,6325.1389,0.1882,0
3523,1,6324.5030,6325.7004,6325.9742,0.0964,0
3523,0,6324.5030,6325.7004,6326.7684,0.0366,0
3524,1,6326.0381,6327.2293,6327.5468,0.0982,0
3524,0,6326.0381,6327.2293,6328.3669,0.1909,0
3525,1,6327.7988,6329.1626,6329.5654,0.1330,0
3525,0,6327.7988,6329.1626,6330.4196,0.2716,0
3526,1,6329.8636,6331.2129,6331.6023,0.0999,0
3526,0,6329.8636,6331.2129,6332.6780,0.0647,0
3527,1,6331.6989,6332.9019,6333.4447,0.3508,0
3527,0,6331.6989,6332.9019,6334.2526,0.0785,0
3528,1,6333.5481,6334.7224,6335.0028,0.0944,0
3528,0,6333.5481,6334.7224,6335.7999,0.0455,0
3529,1,6335.0722,6336.2729,6336.6732,0.2254,0
3529,0,6335.0722,6336.2729,6337.5173,0.0375,0
3530,1,6336.7349,6337.9231,6338.2029,0.1004,0
3530,0,6336.7349,6337.9231,6339.0073,0.1868,0
3531,1,6338.4152,6339.6018,6339.8765,0.0934,0
3531,0,6338.4152,6339.6018,6340.6595,0.0449,0
3532,1,6339.9434,6341.3263,6341.6127,0.0962,0
3532,0,6339.9434,6341.3263,6342.4063,0.1945,0
3533,1,6341.8314,6343.0126,6343.2875,0.0954,0
3533,0,6341.8314,6343.0126,6344.0753,0.0391,0
3534,1,6343.3499,6344.5464,6344.9558,0.2290,0
3534,0,6343.3499,6344.5464,6345.7392,0.0388,0
3535,1,6345.0174,6346.2217,6346.4929,0.0956,0
3535,0,6345.0174,6346.2217,6347.2746,0.1835,0
3536,1,6346.6986,6347.8847,6348.2298,0.0930,0
3536,0,6346.6986,6347.8847,6348.9991,0.0470,0
3537,1,6348.3305,6349.7546,6350.4412,0.4669,0
3537,0,6348.3305,6349.7546,6351.2504,0.0381,0
3538,1,6350.5060,6351.7009,6351.9749,0.0940,0
3538,0,6350.5060,6351.7009,6352.7644,0.1924,0
3539,1,6352.1937,6353.5280,6353.8085,0.0970,0
3539,0,6352.1937,6353.5280,6354.5653,0.1865,0
3540,1,6354.0160,6355.1535,6355.4806,0.0997,0
3540,0,6354.0160,6355.1535,6356.2689,0.1980,0
3541,1,6355.7025,6356.8997,6357.1762,0.0946,0
3541,0,6355.7025,6356.8997,6357.9774,0.0993,0
3542,1,6357.2993,6358.5114,6358.9334,0.2200,0
3542,0,6357.2993,6358.5114,6359.7422,0.0374,0
3543,1,6358.9933,6360.1757,6360.4555,0.0943,0
3543,0,6358.9933,6360.1757,6361.2348,0.1935,0
3544,1,6360.6738,6361.8570,6362.1329,0.0961,0
3544,0,6360.6738,6361.8570,6362.9073,0.0369,0
3545,1,6362.1933,6363.4069,6363.8482,0.0639,0
3545,0,6362.1933,6363.4069,6364.6311,0.0772,0
3546,1,6363.9499,6365.2160,6365.5015,0.0949,0
3546,0,6363.9499,6365.2160,6366.2956,0.0447,0
3547,1,6365.5723,6366.8080,6367.2071,0.2240,0
3547,0,6365.5723,6366.8080,6368.0657,0.0366,0
3548,1,6367.2698,6368.4663,6368.7334,0.0965,0
3548,0,6367.2698,6368.4663,6369.5132,0.1913,0
3549,1,6368.9502,6370.1363,6370.4268,0.0969,0
3549,0,6368.9502,6370.1363,6371.2007,0.0388,0
3550,1,6370.4916,6371.6685,6371.9456,0.0987,0
3550,0,6370.4916,6371.6685,6372.7266,0.1909,0
3551,1,6372.1632,6373.3565,6373.6599,0.0958,0
3551,0,6372.1632,6373.3565,6374.4345,0.0398,0
3552,1,6373.7264,6374.9141,6375.4670,0.3572,0
3552,0,6373.7264,6374.9141,6376.2377,0.0375,0
3553,1,6375.5306,6376.7217,6377.0007,0.1021,0
3553,0,6375.5306,6376.7217,6377.7682,0.1828,0
3554,1,6377.2098,6378.4039,6378.6715,0.0908,0
3554,0,6377.2098,6378.4039,6379.6606,0.0361,0
3555,1,6378.7330,6379.9545,6380.7287,0.6103,0
3555,0,6378.7330,6379.9545,6381.5033,0.0358,0
3556,1,6380.7913,6381.9904,6382.2756,0.1092,0
3556,0,6380.7913,6381.9904,6383.0841,0.0833,0
3557,1,6382.3859,6383.5776,6384.0185,0.2167,0
3557,0,6382.3859,6383.5776,6384.8202,0.0413,0
3558,1,6384.0845,6385.2700,6385.5578,0.0968,0
3558,0,6384.0845,6385.2700,6386.3223,0.2656,0
3559,1,6385.8501,6387.1940,6387.5145,0.0968,0
3559,0,6385.8501,6387.1940,6388.3085,0.1470,0
3560,1,6387.6890,6389.0471,6389.3349,0.0950,0
3560,0,6387.6890,6389.0471,6390.1133,0.0868,0
3561,1,6389.4478,6390.8038,6391.1350,0.0977,0
3561,0,6389.4478,6390.8038,6391.9287,0.1690,0
3562,1,6391.3295,6392.5205,6392.7920,0.0961,0
3562,0,6391.3295,6392.5205,6393.5802,0.0410,0
3563,1,6392.8587,6394.0390,6394.5792,0.3658,0
3563,0,6392.8587,6394.0390,6395.4630,0.0368,0
3564,1,6394.6422,6395.8284,6396.1400,0.0841,0
3564,0,6394.6422,6395.8284,6396.9380,0.1510,0
3565,1,6396.3286,6397.6061,6398.1489,0.2521,0
3565,0,6396.3286,6397.6061,6398.9709,0.0407,0
3566,1,6398.2155,6399.4161,6399.8316,0.1205,0
3566,0,6398.2155,6399.4161,6400.6674,0.1085,0
3567,1,6399.9614,6401.1038,6401.4826,0.0870,0
3567,0,6399.9614,6401.1038,6402.2634,0.0443,0
3568,1,6401.5523,6402.7426,6403.2840,0.3595,0
3568,0,6401.5523,6402.7426,6404.0586,0.0419,0
3569,1,6403.3539,6404.5368,6404.8117,0.0974,0
3569,0,6403.3539,6404.5368,6405.9121,0.2965,0
3570,1,6405.1323,6406.3369,6406.7479,0.0904,0
3570,0,6405.1323,6406.3369,6407.4847,0.0426,0
3571,1,6406.8102,6408.1309,6408.6852,0.3624,0
3571,0,6406.8102,6408.1309,6409.4651,0.0441,0
3572,1,6408.7538,6409.9458,6410.2186,0.0923,0
3572,0,6408.7538,6409.9458,6411.2075,0.1621,0
3573,1,6410.4058,6411.5953,6411.8713,0.0960,0
3573,0,6410.4058,6411.5953,6412.6475,0.0571,0
3574,1,6411.9536,6413.1395,6413.4454,0.0951,0
3574,0,6411.9536,6413.1395,6414.2155,0.1876,0
3575,1,6413.6649,6414.8516,6415.1252,0.0922,0
3575,0,6413.6649,6414.8516,6415.8950,0.0370,0
3576,1,6415.1938,6416.3944,6416.9446,0.3708,0
3576,0,6415.1938,6416.3944,6417.7117,0.0370,0
3577,1,6417.0052,6418.2009,6418.4793,0.0960,0
3577,0,6417.0052,6418.2009,6419.2385,0.2630,0
3578,1,6418.7658,6420.1530,6420.4429,0.0961,0
3578,0,6418.7658,6420.1530,6421.2258,0.1773,0
3579,1,6420.6461,6421.8538,6422.1176,0.1035,0
3579,0,6420.6461,6421.8538,6422.8912,0.2754,0
3580,1,6422.4222,6423.6224,6424.0752,0.2686,0
3580,0,6422.4222,6423.6224,6424.8525,0.1774,0
3581,1,6424.2775,6425.4687,6425.7385,0.0994,0
3581,0,6424.2775,6425.4687,6426.8373,0.0444,0
3582,1,6425.8606,6427.0749,6427.4978,0.0960,0
3582,0,6425.8606,6427.0749,6428.3086,0.4500,0
3583,1,6427.9773,6429.3670,6429.6761,0.1131,0
3583,0,6427.9773,6429.3670,6430.4595,0.2164,0
3584,1,6429.9197,6431.1246,6431.4199,0.0951,0
3584,0,6429.9197,6431.1246,6432.2145,0.0412,0
3585,1,6431.4882,6432.6802,6432.9843,0.0938,0
3585,0,6431.4882,6432.6802,6433.7632,0.1911,0
3586,1,6433.2026,6434.3983,6434.7216,0.0902,0
3586,0,6433.2026,6434.3983,6435.5039,0.0363,0
3587,1,6434.7842,6435.9711,6436.5101,0.3598,0
3587,0,6434.7842,6435.9711,6437.3061,0.0377,0
3588,1,6436.5744,6437.7644,6438.0353,0.0942,0
3588,0,6436.5744,6437.7644,6438.8099,0.1786,0
3589,1,6438.2414,6439.4452,6439.7110,0.0860,0
3589,0,6438.2414,6439.4452,6440.4888,0.0358,0
3590,1,6439.7730,6441.1549,6441.4267,0.0942,0
3590,0,6439.7730,6441.1549,6442.2770,0.2283,0
3591,1,6441.6828,6442.8991,6443.1938,0.0929,0
3591,0,6441.6828,6442.8991,6444.0081,0.1473,0
3592,1,6443.3688,6444.5720,6444.9616,0.2182,0
3592,0,6443.3688,6444.5720,6445.7416,0.0363,0
3593,1,6445.0243,6446.2115,6446.4888,0.0918,0
3593,0,6445.0243,6446.2115,6447.2850,0.2791,0
3594,1,6446.7951,6447.9850,6448.2671,0.0930,0
3594,0,6446.7951,6447.9850,6449.0575,0.0445,0
3595,1,6448.3377,6449.5757,6449.8324,0.0884,0
3595,0,6448.3377,6449.5757,6450.6179,0.2328,0
3596,1,6450.0928,6451.2824,6451.5654,0.1003,0
3596,0,6450.0928,6451.2824,6452.3404,0.0410,0
3597,1,6451.6323,6452.9031,6453.4880,0.3880,0
3597,0,6451.6323,6452.9031,6454.3119,0.1726,0
3598,1,6453.6880,6454.8783,6455.1466,0.0938,0
3598,0,6453.6880,6454.8783,6455.9191,0.2842,0
3599,1,6455.4590,6456.6497,6456.9458,0.0903,0
3599,0,6455.4590,6456.6497,6457.7573,0.0369,0
3600,1,6457.0098,6458.2586,6458.9123,0.4631,0
3600,0,6457.0098,6458.2586,6459.7248,0.0603,0
3601,1,6459.0002,6460.2030,6460.4709,0.0838,0
3601,0,6459.0002,6460.2030,6461.2410,0.2983,0
3602,1,6460.7964,6461.9856,6462.2695,0.0912,0
3602,0,6460.7964,6461.9856,6463.0436,0.0428,0
3603,1,6462.3392,6463.5254,6464.0574,0.3579,0
3603,0,6462.3392,6463.5254,6464.8296,0.0440,0
3604,1,6464.1279,6465.3219,6465.5917,0.0899,0
3604,0,6464.1279,6465.3219,6466.3679,0.2963,0
3605,1,6465.9146,6467.1042,6467.4785,0.0831,0
3605,0,6465.9146,6467.1042,6468.2562,0.0438,0
3606,1,6467.5453,6468.7389,6469.0962,0.0932,0
3606,0,6467.5453,6468.7389,6469.8410,0.2662,0
3607,1,6469.3811,6470.5292,6470.8332,0.0914,0
3607,0,6469.3811,6470.5292,6471.6026,0.0368,0
3608,1,6470.8952,6472.0800,6472.6243,0.3594,0
3608,0,6470.8952,6472.0800,6473.5102,0.0412,0
3609,1,6472.6894,6474.2765,6474.5712,0.0939,0
3609,0,6472.6894,6474.2765,6475.3605,0.1642,0
3610,1,6474.7603,6475.9504,6476.2262,0.0963,0
3610,0,6474.7603,6475.9504,6477.0074,0.0381,0
3611,1,6476.2868,6477.4697,6478.0100,0.3610,0
3611,0,6476.2868,6477.4697,6478.7915,0.0436,0
3612,1,6478.0773,6479.2769,6479.5518,0.0986,0
3612,0,6478.0773,6479.2769,6480.3192,0.2457,0
3613,1,6479.8222,6481.0569,6481.3441,0.0939,0
3613,0,6479.8222,6481.0569,6482.1202,0.0421,0
3614,1,6481.4097,6482.5973,6483.0083,0.0946,0
3614,0,6481.4097,6482.5973,6483.8265,0.1162,0
3615,1,6483.1568,6484.4003,6485.0131,0.3197,0
3615,0,6483.1568,6484.4003,6485.7925,0.0626,0
3616,1,6485.1024,6486.3004,6486.9586,0.2317,0
3616,0,6485.1024,6486.3004,6487.7677,0.2529,0
3617,1,6487.2387,6488.4771,6488.8388,0.0569,0
3617,0,6487.2387,6488.4771,6489.6330,0.1873,0
3618,1,6489.0600,6490.8286,6491.1427,0.0956,0
3618,0,6489.0600,6490.8286,6491.9978,0.1990,0
3619,1,6491.3680,6492.5955,6493.1344,0.1081,0
3619,0,6491.3680,6492.5955,6493.9675,0.0654,0
3620,1,6493.2273,6494.5316,6494.9196,0.1123,0
3620,0,6493.2273,6494.5316,6495.9550,0.0644,0
3621,1,6495.0101,6496.1997,6496.5084,0.0643,0
3621,0,6495.0101,6496.1997,6497.3593,0.1498,0
3622,1,6496.6886,6497.9203,6498.1949,0.0942,0
3622,0,6496.6886,6497.9203,6498.9985,0.0367,0
3623,1,6498.2571,6499.4485,6499.7176,0.0930,0
3623,0,6498.2571,6499.4485,6500.5149,0.2302,0
3624,1,6499.9703,6501.1624,6501.5057,0.0948,0
3624,0,6499.9703,6501.1624,6502.2999,0.0405,0
3625,1,6501.5733,6502.9677,6503.2367,0.0962,0
3625,0,6501.5733,6502.9677,6504.2967,0.0775,0
3626,1,6503.3421,6504.5286,6504.7979,0.0948,0
3626,0,6503.3421,6504.5286,6505.7949,0.1993,0
3627,1,6505.0482,6506.2578,6506.8180,0.3723,0
3627,0,6505.0482,6506.2578,6507.6131,0.0388,0
3628,1,6506.8820,6508.0968,6508.6338,0.3588,0
3628,0,6506.8820,6508.0968,6509.4237,0.0381,0
3629,1,6508.6963,6509.8871,6510.1575,0.0931,0
3629,0,6508.6963,6509.8871,6510.9423,0.2411,0
3630,1,6510.4275,6511.6589,6511.9326,0.0970,0
3630,0,6510.4275,6511.6589,6512.7167,0.0466,0
3631,1,6512.0016,6513.1952,6513.6209,0.0876,0
3631,0,6512.0016,6513.1952,6514.4776,0.1255,0
3632,1,6513.7784,6515.0185,6515.3189,0.0967,0
3632,0,6513.7784,6515.0185,6516.1033,0.0397,0
3633,1,6515.3825,6516.5914,6517.1417,0.3747,0
3633,0,6515.3825,6516.5914,6517.9193,0.0399,0
3634,1,6517.2061,6518.3958,6518.6682,0.0908,0
3634,0,6517.2061,6518.3958,6519.4723,0.1972,0
3635,1,6520.0340,6521.3283,6522.2560,0.6184,0
3635,0,6520.0340,6521.3283,6523.0598,0.0459,0
3636,1,6522.4377,6523.5783,6524.1263,0.3556,0
3636,0,6522.4377,6523.5783,6524.9053,0.1685,0
3637,1,6524.3219,6525.5547,6525.9443,0.2085,0
3637,0,6524.3219,6525.5547,6526.7243,0.0367,0
3638,1,6526.0052,6527.1928,6527.4855,0.0938,0
3638,0,6526.0052,6527.1928,6528.2639,0.2000,0
3639,1,6527.7089,6528.9028,6529.2358,0.0913,0
3639,0,6527.7089,6528.9028,6530.0092,0.0383,0
3640,1,6529.2981,6530.5056,6531.0414,0.3580,0
3640,0,6529.2981,6530.5056,6531.8135,0.0453,0
3641,1,6531.1094,6532.2953,6532.5717,0.0969,0
3641,0,6531.1094,6532.2953,6533.3416,0.1919,0
3642,1,6532.7886,6533.9699,6534.2617,0.0960,0
3642,0,6532.7886,6533.9699,6535.0303,0.0461,0
3643,1,6534.3318,6535.5173,6535.8059,0.0944,0
3643,0,6534.3318,6535.5173,6536.5767,0.2134,0
3644,1,6536.0439,6537.2326,6537.5178,0.0934,0
3644,0,6536.0439,6537.2326,6538.5573,0.0360,0
3645,1,6537.5797,6538.7963,6539.3245,0.3566,0
3645,0,6537.5797,6538.7963,6540.0975,0.1730,0
3646,1,6539.5239,6540.9021,6541.2117,0.0960,0
3646,0,6539.5239,6540.9021,6541.9807,0.2512,0
3647,1,6541.4872,6542.6760,6542.9590,0.0898,0
3647,0,6541.4872,6542.6760,6543.7365,0.0365,0
3648,1,6543.0211,6544.2108,6544.7499,0.3668,0
3648,0,6543.0211,6544.2108,6545.5274,0.0428,0
3649,1,6544.8170,6546.0054,6546.2767,0.0978,0
3649,0,6544.8170,6546.0054,6547.0582,0.2430,0
3650,1,6546.5452,6547.7864,6548.0588,0.0938,0
3650,0,6546.5452,6547.7864,6548.8301,0.0405,0
3651,1,6548.1214,6549.3067,6549.6215,0.0953,0
3651,0,6548.1214,6549.3067,6550.4260,0.1795,0
3652,1,6549.8312,6551.0751,6551.3940,0.0888,0
3652,0,6549.8312,6551.0751,6552.1703,0.0403,0
3653,1,6551.4605,6552.6548,6553.1982,0.3670,0
3653,0,6551.4605,6552.6548,6553.9717,0.0393,0
3654,1,6553.2639,6554.6715,6555.0488,0.0925,0
3654,0,6553.2639,6554.6715,6555.8445,0.5912,0
3655,1,6555.6666,6556.9565,6557.5550,0.2920,0
3655,0,6555.6666,6556.9565,6558.3445,0.0599,0
3656,1,6557.6399,6558.8437,6559.1168,0.0986,0
3656,0,6557.6399,6558.8437,6559.9002,0.0378,0
3657,1,6559.1801,6560.3705,6560.6866,0.1001,0
3657,0,6559.1801,6560.3705,6561.4742,0.1905,0
3658,1,6560.9042,6562.0993,6562.3771,0.0902,0
3658,0,6560.9042,6562.0993,6563.1565,0.0364,0
3659,1,6562.4456,6563.6448,6564.3670,0.3358,0
3659,0,6562.4456,6563.6448,6565.1529,0.1682,0
3660,1,6564.5620,6565.7594,6566.0265,0.0913,0
3660,0,6564.5620,6565.7594,6566.7986,0.2960,0
3661,1,6566.3454,6567.5355,6567.8215,0.0957,0
3661,0,6566.3454,6567.5355,6568.5958,0.0371,0
3662,1,6567.8831,6569.0728,6569.9925,0.3570,0
3662,0,6567.8831,6569.0728,6570.7431,0.0451,0
3663,1,6570.0694,6571.5448,6571.8253,0.0914,0
3663,0,6570.0694,6571.5448,6572.6068,0.5132,0
3664,1,6572.3665,6573.6899,6574.1183,0.2391,0
3664,0,6572.3665,6573.6899,6574.9142,0.1635,0
3665,1,6574.3089,6575.5092,6575.7735,0.0898,0
3665,0,6574.3089,6575.5092,6576.5637,0.0371,0
3666,1,6575.8373,6577.0258,6577.5712,0.0922,0
3666,0,6575.8373,6577.0258,6578.4369,0.0678,0
3667,1,6577.6652,6578.8637,6579.1695,0.0739,0
3667,0,6577.6652,6578.8637,6579.9580,0.0414,0
3668,1,6579.2378,6580.4339,6581.1399,0.3531,0
3668,0,6579.2378,6580.4339,6582.1579,0.1100,0
3669,1,6581.2775,6582.4795,6582.8482,0.1040,0
3669,0,6581.2775,6582.4795,6583.6272,0.2049,0
3670,1,6583.0798,6584.2787,6584.8544,0.1430,0
3670,0,6583.0798,6584.2787,6585.7838,0.0684,0
3671,1,6584.9746,6586.2241,6586.9161,0.3540,0
3671,0,6584.9746,6586.2241,6587.7398,0.2517,0
3672,1,6587.1945,6588.4059,6589.1830,0.5147,0
3672,0,6587.1945,6588.4059,6589.9642,0.0546,0
3673,1,6589.2642,6590.6482,6591.0211,0.1048,0
3673,0,6589.2642,6590.6482,6591.8060,0.1085,0
3674,1,6591.1556,6592.3536,6592.7316,0.1063,0
3674,0,6591.1556,6592.3536,6593.5567,0.0622,0
3675,1,6592.8197,6594.0157,6594.5075,0.1110,0
3675,0,6592.8197,6594.0157,6595.3327,0.0555,0
3676,1,6594.5920,6595.8306,6596.1312,0.0860,0
3676,0,6594.5920,6595.8306,6596.9329,0.0417,0
3677,1,6596.2126,6597.4386,6597.8419,0.2257,0
3677,0,6596.2126,6597.4386,6598.6238,0.0477,0
3678,1,6597.9117,6599.1034,6599.3682,0.0949,0
3678,0,6597.9117,6599.1034,6600.1365,0.2674,0
3679,1,6599.6607,6600.8837,6601.2331,0.0676,0
3679,0,6599.6607,6600.8837,6602.0171,0.1773,0
3680,1,6601.4359,6602.6468,6603.1886,0.3685,0
3680,0,6601.4359,6602.6468,6604.0048,0.0369,0
3681,1,6603.2506,6604.4516,6604.7219,0.0898,0
3681,0,6603.2506,6604.4516,6605.5032,0.1577,0
3682,1,6604.9044,6606.1047,6606.3884,0.0946,0
3682,0,6604.9044,6606.1047,6607.1624,0.0466,0
3683,1,6606.4660,6607.8313,6608.5817,0.4067,0
3683,0,6606.4660,6607.8313,6609.4186,0.0740,0
3684,1,6608.6895,6609.9434,6610.3792,0.1454,0
3684,0,6608.6895,6609.9434,6611.1359,0.1380,0
3685,1,6610.5593,6611.7447,6612.0267,0.0955,0
3685,0,6610.5593,6611.7447,6612.8089,0.0407,0
3686,1,6612.0922,6613.2802,6613.5792,0.0940,0
3686,0,6612.0922,6613.2802,6614.3580,0.2076,0
3687,1,6613.8111,6615.0129,6615.3061,0.0926,0
3687,0,6613.8111,6615.0129,6616.1393,0.0374,0
3688,1,6615.3762,6616.5733,6617.1217,0.3528,0
3688,0,6615.3762,6616.5733,6617.8988,0.0433,0
3689,1,6617.1896,6618.3784,6618.6558,0.0957,0
3689,0,6617.1896,6618.3784,6619.4368,0.2075,0
3690,1,6618.8883,6620.2174,6620.4913,0.0962,0
3690,0,6618.8883,6620.2174,6621.2731,0.2004,0
3691,1,6620.7144,6621.9013,6622.2130,0.0973,0
3691,0,6620.7144,6621.9013,6622.9911,0.1929,0
3692,1,6622.4314,6623.6361,6624.0829,0.2643,0
3692,0,6622.4314,6623.6361,6624.8596,0.1993,0
3693,1,6624.3130,6625.5295,6625.8018,0.0942,0
3693,0,6624.3130,6625.5295,6626.5847,0.0425,0
3694,1,6625.8844,6627.0864,6627.3803,0.0919,0
3694,0,6625.8844,6627.0864,6628.1578,0.2115,0
3695,1,6627.6176,6628.8149,6629.0821,0.0919,0
3695,0,6627.6176,6628.8149,6629.8537,0.0377,0
3696,1,6629.1436,6630.3318,6630.8712,0.3620,0
3696,0,6629.1436,6630.3318,6631.6404,0.0453,0
3697,1,6630.9408,6632.1379,6632.5859,0.0655,0
3697,0,6630.9408,6632.1379,6633.3414,0.1502,0
3698,1,6632.7879,6633.9859,6634.4115,0.1107,0
3698,0,6632.7879,6633.9859,6635.1927,0.0669,0
3699,1,6634.5215,6635.7202,6636.3909,0.3845,0
3699,0,6634.5215,6635.7202,6637.3540,0.0672,0
3700,1,6636.5000,6637.6939,6638.1061,0.1187,0
3700,0,6636.5000,6637.6939,6638.9019,0.1507,0
3701,1,6638.2823,6639.4252,6640.0080,0.2433,0
3701,0,6638.2823,6639.4252,6640.8069,0.0500,0
3702,1,6640.1006,6641.5771,6642.4337,0.3251,0
3702,0,6640.1006,6641.5771,6643.3822,0.0496,0
3703,1,6642.5031,6643.6413,6644.0051,0.0950,0
3703,0,6642.5031,6643.6413,6644.8742,0.0960,0
3704,1,6644.1215,6645.2642,6645.8963,0.1158,0
3704,0,6644.1215,6645.2642,6646.6555,0.0861,0
3705,1,6646.0023,6647.3398,6647.6190,0.0873,0
3705,0,6646.0023,6647.3398,6648.4781,0.1655,0
3706,1,6647.8113,6649.0437,6649.3208,0.0995,0
3706,0,6647.8113,6649.0437,6650.1107,0.1867,0
3707,1,6649.5358,6650.7277,6651.0010,0.0952,0
3707,0,6649.5358,6650.7277,6651.7794,0.0407,0
3708,1,6651.0672,6652.2589,6652.7116,0.1203,0
3708,0,6651.0672,6652.2589,6653.5476,0.1335,0
3709,1,6652.8782,6654.3019,6654.8447,0.3252,0
3709,0,6652.8782,6654.3019,6655.6231,0.1657,0
3710,1,6655.0314,6656.2941,6656.5787,0.0924,0
3710,0,6655.0314,6656.2941,6657.4112,0.0411,0
3711,1,6656.6447,6658.0896,6658.3879,0.0940,0
3711,0,6656.6447,6658.0896,6659.1874,0.1879,0
3712,1,6658.6019,6659.7979,6660.2594,0.1483,0
3712,0,6658.6019,6659.7979,6661.0235,0.1954,0
3713,1,6660.4778,6661.6585,6661.9382,0.0910,0
3713,0,6660.4778,6661.6585,6662.7286,0.0377,0
3714,1,6662.0003,6663.1901,6663.5031,0.0950,0
3714,0,6662.0003,6663.1901,6664.2944,0.2080,0
3715,1,6663.7362,6664.9442,6665.5059,0.1074,0
3715,0,6663.7362,6664.9442,6666.3194,0.0650,0
3716,1,6665.6217,6666.8247,6667.3561,0.2451,0
3716,0,6665.6217,6666.8247,6668.1585,0.0468,0
3717,1,6667.4330,6668.6431,6668.9453,0.0932,0
3717,0,6667.4330,6668.6431,6669.7255,0.1976,0
3718,1,6669.1688,6670.3954,6670.6693,0.0941,0
3718,0,6669.1688,6670.3954,6671.4495,0.0974,0
3719,1,6670.7906,6671.9736,6672.5060,0.3507,0
3719,0,6670.7906,6671.9736,6673.2833,0.0365,0
3720,1,6672.5669,6673.9367,6674.2126,0.0948,0
3720,0,6672.5669,6673.9367,6674.9974,0.1723,0
3721,1,6674.4065,6675.5994,6675.8732,0.0921,0
3721,0,6674.4065,6675.5994,6676.6546,0.0427,0
3722,1,6675.9404,6677.1326,6677.4271,0.0952,0
3722,0,6675.9404,6677.1326,6678.2608,0.1979,0
3723,1,6677.6499,6678.8419,6679.1923,0.0959,0
3723,0,6677.6499,6678.8419,6679.9707,0.0398,0
3724,1,6679.2552,6680.4525,6680.9875,0.3554,0
3724,0,6679.2552,6680.4525,6681.7633,0.0356,0
3725,1,6681.0477,6682.2471,6682.5209,0.0935,0
3725,0,6681.0477,6682.2471,6683.2953,0.1719,0
3726,1,6682.7177,6683.9218,6684.2062,0.0931,0
3726,0,6682.7177,6683.9218,6684.9800,0.0419,0
3727,1,6684.2734,6685.4671,6685.8150,0.0965,0
3727,0,6684.2734,6685.4671,6686.5967,0.1509,0
3728,1,6686.0033,6687.4357,6687.9567,0.3382,0
3728,0,6686.0033,6687.4357,6688.7635,0.2036,0
3729,1,6688.1871,6689.3926,6689.7882,0.2271,0
3729,0,6688.1871,6689.3926,6690.5704,0.0374,0
3730,1,6689.8516,6691.2133,6691.5073,0.0974,0
3730,0,6689.8516,6691.2133,6692.2937,0.1943,0
3731,1,6691.7286,6692.9153,6693.1993,0.1011,0
3731,0,6691.7286,6692.9153,6694.0673,0.0349,0
3732,1,6693.2600,6694.5957,6695.1613,0.3342,0
3732,0,6693.2600,6694.5957,6696.0836,0.0489,0
3733,1,6695.2407,6696.4932,6696.7711,0.1012,0
3733,0,6695.2407,6696.4932,6697.5803,0.3006,0
3734,1,6697.0965,6698.2928,6698.7376,0.2246,0
3734,0,6697.0965,6698.2928,6699.5316,0.0367,0
3735,1,6698.8003,6699.9958,6700.7683,0.3875,0
3735,0,6698.8003,6699.9958,6701.5916,0.0471,0
3736,1,6700.8402,6702.0510,6702.3263,0.0959,0
3736,0,6700.8402,6702.0510,6703.1061,0.1884,0
3737,1,6702.5396,6703.7299,6704.0138,0.0868,0
3737,0,6702.5396,6703.7299,6704.7988,0.0365,0
3738,1,6704.0748,6705.2685,6705.8126,0.3670,0
3738,0,6704.0748,6705.2685,6706.5969,0.0405,0
3739,1,6705.8774,6707.2409,6707.5257,0.1076,0
3739,0,6705.8774,6707.2409,6708.3130,0.2028,0
3740,1,6707.7530,6708.9723,6709.2904,0.0934,0
3740,0,6707.7530,6708.9723,6710.0755,0.0411,0
3741,1,6709.3578,6710.5554,6710.8644,0.0935,0
3741,0,6709.3578,6710.5554,6711.6460,0.1925,0
3742,1,6711.0797,6712.2783,6712.6056,0.0936,0
3742,0,6711.0797,6712.2783,6713.3854,0.0444,0
3743,1,6712.6741,6713.8961,6714.4617,0.3417,0
3743,0,6712.6741,6713.8961,6715.2709,0.0385,0
3744,1,6714.5279,6715.7314,6716.0088,0.0936,0
3744,0,6714.5279,6715.7314,6716.7851,0.2792,0
3745,1,6716.3154,6717.5278,6717.8026,0.0850,0
3745,0,6716.3154,6717.5278,6718.5824,0.0434,0
3746,1,6717.8722,6719.0638,6719.5988,0.3624,0
3746,0,6717.8722,6719.0638,6720.3774,0.0431,0
3747,1,6719.6680,6720.8579,6721.3895,0.3453,0
3747,0,6719.6680,6720.8579,6722.1844,0.3593,0
3748,1,6721.7703,6722.9191,6723.3347,0.2232,0
3748,0,6721.7703,6722.9191,6724.1520,0.0384,0
3749,1,6723.4002,6724.8877,6725.1968,0.0971,0
3749,0,6723.4002,6724.8877,6725.9825,0.2047,0
3750,1,6725.4281,6726.6241,6726.9014,0.1007,0
3750,0,6725.4281,6726.6241,6727.9982,0.2523,0
3751,1,6727.1797,6728.3742,6728.9152,0.3536,0
3751,0,6727.1797,6728.3742,6729.6992,0.0422,0
3752,1,6728.9839,6730.1934,6730.8461,0.4745,0
3752,0,6728.9839,6730.1934,6731.6425,0.0365,0
3753,1,6730.9086,6732.1042,6732.3749,0.0899,0
3753,0,6730.9086,6732.1042,6733.1625,0.0357,0
3754,1,6732.4397,6733.6503,6734.0613,0.2342,0
3754,0,6732.4397,6733.6503,6734.8354,0.0372,0
3755,1,6734.1248,6735.3245,6735.5922,0.0911,0
3755,0,6734.1248,6735.3245,6736.3770,0.2830,0
3756,1,6735.9025,6737.0948,6737.3824,0.0949,0
3756,0,6735.9025,6737.0948,6738.1556,0.0389,0
3757,1,6737.4542,6738.6511,6739.1883,0.3688,0
3757,0,6737.4542,6738.6511,6739.9611,0.0380,0
3758,1,6739.2521,6740.6387,6740.9072,0.1001,0
3758,0,6739.2521,6740.6387,6741.6879,0.1894,0
3759,1,6741.1237,6742.3227,6742.5929,0.0890,0
3759,0,6741.1237,6742.3227,6743.3801,0.0377,0
3760,1,6742.6800,6743.8704,6744.1580,0.0963,0
3760,0,6742.6800,6743.8704,6744.9334,0.2144,0
3761,1,6744.3969,6745.6015,6745.9308,0.0944,0
3761,0,6744.3969,6745.6015,6746.7229,0.0451,0
3762,1,6746.0035,6747.1966,6747.7299,0.3570,0
3762,0,6746.0035,6747.1966,6748.5092,0.0436,0
3763,1,6747.8002,6748.9916,6749.2595,0.0956,0
3763,0,6747.8002,6748.9916,6750.0299,0.1855,0
3764,1,6749.4720,6750.6574,6750.9297,0.0957,0
3764,0,6749.4720,6750.6574,6751.6984,0.0366,0
3765,1,6750.9923,6752.1845,6752.4668,0.0954,0
3765,0,6750.9923,6752.1845,6753.2487,0.2038,0
3766,1,6752.6974,6754.0473,6754.6303,0.4056,0
3766,0,6752.6974,6754.0473,6755.5096,0.2360,0
3767,1,6754.8926,6756.1190,6756.4037,0.0914,0
3767,0,6754.8926,6756.1190,6757.1846,0.0726,0
3768,1,6756.5114,6757.8805,6758.1917,0.0951,0
3768,0,6756.5114,6757.8805,6758.9758,0.1909,0
3769,1,6758.4082,6759.6004,6759.8950,0.1236,0
3769,0,6758.4082,6759.6004,6760.6780,0.0356,0
3770,1,6759.9542,6761.3272,6761.6275,0.0992,0
3770,0,6759.9542,6761.3272,6762.4191,0.0680,0
3771,1,6761.7209,6762.9421,6763.2073,0.0871,0
3771,0,6761.7209,6762.9421,6763.9914,0.2991,0
3772,1,6763.5293,6764.7294,6765.0103,0.0961,0
3772,0,6763.5293,6764.7294,6765.7987,0.0353,0
3773,1,6765.0706,6766.2730,6766.8034,0.3615,0
3773,0,6765.0706,6766.2730,6767.5891,0.0365,0
3774,1,6766.8645,6768.0678,6768.3390,0.0943,0
3774,0,6766.8645,6768.0678,6769.1193,0.0351,0
3775,1,6768.3978,6769.6174,6770.0271,0.2291,0
3775,0,6768.3978,6769.6174,6770.8552,0.0452,0
3776,1,6770.0950,6771.2864,6771.6040,0.0983,0
3776,0,6770.0950,6771.2864,6772.4188,0.1440,0
3777,1,6771.7821,6773.0182,6773.2910,0.0980,0
3777,0,6771.7821,6773.0182,6774.1039,0.0422,0
3778,1,6773.3588,6774.7605,6775.0626,0.0901,0
3778,0,6773.3588,6774.7605,6775.8551,0.1966,0
3779,1,6775.2856,6776.4891,6776.7643,0.0927,0
3779,0,6775.2856,6776.4891,6777.5628,0.2579,0
3780,1,6777.0473,6778.2607,6778.5448,0.0967,0
3780,0,6777.0473,6778.2607,6779.3304,0.0441,0
3781,1,6778.6142,6779.8069,6780.2030,0.0941,0
3781,0,6778.6142,6779.8069,6780.9901,0.1221,0
3782,1,6780.3525,6781.5697,6782.1060,0.1084,0
3782,0,6780.3525,6781.5697,6782.9003,0.0665,0
3783,1,6782.1988,6783.4661,6783.9739,0.2364,0
3783,0,6782.1988,6783.4661,6784.9428,0.0614,0
3784,1,6784.0594,6785.2198,6785.5284,0.0966,0
3784,0,6784.0594,6785.2198,6786.3004,0.2524,0
3785,1,6785.8054,6787.0026,6787.4384,0.2132,0
3785,0,6785.8054,6787.0026,6788.2202,0.1761,0
3786,1,6787.6413,6788.8493,6789.4114,0.3697,0
3786,0,6787.6413,6788.8493,6790.1627,0.0449,0
3787,1,6789.4817,6790.8215,6791.2763,0.1115,0
3787,0,6789.4817,6790.8215,6792.0627,0.1172,0
3788,1,6791.4198,6792.6319,6793.1860,0.1120,0
3788,0,6791.4198,6792.6319,6793.9789,0.0647,0
3789,1,6793.2773,6794.5670,6795.0494,0.2441,0
3789,0,6793.2773,6794.5670,6796.1049,0.0978,0
3790,1,6795.1736,6796.3861,6796.6983,0.0779,0
3790,0,6795.1736,6796.3861,6797.5785,0.2081,0
3791,1,6796.9319,6798.1383,6798.6982,0.1135,0
3791,0,6796.9319,6798.1383,6799.5187,0.0428,0
3792,1,6798.7973,6800.1129,6800.5856,0.2415,0
3792,0,6798.7973,6800.1129,6801.4216,0.0423,0
3793,1,6800.6726,6801.8864,6802.1772,0.0560,0
3793,0,6800.6726,6801.8864,6802.9704,0.2458,0
3794,1,6802.4513,6803.6530,6803.9728,0.0927,0
3794,0,6802.4513,6803.6530,6804.7625,0.0428,0
3795,1,6804.0385,6805.2314,6805.7637,0.3572,0
3795,0,6804.0385,6805.2314,6806.5557,0.0430,0
3796,1,6805.8318,6807.0292,6807.5168,0.2807,0
3796,0,6805.8318,6807.0292,6808.2953,0.1546,0
3797,1,6807.6983,6808.9071,6809.3957,0.1230,0
3797,0,6807.6983,6808.9071,6810.2096,0.0718,0
3798,1,6809.5002,6810.7453,6811.1667,0.1132,0
3798,0,6809.5002,6810.7453,6811.9478,0.1045,0
3799,1,6811.2973,6812.5099,6812.9238,0.0768,0
3799,0,6811.2973,6812.5099,6813.6921,0.2458,0
3800,1,6813.1939,6814.4028,6814.8241,0.1041,0
3800,0,6813.1939,6814.4028,6815.6468,0.0658,0
3801,1,6814.9169,6816.1130,6816.5304,0.1226,0
3801,0,6814.9169,6816.1130,6817.3265,0.1135,0
3802,1,6816.6706,6817.8696,6818.4368,0.3215,0
3802,0,6816.6706,6817.8696,6819.2109,0.0932,0
3803,1,6818.5575,6819.7424,6820.2722,0.2501,0
3803,0,6818.5575,6819.7424,6821.0530,0.1149,0
3804,1,6820.4314,6821.6855,6821.9653,0.0715,0
3804,0,6820.4314,6821.6855,6822.7186,0.2956,0
3805,1,6822.3073,6823.4971,6823.7992,0.1155,0
3805,0,6822.3073,6823.4971,6824.6070,0.1477,0
3806,1,6823.9729,6825.1962,6825.4761,0.1054,0
3806,0,6823.9729,6825.1962,6826.2502,0.0825,0
3807,1,6825.5866,6826.7936,6827.0637,0.0933,0
3807,0,6825.5866,6826.7936,6827.8376,0.1739,0
3808,1,6827.2637,6828.5725,6828.8504,0.0944,0
3808,0,6827.2637,6828.5725,6829.6313,0.0361,0
3809,1,6828.9110,6830.1188,6830.6654,0.3661,0
3809,0,6828.9110,6830.1188,6831.4442,0.0444,0
3810,1,6830.7342,6831.9444,6832.2234,0.0982,0
3810,0,6830.7342,6831.9444,6832.9985,0.0368,0
3811,1,6832.2841,6833.5288,6834.3484,0.4424,0
3811,0,6832.2841,6833.5288,6835.1310,0.0791,0
3812,1,6834.4546,6835.7009,6836.5064,0.4945,0
3812,0,6834.4546,6835.7009,6837.6494,0.0646,0
3813,1,6836.5982,6837.7996,6838.1873,0.1113,0
3813,0,6836.5982,6837.7996,6838.9697,0.1020,0
3814,1,6838.3163,6839.5276,6839.9086,0.1061,0
3814,0,6838.3163,6839.5276,6840.7484,0.0648,0
3815,1,6840.0002,6841.4458,6841.8422,0.1020,0
3815,0,6840.0002,6841.4458,6842.6305,0.1120,0
3816,1,6841.9805,6843.1783,6843.5635,0.1295,0
3816,0,6841.9805,6843.1783,6844.3782,0.2009,0
3817,1,6843.7907,6844.9864,6845.3879,0.1102,0
3817,0,6843.7907,6844.9864,6846.2227,0.0409,0
3818,1,6845.4550,6846.6529,6847.0888,0.1129,0
3818,0,6845.4550,6846.6529,6847.8694,0.1116,0
3819,1,6847.2270,6848.4421,6848.8038,0.0810,0
3819,0,6847.2270,6848.4421,6849.6168,0.0398,0
3820,1,6848.8695,6850.1058,6850.6610,0.3646,0
3820,0,6848.8695,6850.1058,6851.4961,0.0432,0
3821,1,6850.7297,6851.9491,6852.2221,0.0948,0
3821,0,6850.7297,6851.9491,6852.9958,0.2795,0
3822,1,6852.5265,6853.8716,6854.1913,0.1028,0
3822,0,6852.5265,6853.8716,6855.1072,0.1653,0
3823,1,6854.3817,6855.7621,6856.0624,0.0869,0
3823,0,6854.3817,6855.7621,6856.8547,0.0859,0
3824,1,6856.1737,6857.7584,6858.0324,0.0975,0
3824,0,6856.1737,6857.7584,6858.8409,0.0948,0
3825,1,6858.1521,6859.3604,6859.6275,0.0947,0
3825,0,6858.1521,6859.3604,6860.4384,0.0350,0
3826,1,6859.6875,6860.8814,6861.4181,0.3630,0
3826,0,6859.6875,6860.8814,6862.2187,0.0379,0
3827,1,6861.4811,6862.6914,6862.9664,0.0987,0
3827,0,6861.4811,6862.6914,6863.7624,0.2533,0
3828,1,6863.2449,6864.4530,6864.7219,0.0954,0
3828,0,6863.2449,6864.4530,6865.5786,0.0355,0
3829,1,6864.7819,6865.9774,6866.3044,0.0902,0
3829,0,6864.7819,6865.9774,6867.0991,0.1651,0
3830,1,6866.4919,6867.6994,6867.9628,0.0880,0
3830,0,6866.4919,6867.6994,6868.7512,0.0368,0
3831,1,6868.0247,6869.2167,6869.7532,0.3599,0
3831,0,6868.0247,6869.2167,6870.5430,0.0379,0
3832,1,6869.8151,6871.0115,6871.2812,0.0943,0
3832,0,6869.8151,6871.0115,6872.0630,0.2421,0
3833,1,6871.5452,6872.7905,6873.0639,0.0944,0
3833,0,6871.5452,6872.7905,6873.8450,0.0353,0
3834,1,6873.1240,6874.5075,6875.0297,0.0960,0
3834,0,6873.1240,6874.5075,6875.8594,0.0761,0
3835,1,6875.1386,6876.3875,6876.7414,0.0649,0
3835,0,6875.1386,6876.3875,6877.5896,0.3216,0
3836,1,6877.1017,6878.3967,6878.6829,0.0881,0
3836,0,6877.1017,6878.3967,6879.4842,0.0439,0
3837,1,6878.7534,6879.9490,6880.2469,0.0952,0
3837,0,6878.7534,6879.9490,6881.1516,0.1907,0
3838,1,6880.4677,6881.6646,6882.0428,0.0947,0
3838,0,6880.4677,6881.6646,6882.8725,0.0425,0
3839,1,6882.1106,6883.4757,6883.8990,0.2218,0
3839,0,6882.1106,6883.4757,6884.7283,0.0472,0
3840,1,6883.9723,6885.1871,6885.4641,0.0887,0
3840,0,6883.9723,6885.1871,6886.2524,0.2735,0
3841,1,6885.7603,6887.1034,6887.3789,0.0960,0
3841,0,6885.7603,6887.1034,6888.1768,0.1942,0
3842,1,6887.5993,6888.8010,6889.3522,0.3776,0
3842,0,6887.5993,6888.8010,6890.1432,0.0375,0
3843,1,6889.4140,6890.7840,6891.1152,0.1113,0
3843,0,6889.4140,6890.7840,6891.9130,0.2481,0
3844,1,6891.3865,6892.5903,6892.8654,0.0986,0
3844,0,6891.3865,6892.5903,6893.6588,0.0372,0
3845,1,6892.9265,6894.1316,6894.6851,0.3765,0
3845,0,6892.9265,6894.1316,6895.4816,0.0371,0
3846,1,6894.7468,6895.9485,6896.2200,0.0967,0
3846,0,6894.7468,6895.9485,6897.0905,0.2859,0
3847,1,6896.5750,6897.7755,6898.0616,0.0924,0
3847,0,6896.5750,6897.7755,6898.8487,0.0360,0
3848,1,6898.1232,6899.3242,6899.6264,0.1012,0
3848,0,6898.1232,6899.3242,6900.4266,0.1914,0
3849,1,6899.8687,6901.0729,6901.3890,0.0895,0
3849,0,6899.8687,6901.0729,6902.1702,0.0365,0
3850,1,6901.4542,6902.6543,6903.2306,0.3809,0
3850,0,6901.4542,6902.6543,6904.0125,0.0458,0
3851,1,6903.3005,6904.5143,6904.7875,0.0940,0
3851,0,6903.3005,6904.5143,6905.5733,0.1950,0
3852,1,6905.0092,6906.2039,6906.4812,0.0977,0
3852,0,6905.0092,6906.2039,6907.2625,0.0359,0
3853,1,6906.5433,6907.9150,6908.2100,0.1008,0
3853,0,6906.5433,6907.9150,6908.9956,0.1972,0
3854,1,6908.4362,6909.6485,6909.9435,0.1120,0
3854,0,6908.4362,6909.6485,6910.7796,0.0419,0
3855,1,6910.0113,6911.3280,6911.8830,0.2438,0
3855,0,6910.0113,6911.3280,6912.7339,0.0703,0
3856,1,6911.9854,6913.2275,6913.9585,0.4486,0
3856,0,6911.9854,6913.2275,6914.8169,0.0635,0
3857,1,6914.0485,6915.2485,6915.5655,0.0545,0
3857,0,6914.0485,6915.2485,6916.3550,0.0370,0
3858,1,6915.6270,6916.8271,6917.2297,0.2222,0
3858,0,6915.6270,6916.8271,6918.0698,0.0422,0
3859,1,6917.2968,6918.4994,6918.7772,0.1000,0
3859,0,6917.2968,6918.4994,6919.5554,0.2842,0
3860,1,6919.0839,6920.4292,6920.7260,0.0941,0
3860,0,6919.0839,6920.4292,6921.5412,0.1650,0
3861,1,6920.9169,6922.1317,6922.6847,0.3783,0
3861,0,6920.9169,6922.1317,6923.4749,0.0374,0
3862,1,6922.7467,6924.1211,6924.3964,0.0969,0
3862,0,6922.7467,6924.1211,6925.1806,0.2776,0
3863,1,6924.6960,6925.8967,6926.1795,0.0944,0
3863,0,6924.6960,6925.8967,6926.9725,0.0361,0
3864,1,6926.2406,6927.4409,6928.0138,0.3581,0
3864,0,6926.2406,6927.4409,6928.8212,0.0523,0
3865,1,6928.0894,6929.2466,6929.6701,0.0989,0
3865,0,6928.0894,6929.2466,6930.4699,0.2708,0
3866,1,6929.9749,6931.1890,6931.5826,0.1116,0
3866,0,6929.9749,6931.1890,6932.3668,0.0630,0
3867,1,6931.6719,6932.9271,6933.2294,0.0817,0
3867,0,6931.6719,6932.9271,6934.0379,0.1862,0
3868,1,6933.4446,6934.6436,6934.9408,0.1023,0
3868,0,6933.4446,6934.6436,6935.7257,0.0371,0
3869,1,6935.0038,6936.2681,6936.6716,0.2216,0
3869,0,6935.0038,6936.2681,6937.5478,0.0446,0
3870,1,6936.7414,6937.9486,6938.2186,0.0901,0
3870,0,6936.7414,6937.9486,6939.0141,0.1869,0
3871,1,6938.4344,6939.6376,6939.9198,0.0940,0
3871,0,6938.4344,6939.6376,6940.7039,0.0437,0
3872,1,6939.9857,6941.4258,6941.7181,0.0971,0
3872,0,6939.9857,6941.4258,6942.5106,0.1972,0
3873,1,6941.9469,6943.1478,6943.4243,0.0863,0
3873,0,6941.9469,6943.1478,6944.2103,0.2922,0
3874,1,6943.7422,6944.9993,6945.2888,0.0990,0
3874,0,6943.7422,6944.9993,6946.0752,0.0383,0
3875,1,6945.3498,6946.5735,6946.8288,0.0919,0
3875,0,6945.3498,6946.5735,6947.6099,0.2647,0
3876,1,6947.1189,6948.3228,6948.6531,0.0933,0
3876,0,6947.1189,6948.3228,6949.4367,0.0385,0
3877,1,6948.7164,6949.9122,6950.4535,0.3667,0
3877,0,6948.7164,6949.9122,6951.2351,0.0373,0
3878,1,6950.5153,6951.7111,6951.9776,0.0936,0
3878,0,6950.5153,6951.7111,6952.7569,0.1920,0
3879,1,6952.1943,6953.5623,6953.8295,0.0941,0
3879,0,6952.1943,6953.5623,6954.6160,0.2021,0
3880,1,6954.0535,6955.2739,6955.5912,0.1037,0
3880,0,6954.0535,6955.2739,6956.4022,0.2088,0
3881,1,6955.8253,6957.0311,6957.4927,0.2804,0
3881,0,6955.8253,6957.0311,6958.2738,0.1846,0
3882,1,6957.7026,6958.9037,6959.2827,0.1126,0
3882,0,6957.7026,6958.9037,6960.0557,0.0465,0
3883,1,6959.3490,6960.4977,6960.7716,0.0894,0
3883,0,6959.3490,6960.4977,6961.5539,0.1854,0
3884,1,6960.9829,6962.1792,6962.5266,0.0937,0
3884,0,6960.9829,6962.1792,6963.3006,0.0390,0
3885,1,6962.5877,6963.7887,6964.3251,0.3602,0
3885,0,6962.5877,6963.7887,6965.0985,0.0381,0
3886,1,6964.3877,6965.5968,6965.8704,0.0926,0
3886,0,6964.3877,6965.5968,6966.6446,0.1854,0
3887,1,6966.0811,6967.2800,6967.5633,0.1017,0
3887,0,6966.0811,6967.2800,6968.3347,0.0357,0
3888,1,6967.6233,6968.8225,6969.1057,0.0879,0
3888,0,6967.6233,6968.8225,6969.8743,0.1989,0
3889,1,6969.3268,6970.5296,6970.8448,0.0944,0
3889,0,6969.3268,6970.5296,6971.6142,0.0401,0
3890,1,6970.9098,6972.1289,6972.6647,0.3602,0
3890,0,6970.9098,6972.1289,6973.4398,0.0361,0
3891,1,6972.7249,6974.0969,6974.4804,0.0948,0
3891,0,6972.7249,6974.0969,6975.2728,0.0611,0
3892,1,6974.5652,6975.7739,6976.0456,0.0941,0
3892,0,6974.5652,6975.7739,6976.8229,0.0445,0
3893,1,6976.1141,6977.3527,6977.8064,0.0937,0
3893,0,6976.1141,6977.3527,6978.6146,0.1275,0
3894,1,6977.9936,6979.2503,6979.6060,0.1122,0
3894,0,6977.9936,6979.2503,6980.3628,0.2781,0
3895,1,6979.9104,6981.1228,6981.4452,0.0850,0
3895,0,6979.9104,6981.1228,6982.2616,0.0417,0
3896,1,6981.5175,6982.7567,6983.0405,0.0930,0
3896,0,6981.5175,6982.7567,6983.8201,0.2178,0
3897,1,6983.2806,6984.4805,6984.7815,0.0939,0
3897,0,6983.2806,6984.4805,6985.5604,0.0370,0
3898,1,6984.8472,6986.0480,6986.5866,0.3570,0
3898,0,6984.8472,6986.0480,6987.3686,0.0440,0
3899,1,6986.6682,6988.0208,6989.2426,0.6682,0
3899,0,6986.6682,6988.0208,6990.1323,0.1360,0
3900,1,6989.4100,6990.8375,6991.2205,0.1130,0
3900,0,6989.4100,6990.8375,6992.0139,0.1884,0
3901,1,6991.4352,6992.6574,6993.2015,0.1178,0
3901,0,6991.4352,6992.6574,6994.0172,0.0644,0
3902,1,6993.2923,6994.6414,6995.0092,0.1118,0
3902,0,6993.2923,6994.6414,6996.0510,0.0731,0
3903,1,6995.1083,6996.3115,6996.6816,0.1053,0
3903,0,6995.1083,6996.3115,6997.4820,0.2203,0
3904,1,6996.9279,6998.1583,6998.6965,0.1055,0
3904,0,6996.9279,6998.1583,6999.4997,0.0632,0
3905,1,6998.7853,7000.2199,7000.5102,0.0804,0
3905,0,6998.7853,7000.2199,7001.3096,0.0704,0
3906,1,7000.6193,7001.8408,7002.1038,0.0689,0
3906,0,7000.6193,7001.8408,7002.9025,0.1673,0
3907,1,7002.3238,7003.5808,7003.8462,0.0647,0
3907,0,7002.3238,7003.5808,7004.6853,0.0523,0
3908,1,7003.9443,7005.3404,7005.9085,0.3446,0
3908,0,7003.9443,7005.3404,7006.7177,0.0520,0
3909,1,7006.0058,7007.4279,7007.7004,0.0705,0
3909,0,7006.0058,7007.4279,7008.5368,0.2480,0
3910,1,7007.9923,7009.2041,7009.5647,0.0457,0
3910,0,7007.9923,7009.2041,7010.3512,0.0402,0
3911,1,7009.6807,7010.8572,7011.4558,0.3527,0
3911,0,7009.6807,7010.8572,7012.2615,0.0415,0
3912,1,7011.5203,7012.7210,7013.0044,0.0950,0
3912,0,7011.5203,7012.7210,7013.8007,0.1980,0
3913,1,7013.2271,7014.4532,7014.7239,0.0955,0
3913,0,7013.2271,7014.4532,7015.5197,0.0357,0
3914,1,7014.7839,7015.9762,7016.2776,0.0953,0
3914,0,7014.7839,7015.9762,7017.0703,0.1932,0
3915,1,7016.4932,7017.6952,7018.0770,0.0916,0
3915,0,7016.4932,7017.6952,7018.8627,0.0365,0
3916,1,7018.1356,7019.3305,7019.8822,0.3647,0
3916,0,7018.1356,7019.3305,7020.8622,0.0453,0
3917,1,7021.1785,7022.4392,7022.8499,0.2088,0
3917,0,7021.1785,7022.4392,7023.6569,0.0478,0
3918,1,7022.9992,7024.4901,7024.9085,0.1089,0
3918,0,7022.9992,7024.4901,7025.7908,0.1055,0
3919,1,7025.0405,7026.2511,7026.5966,0.0746,0
3919,0,7025.0405,7026.2511,7027.4183,0.0414,0
3920,1,7026.6657,7027.8690,7028.4153,0.3680,0
3920,0,7026.6657,7027.8690,7029.2568,0.0465,0
3921,1,7028.4885,7029.6910,7029.9893,0.0945,0
3921,0,7028.4885,7029.6910,7030.7868,0.2368,0
3922,1,7030.2521,7031.4618,7031.9991,0.1106,0
3922,0,7030.2521,7031.4618,7032.8113,0.0684,0
3923,1,7032.0936,7033.4615,7033.8385,0.1074,0
3923,0,7032.0936,7033.4615,7034.8595,0.0638,0
3924,1,7033.9281,7035.1308,7035.5052,0.1069,0
3924,0,7033.9281,7035.1308,7036.2851,0.1172,0
3925,1,7035.6443,7036.8198,7037.1379,0.0839,0
3925,0,7035.6443,7036.8198,7037.9652,0.0423,0
3926,1,7037.2111,7038.4669,7038.7396,0.0955,0
3926,0,7037.2111,7038.4669,7039.5312,0.2231,0
3927,1,7038.9867,7040.1972,7040.4828,0.1016,0
3927,0,7038.9867,7040.1972,7041.2691,0.1459,0
3928,1,7040.6543,7041.9565,7042.2331,0.0943,0
3928,0,7040.6543,7041.9565,7043.0839,0.0767,0
3929,1,7042.3315,7043.5338,7043.8040,0.0959,0
3929,0,7042.3315,7043.5338,7044.5927,0.2769,0
3930,1,7044.1064,7045.3256,7045.6085,0.0958,0
3930,0,7044.1064,7045.3256,7046.3990,0.0366,0
3931,1,7045.6692,7046.8638,7047.4162,0.3812,0
3931,0,7045.6692,7046.8638,7048.1987,0.0395,0
3932,1,7047.4794,7048.6756,7048.9530,0.0929,0
3932,0,7047.4794,7048.6756,7049.7328,0.2474,0
3933,1,7049.2257,7050.4443,7050.7202,0.0875,0
3933,0,7049.2257,7050.4443,7051.5546,0.0359,0
3934,1,7050.7807,7051.9759,7052.2438,0.0988,0
3934,0,7050.7807,7051.9759,7053.0284,0.1929,0
3935,1,7052.4660,7053.8196,7054.0936,0.0966,0
3935,0,7052.4660,7053.8196,7054.8804,0.1930,0
3936,1,7054.3119,7055.5251,7056.0964,0.3892,0
3936,0,7054.3119,7055.5251,7056.8774,0.0434,0
3937,1,7056.1641,7057.5617,7057.8296,0.0904,0
3937,0,7056.1641,7057.5617,7058.6175,0.2939,0
3938,1,7058.1460,7059.3442,7059.6255,0.0954,0
3938,0,7058.1460,7059.3442,7060.4137,0.0372,0
3939,1,7059.7110,7060.9040,7061.4459,0.3613,0
3939,0,7059.7110,7060.9040,7062.2303,0.0393,0
3940,1,7061.5090,7062.7086,7062.9854,0.0948,0
3940,0,7061.5090,7062.7086,7063.7650,0.1683,0
3941,1,7063.1785,7064.3875,7064.6518,0.0863,0
3941,0,7063.1785,7064.3875,7065.4347,0.0348,0
3942,1,7064.7106,7065.9068,7066.2236,0.1025,0
3942,0,7064.7106,7065.9068,7067.1374,0.2035,0
3943,1,7066.4546,7067.6596,7067.9454,0.0963,0
3943,0,7066.4546,7067.6596,7068.7231,0.0370,0
3944,1,7068.0081,7069.2070,7069.7465,0.3612,0
3944,0,7068.0081,7069.2070,7070.5311,0.0367,0
3945,1,7069.8095,7071.0121,7071.2829,0.0979,0
3945,0,7069.8095,7071.0121,7072.0561,0.2168,0
3946,1,7071.5259,7072.7975,7073.0695,0.0943,0
3946,0,7071.5259,7072.7975,7073.8589,0.0385,0
3947,1,7073.1337,7074.5143,7074.7998,0.0973,0
3947,0,7073.1337,7074.5143,7075.6005,0.1967,0
3948,1,7075.0231,7076.2191,7076.5421,0.0960,0
3948,0,7075.0231,7076.2191,7077.3234,0.0457,0
3949,1,7076.6139,7078.0091,7078.2739,0.0981,0
3949,0,7076.6139,7078.0091,7079.0692,0.0893,0
3950,1,7078.3903,7079.5994,7079.8634,0.0944,0
3950,0,7078.3903,7079.5994,7080.6483,0.1901,0
3951,1,7080.0783,7081.2767,7081.5599,0.0955,0
3951,0,7080.0783,7081.2767,7082.3456,0.0356,0
3952,1,7081.6210,7082.8171,7083.2330,0.1048,0
3952,0,7081.6210,7082.8171,7084.0745,0.0770,0
3953,1,7083.3496,7084.6157,7084.9373,0.1185,0
3953,0,7083.3496,7084.6157,7085.7337,0.0426,0
3954,1,7085.0103,7086.3550,7086.6489,0.0966,0
3954,0,7085.0103,7086.3550,7087.5119,0.0508,0
3955,1,7086.7245,7088.0306,7088.3127,0.1073,0
3955,0,7086.7245,7088.0306,7089.3591,0.2789,0
3956,1,7088.6197,7089.8091,7090.5619,0.0904,0
3956,0,7088.6197,7089.8091,7091.3467,0.0887,0
3957,1,7090.6707,7091.9042,7092.4332,0.3385,0
3957,0,7090.6707,7091.9042,7093.2277,0.0446,0
3958,1,7092.5014,7093.7293,7094.0400,0.1053,0
3958,0,7092.5014,7093.7293,7094.8191,0.2711,0
3959,1,7094.3353,7095.5579,7095.8838,0.0922,0
3959,0,7094.3353,7095.5579,7096.6686,0.0353,0
3960,1,7095.9446,7097.1484,7097.7505,0.3636,0
3960,0,7095.9446,7097.1484,7098.6564,0.0473,0
3961,1,7097.8301,7099.0839,7099.4134,0.1012,0
3961,0,7097.8301,7099.0839,7100.2088,0.1512,0
3962,1,7099.6000,7100.7791,7101.0572,0.0913,0
3962,0,7099.6000,7100.7791,7101.8412,0.0428,0
3963,1,7101.1247,7102.3586,7102.6239,0.0928,0
3963,0,7101.1247,7102.3586,7103.4115,0.2361,0
3964,1,7102.8835,7104.0944,7104.3663,0.0941,0
3964,0,7102.8835,7104.0944,7105.1499,0.0426,0
3965,1,7104.4328,7105.7765,7106.0468,0.0949,0
3965,0,7104.4328,7105.7765,7106.8333,0.0884,0
3966,1,7106.1584,7107.5317,7107.8129,0.1012,0
3966,0,7106.1584,7107.5317,7108.5994,0.2971,0
3967,1,7108.1314,7109.3295,7109.6141,0.0947,0
3967,0,7108.1314,7109.3295,7110.4030,0.0356,0
3968,1,7109.6735,7110.8723,7111.4004,0.3561,0
3968,0,7109.6735,7110.8723,7112.1868,0.0403,0
3969,1,7111.4644,7112.6679,7112.9399,0.0949,0
3969,0,7111.4644,7112.6679,7113.7225,0.2410,0
3970,1,7113.2030,7114.4479,7114.7276,0.0894,0
3970,0,7113.2030,7114.4479,7115.5162,0.0446,0
3971,1,7114.7955,7115.9919,7116.2908,0.1009,0
3971,0,7114.7955,7115.9919,7117.0719,0.2147,0
3972,1,7116.5286,7117.7320,7118.0014,0.0951,0
3972,0,7116.5286,7117.7320,7118.7799,0.0874,0
3973,1,7118.1107,7119.3063,7119.9038,0.3578,0
3973,0,7118.1107,7119.3063,7120.6865,0.0732,0
3974,1,7120.0002,7121.2077,7121.4772,0.0944,0
3974,0,7120.0002,7121.2077,7122.2473,0.2739,0
3975,1,7121.7726,7122.9685,7123.2509,0.0944,0
3975,0,7121.7726,7122.9685,7124.0260,0.0426,0
3976,1,7123.3176,7124.7210,7125.0259,0.0964,0
3976,0,7123.3176,7124.7210,7125.8118,0.1912,0
3977,1,7125.2412,7126.4434,7126.7202,0.0904,0
3977,0,7125.2412,7126.4434,7127.5067,0.0379,0
3978,1,7126.7809,7127.9866,7128.3999,0.2351,0
3978,0,7126.7809,7127.9866,7129.1933,0.0454,0
3979,1,7128.4678,7129.6681,7130.3243,0.0937,0
3979,0,7128.4678,7129.6681,7131.1225,0.0607,0
3980,1,7130.4136,7131.6232,7131.9662,0.0964,0
3980,0,7130.4136,7131.6232,7132.7954,0.0383,0
3981,1,7132.0498,7133.2488,7134.0193,0.3594,0
3981,0,7132.0498,7133.2488,7134.8510,0.0647,0
3982,1,7134.1217,7135.3205,7135.6102,0.0981,0
3982,0,7134.1217,7135.3205,7136.4910,0.1660,0
3983,1,7135.8427,7137.0541,7137.4417,0.0955,0
3983,0,7135.8427,7137.0541,7138.2565,0.0752,0
3984,1,7137.5415,7138.7464,7139.4649,0.3567,0
3984,0,7137.5415,7138.7464,7140.3076,0.0485,0
3985,1,7139.5336,7140.8632,7141.2110,0.1063,0
3985,0,7139.5336,7140.8632,7142.4066,0.2118,0
3986,1,7141.4498,7142.6690,7143.0093,0.0878,0
3986,0,7141.4498,7142.6690,7143.8927,0.0766,0
3987,1,7143.1105,7144.3502,7145.2253,0.4281,0
3987,0,7143.1105,7144.3502,7146.0433,0.0511,0
3988,1,7145.3021,7146.5289,7146.8398,0.0931,0
3988,0,7145.3021,7146.5289,7147.6168,0.2778,0
3989,1,7147.1452,7148.3567,7148.6591,0.0901,0
3989,0,7147.1452,7148.3567,7149.4173,0.0434,0
3990,1,7148.7241,7149.8734,7150.1774,0.0970,0
3990,0,7148.7241,7149.8734,7150.9569,0.1875,0
3991,1,7150.3886,7151.5985,7151.8730,0.0983,0
3991,0,7150.3886,7151.5985,7152.6492,0.1636,0
3992,1,7152.0628,7153.2788,7153.7746,0.0920,0
3992,0,7152.0628,7153.2788,7154.5613,0.2215,0
3993,1,7154.0234,7155.2451,7156.0643,0.5238,0
3993,0,7154.0234,7155.2451,7157.0933,0.0655,0
3994,1,7156.1569,7157.5425,7157.9683,0.1023,0
3994,0,7156.1569,7157.5425,7158.7514,0.1288,0
3995,1,7158.1242,7159.3287,7159.8650,0.1075,0
3995,0,7158.1242,7159.3287,7160.7228,0.0640,0
3996,1,7159.9562,7161.2334,7161.6635,0.2306,0
3996,0,7159.9562,7161.2334,7162.5413,0.0420,0
3997,1,7161.7310,7162.9402,7163.2085,0.0925,0
3997,0,7161.7310,7162.9402,7163.9865,0.2909,0
3998,1,7163.5216,7164.7259,7165.0149,0.0956,0
3998,0,7163.5216,7164.7259,7165.7945,0.0446,0
3999,1,7165.0834,7166.2802,7166.8190,0.3528,0
3999,0,7165.0834,7166.2802,7167.6002,0.0383,0
4000,1,7166.8820,7168.0901,7168.3644,0.0933,0
4000,0,7166.8820,7168.0901,7169.1407,0.0459,0
4001,1,7168.4348,7169.6543,7170.0614,0.2260,0
4001,0,7168.4348,7169.6543,7170.8411,0.0370,0
4002,1,7170.1217,7171.3214,7171.5937,0.0928,0
4002,0,7170.1217,7171.3214,7172.4067,0.0370,0
4003,1,7171.6547,7172.8556,7173.2715,0.2357,0
4003,0,7171.6547,7172.8556,7174.0519,0.0413,0
4004,1,7173.3356,7174.7831,7175.0725,0.0972,0
4004,0,7173.3356,7174.7831,7175.8586,0.1958,0
4005,1,7175.2912,7176.5246,7176.8366,0.0886,0
4005,0,7175.2912,7176.5246,7177.6414,0.2893,0
4006,1,7177.1496,7178.4045,7178.6898,0.0954,0
4006,0,7177.1496,7178.4045,7179.4801,0.0372,0
4007,1,7178.7496,7179.9691,7180.2546,0.0952,0
4007,0,7178.7496,7179.9691,7181.0405,0.2122,0
4008,1,7180.4920,7181.6955,7181.9952,0.0925,0
4008,0,7180.4920,7181.6955,7182.7760,0.0383,0
4009,1,7182.0573,7183.2629,7183.7957,0.3537,0
4009,0,7182.0573,7183.2629,7184.5783,0.0411,0
4010,1,7183.8607,7185.0746,7185.3404,0.0938,0
4010,0,7183.8607,7185.0746,7186.1202,0.1905,0
4011,1,7185.5526,7186.8977,7187.2138,0.0943,0
4011,0,7185.5526,7186.8977,7187.9872,0.1521,0
4012,1,7187.3878,7188.5402,7188.8660,0.0912,0
4012,0,7187.3878,7188.5402,7189.6585,0.4308,0
4013,1,7189.3199,7190.8287,7191.4077,0.3860,0
4013,0,7189.3199,7190.8287,7192.2335,0.0415,0
4014,1,7191.4738,7192.6787,7193.1443,0.0940,0
4014,0,7191.4738,7192.6787,7193.9976,0.0432,0
4015,1,7193.2169,7194.4608,7195.1446,0.3745,0
4015,0,7193.2169,7194.4608,7196.1802,0.0434,0
4016,1,7195.2347,7196.4578,7197.4229,0.5688,0
4016,0,7195.2347,7196.4578,7198.4407,0.0714,0
4017,1,7197.5149,7198.6711,7198.9688,0.1032,0
4017,0,7197.5149,7198.6711,7199.7602,0.0447,0
4018,1,7199.0405,7200.2558,7200.6635,0.2280,0
4018,0,7199.0405,7200.2558,7201.5087,0.0443,0
4019,1,7200.7342,7201.9466,7202.2170,0.0996,0
4019,0,7200.7342,7201.9466,7202.9993,0.1917,0
4020,1,7202.4364,7203.6365,7203.9628,0.0953,0
4020,0,7202.4364,7203.6365,7204.8142,0.0706,0
4021,1,7204.0601,7205.2815,7205.9409,0.3537,0
4021,0,7204.0601,7205.2815,7206.7223,0.0634,0
4022,1,7206.0325,7207.4171,7208.0854,0.3855,0
4022,0,7206.0325,7207.4171,7209.1386,0.0650,0
4023,1,7208.1771,7209.3925,7209.7477,0.0878,0
4023,0,7208.1771,7209.3925,7210.5556,0.0404,0
4024,1,7209.8134,7211.0230,7211.5776,0.3679,0
4024,0,7209.8134,7211.0230,7212.3639,0.0429,0
4025,1,7211.6445,7212.8511,7213.1352,0.0939,0
4025,0,7211.6445,7212.8511,7213.9420,0.0452,0
4026,1,7213.2041,7214.4123,7214.7134,0.0991,0
4026,0,7213.2041,7214.4123,7215.5240,0.0564,0
4027,1,7214.7935,7215.9960,7216.2788,0.1038,0
4027,0,7214.7935,7215.9960,7217.0572,0.1830,0
4028,1,7216.5131,7217.7134,7217.9841,0.0944,0
4028,0,7216.5131,7217.7134,7218.7623,0.1046,0
4029,1,7218.1127,7219.3202,7219.8859,0.3684,0
4029,0,7218.1127,7219.3202,7220.6419,0.0453,0
4030,1,7219.9528,7221.1104,7221.8718,0.5270,0
4030,0,7219.9528,7221.1104,7222.6654,0.1121,0
4031,1,7222.0045,7223.1929,7223.4936,0.0918,0
4031,0,7222.0045,7223.1929,7224.2690,0.0381,0
4032,1,7223.5549,7224.8057,7225.4395,0.3626,0
4032,0,7223.5549,7224.8057,7226.2173,0.0456,0
4033,1,7225.5137,7226.7286,7227.0030,0.0944,0
4033,0,7225.5137,7226.7286,7227.7415,0.1884,0
4034,1,7227.2155,7228.3714,7228.6778,0.0989,0
4034,0,7227.2155,7228.3714,7229.4988,0.0381,0
4035,1,7228.7604,7230.2164,7230.4955,0.0713,0
4035,0,7228.7604,7230.2164,7231.2861,0.1907,0
4036,1,7230.7124,7231.9390,7232.2106,0.0959,0
4036,0,7230.7124,7231.9390,7232.9953,0.0403,0
4037,1,7232.2746,7233.5008,7233.9148,0.2323,0
4037,0,7232.2746,7233.5008,7234.7470,0.0415,0
4038,1,7233.9799,7235.1955,7235.4721,0.0931,0
4038,0,7233.9799,7235.1955,7236.2491,0.2781,0
4039,1,7235.7747,7236.9801,7237.2692,0.0950,0
4039,0,7235.7747,7236.9801,7238.0502,0.0425,0
4040,1,7237.3347,7238.5398,7239.0797,0.3638,0
4040,0,7237.3347,7238.5398,7239.8704,0.0384,0
4041,1,7239.1404,7240.3645,7240.9184,0.2894,0
4041,0,7239.1404,7240.3645,7241.7201,0.1839,0
4042,1,7241.1263,7242.4447,7242.7424,0.0932,0
4042,0,7241.1263,7242.4447,7243.5369,0.0372,0
4043,1,7242.8058,7244.0722,7244.3435,0.0928,0
4043,0,7242.8058,7244.0722,7245.1303,0.2125,0
4044,1,7244.5829,7245.7919,7246.0669,0.0968,0
4044,0,7244.5829,7245.7919,7246.8639,0.0420,0
4045,1,7246.1349,7247.3645,7247.9018,0.2536,0
4045,0,7246.1349,7247.3645,7248.8837,0.0705,0
4046,1,7248.0023,7249.2844,7249.9887,0.4173,0
4046,0,7248.0023,7249.2844,7250.7765,0.0646,0
4047,1,7250.0805,7251.2869,7251.6618,0.0773,0
4047,0,7250.0805,7251.2869,7252.4600,0.0488,0
4048,1,7251.7324,7252.9514,7253.5305,0.2398,0
4048,0,7251.7324,7252.9514,7254.3785,0.1778,0
4049,1,7253.7308,7254.9436,7255.2577,0.0955,0
4049,0,7253.7308,7254.9436,7256.0472,0.1915,0
4050,1,7255.4746,7256.6966,7257.0440,0.0925,0
4050,0,7255.4746,7256.6966,7257.8632,0.2216,0
4051,1,7257.2882,7258.5050,7258.9095,0.2233,0
4051,0,7257.2882,7258.5050,7259.7472,0.0380,0
4052,1,7258.9793,7260.1864,7260.4696,0.1014,0
4052,0,7258.9793,7260.1864,7261.2423,0.3080,0
4053,1,7260.8003,7262.0135,7262.3083,0.1043,0
4053,0,7260.8003,7262.0135,7263.0854,0.0510,0
4054,1,7262.3830,7263.5896,7264.1191,0.3613,0
4054,0,7262.3830,7263.5896,7264.8928,0.0371,0
4055,1,7264.1809,7265.3876,7265.6685,0.0994,0
4055,0,7264.1809,7265.3876,7266.4643,0.0414,0
4056,1,7265.7326,7266.9867,7267.4143,0.2327,0
4056,0,7265.7326,7266.9867,7268.1904,0.0441,0
4057,1,7267.4824,7268.6906,7268.9599,0.0890,0
4057,0,7267.4824,7268.6906,7269.7444,0.2929,0
4058,1,7269.2742,7270.4819,7270.7591,0.0935,0
4058,0,7269.2742,7270.4819,7271.5385,0.0365,0
4059,1,7270.8206,7272.0205,7272.6386,0.4307,0
4059,0,7270.8206,7272.0205,7273.4161,0.0455,0
4060,1,7272.7088,7274.1031,7274.3726,0.0933,0
4060,0,7272.7088,7274.1031,7275.1448,0.2896,0
4061,1,7274.6868,7275.8865,7276.1721,0.0951,0
4061,0,7274.6868,7275.8865,7276.9555,0.0370,0
4062,1,7276.2327,7277.4301,7277.7210,0.0949,0
4062,0,7276.2327,7277.4301,7278.5059,0.1957,0
4063,1,7277.9402,7279.1540,7279.4295,0.0941,0
4063,0,7277.9402,7279.1540,7280.2150,0.0415,0
4064,1,7279.4939,7280.7644,7281.1678,0.2226,0
4064,0,7279.4939,7280.7644,7281.9831,0.0421,0
4065,1,7281.2315,7282.4455,7282.7153,0.0913,0
4065,0,7281.2315,7282.4455,7283.4982,0.1973,0
4066,1,7282.9364,7284.1343,7284.4061,0.0931,0
4066,0,7282.9364,7284.1343,7285.1820,0.0484,0
4067,1,7284.4781,7285.7065,7285.9952,0.0954,0
4067,0,7284.4781,7285.7065,7286.7975,0.1950,0
4068,1,7286.2213,7287.5777,7288.0932,0.3338,0
4068,0,7286.2213,7287.5777,7288.8801,0.1530,0
4069,1,7288.2729,7289.4770,7289.8890,0.2345,0
4069,0,7288.2729,7289.4770,7290.6829,0.0395,0
4070,1,7289.9551,7291.3508,7291.6250,0.0950,0
4070,0,7289.9551,7291.3508,7292.4433,0.2257,0
4071,1,7291.8779,7293.0802,7293.3673,0.0928,0
4071,0,7291.8779,7293.0802,7294.1538,0.0425,0
4072,1,7293.4650,7294.6728,7295.0856,0.2273,0
4072,0,7293.4650,7294.6728,7295.9297,0.0429,0
4073,1,7295.1546,7296.3578,7296.6305,0.0958,0
4073,0,7295.1546,7296.3578,7297.4284,0.3095,0
4074,1,7296.9655,7298.1659,7298.4521,0.0936,0
4074,0,7296.9655,7298.1659,7299.2561,0.0474,0
4075,1,7298.5254,7299.7236,7300.2698,0.3697,0
4075,0,7298.5254,7299.7236,7301.0507,0.0377,0
4076,1,7300.3337,7301.5347,7301.8218,0.1002,0
4076,0,7300.3337,7301.5347,7302.5989,0.2923,0
4077,1,7302.1408,7303.4018,7303.6903,0.0884,0
4077,0,7302.1408,7303.4018,7304.4734,0.0375,0
4078,1,7303.7523,7304.9464,7305.2110,0.0954,0
4078,0,7303.7523,7304.9464,7305.9822,0.2500,0
4079,1,7305.4859,7306.6949,7306.9905,0.0904,0
4079,0,7305.4859,7306.6949,7307.8066,0.0367,0
4080,1,7307.0569,7308.2722,7308.8052,0.3544,0
4080,0,7307.0569,7308.2722,7309.5890,0.0382,0
4081,1,7308.8698,7310.0719,7310.3452,0.0924,0
4081,0,7308.8698,7310.0719,7311.1222,0.1839,0
4082,1,7310.5570,7311.7574,7312.0289,0.0918,0
4082,0,7310.5570,7311.7574,7312.8027,0.0435,0
4083,1,7312.0990,7313.2993,7313.5909,0.0915,0
4083,0,7312.0990,7313.2993,7314.3648,0.1921,0
4084,1,7313.8107,7315.0292,7315.3175,0.0919,0
4084,0,7313.8107,7315.0292,7316.0933,0.0370,0
4085,1,7315.3816,7316.5823,7317.1214,0.3582,0
4085,0,7315.3816,7316.5823,7317.8941,0.0436,0
4086,1,7317.1910,7318.3961,7318.7263,0.0990,0
4086,0,7317.1910,7318.3961,7319.5381,0.1322,0
4087,1,7318.8791,7320.1856,7320.5774,0.0945,0
4087,0,7318.8791,7320.1856,7321.3729,0.0730,0
4088,1,7320.6714,7321.8358,7322.1192,0.0943,0
4088,0,7320.6714,7321.8358,7322.8827,0.4112,0
4089,1,7322.5525,7323.7299,7324.3017,0.3779,0
4089,0,7322.5525,7323.7299,7325.0370,0.1678,0
4090,1,7324.4985,7325.7757,7326.0668,0.0909,0
4090,0,7324.4985,7325.7757,7326.8468,0.0465,0
4091,1,7326.1400,7327.3680,7327.6401,0.0977,0
4091,0,7326.1400,7327.3680,7328.4078,0.2991,0
4092,1,7327.9670,7329.1731,7329.4806,0.0926,0
4092,0,7327.9670,7329.1731,7330.2632,0.0396,0
4093,1,7329.5464,7330.7374,7331.1418,0.2295,0
4093,0,7329.5464,7330.7374,7331.9886,0.0373,0
4094,1,7331.2053,7332.4071,7332.6777,0.0899,0
4094,0,7331.2053,7332.4071,7333.4434,0.2899,0
4095,1,7332.9957,7334.1977,7334.5446,0.0915,0
4095,0,7332.9957,7334.1977,7335.3517,0.0431,0
4096,1,7334.6115,7335.8399,7336.3957,0.3698,0
4096,0,7334.6115,7335.8399,7337.1732,0.0459,0
4097,1,7336.4649,7337.6716,7337.9475,0.0939,0
4097,0,7336.4649,7337.6716,7338.7160,0.2449,0
4098,1,7338.2174,7339.4212,7339.7054,0.0953,0
4098,0,7338.2174,7339.4212,7340.4856,0.0381,0
4099,1,7339.7664,7341.1480,7341.4110,0.0957,0
4099,0,7339.7664,7341.1480,7342.1907,0.2124,0
4100,1,7341.6479,7342.8460,7343.1710,0.0942,0
4100,0,7341.6479,7342.8460,7343.9815,0.0417,0
4101,1,7343.2367,7344.4442,7344.9793,0.3604,0
4101,0,7343.2367,7344.4442,7345.7561,0.0358,0
4102,1,7345.0406,7346.2417,7346.5328,0.0963,0
4102,0,7345.0406,7346.2417,7347.3129,0.1655,0
4103,1,7346.7241,7347.9203,7348.1939,0.0879,0
4103,0,7346.7241,7347.9203,7348.9715,0.0588,0
4104,1,7348.2782,7349.4807,7349.7664,0.0988,0
4104,0,7348.2782,7349.4807,7350.5407,0.2085,0
4105,1,7349.9999,7351.2011,7351.5326,0.0942,0
4105,0,7349.9999,7351.2011,7352.3067,0.0358,0
4106,1,7351.5940,7352.7934,7353.5481,0.3748,0
4106,0,7351.5940,7352.7934,7354.5387,0.0813,0
4107,1,7353.6595,7354.9102,7355.6950,0.4412,0
4107,0,7353.6595,7354.9102,7356.4701,0.0691,0
4108,1,7355.7908,7357.0092,7357.4978,0.2335,0
4108,0,7355.7908,7357.0092,7358.3181,0.1343,0
4109,1,7357.6666,7358.9292,7359.2057,0.0855,0
4109,0,7357.6666,7358.9292,7359.9832,0.0418,0
4110,1,7359.2737,7360.4845,7360.7943,0.0935,0
4110,0,7359.2737,7360.4845,7361.5708,0.2024,0
4111,1,7361.0231,7362.2324,7362.5299,0.0928,0
4111,0,7361.0231,7362.2324,7363.3175,0.0363,0
4112,1,7362.5924,7363.7947,7364.3273,0.3540,0
4112,0,7362.5924,7363.7947,7365.1029,0.0365,0
4113,1,7364.4860,7365.6891,7365.9599,0.0958,0
4113,0,7364.4860,7365.6891,7366.7287,0.2897,0
4114,1,7366.2761,7367.4784,7367.7661,0.1018,0
4114,0,7366.2761,7367.4784,7368.5433,0.0419,0
4115,1,7367.8378,7369.0351,7369.5761,0.3648,0
4115,0,7367.8378,7369.0351,7370.3484,0.0431,0
4116,1,7369.6453,7370.8596,7371.1311,0.0949,0
4116,0,7369.6453,7370.8596,7371.9326,0.0443,0
4117,1,7371.2265,7372.4424,7372.8446,0.2278,0
4117,0,7371.2265,7372.4424,7373.6243,0.0424,0
4118,1,7372.9129,7374.2889,7374.5940,0.0965,0
4118,0,7372.9129,7374.2889,7375.3783,0.1887,0
4119,1,7374.8090,7376.0179,7376.2917,0.0922,0
4119,0,7374.8090,7376.0179,7377.0712,0.0363,0
4120,1,7376.3534,7377.5671,7378.0956,0.3521,0
4120,0,7376.3534,7377.5671,7378.8739,0.0433,0
4121,1,7378.1649,7379.3663,7379.6425,0.0962,0
4121,0,7378.1649,7379.3663,7380.4205,0.1634,0
4122,1,7379.8328,7381.0350,7381.3080,0.0968,0
4122,0,7379.8328,7381.0350,7382.1702,0.0356,0
4123,1,7381.3688,7382.5670,7382.8859,0.0940,0
4123,0,7381.3688,7382.5670,7383.6637,0.2006,0
4124,1,7383.1107,7384.3214,7384.6023,0.0966,0
4124,0,7383.1107,7384.3214,7385.3778,0.0374,0
4125,1,7384.6641,7385.8634,7386.4114,0.3654,0
4125,0,7384.6641,7385.8634,7387.1855,0.0427,0
4126,1,7386.4887,7387.8604,7388.7141,0.6708,0
4126,0,7386.4887,7387.8604,7389.4956,0.0435,0
4127,1,7388.7818,7390.0057,7390.3026,0.0940,0
4127,0,7388.7818,7390.0057,7391.0862,0.0368,0
4128,1,7390.3636,7391.5710,7392.1375,0.3862,0
4128,0,7390.3636,7391.5710,7392.9169,0.0436,0
4129,1,7392.2047,7393.4106,7393.6850,0.0958,0
4129,0,7392.2047,7393.4106,7394.4732,0.2212,0
4130,1,7393.9315,7395.1543,7395.4297,0.0973,0
4130,0,7393.9315,7395.1543,7396.2045,0.0409,0
4131,1,7395.4987,7396.7170,7397.0062,0.0961,0
4131,0,7395.4987,7396.7170,7397.7835,0.2083,0
4132,1,7397.2403,7398.4408,7398.7541,0.0921,0
4132,0,7397.2403,7398.4408,7399.5563,0.0366,0
4133,1,7398.8159,7400.1651,7400.5746,0.2311,0
4133,0,7398.8159,7400.1651,7401.4257,0.0373,0
4134,1,7400.6362,7401.8362,7402.1070,0.0931,0
4134,0,7400.6362,7401.8362,7402.8867,0.1918,0
4135,1,7402.3229,7403.5213,7403.7897,0.0909,0
4135,0,7402.3229,7403.5213,7404.5702,0.0357,0
4136,1,7403.8491,7405.0751,7405.3769,0.0974,0
4136,0,7403.8491,7405.0751,7406.1569,0.1953,0
4137,1,7405.5956,7406.8175,7407.1200,0.0903,0
4137,0,7405.5956,7406.8175,7407.8830,0.1797,0
4138,1,7407.3304,7408.6327,7409.2278,0.2815,0
4138,0,7407.3304,7408.6327,7410.0424,0.1225,0
4139,1,7409.3823,7410.6026,7411.0076,0.1051,0
4139,0,7409.3823,7410.6026,7411.7896,0.1233,0
4140,1,7411.1571,7412.3645,7412.7549,0.0823,0
4140,0,7411.1571,7412.3645,7413.5563,0.0423,0
4141,1,7412.8276,7414.1747,7414.5219,0.0973,0
4141,0,7412.8276,7414.1747,7415.3081,0.0587,0
4142,1,7414.6001,7415.7475,7416.0304,0.0990,0
4142,0,7414.6001,7415.7475,7416.8089,0.2717,0
4143,1,7416.3286,7417.5426,7417.8274,0.0934,0
4143,0,7416.3286,7417.5426,7418.6124,0.0351,0
4144,1,7417.8878,7419.0856,7419.6328,0.3766,0
4144,0,7417.8878,7419.0856,7420.4332,0.0435,0
4145,1,7419.7005,7421.1033,7421.9577,0.6533,0
4145,0,7419.7005,7421.1033,7422.7954,0.2108,0
4146,1,7422.1960,7423.4211,7424.0191,0.2611,0
4146,0,7422.1960,7423.4211,7424.8341,0.2523,0
4147,1,7424.2950,7425.5001,7426.0067,0.2494,0
4147,0,7424.2950,7425.5001,7426.7971,0.0635,0
4148,1,7426.0993,7427.3068,7427.5873,0.0687,0
4148,0,7426.0993,7427.3068,7428.3754,0.2257,0
4149,1,7427.8414,7429.0563,7429.3489,0.1166,0
4149,0,7427.8414,7429.0563,7430.4603,0.0361,0
4150,1,7429.4120,7430.7082,7431.2113,0.3363,0
4150,0,7429.4120,7430.7082,7432.0505,0.0438,0
4151,1,7431.2802,7432.4846,7432.7468,0.0907,0
4151,0,7431.2802,7432.4846,7433.5269,0.3699,0
4152,1,7433.1391,7434.3454,7434.6290,0.0949,0
4152,0,7433.1391,7434.3454,7435.4139,0.0362,0
4153,1,7434.6900,7435.8932,7436.4367,0.3676,0
4153,0,7434.6900,7435.8932,7437.2197,0.0383,0
4154,1,7436.4985,7437.7003,7438.3490,0.0949,0
4154,0,7436.4985,7437.7003,7439.1583,0.0633,0
4155,1,7438.4422,7439.6378,7440.1759,0.3396,0
4155,0,7438.4422,7439.6378,7440.9616,0.0458,0
4156,1,7440.2462,7441.4901,7442.1349,0.4604,0
4156,0,7440.2462,7441.4901,7442.9206,0.0390,0
4157,1,7442.1984,7443.4013,7443.6788,0.1021,0
4157,0,7442.1984,7443.4013,7444.4540,0.0719,0
4158,1,7443.7757,7445.1129,7445.3841,0.0961,0
4158,0,7443.7757,7445.1129,7446.1691,0.0973,0
4159,1,7445.5058,7446.7266,7447.0249,0.0947,0
4159,0,7445.5058,7446.7266,7447.8063,0.1917,0
4160,1,7447.2421,7448.4483,7448.7587,0.0928,0
4160,0,7447.2421,7448.4483,7449.5421,0.0359,0
4161,1,7448.8461,7450.2207,7450.7300,0.3323,0
4161,0,7448.8461,7450.2207,7451.5347,0.0364,0
4162,1,7450.7906,7452.0013,7452.2678,0.0945,0
4162,0,7450.7906,7452.0013,7453.0504,0.2788,0
4163,1,7452.5724,7453.9244,7454.2846,0.0981,0
4163,0,7452.5724,7453.9244,7455.1021,0.1160,0
4164,1,7454.4328,7455.7772,7456.0571,0.0934,0
4164,0,7454.4328,7455.7772,7456.8527,0.1122,0
4165,1,7456.1948,7457.5773,7457.8688,0.0941,0
4165,0,7456.1948,7457.5773,7458.6731,0.1969,0
4166,1,7458.0891,7459.3032,7459.5789,0.0955,0
4166,0,7458.0891,7459.3032,7460.3749,0.1011,0
4167,1,7459.7041,7460.9083,7461.4691,0.3684,0
4167,0,7459.7041,7460.9083,7462.2645,0.0450,0
4168,1,7461.5398,7462.7487,7463.0128,0.0915,0
4168,0,7461.5398,7462.7487,7464.2368,0.2248,0
4169,1,7463.2633,7464.4763,7464.7709,0.0945,0
4169,0,7463.2633,7464.4763,7465.5655,0.1416,0
4170,1,7464.9397,7466.1548,7466.4408,0.1024,0
4170,0,7464.9397,7466.1548,7467.2270,0.1842,0
4171,1,7466.6507,7467.8473,7468.2181,0.1812,0
4171,0,7466.6507,7467.8473,7469.0032,0.0366,0
4172,1,7468.2813,7469.4848,7470.0303,0.3683,0
4172,0,7468.2813,7469.4848,7470.8765,0.0437,0
4173,1,7470.0996,7471.3005,7471.5890,0.0895,0
4173,0,7470.0996,7471.3005,7472.3750,0.1582,0
4174,1,7471.7738,7472.9702,7473.2414,0.0963,0
4174,0,7471.7738,7472.9702,7474.0224,0.0363,0
4175,1,7473.3041,7474.7094,7474.9961,0.0947,0
4175,0,7473.3041,7474.7094,7475.7834,0.1988,0
4176,1,7475.2214,7476.4251,7476.7037,0.0978,0
4176,0,7475.2214,7476.4251,7477.5538,0.0451,0
4177,1,7476.7753,7477.9836,7478.5350,0.3676,0
4177,0,7476.7753,7477.9836,7479.3206,0.0425,0
4178,1,7478.6036,7479.8139,7480.1133,0.0960,0
4178,0,7478.6036,7479.8139,7480.9003,0.2158,0
4179,1,7480.3602,7481.5667,7481.8386,0.0934,0
4179,0,7480.3602,7481.5667,7482.6235,0.0385,0
4180,1,7481.9013,7483.1035,7483.6587,0.3669,0
4180,0,7481.9013,7483.1035,7484.5335,0.0380,0
4181,1,7483.7208,7484.9155,7485.1879,0.0981,0
4181,0,7483.7208,7484.9155,7485.9654,0.2543,0
4182,1,7485.4648,7486.6945,7487.1218,0.2353,0
4182,0,7485.4648,7486.6945,7487.9033,0.1812,0
4183,1,7487.3297,7488.5347,7488.8466,0.0970,0
4183,0,7487.3297,7488.5347,7489.6176,0.2134,0
4184,1,7489.0910,7490.3335,7490.8527,0.2459,0
4184,0,7489.0910,7490.3335,7491.6717,0.1094,0
4185,1,7490.9902,7492.1555,7492.4393,0.0833,0
4185,0,7490.9902,7492.1555,7493.2266,0.0470,0
4186,1,7492.5142,7493.7216,7494.0291,0.0931,0
4186,0,7492.5142,7493.7216,7494.8068,0.1869,0
4187,1,7494.2433,7495.4585,7495.7575,0.0928,0
4187,0,7494.2433,7495.4585,7496.5252,0.1057,0
4188,1,7495.8960,7497.1397,7497.7536,0.3621,0
4188,0,7495.8960,7497.1397,7498.5559,0.0502,0
4189,1,7497.8243,7498.9928,7499.2817,0.0971,0
4189,0,7497.8243,7498.9928,7500.0193,0.1515,0
4190,1,7499.4613,7500.7322,7501.0308,0.0931,0
4190,0,7499.4613,7500.7322,7501.8118,0.0414,0
4191,1,7501.0993,7502.3073,7502.5861,0.0953,0
4191,0,7501.0993,7502.3073,7503.3632,0.2097,0
4192,1,7502.8229,7504.0289,7504.3247,0.1043,0
4192,0,7502.8229,7504.0289,7505.1377,0.0379,0
4193,1,7504.3839,7505.5333,7506.0908,0.3720,0
4193,0,7504.3839,7505.5333,7506.8322,0.0592,0
4194,1,7506.1773,7507.6342,7507.9331,0.0903,0
4194,0,7506.1773,7507.6342,7508.7332,0.1957,0
4195,1,7508.1563,7509.3699,7509.6626,0.0963,0
4195,0,7508.1563,7509.3699,7510.4519,0.0904,0
4196,1,7509.7818,7510.9866,7511.5322,0.3516,0
4196,0,7509.7818,7510.9866,7512.3139,0.0438,0
4197,1,7511.6029,7512.8113,7513.0789,0.0895,0
4197,0,7511.6029,7512.8113,7513.8609,0.1888,0
4198,1,7513.2956,7514.5082,7514.7806,0.0916,0
4198,0,7513.2956,7514.5082,7515.5600,0.0407,0
4199,1,7514.8478,7516.0487,7516.3443,0.0891,0
4199,0,7514.8478,7516.0487,7517.1359,0.1911,0
4200,1,7516.5634,7517.7730,7518.0965,0.0911,0
4200,0,7516.5634,7517.7730,7518.8786,0.0376,0
4201,1,7518.1607,7519.3659,7520.0098,0.3602,0
4201,0,7518.1607,7519.3659,7520.7579,0.3085,0
4202,1,7521.8474,7523.1049,7523.5121,0.1170,0
4202,0,7521.8474,7523.1049,7524.6940,0.0768,0
4203,1,7524.0782,7525.8389,7526.2568,0.1650,0
4203,0,7524.0782,7525.8389,7527.0973,0.1572,0
4204,1,7526.4399,7527.6023,7527.9454,0.0902,0
4204,0,7526.4399,7527.6023,7528.7765,0.1650,0
4205,1,7528.1377,7529.2995,7529.5878,0.0871,0
4205,0,7528.1377,7529.2995,7530.3765,0.2336,0
4206,1,7529.8823,7531.0970,7531.4365,0.0909,0
4206,0,7529.8823,7531.0970,7532.2220,0.1241,0
4207,1,7531.5882,7532.8608,7533.2815,0.1147,0
4207,0,7531.5882,7532.8608,7534.0468,0.2785,0
4208,1,7533.5885,7534.8638,7535.1708,0.0934,0
4208,0,7533.5885,7534.8638,7535.9691,0.2339,0
4209,1,7535.4283,7536.6428,7536.9136,0.0928,0
4209,0,7535.4283,7536.6428,7537.7076,0.0422,0
4210,1,7536.9803,7538.1879,7538.4761,0.0923,0
4210,0,7536.9803,7538.1879,7539.3305,0.1549,0
4211,1,7538.6661,7539.9416,7540.3088,0.0900,0
4211,0,7538.6661,7539.9416,7541.1041,0.0389,0
4212,1,7540.3758,7541.5940,7542.1376,0.3710,0
4212,0,7540.3758,7541.5940,7542.9294,0.0405,0
4213,1,7542.2037,7543.4083,7543.6817,0.0992,0
4213,0,7542.2037,7543.4083,7544.4711,0.1847,0
4214,1,7543.8940,7545.0935,7545.3672,0.0935,0
4214,0,7543.8940,7545.0935,7546.1531,0.0431,0
4215,1,7545.4365,7546.6411,7546.9457,0.0949,0
4215,0,7545.4365,7546.6411,7547.7290,0.2015,0
4216,1,7547.1746,7548.3935,7548.7582,0.0935,0
4216,0,7547.1746,7548.3935,7549.5777,0.0553,0
4217,1,7548.8343,7550.1352,7550.5495,0.2220,0
4217,0,7548.8343,7550.1352,7551.3385,0.0417,0
4218,1,7550.6167,7551.8195,7552.0913,0.0938,0
4218,0,7550.6167,7551.8195,7552.8657,0.2823,0
4219,1,7552.3957,7553.7537,7554.0544,0.0895,0
4219,0,7552.3957,7553.7537,7554.8276,0.1753,0
4220,1,7554.2622,7555.5844,7556.1274,0.3166,0
4220,0,7554.2622,7555.5844,7556.9918,0.0525,0
4221,1,7556.2471,7557.6810,7557.9594,0.0713,0
4221,0,7556.2471,7557.6810,7558.7644,0.1920,0
4222,1,7558.1865,7559.4559,7559.7859,0.0616,0
4222,0,7558.1865,7559.4559,7560.6151,0.0440,0
4223,1,7559.8601,7561.0339,7561.5953,0.3560,0
4223,0,7559.8601,7561.0339,7562.5191,0.0408,0
4224,1,7561.6612,7562.8676,7563.1441,0.0983,0
4224,0,7561.6612,7562.8676,7563.9470,0.1967,0
4225,1,7563.3727,7564.6046,7564.8788,0.0942,0
4225,0,7563.3727,7564.6046,7565.6825,0.0427,0
4226,1,7564.9463,7566.1475,7566.4316,0.0936,0
4226,0,7564.9463,7566.1475,7567.2255,0.2017,0
4227,1,7566.6591,7567.8632,7568.1881,0.0976,0
4227,0,7566.6591,7567.8632,7568.9766,0.0446,0
4228,1,7568.2575,7569.5966,7569.9983,0.2224,0
4228,0,7568.2575,7569.5966,7570.8510,0.0424,0
4229,1,7570.0744,7571.2938,7571.5666,0.0665,0
4229,0,7570.0744,7571.2938,7572.3799,0.0401,0
4230,1,7571.6337,7572.8281,7573.2313,0.2234,0
4230,0,7571.6337,7572.8281,7574.0582,0.0428,0
4231,1,7573.3003,7574.6983,7574.9983,0.0947,0
4231,0,7573.3003,7574.6983,7575.7947,0.1884,0
4232,1,7575.2128,7576.4160,7576.6976,0.0946,0
4232,0,7575.2128,7576.4160,7577.4905,0.0415,0
4233,1,7576.7652,7577.9710,7578.3738,0.2246,0
4233,0,7576.7652,7577.9710,7579.2126,0.0425,0
4234,1,7578.4423,7579.6446,7579.9148,0.0938,0
4234,0,7578.4423,7579.6446,7580.6969,0.2889,0
4235,1,7580.2293,7581.4325,7581.7161,0.0957,0
4235,0,7580.2293,7581.4325,7582.5023,0.0412,0
4236,1,7581.7831,7582.9828,7583.5216,0.3651,0
4236,0,7581.7831,7582.9828,7584.3078,0.0436,0
4237,1,7583.5911,7584.7908,7585.0805,0.0966,0
4237,0,7583.5911,7584.7908,7585.8528,0.3136,0
4238,1,7585.4178,7586.6345,7587.1231,0.0686,0
4238,0,7585.4178,7586.6345,7587.8820,0.0436,0
4239,1,7587.1917,7588.4197,7588.7040,0.0927,0
4239,0,7587.1917,7588.4197,7589.4869,0.2341,0
4240,1,7588.9644,7590.1845,7590.5238,0.1179,0
4240,0,7588.9644,7590.1845,7591.3171,0.0972,0
4241,1,7590.6424,7591.8461,7592.2513,0.2211,0
4241,0,7590.6424,7591.8461,7593.0916,0.0371,0
4242,1,7592.3125,7593.5129,7593.7840,0.0934,0
4242,0,7592.3125,7593.5129,7594.5537,0.2788,0
4243,1,7594.0890,7595.3071,7595.6342,0.0816,0
4243,0,7594.0890,7595.3071,7596.4193,0.0519,0
4244,1,7595.7110,7596.9258,7597.6051,0.3927,0
4244,0,7595.7110,7596.9258,7598.3980,0.0515,0
4245,1,7597.6761,7598.8289,7599.1109,0.0938,0
4245,0,7597.6761,7598.8289,7599.8747,0.1636,0
4246,1,7599.3052,7600.5456,7600.8336,0.0943,0
4246,0,7599.3052,7600.5456,7601.6126,0.0425,0
4247,1,7600.9024,7602.1017,7602.3905,0.0988,0
4247,0,7600.9024,7602.1017,7603.1667,0.2080,0
4248,1,7602.6262,7603.8324,7604.1063,0.0947,0
4248,0,7602.6262,7603.8324,7604.8418,0.1011,0
4249,1,7604.2297,7605.3838,7605.9484,0.3659,0
4249,0,7604.2297,7605.3838,7606.7217,0.0453,0
4250,1,7606.0175,7607.4091,7607.6852,0.0994,0
4250,0,7606.0175,7607.4091,7608.4693,0.3033,0
4251,1,7608.0797,7609.2846,7609.5789,0.0920,0
4251,0,7608.0797,7609.2846,7610.3578,0.0378,0
4252,1,7609.6403,7610.8398,7611.3844,0.3683,0
4252,0,7609.6403,7610.8398,7612.1610,0.0393,0
4253,1,7611.4531,7612.6582,7613.1512,0.0993,0
4253,0,7611.4531,7612.6582,7613.9465,0.0490,0
4254,1,7613.2265,7614.6526,7615.0944,0.1459,0
4254,0,7613.2265,7614.6526,7615.8798,0.0647,0
4255,1,7615.3936,7616.5988,7617.2841,0.4001,0
4255,0,7615.3936,7616.5988,7618.3330,0.0871,0
4256,1,7617.4188,7618.6367,7618.9205,0.0950,0
4256,0,7617.4188,7618.6367,7619.7005,0.2741,0
4257,1,7619.2200,7620.5729,7620.8703,0.0944,0
4257,0,7619.2200,7620.5729,7621.6645,0.1671,0
4258,1,7621.0651,7622.3807,7622.6437,0.0906,0
4258,0,7621.0651,7622.3807,7623.4380,0.1210,0
4259,1,7622.7903,7624.1558,7624.5258,0.0995,0
4259,0,7622.7903,7624.1558,7625.3388,0.1264,0
4260,1,7624.6732,7625.8231,7626.1072,0.0933,0
4260,0,7624.6732,7625.8231,7626.9035,0.0403,0
4261,1,7626.1716,7627.3832,7627.9307,0.3638,0
4261,0,7626.1716,7627.3832,7628.7226,0.0386,0
4262,1,7627.9924,7629.1939,7629.4731,0.0925,0
4262,0,7627.9924,7629.1939,7630.2593,0.0411,0
4263,1,7629.5382,7630.7331,7631.2863,0.3723,0
4263,0,7629.5382,7630.7331,7632.0712,0.0437,0
4264,1,7631.3643,7632.5739,7632.8859,0.0962,0
4264,0,7631.3643,7632.5739,7633.8181,0.2005,0
4265,1,7633.1102,7634.3169,7634.5953,0.0943,0
4265,0,7633.1102,7634.3169,7635.3990,0.0536,0
4266,1,7634.6971,7635.9017,7636.4469,0.3639,0
4266,0,7634.6971,7635.9017,7637.2282,0.0361,0
4267,1,7636.5256,7637.7252,7638.0076,0.0978,0
4267,0,7636.5256,7637.7252,7638.8393,0.1932,0
4268,1,7638.2445,7639.4480,7639.7940,0.0834,0
4268,0,7638.2445,7639.4480,7640.5965,0.0483,0
4269,1,7639.8683,7641.2753,7641.7432,0.0813,0
4269,0,7639.8683,7641.2753,7642.5574,0.0432,0
4270,1,7641.8120,7642.9768,7643.4797,0.1980,0
4270,0,7641.8120,7642.9768,7644.3945,0.2426,0
4271,1,7643.7516,7644.9843,7645.3340,0.0883,0
4271,0,7643.7516,7644.9843,7646.2300,0.0718,0
4272,1,7645.4314,7646.6605,7647.5058,0.4029,0
4272,0,7645.4314,7646.6605,7648.3011,0.0501,0
4273,1,7647.5757,7648.7267,7649.1439,0.0975,0
4273,0,7647.5757,7648.7267,7649.9398,0.1185,0
4274,1,7649.2904,7650.5277,7650.8479,0.0870,0
4274,0,7649.2904,7650.5277,7651.7041,0.0455,0
4275,1,7650.9189,7652.0795,7652.3574,0.0873,0
4275,0,7650.9189,7652.0795,7653.1707,0.1746,0
4276,1,7652.5587,7653.9162,7654.6132,0.4448,0
4276,0,7652.5587,7653.9162,7655.4093,0.2211,0
4277,1,7654.8621,7656.0411,7656.4576,0.2152,0
4277,0,7654.8621,7656.0411,7657.2492,0.0408,0
4278,1,7656.5231,7657.9186,7658.2345,0.0969,0
4278,0,7656.5231,7657.9186,7659.0311,0.1973,0
4279,1,7658.4570,7659.6629,7659.9388,0.0915,0
4279,0,7658.4570,7659.6629,7660.7311,0.0404,0
4280,1,7660.0022,7661.2774,7661.6911,0.2297,0
4280,0,7660.0022,7661.2774,7662.5384,0.0396,0
4281,1,7661.7536,7662.9606,7663.2376,0.0945,0
4281,0,7661.7536,7662.9606,7664.0192,0.2866,0
4282,1,7663.5467,7664.7542,7665.0453,0.0946,0
4282,0,7663.5467,7664.7542,7665.8319,0.0402,0
4283,1,7665.1084,7666.3180,7666.8827,0.3459,0
4283,0,7665.1084,7666.3180,7667.6715,0.0494,0
4284,1,7666.9596,7668.1258,7668.4129,0.0901,0
4284,0,7666.9596,7668.1258,7669.1956,0.2879,0
4285,1,7668.7251,7669.9394,7670.3629,0.1323,0
4285,0,7668.7251,7669.9394,7671.1195,0.0638,0
4286,1,7670.4510,7671.6728,7672.0797,0.1082,0
4286,0,7670.4510,7671.6728,7672.8569,0.1431,0
4287,1,7672.2462,7673.4711,7673.8589,0.0903,0
4287,0,7672.2462,7673.4711,7674.6652,0.1144,0
4288,1,7673.9975,7675.1897,7675.8614,0.3040,0
4288,0,7673.9975,7675.1897,7676.6924,0.0779,0
4289,1,7675.9600,7677.1093,7677.4215,0.1021,0
4289,0,7675.9600,7677.1093,7678.1739,0.1870,0
4290,1,7677.6380,7678.7945,7679.0778,0.0871,0
4290,0,7677.6380,7678.7945,7679.8480,0.0386,0
4291,1,7679.1399,7680.3433,7680.8960,0.3575,0
4291,0,7679.1399,7680.3433,7681.6709,0.0423,0
4292,1,7680.9608,7682.1656,7682.5603,0.1105,0
4292,0,7680.9608,7682.1656,7683.2995,0.0972,0
4293,1,7682.6802,7683.9006,7684.2812,0.1132,0
4293,0,7682.6802,7683.9006,7685.0373,0.0671,0
4294,1,7684.3709,7685.5949,7686.0068,0.1073,0
4294,0,7684.3709,7685.5949,7686.9548,0.1290,0
4295,1,7686.1807,7687.4776,7687.7838,0.0515,0
4295,0,7686.1807,7687.4776,7688.5384,0.1587,0
4296,1,7687.9759,7689.1927,7689.6248,0.2302,0
4296,0,7687.9759,7689.1927,7690.4113,0.0378,0
4297,1,7689.6891,7691.0710,7691.3702,0.0941,0
4297,0,7689.6891,7691.0710,7692.1551,0.1892,0
4298,1,7691.5817,7692.7865,7693.0849,0.0951,0
4298,0,7691.5817,7692.7865,7693.8906,0.0377,0
4299,1,7693.1463,7694.3412,7694.8951,0.3719,0
4299,0,7693.1463,7694.3412,7696.1048,0.0438,0
4300,1,7694.9624,7696.1682,7696.9064,0.3502,0
4300,0,7694.9624,7696.1682,7697.7366,0.0732,0
4301,1,7697.0008,7698.1522,7698.4423,0.0849,0
4301,0,7697.0008,7698.1522,7699.2210,0.0377,0
4302,1,7698.5035,7699.7048,7700.2656,0.3626,0
4302,0,7698.5035,7699.7048,7701.0420,0.0423,0
4303,1,7700.3315,7701.5342,7701.8124,0.0964,0
4303,0,7700.3315,7701.5342,7702.5912,0.2764,0
4304,1,7702.1136,7703.3227,7703.6092,0.0924,0
4304,0,7702.1136,7703.3227,7704.4201,0.0418,0
4305,1,7703.6744,7704.8667,7705.1699,0.0985,0
4305,0,7703.6744,7704.8667,7705.9424,0.1946,0
4306,1,7705.3882,7706.5967,7706.8691,0.0932,0
4306,0,7705.3882,7706.5967,7707.6427,0.0940,0
4307,1,7706.9871,7708.1941,7708.7528,0.3688,0
4307,0,7706.9871,7708.1941,7709.5511,0.0404,0
4308,1,7708.8210,7710.0289,7710.3057,0.0990,0
4308,0,7708.8210,7710.0289,7711.0774,0.1971,0
4309,1,7710.5290,7711.7309,7712.0120,0.1039,0
4309,0,7710.5290,7711.7309,7712.7821,0.0422,0
4310,1,7712.0803,7713.2814,7713.5733,0.0958,0
4310,0,7712.0803,7713.2814,7714.3433,0.2005,0
4311,1,7713.8009,7715.0025,7715.3438,0.0970,0
4311,0,7713.8009,7715.0025,7716.1165,0.0360,0
4312,1,7715.4088,7716.6166,7717.1645,0.3623,0
4312,0,7715.4088,7716.6166,7717.9431,0.0374,0
4313,1,7717.2280,7718.4305,7718.7035,0.0989,0
4313,0,7717.2280,7718.4305,7719.4727,0.1927,0
4314,1,7718.9236,7720.1350,7720.4744,0.0878,0
4314,0,7718.9236,7720.1350,7721.2758,0.1902,0
4315,1,7720.7179,7722.4953,7722.9178,0.2148,0
4315,0,7720.7179,7722.4953,7723.7488,0.0454,0
4316,1,7722.9872,7724.3620,7724.6736,0.1084,0
4316,0,7722.9872,7724.3620,7725.4807,0.1978,0
4317,1,7724.8981,7726.1088,7726.4418,0.0983,0
4317,0,7724.8981,7726.1088,7727.2801,0.0371,0
4318,1,7726.5106,7727.7703,7728.3247,0.3708,0
4318,0,7726.5106,7727.7703,7729.1791,0.0414,0
4319,1,7728.3894,7729.5873,7729.8674,0.0933,0
4319,0,7728.3894,7729.5873,7730.6631,0.0416,0
4320,1,7729.9327,7731.1319,7731.5309,0.2212,0
4320,0,7729.9327,7731.1319,7732.3336,0.0378,0
4321,1,7731.5930,7732.7904,7733.0863,0.0947,0
4321,0,7731.5930,7732.7904,7733.8758,0.1887,0
4322,1,7733.2983,7734.5039,7734.7835,0.0919,0
4322,0,7733.2983,7734.5039,7735.5720,0.0369,0
4323,1,7734.8457,7736.0424,7736.5879,0.3643,0
4323,0,7734.8457,7736.0424,7737.4543,0.0446,0
4324,1,7736.6561,7737.8677,7738.1430,0.1011,0
4324,0,7736.6561,7737.8677,7738.9268,0.2345,0
4325,1,7738.4003,7739.6059,7740.0200,0.2367,0
4325,0,7738.4003,7739.6059,7740.8021,0.0447,0
4326,1,7740.0891,7741.4890,7742.0350,0.3657,0
4326,0,7740.0891,7741.4890,7742.8614,0.0445,0
4327,1,7742.1042,7743.3183,7743.5901,0.0933,0
4327,0,7742.1042,7743.3183,7744.3798,0.1875,0
4328,1,7743.8028,7745.0085,7745.2856,0.0914,0
4328,0,7743.8028,7745.0085,7746.0726,0.0416,0
4329,1,7745.3508,7746.5585,7746.8581,0.0899,0
4329,0,7745.3508,7746.5585,7747.6434,0.1925,0
4330,1,7747.0738,7748.2861,7748.5592,0.0938,0
4330,0,7747.0738,7748.2861,7749.3503,0.0364,0
4331,1,7748.6216,7749.8204,7750.3659,0.3625,0
4331,0,7748.6216,7749.8204,7751.1478,0.0451,0
4332,1,7750.4342,7751.6422,7751.9178,0.0955,0
4332,0,7750.4342,7751.6422,7752.6982,0.1790,0
4333,1,7752.1213,7753.3267,7753.7350,0.0947,0
4333,0,7752.1213,7753.3267,7754.5364,0.2739,0
4334,1,7754.0337,7755.2367,7755.6288,0.1116,0
4334,0,7754.0337,7755.2367,7756.4015,0.1576,0
4335,1,7755.8136,7757.0363,7757.7331,0.3128,0
4335,0,7755.8136,7757.0363,7758.5227,0.1768,0
4336,1,7757.9368,7759.1625,7759.5435,0.1131,0
4336,0,7757.9368,7759.1625,7760.4272,0.0616,0
4337,1,7759.6314,7760.8449,7761.5289,0.3830,0
4337,0,7759.6314,7760.8449,7762.3060,0.0655,0
4338,1,7761.6211,7762.8290,7763.1964,0.0964,0
4338,0,7761.6211,7762.8290,7763.9729,0.1085,0
4339,1,7763.3316,7764.5409,7764.8390,0.0790,0
4339,0,7763.3316,7764.5409,7765.6111,0.0543,0
4340,1,7764.9646,7766.4117,7766.7083,0.0681,0
4340,0,7764.9646,7766.4117,7767.4852,0.1669,0
4341,1,7766.9022,7768.1170,7768.4025,0.0935,0
4341,0,7766.9022,7768.1170,7769.3266,0.2876,0
4342,1,7768.7360,7770.0565,7770.3814,0.0672,0
4342,0,7768.7360,7770.0565,7771.1588,0.0547,0
4343,1,7770.4616,7771.6922,7772.4317,0.4193,0
4343,0,7770.4616,7771.6922,7773.2269,0.0693,0
4344,1,7772.5285,7773.7361,7774.2339,0.2682,0
4344,0,7772.5285,7773.7361,7775.0234,0.1919,0
4345,1,7774.4475,7775.6929,7776.0069,0.0928,0
4345,0,7774.4475,7775.6929,7776.7919,0.0436,0
4346,1,7776.0868,7777.4025,7777.7246,0.0976,0
4346,0,7776.0868,7777.4025,7778.5213,0.1714,0
4347,1,7777.9237,7779.1521,7779.4912,0.0954,0
4347,0,7777.9237,7779.1521,7780.2854,0.0474,0
4348,1,7779.5639,7780.7936,7781.2157,0.2220,0
4348,0,7779.5639,7780.7936,7782.1811,0.0418,0
4349,1,7781.2862,7782.5064,7782.9490,0.1063,0
4349,0,7781.2862,7782.5064,7783.7501,0.1246,0
4350,1,7783.1012,7784.3304,7784.6164,0.0937,0
4350,0,7783.1012,7784.3304,7785.4082,0.0377,0
4351,1,7784.6791,7785.9659,7786.5861,0.3735,0
4351,0,7784.6791,7785.9659,7787.4279,0.0513,0
4352,1,7786.6685,7788.0282,7788.3255,0.0991,0
4352,0,7786.6685,7788.0282,7789.1368,0.2394,0
4353,1,7788.5913,7789.8051,7790.1136,0.0849,0
4353,0,7788.5913,7789.8051,7790.8824,0.0405,0
4354,1,7790.1817,7791.5581,7792.1042,0.3409,0
4354,0,7790.1817,7791.5581,7792.9088,0.0444,0
4355,1,7792.1767,7793.3920,7793.6644,0.0905,0
4355,0,7792.1767,7793.3920,7794.4622,0.1928,0
4356,1,7793.8854,7795.0890,7795.3844,0.0918,0
4356,0,7793.8854,7795.0890,7796.1830,0.0418,0
4357,1,7795.4528,7796.6523,7796.9633,0.0921,0
4357,0,7795.4528,7796.6523,7797.7677,0.1909,0
4358,1,7797.1811,7798.3911,7798.7195,0.0921,0
4358,0,7797.1811,7798.3911,7799.5606,0.0367,0
4359,1,7798.7821,7800.1533,7800.7573,0.2284,0
4359,0,7798.7821,7800.1533,7801.5880,0.0536,0
4360,1,7800.8489,7802.1562,7802.4942,0.0950,0
4360,0,7800.8489,7802.1562,7803.2993,0.1636,0
4361,1,7802.6829,7803.8957,7804.2167,0.0928,0
4361,0,7802.6829,7803.8957,7805.0139,0.0370,0
4362,1,7804.2766,7805.4833,7806.1625,0.3773,0
4362,0,7804.2766,7805.4833,7807.2508,0.0836,0
4363,1,7806.2748,7807.6822,7808.0916,0.1055,0
4363,0,7806.2748,7807.6822,7808.9601,0.1069,0
4364,1,7808.2253,7809.4403,7809.9878,0.1026,0
4364,0,7808.2253,7809.4403,7810.8195,0.0642,0
4365,1,7810.0792,7811.2857,7811.8301,0.2224,0
4365,0,7810.0792,7811.2857,7812.8357,0.0651,0
4366,1,7811.9212,7813.1266,7813.5618,0.1059,0
4366,0,7811.9212,7813.1266,7814.4651,0.1101,0
4367,1,7813.6983,7814.9022,7815.4804,0.1119,0
4367,0,7813.6983,7814.9022,7816.2642,0.0678,0
4368,1,7815.5728,7816.8226,7817.2648,0.2184,0
4368,0,7815.5728,7816.8226,7818.1020,0.0475,0
4369,1,7817.3364,7818.5454,7818.8169,0.0925,0
4369,0,7817.3364,7818.5454,7819.6041,0.2880,0
4370,1,7819.1317,7820.4856,7820.7640,0.0971,0
4370,0,7819.1317,7820.4856,7821.5635,0.1943,0
4371,1,7820.9817,7822.1959,7822.7575,0.3881,0
4371,0,7820.9817,7822.1959,7823.5481,0.0430,0
4372,1,7822.8270,7824.1924,7824.6107,0.0932,0
4372,0,7822.8270,7824.1924,7825.4184,0.1228,0
4373,1,7824.7604,7825.9674,7826.5440,0.1071,0
4373,0,7824.7604,7825.9674,7827.3713,0.0665,0
4374,1,7826.6379,7827.9542,7828.4876,0.2396,0
4374,0,7826.6379,7827.9542,7829.4921,0.0634,0
4375,1,7828.5779,7829.7794,7830.1858,0.1188,0
4375,0,7828.5779,7829.7794,7830.9516,0.1086,0
4376,1,7830.3134,7831.4707,7831.7649,0.0901,0
4376,0,7830.3134,7831.4707,7832.5603,0.0422,0
4377,1,7831.8339,7833.0316,7833.5767,0.3611,0
4377,0,7831.8339,7833.0316,7834.4141,0.0381,0
4378,1,7833.6408,7834.8363,7835.1099,0.0962,0
4378,0,7833.6408,7834.8363,7835.9055,0.0377,0
4379,1,7835.1734,7836.3676,7837.1439,0.2258,0
4379,0,7835.1734,7836.3676,7838.0763,0.0563,0
4380,1,7837.2227,7838.4006,7838.9102,0.1127,0
4380,0,7837.2227,7838.4006,7839.6897,0.1190,0
4381,1,7839.0494,7840.2004,7840.5481,0.1122,0
4381,0,7839.0494,7840.2004,7841.3269,0.0961,0
4382,1,7840.6698,7841.9935,7842.2615,0.0942,0
4382,0,7840.6698,7841.9935,7843.1147,0.0853,0
4383,1,7842.3693,7843.5660,7843.8361,0.0938,0
4383,0,7842.3693,7843.5660,7844.6192,0.1818,0
4384,1,7844.0699,7845.2769,7845.5551,0.0933,0
4384,0,7844.0699,7845.2769,7846.3315,0.0366,0
4385,1,7845.6151,7846.8338,7847.1025,0.0954,0
4385,0,7845.6151,7846.8338,7847.8730,0.2972,0
4386,1,7847.4220,7848.6222,7848.9130,0.0948,0
4386,0,7847.4220,7848.6222,7849.7058,0.0368,0
4387,1,7848.9760,7850.2197,7850.6302,0.2406,0
4387,0,7848.9760,7850.2197,7851.4460,0.0368,0
4388,1,7850.6934,7851.8937,7852.1657,0.0949,0
4388,0,7850.6934,7851.8937,7852.9416,0.1971,0
4389,1,7852.3829,7853.5936,7854.3591,0.2557,0
4389,0,7852.3829,7853.5936,7855.1722,0.1077,0
4390,1,7854.4993,7855.8490,7856.1370,0.0796,0
4390,0,7854.4993,7855.8490,7857.3338,0.0805,0
4391,1,7856.2416,7857.4431,7858.3472,0.7350,0
4391,0,7856.2416,7857.4431,7859.1401,0.0445,0
4392,1,7858.4180,7859.6203,7859.9553,0.0960,0
4392,0,7858.4180,7859.6203,7860.7728,0.1530,0
4393,1,7860.1342,7861.4449,7862.1962,0.2666,0
4393,0,7860.1342,7861.4449,7862.9848,0.0682,0
4394,1,7862.2901,7863.5179,7864.2457,0.4534,0
4394,0,7862.2901,7863.5179,7865.0284,0.0614,0
4395,1,7864.3331,7865.5397,7866.1908,0.1293,0
4395,0,7864.3331,7865.5397,7866.9424,0.2945,0
4396,1,7866.5120,7867.6896,7867.9839,0.0958,0
4396,0,7866.5120,7867.6896,7868.7656,0.1038,0
4397,1,7868.1149,7869.3196,7869.8717,0.3696,0
4397,0,7868.1149,7869.3196,7870.6489,0.0443,0
4398,1,7869.9418,7871.1517,7871.4262,0.0998,0
4398,0,7869.9418,7871.1517,7872.2025,0.1690,0
4399,1,7871.6223,7872.8199,7873.0958,0.1048,0
4399,0,7871.6223,7872.8199,7873.8727,0.0438,0
4400,1,7873.1651,7874.5421,7874.8464,0.1007,0
4400,0,7873.1651,7874.5421,7875.6284,0.1913,0
4401,1,7875.0651,7876.2684,7876.5622,0.0977,0
4401,0,7875.0651,7876.2684,7877.3857,0.0413,0
4402,1,7876.6291,7877.9688,7878.3875,0.2240,0
4402,0,7876.6291,7877.9688,7879.2080,0.0413,0
4403,1,7878.4542,7879.6540,7879.9429,0.0974,0
4403,0,7878.4542,7879.6540,7880.7261,0.1967,0
4404,1,7880.1650,7881.3623,7881.6463,0.0943,0
4404,0,7880.1650,7881.3623,7882.4270,0.0458,0
4405,1,7881.7151,7882.9486,7883.4931,0.3675,0
4405,0,7881.7151,7882.9486,7884.3301,0.0488,0
4406,1,7883.5656,7884.7580,7885.0380,0.0952,0
4406,0,7883.5656,7884.7580,7885.8182,0.0378,0
4407,1,7885.1000,7886.3453,7886.8291,0.2236,0
4407,0,7885.1000,7886.3453,7887.8740,0.1650,0
4408,1,7887.0250,7888.2766,7889.2308,0.5980,0
4408,0,7887.0250,7888.2766,7890.0295,0.1102,0
4409,1,7889.3680,7890.7592,7891.1580,0.1044,0
4409,0,7889.3680,7890.7592,7891.9478,0.1680,0
4410,1,7891.3520,7892.5632,7892.9359,0.1064,0
4410,0,7891.3520,7892.5632,7893.7606,0.2284,0
4411,1,7893.1903,7894.3950,7895.0506,0.3888,0
4411,0,7893.1903,7894.3950,7896.0818,0.0645,0
4412,1,7895.1408,7896.3464,7896.7282,0.1096,0
4412,0,7895.1408,7896.3464,7897.4806,0.1046,0
4413,1,7896.8581,7898.0338,7898.3557,0.0847,0
4413,0,7896.8581,7898.0338,7899.1411,0.0443,0
4414,1,7898.4282,7899.6323,7900.3235,0.3653,0
4414,0,7898.4282,7899.6323,7901.1082,0.0535,0
4415,1,7900.4148,7901.6434,7901.9344,0.0999,0
4415,0,7900.4148,7901.6434,7902.7182,0.1492,0
4416,1,7902.1114,7903.3197,7903.5947,0.0986,0
4416,0,7902.1114,7903.3197,7904.3730,0.0395,0
4417,1,7903.6600,7904.8555,7905.1641,0.1023,0
4417,0,7903.6600,7904.8555,7905.9403,0.1913,0
4418,1,7905.3824,7906.5788,7906.8506,0.0976,0
4418,0,7905.3824,7906.5788,7907.6242,0.0375,0
4419,1,7906.9142,7908.1338,7908.6779,0.3738,0
4419,0,7906.9142,7908.1338,7909.4521,0.0459,0
4420,1,7908.7491,7909.9431,7910.2134,0.1006,0
4420,0,7908.7491,7909.9431,7910.9877,0.1813,0
4421,1,7910.4208,7911.6259,7911.8969,0.0996,0
4421,0,7910.4208,7911.6259,7912.6703,0.0360,0
4422,1,7911.9589,7913.1519,7913.5814,0.1009,0
4422,0,7911.9589,7913.1519,7914.3630,0.1281,0
4423,1,7913.7368,7914.9412,7915.5555,0.1074,0
4423,0,7913.7368,7914.9412,7916.3641,0.0677,0
4424,1,7915.6497,7916.8768,7917.3893,0.2406,0
4424,0,7915.6497,7916.8768,7918.1948,0.0450,0
4425,1,7917.4603,7918.6698,7918.9764,0.0943,0
4425,0,7917.4603,7918.6698,7919.7943,0.2122,0
4426,1,7919.2146,7920.5655,7921.2458,0.3951,0
4426,0,7919.2146,7920.5655,7922.2060,0.3070,0
4427,1,7921.5796,7922.7867,7923.3094,0.2436,0
4427,0,7921.5796,7922.7867,7924.1460,0.0712,0
4428,1,7923.4070,7924.8169,7925.4624,0.3806,0
4428,0,7923.4070,7924.8169,7926.2711,0.0658,0
4429,1,7925.5805,7926.7829,7927.1755,0.1051,0
4429,0,7925.5805,7926.7829,7927.9577,0.2801,0
4430,1,7927.4815,7928.6884,7929.2306,0.1081,0
4430,0,7927.4815,7928.6884,7930.1246,0.0535,0
4431,1,7929.3190,7930.5196,7931.1626,0.3869,0
4431,0,7929.3190,7930.5196,7932.1602,0.0634,0
4432,1,7931.2514,7932.4956,7932.8932,0.1032,0
4432,0,7931.2514,7932.4956,7933.6762,0.1710,0
4433,1,7933.0888,7934.2879,7934.7875,0.1001,0
4433,0,7933.0888,7934.2879,7935.5909,0.0506,0
4434,1,7934.8729,7936.1119,7936.6460,0.3556,0
4434,0,7934.8729,7936.1119,7937.4282,0.0435,0
4435,1,7936.7141,7937.9284,7938.1974,0.0915,0
4435,0,7936.7141,7937.9284,7938.9797,0.1921,0
4436,1,7938.4094,7939.6128,7939.8897,0.0983,0
4436,0,7938.4094,7939.6128,7940.6701,0.0368,0
4437,1,7939.9511,7941.3208,7941.6630,0.0845,0
4437,0,7939.9511,7941.3208,7942.5193,0.1407,0
4438,1,7941.8432,7943.1441,7943.4553,0.0870,0
4438,0,7941.8432,7943.1441,7944.2402,0.3067,0
4439,1,7943.7888,7944.9829,7945.2649,0.0976,0
4439,0,7943.7888,7944.9829,7946.0513,0.0405,0
4440,1,7945.3316,7946.5295,7946.8215,0.1006,0
4440,0,7945.3316,7946.5295,7947.7502,0.2076,0
4441,1,7947.0578,7948.2581,7948.5324,0.0993,0
4441,0,7947.0578,7948.2581,7949.3161,0.0362,0
4442,1,7948.5942,7949.7871,7950.3249,0.3683,0
4442,0,7948.5942,7949.7871,7951.0709,0.0380,0
4443,1,7950.3933,7951.5663,7951.9354,0.1036,0
4443,0,7950.3933,7951.5663,7952.7173,0.1704,0
4444,1,7952.1314,7953.4925,7953.7937,0.1083,0
4444,0,7952.1314,7953.4925,7954.5939,0.1963,0
4445,1,7954.0160,7955.2311,7956.0401,0.3894,0
4445,0,7954.0160,7955.2311,7957.2875,0.0638,0
4446,1,7956.1295,7957.5214,7957.8962,0.1179,0
4446,0,7956.1295,7957.5214,7958.7013,0.1637,0
4447,1,7958.0915,7959.3468,7959.6263,0.0542,0
4447,0,7958.0915,7959.3468,7960.4618,0.0376,0
4448,1,7959.6894,7960.8930,7961.4350,0.3649,0
4448,0,7959.6894,7960.8930,7962.2250,0.0441,0
4449,1,7961.5056,7962.7013,7963.0379,0.0948,0
4449,0,7961.5056,7962.7013,7963.8246,0.1930,0
4450,1,7963.2574,7964.5266,7964.8052,0.1023,0
4450,0,7963.2574,7964.5266,7965.5931,0.0370,0
4451,1,7964.8665,7966.0638,7966.3396,0.0877,0
4451,0,7964.8665,7966.0638,7967.1212,0.2272,0
4452,1,7966.5890,7967.7841,7968.1230,0.0916,0
4452,0,7966.5890,7967.7841,7968.9030,0.0386,0
4453,1,7968.1856,7969.3804,7969.9162,0.3582,0
4453,0,7968.1856,7969.3804,7970.6959,0.0387,0
4454,1,7969.9774,7971.1700,7971.4463,0.0953,0
4454,0,7969.9774,7971.1700,7972.2483,0.0355,0
4455,1,7971.5091,7972.7071,7973.2474,0.3635,0
4455,0,7971.5091,7972.7071,7974.0316,0.0444,0
4456,1,7973.3159,7974.7127,7975.0038,0.0949,0
4456,0,7973.3159,7974.7127,7975.7872,0.1996,0
4457,1,7975.2283,7976.4438,7976.7111,0.0935,0
4457,0,7975.2283,7976.4438,7977.5070,0.0359,0
4458,1,7976.7718,7978.0055,7978.4035,0.2221,0
4458,0,7976.7718,7978.0055,7979.5217,0.0362,0
4459,1,7978.4640,7979.6601,7979.9273,0.0932,0
4459,0,7978.4640,7979.6601,7980.6990,0.2736,0
4460,1,7980.2241,7981.4158,7981.6949,0.0932,0
4460,0,7980.2241,7981.4158,7982.4738,0.0356,0
4461,1,7981.7552,7982.9617,7983.6121,0.4785,0
4461,0,7981.7552,7982.9617,7984.3892,0.0376,0
4462,1,7983.6742,7984.8674,7985.1423,0.0963,0
4462,0,7983.6742,7984.8674,7985.9203,0.0362,0
4463,1,7985.2022,7986.4188,7987.0189,0.2246,0
4463,0,7985.2022,7986.4188,7987.9476,0.3566,0
4464,1,7987.6339,7989.1176,7989.6577,0.2569,0
4464,0,7987.6339,7989.1176,7990.6283,0.1800,0
4465,1,7989.8644,7991.2430,7991.9292,0.4186,0
4465,0,7989.8644,7991.2430,7992.7579,0.0655,0
4466,1,7992.0216,7993.2225,7993.9498,0.1559,0
4466,0,7992.0216,7993.2225,7994.8628,0.1719,0
4467,1,7994.1567,7995.3685,7995.8023,0.2012,0
4467,0,7994.1567,7995.3685,7996.6106,0.0961,0
4468,1,7995.9298,7997.1728,7997.7110,0.3530,0
4468,0,7995.9298,7997.1728,7998.5032,0.0382,0
4469,1,7997.7757,7998.9708,7999.2385,0.0928,0
4469,0,7997.7757,7998.9708,8000.0260,0.2000,0
4470,1,7999.4666,8000.6642,8000.9363,0.0924,0
4470,0,7999.4666,8000.6642,8001.7232,0.0357,0
4471,1,8000.9987,8002.1913,8002.4788,0.1123,0
4471,0,8000.9987,8002.1913,8003.2511,0.2360,0
