frame,interpolated,sample_ms,ready_ms,present_ms,gpu_wait_ms,caught_up
0,0,10.4120,16.8989,21.0887,3.1970,0
1,1,20.1334,24.4149,27.7065,2.8839,0
1,0,20.1334,24.4149,30.8301,0.0621,1
2,1,27.8143,30.6245,33.9628,2.9653,0
2,0,27.8143,30.6245,38.1588,1.6036,0
3,1,35.5882,38.7923,39.1216,0.1219,0
3,0,35.5882,38.7923,42.3139,0.0416,0
4,1,39.1831,42.1512,42.7184,0.2758,0
4,0,39.1831,42.1512,45.7294,0.2239,0
5,1,42.9643,46.3725,46.7614,0.1550,0
5,0,42.9643,46.3725,49.4898,0.1210,0
6,1,46.9326,50.2272,50.5466,0.1528,0
6,0,46.9326,50.2272,53.1663,0.0430,0
7,1,50.6274,53.8379,54.1258,0.1158,0
7,0,50.6274,53.8379,56.6721,0.0425,0
8,1,54.2024,57.3583,57.6913,0.1189,0
8,0,54.2024,57.3583,60.1866,0.0403,0
9,1,57.7534,60.6579,61.1276,0.2920,0
9,0,57.7534,60.6579,63.5613,0.0373,0
10,1,61.1895,64.0158,64.4547,0.2768,0
10,0,61.1895,64.0158,66.8203,0.0388,0
11,1,64.5160,67.6522,67.9514,0.1170,0
11,0,64.5160,67.6522,70.2139,0.0360,0
12,1,68.0239,71.2081,71.5543,0.1161,0
12,0,68.0239,71.2081,73.7242,0.0443,0
13,1,71.6201,74.4165,74.8050,0.1082,0
13,0,71.6201,74.4165,77.0083,0.0736,0
14,1,74.9033,77.9831,78.4566,0.3142,0
14,0,74.9033,77.9831,80.5154,0.0455,0
15,1,78.5249,81.6818,82.0283,0.1640,0
15,0,78.5249,81.6818,84.0624,0.0447,0
16,1,82.0909,85.1770,85.4444,0.1122,0
16,0,82.0909,85.1770,87.4265,0.0398,0
17,1,85.5142,88.4536,88.9244,0.2761,0
17,0,85.5142,88.4536,91.0233,0.1778,0
18,1,89.1254,92.0481,92.3365,0.1180,0
18,0,89.1254,92.0481,94.2476,0.0384,0
19,1,92.3960,95.5591,95.8757,0.1168,0
19,0,92.3960,95.5591,97.7661,0.0461,0
20,1,95.9437,99.1516,99.4729,0.1321,0
20,0,95.9437,99.1516,101.3789,0.0451,0
21,1,99.5401,102.8566,103.2115,0.1728,0
21,0,99.5401,102.8566,105.0905,0.0374,0
22,1,103.2694,106.2500,106.5404,0.1193,0
22,0,103.2694,106.2500,108.5019,0.0413,0
23,1,106.6043,109.8834,110.3776,0.2863,0
23,0,106.6043,109.8834,112.2043,0.0375,0
24,1,110.4365,113.8363,114.3108,0.2922,0
24,0,110.4365,113.8363,116.1390,0.0471,0
25,1,114.3796,117.4010,117.7036,0.1204,0
25,0,114.3796,117.4010,119.5118,0.0363,0
26,1,117.7588,120.8336,121.1544,0.1162,0
26,0,117.7588,120.8336,122.9794,0.0514,0
27,1,121.2240,124.5199,125.0898,0.2048,0
27,0,121.2240,124.5199,126.9121,0.0440,0
28,1,125.1563,128.0862,128.3700,0.1147,0
28,0,125.1563,128.0862,130.1428,0.0434,0
29,1,128.4319,131.6569,131.9552,0.1120,0
29,0,128.4319,131.6569,133.7762,0.0397,0
30,1,132.0170,135.1046,135.5496,0.1512,0
30,0,132.0170,135.1046,137.4052,0.0450,0
31,1,135.6258,138.8009,139.1648,0.1746,0
31,0,135.6258,138.8009,140.9917,0.0482,0
32,1,139.2353,142.1582,142.5092,0.1161,0
32,0,139.2353,142.1582,144.2965,0.0885,0
33,1,142.6191,145.9318,146.2425,0.1226,0
33,0,142.6191,145.9318,148.0134,0.0378,0
34,1,146.4886,149.4647,149.8121,0.1110,0
34,0,146.4886,149.4647,151.5450,0.0408,0
35,1,149.8751,152.8960,153.3542,0.1579,0
35,0,149.8751,152.8960,155.1266,0.0457,0
36,1,153.4225,156.3297,156.6558,0.1516,0
36,0,153.4225,156.3297,158.3607,0.0437,0
37,1,156.7204,159.9145,160.2201,0.1176,0
37,0,156.7204,159.9145,161.9255,0.0370,0
38,1,160.2774,163.2332,163.6200,0.1911,0
38,0,160.2774,163.2332,165.3145,0.1474,0
39,1,163.7902,166.7750,167.1218,0.1619,0
39,0,163.7902,166.7750,168.9078,0.0434,0
40,1,167.1835,170.0968,170.3763,0.1139,0
40,0,167.1835,170.0968,172.0637,0.0432,0
41,1,170.4397,173.6248,173.9213,0.1188,0
41,0,170.4397,173.6248,175.5994,0.0424,0
42,1,173.9836,177.3535,177.7240,0.1683,0
42,0,173.9836,177.3535,179.4224,0.1405,0
43,1,177.8891,180.8314,181.2949,0.2888,0
43,0,177.8891,180.8314,182.9919,0.0454,0
44,1,181.3609,184.4804,185.0385,0.1427,0
44,0,181.3609,184.4804,186.7573,0.0443,0
45,1,185.1833,188.2372,188.5466,0.1147,0
45,0,185.1833,188.2372,190.2576,0.2419,0
46,1,188.8326,191.8350,192.1404,0.1179,0
46,0,188.8326,191.8350,193.8181,0.0417,0
47,1,192.2027,195.2222,195.5250,0.1177,0
47,0,192.2027,195.2222,197.2410,0.0400,0
48,1,195.6033,198.9646,199.3126,0.1127,0
48,0,195.6033,198.9646,201.0286,0.0426,0
49,1,199.3758,202.6197,202.9841,0.1809,0
49,0,199.3758,202.6197,204.7002,0.0407,0
50,1,203.0464,205.9613,206.2522,0.1182,0
50,0,203.0464,205.9613,207.9604,0.0382,0
51,1,206.3123,209.7046,210.0078,0.1142,0
51,0,206.3123,209.7046,211.7093,0.0432,0
52,1,210.1418,213.2488,213.6695,0.2264,0
52,0,210.1418,213.2488,215.3622,0.1381,0
53,1,213.8326,216.8445,217.1527,0.1191,0
53,0,213.8326,216.8445,218.8549,0.0379,0
54,1,217.2106,220.1270,220.4154,0.1189,0
54,0,217.2106,220.1270,222.0888,0.0400,0
55,1,220.4737,223.7215,224.0381,0.1169,0
55,0,220.4737,223.7215,225.7159,0.0447,0
56,1,224.1018,227.1982,227.4951,0.1145,0
56,0,224.1018,227.1982,229.1722,0.4060,0
57,1,227.9226,230.8306,231.2630,0.2609,0
57,0,227.9226,230.8306,232.9638,0.0443,0
58,1,231.3934,234.4036,234.6987,0.1174,0
58,0,231.3934,234.4036,236.3626,0.0367,0
59,1,234.7551,237.8057,238.1322,0.1147,0
59,0,234.7551,237.8057,239.7954,0.0373,0
60,1,238.1903,241.0543,241.3400,0.1153,0
60,0,238.1903,241.0543,243.0385,0.3232,0
61,1,241.7111,245.0380,245.3803,0.1619,0
61,0,241.7111,245.0380,247.0466,0.0422,0
62,1,245.4418,248.6348,248.9280,0.1137,0
62,0,245.4418,248.6348,250.5970,0.0432,0
63,1,248.9907,252.2024,252.4984,0.1142,0
63,0,248.9907,252.2024,254.2016,0.2885,0
64,1,252.8379,255.7980,256.1666,0.1488,0
64,0,252.8379,255.7980,257.8345,0.0530,0
65,1,256.2430,259.2760,259.5725,0.1157,0
65,0,256.2430,259.2760,261.2603,0.0404,0
66,1,259.6334,262.7248,263.1531,0.1125,0
66,0,259.6334,262.7248,264.8348,0.0433,0
67,1,263.2181,266.1903,266.8074,0.3879,0
67,0,263.2181,266.1903,268.4997,0.1271,0
68,1,266.9562,269.8835,270.1635,0.1162,0
68,0,266.9562,269.8835,271.8104,0.0455,0
69,1,270.2273,273.2238,273.5564,0.1145,0
69,0,270.2273,273.2238,275.3167,0.0449,0
70,1,273.6201,277.0624,277.3571,0.1158,0
70,0,273.6201,277.0624,279.0289,0.0370,0
71,1,277.4121,280.5216,280.9846,0.2392,0
71,0,277.4121,280.5216,282.6790,0.0431,0
72,1,281.0485,283.9636,284.2444,0.1166,0
72,0,281.0485,283.9636,285.9035,0.0355,0
73,1,284.3057,287.6234,287.9221,0.1217,0
73,0,284.3057,287.6234,289.5909,0.0448,0
74,1,287.9862,291.0619,291.3602,0.1197,0
74,0,287.9862,291.0619,293.0292,0.2443,0
75,1,291.6264,294.7257,295.0762,0.1242,0
75,0,291.6264,294.7257,296.8346,0.0434,0
76,1,295.1393,298.2633,298.5621,0.1145,0
76,0,295.1393,298.2633,300.3004,0.0423,0
77,1,298.6295,301.9920,302.2788,0.1057,0
77,0,298.6295,301.9920,304.0050,0.0422,0
78,1,302.3404,305.0076,305.2756,0.1128,0
78,0,302.3404,305.0076,306.9361,0.1867,0
79,1,305.5014,308.4741,308.8160,0.1487,0
79,0,305.5014,308.4741,310.5136,0.0556,0
80,1,308.8991,311.9248,312.2382,0.1214,0
80,0,308.8991,311.9248,313.8968,0.0413,0
81,1,312.3074,315.7023,316.0217,0.1140,0
81,0,312.3074,315.7023,317.6875,0.0457,0
82,1,316.0863,318.8926,319.1803,0.1160,0
82,0,316.0863,318.8926,320.8351,0.0360,0
83,1,319.2343,322.5821,322.9142,0.1203,0
83,0,319.2343,322.5821,324.5983,0.0417,0
84,1,322.9741,325.8904,326.2875,0.1210,0
84,0,322.9741,325.8904,327.9866,0.0504,0
85,1,326.3670,329.5565,330.0601,0.1193,0
85,0,326.3670,329.5565,331.7347,0.4739,0
86,1,330.5592,333.4629,333.7957,0.1600,0
86,0,330.5592,333.4629,335.4796,0.0611,0
87,1,333.8810,336.8900,337.3518,0.1157,0
87,0,333.8810,336.8900,339.0176,0.0461,0
88,1,337.4216,340.6527,341.0473,0.1199,0
88,0,337.4216,340.6527,342.7397,0.0426,0
89,1,341.1096,344.2552,345.0491,0.5726,0
89,0,341.1096,344.2552,346.7800,0.0466,0
90,1,345.1177,348.2744,348.5594,0.1136,0
90,0,345.1177,348.2744,350.2591,0.0359,0
91,1,348.6215,351.7879,352.1581,0.1204,0
91,0,348.6215,351.7879,353.8299,0.0423,0
92,1,352.2209,355.0439,355.3330,0.1152,0
92,0,352.2209,355.0439,356.9882,0.2243,0
93,1,355.5847,358.6680,359.0111,0.1636,0
93,0,355.5847,358.6680,360.6813,0.0420,0
94,1,359.0741,362.0068,362.2836,0.1159,0
94,0,359.0741,362.0068,363.9400,0.0436,0
95,1,362.3458,365.7257,366.0617,0.1224,0
95,0,362.3458,365.7257,367.7283,0.0447,0
96,1,366.1251,368.9274,369.2115,0.1161,0
96,0,366.1251,368.9274,370.8681,0.3252,0
97,1,369.5550,372.5001,372.8718,0.1573,0
97,0,369.5550,372.5001,374.5503,0.0438,0
98,1,372.9342,375.8320,376.1741,0.1791,0
98,0,372.9342,375.8320,377.8200,0.2077,0
99,1,376.4109,379.6195,379.9655,0.1047,0
99,0,376.4109,379.6195,381.6226,0.2203,0
100,1,380.2074,383.2315,383.6090,0.1621,0
100,0,380.2074,383.2315,385.2603,0.0422,0
101,1,383.6772,386.7504,387.0500,0.1173,0
101,0,383.6772,386.7504,388.7128,0.0465,0
102,1,387.1548,390.2249,390.5095,0.1161,0
102,0,387.1548,390.2249,392.1581,0.0409,0
103,1,390.5709,393.5884,393.9537,0.1577,0
103,0,390.5709,393.5884,395.6017,0.0420,0
104,1,394.0145,396.9255,397.3648,0.2643,0
104,0,394.0145,396.9255,399.0014,0.0475,0
105,1,397.4336,400.4479,400.7531,0.1234,0
105,0,397.4336,400.4479,402.4020,0.0365,0
106,1,400.8079,403.6878,403.9646,0.1156,0
106,0,400.8079,403.6878,405.6639,0.0456,0
107,1,404.0297,407.1984,407.5064,0.1184,0
107,0,404.0297,407.1984,409.1672,0.1034,0
108,1,407.6321,411.0315,411.5571,0.3284,0
108,0,407.6321,411.0315,413.2572,0.0452,0
109,1,411.6235,414.8964,415.2012,0.1230,0
109,0,411.6235,414.8964,416.9442,0.0379,0
110,1,415.2571,418.4248,418.7778,0.1066,0
110,0,415.2571,418.4248,420.6825,0.0455,0
111,1,418.8507,422.4584,422.7942,0.1220,0
111,0,418.8507,422.4584,424.5118,0.0406,0
112,1,422.8553,425.7782,426.0957,0.1214,0
112,0,422.8553,425.7782,427.7778,0.0512,0
113,1,426.1658,429.4167,429.8033,0.1142,0
113,0,426.1658,429.4167,431.4960,0.0449,0
114,1,429.8811,432.7495,433.0717,0.1163,0
114,0,429.8811,432.7495,434.7484,0.2963,0
115,1,433.3921,436.4902,436.7973,0.1228,0
115,0,433.3921,436.4902,438.4902,0.0368,0
116,1,436.8550,439.7718,440.0518,0.1154,0
116,0,436.8550,439.7718,441.7220,0.0427,0
117,1,440.1123,443.6859,444.0411,0.1171,0
117,0,440.1123,443.6859,445.7384,0.0500,0
118,1,444.1342,447.1423,447.6190,0.2529,0
118,0,444.1342,447.1423,449.3577,0.0670,0
119,1,447.7119,450.8482,451.1552,0.1211,0
119,0,447.7119,450.8482,452.8678,0.0414,0
120,1,451.2160,454.4042,454.7039,0.1146,0
120,0,451.2160,454.4042,456.4190,0.0367,0
121,1,454.7602,457.9843,458.2802,0.1141,0
121,0,454.7602,457.9843,459.9859,0.0413,0
122,1,458.3393,461.2086,461.6129,0.1966,0
122,0,458.3393,461.2086,463.3682,0.0471,0
123,1,461.6826,464.9376,465.2379,0.1146,0
123,0,461.6826,464.9376,466.9469,0.0408,0
124,1,465.2983,468.3968,468.6956,0.1150,0
124,0,465.2983,468.3968,470.3810,0.0365,0
125,1,468.7533,471.6676,471.9599,0.1140,0
125,0,468.7533,471.6676,473.6304,0.3429,0
126,1,472.3241,475.2448,475.5635,0.1208,0
126,0,472.3241,475.2448,477.2267,0.0485,0
127,1,475.6571,478.9650,479.2640,0.1160,0
127,0,475.6571,478.9650,480.9364,0.0388,0
128,1,479.3234,482.4964,482.8463,0.1499,0
128,0,479.3234,482.4964,484.5478,0.0452,0
129,1,482.9331,486.2145,486.6984,0.2602,0
129,0,482.9331,486.2145,488.3977,0.0485,0
130,1,486.7743,489.7746,490.0535,0.1134,0
130,0,486.7743,489.7746,491.7551,0.0426,0
131,1,490.1174,493.3541,493.7350,0.1150,0
131,0,490.1174,493.3541,495.4414,0.0412,0
132,1,493.7951,496.9204,497.3235,0.2288,0
132,0,493.7951,496.9204,499.0086,0.0414,0
133,1,497.4078,500.5613,500.8618,0.1192,0
133,0,497.4078,500.5613,502.5626,0.0406,0
134,1,500.9235,504.0175,504.2959,0.1148,0
134,0,500.9235,504.0175,505.9787,0.0426,0
135,1,504.3566,507.4103,507.7269,0.1140,0
135,0,504.3566,507.4103,509.4068,0.0451,0
136,1,507.7904,511.2192,511.7498,0.3228,0
136,0,507.7904,511.2192,513.4464,0.0449,0
137,1,512.7719,516.0374,516.5371,0.1999,0
137,0,512.7719,516.0374,518.2683,0.1577,0
138,1,516.7930,519.7595,520.1326,0.1703,0
138,0,516.7930,519.7595,521.8223,0.0423,0
139,1,520.1976,523.2465,523.5985,0.1194,0
139,0,520.1976,523.2465,525.3554,0.0462,0
140,1,523.6691,526.7074,527.0452,0.1129,0
140,0,523.6691,526.7074,528.7266,0.0355,0
141,1,527.1011,530.2390,530.7083,0.2288,0
141,0,527.1011,530.2390,532.4070,0.1525,0
142,1,530.8840,533.8320,534.1518,0.1200,0
142,0,530.8840,533.8320,535.8255,0.0405,0
143,1,534.2110,537.2361,537.5608,0.1221,0
143,0,534.2110,537.2361,539.2355,0.0437,0
144,1,537.6218,540.7182,541.0336,0.1141,0
144,0,537.6218,540.7182,542.7059,0.0407,0
145,1,541.1017,544.8726,545.2333,0.1816,0
145,0,541.1017,544.8726,547.0237,0.0467,0
146,1,545.2975,548.5028,548.8359,0.1221,0
146,0,545.2975,548.5028,550.5514,0.0415,0
147,1,548.8973,552.1051,552.3908,0.1159,0
147,0,548.8973,552.1051,554.0981,0.3131,0
148,1,552.7242,555.6009,556.0141,0.1611,0
148,0,552.7242,555.6009,557.7066,0.0485,0
149,1,556.0834,559.1195,559.4134,0.1147,0
149,0,556.0834,559.1195,561.0972,0.0434,0
150,1,559.4753,562.5563,562.8515,0.1151,0
150,0,559.4753,562.5563,564.5324,0.0437,0
151,1,562.9331,566.1464,566.4880,0.1324,0
151,0,562.9331,566.1464,568.1896,0.1321,0
152,1,566.6444,569.5298,569.8967,0.1765,0
152,0,566.6444,569.5298,571.5757,0.0439,0
153,1,569.9606,573.0004,573.2942,0.1153,0
153,0,569.9606,573.0004,574.9635,0.0452,0
154,1,573.3568,576.9059,577.1918,0.1105,0
154,0,573.3568,576.9059,578.9072,0.0353,0
155,1,577.3061,580.7849,581.2865,0.2984,0
155,0,577.3061,580.7849,583.0100,0.0447,0
156,1,581.3520,584.3097,584.5909,0.1195,0
156,0,581.3520,584.3097,586.3080,0.0360,0
157,1,584.6453,587.9262,588.2654,0.1207,0
157,0,584.6453,587.9262,589.9706,0.0368,0
158,1,588.3210,591.1861,591.4742,0.1183,0
158,0,588.3210,591.1861,593.1631,0.1619,0
159,1,591.6648,594.7882,595.0902,0.1185,0
159,0,591.6648,594.7882,596.7962,0.0371,0
160,1,595.1472,598.2896,598.6236,0.1621,0
160,0,595.1472,598.2896,600.3349,0.0403,0
161,1,598.6853,601.9148,602.2680,0.1583,0
161,0,598.6853,601.9148,603.9668,0.2864,0
162,1,602.5759,605.4892,605.8570,0.1585,0
162,0,602.5759,605.4892,607.5926,0.0449,0
163,1,605.9269,609.1747,609.6743,0.3177,0
163,0,605.9269,609.1747,611.3610,0.0751,0
164,1,609.7707,612.9859,613.3249,0.1106,0
164,0,609.7707,612.9859,615.0249,0.4507,0
165,1,613.7969,616.7998,617.1407,0.1590,0
165,0,613.7969,616.7998,618.8508,0.0453,0
166,1,617.2038,620.1498,620.4313,0.1206,0
166,0,617.2038,620.1498,622.1054,0.0439,0
167,1,620.4926,623.6868,623.9803,0.1170,0
167,0,620.4926,623.6868,625.7481,0.0450,0
168,1,624.0431,626.9937,627.2816,0.1077,0
168,0,624.0431,626.9937,628.9782,0.3586,0
169,1,627.6753,630.6035,631.0685,0.2538,0
169,0,627.6753,630.6035,632.7504,0.0431,0
170,1,631.1455,634.0693,634.3479,0.1166,0
170,0,631.1455,634.0693,636.0595,0.0450,0
171,1,634.4241,637.6293,638.1323,0.1230,0
171,0,634.4241,637.6293,640.0366,0.0422,0
172,1,638.1983,641.1352,641.5749,0.1436,0
172,0,638.1983,641.1352,643.2430,0.0475,0
173,1,641.6444,645.3404,645.8166,0.2870,0
173,0,641.6444,645.3404,647.5096,0.0375,0
174,1,645.8759,649.2190,649.5366,0.1139,0
174,0,645.8759,649.2190,651.2352,0.0443,0
175,1,649.5994,652.6065,652.9598,0.1740,0
175,0,649.5994,652.6065,654.7277,0.0381,0
176,1,653.0177,655.9340,656.2145,0.1158,0
176,0,653.0177,655.9340,657.9492,0.0353,0
177,1,656.2696,659.3314,659.6648,0.1204,0
177,0,656.2696,659.3314,661.3916,0.0511,0
178,1,659.7343,662.8208,663.1559,0.1152,0
178,0,659.7343,662.8208,664.8340,0.0365,0
179,1,663.2188,666.4001,666.9320,0.2936,0
179,0,663.2188,666.4001,668.6924,0.0525,0
180,1,667.0062,669.9786,670.2601,0.1166,0
180,0,667.0062,669.9786,672.0807,0.0360,0
181,1,670.3157,673.5183,673.8119,0.1123,0
181,0,670.3157,673.5183,675.4912,0.0405,0
182,1,673.8711,677.3048,677.7370,0.2265,0
182,0,673.8711,677.3048,679.4286,0.1554,0
183,1,677.9172,680.8585,681.3271,0.2895,0
183,0,677.9172,680.8585,683.0216,0.0383,0
184,1,681.3853,684.3305,684.6096,0.1156,0
184,0,681.3853,684.3305,686.3499,0.0418,0
185,1,684.6691,687.8457,688.2336,0.1141,0
185,0,684.6691,687.8457,689.9085,0.0368,0
186,1,688.2905,691.5509,691.9397,0.1910,0
186,0,688.2905,691.5509,693.6188,0.0426,0
187,1,692.0011,695.0374,695.3269,0.1138,0
187,0,692.0011,695.0374,697.0063,0.0366,0
188,1,695.3812,698.4969,698.7948,0.1106,0
188,0,695.3812,698.4969,700.4709,0.0379,0
189,1,698.8608,702.3844,702.9847,0.2605,0
189,0,698.8608,702.3844,704.7117,0.0441,0
190,1,703.0560,706.1130,706.4023,0.1222,0
190,0,703.0560,706.1130,708.1004,0.0478,0
191,1,706.4729,709.7963,710.3708,0.2907,0
191,0,706.4729,709.7963,712.0719,0.0427,0
192,1,710.4339,713.6806,714.1510,0.2942,0
192,0,710.4339,713.6806,715.9167,0.0379,0
193,1,714.2086,717.2669,717.5662,0.1155,0
193,0,714.2086,717.2669,719.3086,0.0372,0
194,1,717.6224,720.8028,721.0796,0.1150,0
194,0,717.6224,720.8028,722.7799,0.0420,0
195,1,721.1416,724.4447,725.0491,0.3871,0
195,0,721.1416,724.4447,726.8298,0.0863,0
196,1,725.1570,728.1055,728.3815,0.1150,0
196,0,725.1570,728.1055,730.0809,0.0462,0
197,1,728.4475,731.7149,732.0404,0.1178,0
197,0,728.4475,731.7149,733.7438,0.0432,0
198,1,732.1029,735.2978,735.6342,0.1207,0
198,0,732.1029,735.2978,737.3355,0.3487,0
199,1,736.0064,739.1152,739.4041,0.1182,0
199,0,736.0064,739.1152,741.1168,0.0580,0
200,1,739.5236,742.6200,743.0395,0.2607,0
200,0,739.5236,742.6200,744.7384,0.0370,0
201,1,743.0994,746.4550,746.9100,0.1308,0
201,0,743.0994,746.4550,748.6333,0.3825,0
202,1,747.3166,750.2775,750.5850,0.1162,0
202,0,747.3166,750.2775,752.2822,0.0412,0
203,1,750.6472,753.6886,754.0355,0.1320,0
203,0,750.6472,753.6886,755.7268,0.0480,0
204,1,754.1092,757.1793,757.4731,0.1136,0
204,0,754.1092,757.1793,759.1601,0.0434,0
205,1,757.5362,760.6395,761.1305,0.2902,0
205,0,757.5362,760.6395,762.8148,0.1349,0
206,1,761.2877,764.1406,764.5843,0.2462,0
206,0,761.2877,764.1406,766.4035,0.0437,0
207,1,764.6513,767.8809,768.1699,0.1126,0
207,0,764.6513,767.8809,769.8467,0.0432,0
208,1,768.2334,771.2717,771.5966,0.1096,0
208,0,768.2334,771.2717,773.2738,0.0357,0
209,1,771.6703,774.8429,775.3356,0.2679,0
209,0,771.6703,774.8429,777.0500,0.1799,0
210,1,775.5495,778.6998,779.0307,0.1199,0
210,0,775.5495,778.6998,780.7793,0.0431,0
211,1,779.0941,782.5366,782.8759,0.1227,0
211,0,779.0941,782.5366,784.5764,0.1791,0
212,1,783.0801,786.0362,786.4912,0.2689,0
212,0,783.0801,786.0362,788.2177,0.0447,0
213,1,786.5593,789.6100,789.9019,0.1163,0
213,0,786.5593,789.6100,791.5873,0.0364,0
214,1,789.9566,793.0748,793.3629,0.1101,0
214,0,789.9566,793.0748,795.0410,0.0414,0
215,1,793.4218,796.5042,796.8000,0.1136,0
215,0,793.4218,796.5042,798.5965,0.1025,0
216,1,796.9272,799.8734,800.3670,0.2686,0
216,0,796.9272,799.8734,802.1087,0.0415,0
217,1,800.4287,803.4799,803.8237,0.1223,0
217,0,800.4287,803.4799,805.5309,0.0479,0
218,1,803.8934,807.0286,807.3182,0.1119,0
218,0,803.8934,807.0286,809.0749,0.0368,0
219,1,807.3769,810.9525,811.5141,0.3829,0
219,0,807.3769,810.9525,813.2819,0.0373,0
220,1,811.5850,814.7778,815.0615,0.1166,0
220,0,811.5850,814.7778,816.7641,0.0382,0
221,1,815.1251,818.3901,818.7052,0.1056,0
221,0,815.1251,818.3901,820.4050,0.0372,0
222,1,818.7686,822.1320,822.5866,0.2812,0
222,0,818.7686,822.1320,824.3279,0.0367,0
223,1,822.6517,825.7830,826.0734,0.1181,0
223,0,822.6517,825.7830,827.7801,0.0354,0
224,1,826.1338,829.3428,829.7087,0.1175,0
224,0,826.1338,829.3428,831.4175,0.1046,0
225,1,829.8562,833.2461,833.7358,0.2710,0
225,0,829.8562,833.2461,835.4731,0.0439,0
226,1,833.8001,836.7624,837.0473,0.1158,0
226,0,833.8001,836.7624,838.7587,0.0431,0
227,1,837.1083,840.3285,840.6408,0.1123,0
227,0,837.1083,840.3285,842.3505,0.0430,0
228,1,840.7017,844.1658,844.5824,0.2296,0
228,0,840.7017,844.1658,846.3253,0.1596,0
229,1,844.7657,847.7310,848.2017,0.2857,0
229,0,844.7657,847.7310,849.9143,0.0376,0
230,1,848.2603,851.4380,851.7661,0.1190,0
230,0,848.2603,851.4380,853.5283,0.0475,0
231,1,851.8320,854.9244,855.2023,0.1134,0
231,0,851.8320,854.9244,856.9071,0.3429,0
232,1,855.5884,858.6839,858.9800,0.1154,0
232,0,855.5884,858.6839,860.8078,0.0417,0
233,1,859.0443,862.1113,862.4282,0.1221,0
233,0,859.0443,862.1113,864.1483,0.0429,0
234,1,862.4904,865.8662,866.2002,0.1219,0
234,0,862.4904,865.8662,867.9068,0.3780,0
235,1,866.6010,869.6254,870.0092,0.1713,0
235,0,866.6010,869.6254,871.7212,0.0431,0
236,1,870.0705,873.0235,873.2919,0.1081,0
236,0,870.0705,873.0235,874.9796,0.0355,0
237,1,873.3455,876.6838,877.1548,0.2847,0
237,0,873.3455,876.6838,878.8542,0.0481,0
238,1,877.2215,880.4663,880.9481,0.2690,0
238,0,877.2215,880.4663,882.6763,0.0622,0
239,1,881.0339,884.1066,884.3932,0.1143,0
239,0,881.0339,884.1066,886.0955,0.0354,0
240,1,884.4541,887.6285,887.9218,0.1152,0
240,0,884.4541,887.6285,889.6252,0.0463,0
241,1,887.9892,891.2407,891.7254,0.2906,0
241,0,887.9892,891.2407,893.5383,0.0390,0
242,1,891.7877,894.7676,895.0848,0.1208,0
242,0,891.7877,894.7676,896.7776,0.0409,0
243,1,895.1453,898.4572,898.7762,0.1134,0
243,0,895.1453,898.4572,900.5065,0.0424,0
244,1,898.8479,902.2996,902.7859,0.2529,0
244,0,898.8479,902.2996,904.5207,0.0436,0
245,1,902.8559,906.0505,906.3383,0.1146,0
245,0,902.8559,906.0505,908.0736,0.0353,0
246,1,906.3984,909.6863,910.2399,0.3846,0
246,0,906.3984,909.6863,911.9616,0.0374,0
247,1,910.3014,913.6832,914.1284,0.2711,0
247,0,910.3014,913.6832,915.9301,0.0553,0
248,1,914.2112,917.3179,917.6129,0.1142,0
248,0,914.2112,917.3179,919.3369,0.0419,0
249,1,917.7168,920.9939,921.3218,0.1199,0
249,0,917.7168,920.9939,923.0753,0.0408,0
250,1,921.3810,924.8262,925.1499,0.1136,0
250,0,921.3810,924.8262,926.8979,0.0384,0
251,1,925.2181,928.4337,928.7260,0.1175,0
251,0,925.2181,928.4337,930.4608,0.0364,0
252,1,928.7873,932.0674,932.3572,0.1152,0
252,0,928.7873,932.0674,934.0944,0.0450,0
253,1,932.4202,935.8383,936.3114,0.2700,0
253,0,932.4202,935.8383,938.1463,0.0409,0
254,1,936.3805,939.4530,939.8840,0.1171,0
254,0,936.3805,939.4530,941.6540,0.0454,0
255,1,939.9513,943.4706,943.8267,0.1168,0
255,0,939.9513,943.4706,945.6367,0.0843,0
256,1,943.9490,947.6012,947.9626,0.1777,0
256,0,943.9490,947.6012,949.7346,0.0446,0
257,1,948.0273,951.3626,951.6908,0.1214,0
257,0,948.0273,951.3626,953.5146,0.0389,0
258,1,951.7474,954.8723,955.1543,0.1136,0
258,0,951.7474,954.8723,956.9828,0.2351,0
259,1,955.4061,958.6162,958.9479,0.1203,0
259,0,955.4061,958.6162,960.7229,0.0431,0
260,1,959.0083,962.0226,962.2941,0.1107,0
260,0,959.0083,962.0226,964.0368,0.0363,0
261,1,962.3479,965.8673,966.1934,0.1135,0
261,0,962.3479,965.8673,967.9522,0.4056,0
262,1,966.6412,969.8081,970.0926,0.1142,0
262,0,966.6412,969.8081,971.8809,0.0422,0
263,1,970.1539,973.5467,973.8774,0.1190,0
263,0,970.1539,973.5467,975.6678,0.0411,0
264,1,973.9365,977.6839,978.2124,0.3002,0
264,0,973.9365,977.6839,980.0630,0.0439,0
265,1,978.2763,981.6493,981.9360,0.1111,0
265,0,978.2763,981.6493,983.7213,0.0366,0
266,1,981.9953,985.2816,985.6232,0.1377,0
266,0,981.9953,985.2816,987.4938,0.3169,0
267,1,985.9727,989.2426,989.5443,0.1163,0
267,0,985.9727,989.2426,991.3378,0.0456,0
268,1,989.6124,992.7240,992.9998,0.1133,0
268,0,989.6124,992.7240,994.7748,0.0429,0
269,1,993.0592,996.3790,996.7890,0.1575,0
269,0,993.0592,996.3790,998.5629,0.3106,0
270,1,997.1208,1000.1459,1000.4929,0.1666,0
270,0,997.1208,1000.1459,1002.3445,0.0460,0
271,1,1000.5567,1003.6832,1003.9784,0.1197,0
271,0,1000.5567,1003.6832,1005.8097,0.0363,0
272,1,1004.0338,1007.2446,1007.6125,0.1196,0
272,0,1004.0338,1007.2446,1009.4450,0.0411,0
273,1,1007.6820,1011.5406,1011.9152,0.1931,0
273,0,1007.6820,1011.5406,1013.6917,0.0396,0
274,1,1012.9030,1016.2259,1016.7195,0.2613,0
274,0,1012.9030,1016.2259,1018.5285,0.0486,0
275,1,1016.8538,1020.1978,1020.6701,0.2621,0
275,0,1016.8538,1020.1978,1022.4565,0.0419,0
276,1,1020.7344,1024.0434,1024.3696,0.1070,0
276,0,1020.7344,1024.0434,1026.1462,0.0381,0
277,1,1024.4292,1027.7099,1028.0551,0.1549,0
277,0,1024.4292,1027.7099,1029.9188,0.0372,0
278,1,1028.1166,1031.0789,1031.5337,0.2891,0
278,0,1028.1166,1031.0789,1033.3307,0.0373,0
279,1,1031.5890,1034.9258,1035.2161,0.1209,0
279,0,1031.5890,1034.9258,1036.9768,0.0347,0
280,1,1035.2684,1038.3583,1038.9267,0.3664,0
280,0,1035.2684,1038.3583,1040.6749,0.0472,0
281,1,1038.9959,1042.1461,1042.6645,0.3015,0
281,0,1038.9959,1042.1461,1044.4245,0.1464,0
282,1,1042.8327,1046.0665,1046.3851,0.1160,0
282,0,1042.8327,1046.0665,1048.1568,0.0951,0
283,1,1046.5180,1049.9254,1050.2777,0.1559,0
283,0,1046.5180,1049.9254,1052.1562,0.0366,0
284,1,1050.3330,1053.4154,1053.7384,0.1580,0
284,0,1050.3330,1053.4154,1055.4953,0.0377,0
285,1,1053.7930,1057.0998,1057.4410,0.1249,0
285,0,1053.7930,1057.0998,1059.1855,0.1654,0
286,1,1057.6235,1060.6629,1060.9387,0.1066,0
286,0,1057.6235,1060.6629,1062.6727,0.2980,0
287,1,1061.2541,1064.2890,1064.7258,0.2592,0
287,0,1061.2541,1064.2890,1066.4541,0.0543,0
288,1,1064.7987,1067.9992,1068.2924,0.1140,0
288,0,1064.7987,1067.9992,1070.0158,0.0417,0
289,1,1068.3508,1071.6790,1072.2289,0.3824,0
289,0,1068.3508,1071.6790,1073.9733,0.0601,0
290,1,1072.3102,1075.3172,1075.7948,0.1581,0
290,0,1072.3102,1075.3172,1077.5951,0.2513,0
291,1,1076.0700,1079.4511,1079.8179,0.1182,0
291,0,1076.0700,1079.4511,1081.5533,0.0395,0
292,1,1079.8777,1083.0942,1083.4720,0.1807,0
292,0,1079.8777,1083.0942,1085.2039,0.0434,0
293,1,1083.5360,1086.6277,1086.9635,0.1617,0
293,0,1083.5360,1086.6277,1088.6924,0.0387,0
294,1,1087.0245,1090.2035,1090.4950,0.1131,0
294,0,1087.0245,1090.2035,1092.2158,0.0405,0
295,1,1090.5538,1093.6793,1093.9578,0.1063,0
295,0,1090.5538,1093.6793,1095.7240,0.0382,0
296,1,1094.0547,1096.9762,1097.4018,0.2594,0
296,0,1094.0547,1096.9762,1099.1027,0.0628,0
297,1,1097.4840,1100.5560,1100.8918,0.1207,0
297,0,1097.4840,1100.5560,1102.6067,0.0432,0
298,1,1100.9525,1104.0787,1104.3684,0.1149,0
298,0,1100.9525,1104.0787,1106.0656,0.0432,0
299,1,1104.4280,1107.4860,1107.8593,0.1668,0
299,0,1104.4280,1107.4860,1109.5571,0.3465,0
300,1,1108.2279,1111.5884,1112.0444,0.2805,0
300,0,1108.2279,1111.5884,1113.7480,0.0372,0
301,1,1112.0983,1115.3262,1115.6342,0.1137,0
301,0,1112.0983,1115.3262,1117.3639,0.0415,0
302,1,1115.6961,1118.8176,1119.1466,0.1163,0
302,0,1115.6961,1118.8176,1120.9118,0.1918,0
303,1,1119.3602,1122.4304,1122.7712,0.1633,0
303,0,1119.3602,1122.4304,1124.4962,0.0383,0
304,1,1122.8310,1125.8058,1126.0958,0.1187,0
304,0,1122.8310,1125.8058,1127.7929,0.0467,0
305,1,1126.1768,1129.3513,1129.6739,0.1215,0
305,0,1126.1768,1129.3513,1131.3634,0.0409,0
306,1,1129.7455,1132.7433,1133.0629,0.1195,0
306,0,1129.7455,1132.7433,1134.8625,0.1528,0
307,1,1133.2477,1136.2525,1136.6069,0.1719,0
307,0,1133.2477,1136.2525,1138.6483,0.0382,0
308,1,1136.6644,1139.5765,1139.9527,0.1589,0
308,0,1136.6644,1139.5765,1141.8719,0.0441,0
309,1,1140.0172,1143.6412,1144.1073,0.2863,0
309,0,1140.0172,1143.6412,1145.8026,0.3500,0
310,1,1144.4799,1147.3042,1147.7409,0.2558,0
310,0,1144.4799,1147.3042,1149.4260,0.0487,0
311,1,1147.8101,1150.8084,1151.1061,0.1200,0
311,0,1147.8101,1150.8084,1152.7761,0.0433,0
312,1,1151.1669,1154.2199,1154.5211,0.1140,0
312,0,1151.1669,1154.2199,1156.2077,0.0475,0
313,1,1154.5869,1157.6081,1157.8907,0.1088,0
313,0,1154.5869,1157.6081,1159.5616,0.2934,0
314,1,1158.2020,1160.6002,1160.8751,0.1094,0
314,0,1158.2020,1160.6002,1162.5075,0.1791,0
315,1,1161.0795,1164.0416,1164.5209,0.2941,0
315,0,1161.0795,1164.0416,1166.1735,0.0426,0
316,1,1164.5819,1166.9785,1167.5363,0.3944,0
316,0,1164.5819,1166.9785,1169.1861,0.0401,0
317,1,1167.5932,1170.7904,1171.0789,0.1143,0
317,0,1167.5932,1170.7904,1172.7049,0.0562,0
318,1,1171.1619,1174.2333,1174.5084,0.1061,0
318,0,1171.1619,1174.2333,1176.1198,0.3158,0
319,1,1174.8423,1178.3981,1178.7638,0.1594,0
319,0,1174.8423,1178.3981,1180.4041,0.0430,0
320,1,1178.8274,1181.8499,1182.1307,0.1134,0
320,0,1178.8274,1181.8499,1183.7706,0.0434,0
321,1,1182.1926,1185.3463,1185.6414,0.1054,0
321,0,1182.1926,1185.3463,1187.4498,0.3446,0
322,1,1186.0068,1188.3876,1188.9369,0.3620,0
322,0,1186.0068,1188.3876,1190.5529,0.1662,0
323,1,1189.1280,1191.6833,1192.2648,0.3978,0
323,0,1189.1280,1191.6833,1193.8728,0.0383,0
324,1,1192.3207,1194.6876,1195.2452,0.3939,0
324,0,1192.3207,1194.6876,1196.8071,0.0375,0
325,1,1195.2991,1198.4885,1198.7868,0.1190,0
325,0,1195.2991,1198.4885,1200.3640,0.0354,0
326,1,1198.8468,1201.9525,1202.2853,0.1524,0
326,0,1198.8468,1201.9525,1203.9013,0.0440,0
327,1,1202.3482,1204.9283,1205.2013,0.1028,0
327,0,1202.3482,1204.9283,1206.7742,0.2830,0
328,1,1205.5305,1207.9281,1208.4659,0.3668,0
328,0,1205.5305,1207.9281,1210.0105,0.0630,0
329,1,1208.5574,1211.1502,1211.7039,0.3790,0
329,0,1208.5574,1211.1502,1213.3017,0.0582,0
330,1,1211.7846,1214.8487,1215.1309,0.1164,0
330,0,1211.7846,1214.8487,1216.7111,0.0377,0
331,1,1215.1872,1218.3298,1218.8516,0.1170,0
331,0,1215.1872,1218.3298,1220.4266,0.0447,0
332,1,1218.9163,1221.3688,1221.6958,0.1408,0
332,0,1218.9163,1221.3688,1223.2389,0.0358,0
333,1,1221.7483,1224.8575,1225.2202,0.1886,0
333,0,1221.7483,1224.8575,1226.7823,0.0369,0
334,1,1225.2759,1227.6606,1228.2365,0.4122,0
334,0,1225.2759,1227.6606,1229.8333,0.0369,0
335,1,1228.2931,1231.5259,1231.8303,0.1190,0
335,0,1228.2931,1231.5259,1233.3805,0.0368,0
336,1,1231.8873,1234.8393,1235.1919,0.1734,0
336,0,1231.8873,1234.8393,1236.7431,0.0375,0
337,1,1235.2474,1238.2000,1238.4825,0.1155,0
337,0,1235.2474,1238.2000,1240.0420,0.3109,0
338,1,1238.8287,1241.5215,1242.1902,0.3883,0
338,0,1238.8287,1241.5215,1243.7999,0.1010,0
339,1,1242.3280,1244.9691,1245.5358,0.3893,0
339,0,1242.3280,1244.9691,1247.0748,0.0495,0
340,1,1245.6204,1248.8441,1249.1781,0.1210,0
340,0,1245.6204,1248.8441,1250.7910,0.1024,0
341,1,1249.3184,1252.2217,1252.8071,0.3828,0
341,0,1249.3184,1252.2217,1254.3825,0.0729,0
342,1,1252.9021,1255.2771,1255.8256,0.3712,0
342,0,1252.9021,1255.2771,1257.3578,0.0467,0
343,1,1255.8978,1258.3720,1258.9721,0.3932,0
343,0,1255.8978,1258.3720,1260.5025,0.0433,0
344,1,1259.0332,1261.4005,1261.9580,0.4057,0
344,0,1259.0332,1261.4005,1263.4846,0.0356,0
345,1,1262.0125,1265.1778,1265.5190,0.1232,0
345,0,1262.0125,1265.1778,1267.0755,0.0692,0
346,1,1265.6263,1268.5910,1268.8721,0.1063,0
346,0,1265.6263,1268.5910,1270.3973,0.0382,0
347,1,1268.9318,1272.0741,1272.4254,0.1784,0
347,0,1268.9318,1272.0741,1273.9818,0.0368,0
348,1,1272.4810,1274.8568,1275.4131,0.4023,0
348,0,1272.4810,1274.8568,1276.9277,0.0361,0
349,1,1275.4669,1278.9768,1279.3075,0.1228,0
349,0,1275.4669,1278.9768,1280.9232,0.0391,0
350,1,1279.3662,1282.7122,1283.0435,0.1196,0
350,0,1279.3662,1282.7122,1284.6480,0.0969,0
351,1,1283.1800,1285.9006,1286.5800,0.4777,0
351,0,1283.1800,1285.9006,1288.2408,0.0475,0
352,1,1286.6474,1289.0456,1289.6176,0.3888,0
352,0,1286.6474,1289.0456,1291.1570,0.0373,0
353,1,1289.6752,1292.1443,1292.6860,0.3655,0
353,0,1289.6752,1292.1443,1294.3281,0.0597,0
354,1,1292.7637,1295.7652,1296.1786,0.1220,0
354,0,1292.7637,1295.7652,1297.7207,0.0589,0
355,1,1296.2550,1299.3215,1299.6623,0.1252,0
355,0,1296.2550,1299.3215,1301.2417,0.2315,0
356,1,1299.9447,1302.4427,1303.0026,0.3609,0
356,0,1299.9447,1302.4427,1304.5335,0.0410,0
357,1,1303.0653,1305.5766,1306.1434,0.3850,0
357,0,1303.0653,1305.5766,1307.7466,0.0376,0
358,1,1306.1986,1308.5817,1309.2831,0.5383,0
358,0,1306.1986,1308.5817,1310.8274,0.1973,0
359,1,1309.5007,1311.9855,1312.6412,0.4079,0
359,0,1309.5007,1311.9855,1314.1294,0.0474,0
360,1,1312.7080,1315.9934,1316.2856,0.1155,0
360,0,1312.7080,1315.9934,1317.7959,0.2372,0
361,1,1316.5446,1319.0212,1319.2913,0.1040,0
361,0,1316.5446,1319.0212,1320.7863,0.0458,0
362,1,1319.3547,1322.5727,1322.9053,0.1215,0
362,0,1319.3547,1322.5727,1324.4841,0.0413,0
363,1,1322.9638,1325.4388,1325.9731,0.3536,0
363,0,1322.9638,1325.4388,1327.4974,0.0576,0
364,1,1326.0560,1329.0765,1329.3672,0.1145,0
364,0,1326.0560,1329.0765,1330.8952,0.0372,0
365,1,1329.4217,1332.6152,1332.9296,0.1167,0
365,0,1329.4217,1332.6152,1334.4902,0.2412,0
366,1,1333.1890,1335.5712,1335.8530,0.0762,0
366,0,1333.1890,1335.5712,1337.3654,0.2363,0
367,1,1336.1160,1338.6916,1339.2228,0.3469,0
367,0,1336.1160,1338.6916,1340.7223,0.0565,0
368,1,1339.3004,1341.7211,1342.3525,0.3970,0
368,0,1339.3004,1341.7211,1343.8621,0.1352,0
369,1,1342.5333,1345.3066,1345.9138,0.4033,0
369,0,1342.5333,1345.3066,1347.4470,0.0462,0
370,1,1345.9795,1349.0716,1349.3889,0.1100,0
370,0,1345.9795,1349.0716,1350.8968,0.0357,0
371,1,1349.4434,1352.2497,1352.8818,0.3904,0
371,0,1349.4434,1352.2497,1354.3909,0.0694,0
372,1,1352.9785,1355.4421,1356.0001,0.3784,0
372,0,1352.9785,1355.4421,1357.4878,0.0373,0
373,1,1356.0563,1358.5587,1359.1314,0.3882,0
373,0,1356.0563,1358.5587,1360.6124,0.0429,0
374,1,1359.1942,1361.5781,1362.1581,0.3929,0
374,0,1359.1942,1361.5781,1363.6235,0.0439,0
375,1,1362.2200,1365.6126,1365.9716,0.1210,0
375,0,1362.2200,1365.6126,1367.4718,0.0400,0
376,1,1366.0306,1368.8254,1369.1380,0.1149,0
376,0,1366.0306,1368.8254,1370.6430,0.2924,0
377,1,1369.4492,1371.9114,1372.5116,0.4362,0
377,0,1369.4492,1371.9114,1373.9915,0.0683,0
378,1,1372.6009,1374.9735,1375.6192,0.4030,0
378,0,1372.6009,1374.9735,1377.1418,0.2905,0
379,1,1375.9328,1378.5050,1379.1657,0.4079,0
379,0,1375.9328,1378.5050,1380.7078,0.0481,0
380,1,1379.2394,1382.3436,1382.7095,0.1182,0
380,0,1379.2394,1382.3436,1384.1923,0.0481,0
381,1,1382.7757,1385.5794,1386.1625,0.3889,0
381,0,1382.7757,1385.5794,1387.6480,0.0506,0
382,1,1386.2397,1388.6926,1389.2690,0.3941,0
382,0,1386.2397,1388.6926,1390.8031,0.0463,0
383,1,1389.3333,1391.8155,1392.3943,0.3901,0
383,0,1389.3333,1391.8155,1393.8599,0.0470,0
384,1,1392.4597,1394.8348,1395.4106,0.4030,0
384,0,1392.4597,1394.8348,1396.8599,0.0364,0
385,1,1395.4638,1398.7986,1399.1685,0.1252,0
385,0,1395.4638,1398.7986,1400.6900,0.1183,0
386,1,1399.3174,1402.1764,1402.7397,0.3809,0
386,0,1399.3174,1402.1764,1404.2450,0.0481,0
387,1,1402.8286,1405.3251,1405.8533,0.3584,0
387,0,1402.8286,1405.3251,1407.3968,0.0598,0
388,1,1405.9343,1408.3460,1409.0062,0.4031,0
388,0,1405.9343,1408.3460,1410.5045,0.1902,0
389,1,1409.2290,1411.7630,1412.3578,0.4127,0
389,0,1409.2290,1411.7630,1413.8313,0.0435,0
390,1,1412.4215,1415.6913,1416.0238,0.1123,0
390,0,1412.4215,1415.6913,1417.5085,0.0370,0
391,1,1416.0788,1418.8946,1419.1891,0.1171,0
391,0,1416.0788,1418.8946,1420.6755,0.0361,0
392,1,1419.2446,1422.4622,1422.7668,0.1208,0
392,0,1419.2446,1422.4622,1424.3453,0.0431,0
393,1,1422.8282,1425.3014,1425.8809,0.3975,0
393,0,1422.8282,1425.3014,1427.3748,0.0449,0
394,1,1425.9446,1428.3173,1428.8732,0.3854,0
394,0,1425.9446,1428.3173,1430.3605,0.0361,0
395,1,1428.9271,1432.2288,1432.5174,0.1137,0
395,0,1428.9271,1432.2288,1434.0223,0.1029,0
396,1,1432.6381,1435.4473,1435.7680,0.1136,0
396,0,1432.6381,1435.4473,1437.3826,0.2591,0
397,1,1436.0476,1438.5136,1439.0467,0.3473,0
397,0,1436.0476,1438.5136,1440.5464,0.1448,0
398,1,1439.2175,1441.6617,1442.2582,0.4070,0
398,0,1439.2175,1441.6617,1443.8047,0.0480,0
399,1,1442.3259,1444.8786,1445.4725,0.4138,0
399,0,1442.3259,1444.8786,1446.9470,0.0381,0
400,1,1445.5520,1448.9196,1449.2864,0.1202,0
400,0,1445.5520,1448.9196,1450.7911,0.0406,0
401,1,1449.3538,1452.4206,1452.7100,0.1134,0
401,0,1449.3538,1452.4206,1454.2618,0.0441,0
402,1,1452.7715,1455.1292,1455.7122,0.3878,0
402,0,1452.7715,1455.1292,1457.2412,0.1224,0
403,1,1455.8574,1458.3485,1458.9225,0.3936,0
403,0,1455.8574,1458.3485,1460.4991,0.0382,0
404,1,1458.9794,1461.3441,1461.9039,0.3925,0
404,0,1458.9794,1461.3441,1463.4080,0.0359,0
405,1,1461.9569,1465.0719,1465.4072,0.1582,0
405,0,1461.9569,1465.0719,1466.9149,0.0356,0
406,1,1465.4599,1468.4754,1468.9757,0.1171,0
406,0,1465.4599,1468.4754,1470.4806,0.0475,0
407,1,1469.0444,1471.5982,1471.8927,0.0996,0
407,0,1469.0444,1471.5982,1473.3841,0.2262,0
408,1,1472.1372,1474.4960,1475.0430,0.3287,0
408,0,1472.1372,1474.4960,1476.5394,0.1841,0
409,1,1475.2551,1477.8336,1478.4537,0.4049,0
409,0,1475.2551,1477.8336,1479.9195,0.0496,0
410,1,1478.5237,1481.5696,1481.8627,0.1146,0
410,0,1478.5237,1481.5696,1483.3818,0.0369,0
411,1,1481.9181,1485.0221,1485.3156,0.1159,0
411,0,1481.9181,1485.0221,1486.8331,0.0867,0
412,1,1485.4204,1488.2526,1488.5424,0.1150,0
412,0,1485.4204,1488.2526,1490.0484,0.3147,0
413,1,1488.8750,1491.3295,1491.8974,0.3757,0
413,0,1488.8750,1491.3295,1493.3830,0.0409,0
414,1,1491.9592,1494.3270,1494.8944,0.4038,0
414,0,1491.9592,1494.3270,1496.3597,0.0364,0
415,1,1494.9488,1498.0325,1498.3701,0.1555,0
415,0,1494.9488,1498.0325,1499.8603,0.0386,0
416,1,1498.4382,1501.5115,1501.8092,0.1164,0
416,0,1498.4382,1501.5115,1503.3430,0.0437,0
417,1,1501.8757,1504.9216,1505.2087,0.1126,0
417,0,1501.8757,1504.9216,1506.7528,0.2998,0
418,1,1505.5402,1508.0244,1508.6548,0.4324,0
418,0,1505.5402,1508.0244,1510.1574,0.0397,0
419,1,1508.7224,1511.9014,1512.1917,0.1144,0
419,0,1508.7224,1511.9014,1513.7230,0.0373,0
420,1,1513.1849,1515.6938,1516.1885,0.2701,0
420,0,1513.1849,1515.6938,1517.7259,0.0410,0
421,1,1516.3642,1519.1710,1519.4749,0.0959,0
421,0,1516.3642,1519.1710,1520.9960,0.3423,0
422,1,1519.8413,1522.2922,1522.8353,0.3699,0
422,0,1519.8413,1522.2922,1524.3637,0.0589,0
423,1,1522.9185,1525.4725,1526.0541,0.3965,0
423,0,1522.9185,1525.4725,1527.5407,0.0433,0
424,1,1526.1170,1529.1387,1529.4352,0.1134,0
424,0,1526.1170,1529.1387,1530.9347,0.0439,0
425,1,1529.4996,1532.6027,1532.8885,0.1096,0
425,0,1529.4996,1532.6027,1534.4075,0.3571,0
426,1,1533.2646,1535.6177,1536.1288,0.3330,0
426,0,1533.2646,1535.6177,1537.6319,0.1604,0
427,1,1536.3111,1538.7733,1539.3541,0.3988,0
427,0,1536.3111,1538.7733,1540.8297,0.0360,0
428,1,1539.4076,1541.7713,1542.3445,0.3938,0
428,0,1539.4076,1541.7713,1543.8052,0.0367,0
429,1,1542.3988,1544.8720,1545.4610,0.4088,0
429,0,1542.3988,1544.8720,1546.9119,0.0370,0
430,1,1545.5219,1548.8183,1549.1071,0.1147,0
430,0,1545.5219,1548.8183,1550.6046,0.0364,0
431,1,1549.1625,1552.1094,1552.3893,0.1143,0
431,0,1549.1625,1552.1094,1553.8839,0.3150,0
432,1,1552.7447,1555.1019,1555.6844,0.3661,0
432,0,1552.7447,1555.1019,1557.1638,0.1573,0
433,1,1555.8666,1558.4173,1558.9842,0.3923,0
433,0,1555.8666,1558.4173,1560.4636,0.0376,0
434,1,1559.0410,1561.3983,1561.9783,0.3974,0
434,0,1559.0410,1561.3983,1563.4659,0.0390,0
435,1,1562.0369,1565.1926,1565.4805,0.1126,0
435,0,1562.0369,1565.1926,1566.9627,0.0423,0
436,1,1565.5496,1568.6301,1569.0132,0.1641,0
436,0,1565.5496,1568.6301,1570.5380,0.3785,0
437,1,1569.4117,1571.8760,1572.4069,0.3670,0
437,0,1569.4117,1571.8760,1573.8847,0.0738,0
438,1,1572.5027,1574.8675,1575.4391,0.4056,0
438,0,1572.5027,1574.8675,1576.8981,0.0662,0
439,1,1575.5551,1578.2560,1579.0597,0.4113,0
439,0,1575.5551,1578.2560,1580.5672,0.0499,0
440,1,1579.1321,1582.2076,1582.6235,0.1170,0
440,0,1579.1321,1582.2076,1584.1047,0.0408,0
441,1,1582.6904,1585.2347,1585.5042,0.1007,0
441,0,1582.6904,1585.2347,1586.9725,0.0384,0
442,1,1585.5883,1588.1848,1588.4670,0.0983,0
442,0,1585.5883,1588.1848,1589.9336,0.2674,0
443,1,1588.7570,1591.2197,1591.7754,0.3343,0
443,0,1588.7570,1591.2197,1593.2540,0.1151,0
444,1,1591.9115,1594.2819,1594.8691,0.4074,0
444,0,1591.9115,1594.2819,1596.3319,0.0469,0
445,1,1594.9343,1597.7629,1598.2351,0.2927,0
445,0,1594.9343,1597.7629,1599.6832,0.0381,0
446,1,1598.2904,1600.6492,1601.2209,0.3894,0
446,0,1598.2904,1600.6492,1602.6593,0.0424,0
447,1,1601.2807,1604.4602,1604.7732,0.1150,0
447,0,1601.2807,1604.4602,1606.2625,0.0939,0
448,1,1604.8856,1607.6810,1608.0117,0.1212,0
448,0,1604.8856,1607.6810,1609.5080,0.0490,0
449,1,1608.0778,1611.2712,1611.7241,0.2723,0
449,0,1608.0778,1611.2712,1613.2717,0.0579,0
450,1,1611.8015,1614.8631,1615.1461,0.1171,0
450,0,1611.8015,1614.8631,1616.6639,0.0426,0
451,1,1615.2065,1618.3412,1618.7623,0.1338,0
451,0,1615.2065,1618.3412,1620.3096,0.0420,0
452,1,1618.8310,1621.7213,1622.2373,0.3369,0
452,0,1618.8310,1621.7213,1623.7849,0.1489,0
453,1,1622.4059,1624.8656,1625.4390,0.4051,0
453,0,1622.4059,1624.8656,1627.0833,0.0603,0
454,1,1625.5207,1627.8974,1628.4574,0.3929,0
454,0,1625.5207,1627.8974,1630.0105,0.0429,0
455,1,1628.5360,1631.6874,1631.9847,0.1135,0
455,0,1628.5360,1631.6874,1633.5517,0.0392,0
456,1,1632.0687,1635.1936,1635.5163,0.1142,0
456,0,1632.0687,1635.1936,1637.1302,0.0497,0
457,1,1635.6360,1638.3691,1638.8960,0.3608,0
457,0,1635.6360,1638.3691,1640.5619,0.0702,0
458,1,1638.9885,1641.3464,1642.0720,0.3996,0
458,0,1638.9885,1641.3464,1643.6018,0.0480,0
459,1,1642.1443,1645.5790,1645.8765,0.1163,0
459,0,1642.1443,1645.5790,1647.4741,0.0422,0
460,1,1645.9412,1648.9966,1649.2991,0.1133,0
460,0,1645.9412,1648.9966,1650.8508,0.0358,0
461,1,1649.3550,1652.2233,1652.5078,0.1129,0
461,0,1649.3550,1652.2233,1654.0600,0.2360,0
462,1,1652.7631,1655.1090,1655.6743,0.3385,0
462,0,1652.7631,1655.1090,1657.2081,0.1065,0
463,1,1655.8044,1658.2629,1658.8776,0.4062,0
463,0,1655.8044,1658.2629,1660.4605,0.0451,0
464,1,1658.9423,1661.3006,1661.8610,0.4024,0
464,0,1658.9423,1661.3006,1663.3822,0.0366,0
465,1,1661.9152,1665.0371,1665.3268,0.1144,0
465,0,1661.9152,1665.0371,1666.8501,0.0354,0
466,1,1665.3804,1668.4651,1668.8243,0.1150,0
466,0,1665.3804,1668.4651,1670.3465,0.0485,0
467,1,1668.8965,1671.7797,1672.3779,0.3868,0
467,0,1668.8965,1671.7797,1673.9225,0.0523,0
468,1,1672.4620,1674.9121,1675.5589,0.3923,0
468,0,1672.4620,1674.9121,1677.1402,0.0427,0
469,1,1675.6212,1678.7485,1679.0924,0.1612,0
469,0,1675.6212,1678.7485,1680.7307,0.0436,0
470,1,1679.1564,1682.2404,1682.5347,0.1150,0
470,0,1679.1564,1682.2404,1684.0764,0.1135,0
471,1,1682.6673,1685.5107,1686.1805,0.4012,0
471,0,1682.6673,1685.5107,1687.7439,0.0470,0
472,1,1686.2476,1688.6085,1689.1613,0.3647,0
472,0,1686.2476,1688.6085,1690.7348,0.0478,0
473,1,1689.2293,1691.9676,1692.6892,0.4884,0
473,0,1689.2293,1691.9676,1694.2120,0.0443,0
474,1,1692.7518,1695.7415,1696.0766,0.1221,0
474,0,1692.7518,1695.7415,1697.6530,0.0420,0
475,1,1696.1366,1699.3143,1699.6312,0.1115,0
475,0,1696.1366,1699.3143,1701.1987,0.3282,0
476,1,1699.9815,1702.3330,1702.8893,0.3512,0
476,0,1699.9815,1702.3330,1704.4063,0.0512,0
477,1,1702.9648,1705.4435,1705.9801,0.3541,0
477,0,1702.9648,1705.4435,1707.4829,0.0459,0
478,1,1706.0659,1708.4307,1709.2738,0.5364,0
478,0,1706.0659,1708.4307,1710.7770,0.1094,0
479,1,1709.4072,1711.8803,1712.4359,0.3716,0
479,0,1709.4072,1711.8803,1713.9808,0.0496,0
480,1,1712.5059,1715.5812,1715.9777,0.1207,0
480,0,1712.5059,1715.5812,1717.4963,0.0404,0
481,1,1716.0424,1718.5942,1718.9751,0.0576,0
481,0,1716.0424,1718.5942,1720.4528,0.0360,0
482,1,1719.0352,1721.4675,1721.7386,0.0960,0
482,0,1719.0352,1721.4675,1723.1984,0.0366,0
483,1,1721.7939,1724.2592,1724.5302,0.1002,0
483,0,1721.7939,1724.2592,1725.9771,0.2535,0
484,1,1724.8014,1727.1601,1727.4376,0.1048,0
484,0,1724.8014,1727.1601,1728.8963,0.2681,0
485,1,1727.7240,1730.5432,1731.0501,0.2853,0
485,0,1727.7240,1730.5432,1732.6254,0.0445,0
486,1,1731.1118,1733.4561,1734.0316,0.3967,0
486,0,1731.1118,1733.4561,1735.4859,0.0355,0
487,1,1734.0843,1736.5348,1737.0636,0.3520,0
487,0,1734.0843,1736.5348,1738.4831,0.0600,0
488,1,1737.1435,1739.5046,1740.0751,0.3905,0
488,0,1737.1435,1739.5046,1741.4810,0.0370,0
489,1,1740.1352,1743.6391,1743.9665,0.1516,0
489,0,1740.1352,1743.6391,1745.4271,0.0362,0
490,1,1744.0207,1746.8255,1747.5317,0.5273,0
490,0,1744.0207,1746.8255,1749.0028,0.0629,0
491,1,1747.6180,1750.0956,1750.6852,0.4092,0
491,0,1747.6180,1750.0956,1752.1758,0.0368,0
492,1,1750.7397,1753.1096,1753.7046,0.3980,0
492,0,1750.7397,1753.1096,1755.1479,0.0396,0
493,1,1753.7625,1756.2290,1756.7751,0.3639,0
493,0,1753.7625,1756.2290,1758.2035,0.0567,0
494,1,1756.8544,1759.8897,1760.1793,0.1134,0
494,0,1756.8544,1759.8897,1761.6388,0.0373,0
495,1,1760.2337,1763.2334,1763.7312,0.3135,0
495,0,1760.2337,1763.2334,1765.2781,0.0389,0
496,1,1763.7933,1766.2283,1766.7859,0.3664,0
496,0,1763.7933,1766.2283,1768.3441,0.1088,0
497,1,1766.9176,1769.3693,1769.9418,0.3990,0
497,0,1766.9176,1769.3693,1771.3859,0.0387,0
498,1,1770.0000,1772.3586,1772.9621,0.3925,0
498,0,1770.0000,1772.3586,1774.3894,0.0467,0
499,1,1773.0261,1776.2781,1776.5829,0.1118,0
499,0,1773.0261,1776.2781,1778.0933,0.0402,0
500,1,1776.6416,1779.6726,1780.0456,0.1889,0
500,0,1776.6416,1779.6726,1781.5502,0.4092,0
501,1,1780.4730,1782.9447,1783.5040,0.3594,0
501,0,1780.4730,1782.9447,1785.1120,0.0834,0
502,1,1783.6162,1786.0775,1786.6403,0.3759,0
502,0,1783.6162,1786.0775,1788.0968,0.0418,0
503,1,1786.7022,1789.1772,1789.7443,0.3667,0
503,0,1786.7022,1789.1772,1791.1863,0.0402,0
504,1,1789.8081,1792.1862,1792.7523,0.3886,0
504,0,1789.8081,1792.1862,1794.1801,0.0377,0
505,1,1792.8130,1795.9904,1796.3185,0.1221,0
505,0,1792.8130,1795.9904,1797.7774,0.0442,0
506,1,1796.3854,1799.3844,1799.6962,0.1140,0
506,0,1796.3854,1799.3844,1801.2770,0.0369,0
507,1,1799.7564,1802.3146,1802.7699,0.2602,0
507,0,1799.7564,1802.3146,1804.2591,0.1483,0
508,1,1802.9363,1805.3333,1805.8820,0.3652,0
508,0,1802.9363,1805.3333,1807.3632,0.0489,0
509,1,1805.9509,1808.4255,1809.0185,0.4015,0
509,0,1805.9509,1808.4255,1810.4904,0.0366,0
510,1,1809.1091,1811.6490,1812.2301,0.3952,0
510,0,1809.1091,1811.6490,1813.6707,0.0489,0
511,1,1812.3014,1815.7265,1816.1924,0.1362,0
511,0,1812.3014,1815.7265,1817.6810,0.0503,0
512,1,1816.2630,1818.7069,1819.0234,0.0972,0
512,0,1816.2630,1818.7069,1820.5195,0.2969,0
513,1,1819.3672,1821.8444,1822.4015,0.3621,0
513,0,1819.3672,1821.8444,1823.8523,0.1152,0
514,1,1822.5362,1824.9092,1825.4835,0.4079,0
514,0,1822.5362,1824.9092,1826.9224,0.0367,0
515,1,1825.5488,1828.0354,1828.6345,0.4029,0
515,0,1825.5488,1828.0354,1830.0675,0.0389,0
516,1,1828.7017,1831.8385,1832.1387,0.1153,0
516,0,1828.7017,1831.8385,1833.6045,0.0424,0
517,1,1832.1996,1835.3983,1835.7031,0.1068,0
517,0,1832.1996,1835.3983,1837.1881,0.2322,0
518,1,1835.9570,1838.3333,1838.8915,0.3592,0
518,0,1835.9570,1838.3333,1840.3643,0.0614,0
519,1,1838.9746,1841.4463,1842.0332,0.4002,0
519,0,1838.9746,1841.4463,1843.4882,0.0385,0
520,1,1842.0903,1845.0776,1845.4184,0.1545,0
520,0,1842.0903,1845.0776,1846.8926,0.0380,0
521,1,1845.4748,1848.6993,1848.9958,0.1157,0
521,0,1845.4748,1848.6993,1850.5222,0.0368,0
522,1,1849.0516,1852.0880,1852.3684,0.1089,0
522,0,1849.0516,1852.0880,1853.8818,0.3196,0
523,1,1852.7237,1855.1907,1855.7578,0.3596,0
523,0,1852.7237,1855.1907,1857.2534,0.1490,0
524,1,1855.9331,1858.3179,1858.9123,0.3853,0
524,0,1855.9331,1858.3179,1860.4337,0.0436,0
525,1,1858.9754,1861.4613,1862.0709,0.4008,0
525,0,1858.9754,1861.4613,1863.5879,0.0436,0
526,1,1862.1322,1865.1875,1865.4880,0.1134,0
526,0,1862.1322,1865.1875,1866.9985,0.0442,0
527,1,1865.5599,1868.7740,1869.1615,0.1638,0
527,0,1865.5599,1868.7740,1870.6664,0.1184,0
528,1,1869.3006,1871.6940,1872.2601,0.3693,0
528,0,1869.3006,1871.6940,1873.7519,0.0415,0
529,1,1872.3445,1874.8686,1875.4414,0.4064,0
529,0,1872.3445,1874.8686,1876.9171,0.0648,0
530,1,1875.5232,1878.8415,1879.1849,0.1639,0
530,0,1875.5232,1878.8415,1880.7694,0.0373,0
531,1,1879.2460,1882.5995,1882.9291,0.1241,0
531,0,1879.2460,1882.5995,1884.4720,0.3147,0
532,1,1883.2631,1885.6422,1886.2245,0.3441,0
532,0,1883.2631,1885.6422,1887.7407,0.0413,0
533,1,1886.2935,1888.8182,1889.3832,0.3537,0
533,0,1886.2935,1888.8182,1890.8858,0.0507,0
534,1,1889.4560,1891.8441,1892.4337,0.3991,0
534,0,1889.4560,1891.8441,1893.9141,0.0377,0
535,1,1892.4891,1894.9728,1895.5522,0.3978,0
535,0,1892.4891,1894.9728,1897.0231,0.0442,0
536,1,1895.6163,1898.7635,1899.0552,0.1126,0
536,0,1895.6163,1898.7635,1900.6087,0.0382,0
537,1,1899.1126,1902.4003,1902.8481,0.2713,0
537,0,1899.1126,1902.4003,1904.3702,0.0503,0
538,1,1902.9264,1905.3745,1905.9829,0.3934,0
538,0,1902.9264,1905.3745,1907.5106,0.0428,0
539,1,1906.0452,1908.5257,1909.2734,0.5382,0
539,0,1906.0452,1908.5257,1910.8616,0.1575,0
540,1,1909.4515,1912.6417,1912.9842,0.1213,0
540,0,1909.4515,1912.6417,1914.4966,0.0420,0
541,1,1913.0442,1916.1428,1916.7443,0.3963,0
541,0,1913.0442,1916.1428,1918.2863,0.0535,0
542,1,1916.8208,1919.1934,1919.6978,0.3262,0
542,0,1916.8208,1919.1934,1921.2210,0.0506,0
543,1,1919.7698,1922.2306,1922.8003,0.3919,0
543,0,1919.7698,1922.2306,1924.3781,0.0354,0
544,1,1922.8527,1925.2077,1925.7736,0.4019,0
544,0,1922.8527,1925.2077,1927.2390,0.0373,0
545,1,1925.8302,1928.2990,1928.8744,0.3958,0
545,0,1925.8302,1928.2990,1930.3312,0.0436,0
546,1,1928.9348,1932.1935,1932.4780,0.1145,0
546,0,1928.9348,1932.1935,1933.9707,0.0361,0
547,1,1932.5307,1935.6035,1936.1303,0.3519,0
547,0,1932.5307,1935.6035,1937.6417,0.0513,0
548,1,1936.2091,1938.6544,1939.2213,0.3854,0
548,0,1936.2091,1938.6544,1940.8261,0.0375,0
549,1,1939.2804,1941.8041,1942.5027,0.4964,0
549,0,1939.2804,1941.8041,1944.0935,0.2718,0
550,1,1942.8014,1945.2503,1945.8459,0.4094,0
550,0,1942.8014,1945.2503,1947.3081,0.0462,0
551,1,1945.9128,1949.1007,1949.4046,0.1115,0
551,0,1945.9128,1949.1007,1950.8958,0.0352,0
552,1,1949.4570,1952.3320,1952.8841,0.3460,0
552,0,1949.4570,1952.3320,1954.4125,0.0647,0
553,1,1952.9710,1955.4251,1955.9966,0.4033,0
553,0,1952.9710,1955.4251,1957.5081,0.0363,0
554,1,1956.0511,1958.4634,1959.0397,0.3915,0
554,0,1956.0511,1958.4634,1960.5027,0.0417,0
555,1,1959.0990,1961.5656,1962.1301,0.3810,0
555,0,1959.0990,1961.5656,1963.6005,0.0441,0
556,1,1962.1920,1965.2035,1965.5429,0.1647,0
556,0,1962.1920,1965.2035,1967.0196,0.0517,0
557,1,1965.6187,1968.7586,1969.1038,0.1165,0
557,0,1965.6187,1968.7586,1970.6182,0.2597,0
558,1,1969.3873,1971.7710,1972.4618,0.3609,0
558,0,1969.3873,1971.7710,1973.9449,0.0627,0
559,1,1972.5456,1975.0114,1975.5575,0.3597,0
559,0,1972.5456,1975.0114,1977.0903,0.0497,0
560,1,1975.6554,1978.8018,1979.1712,0.1261,0
560,0,1975.6554,1978.8018,1980.6703,0.0475,0
561,1,1979.2380,1982.5524,1982.8912,0.1281,0
561,0,1979.2380,1982.5524,1984.4316,0.1751,0
562,1,1983.0838,1985.4554,1985.7341,0.0991,0
562,0,1983.0838,1985.4554,1987.2300,0.2570,0
563,1,1986.0151,1988.5733,1989.1901,0.3677,0
563,0,1986.0151,1988.5733,1990.6739,0.0437,0
564,1,1989.2532,1991.6386,1992.2138,0.3964,0
564,0,1989.2532,1991.6386,1993.7341,0.0363,0
565,1,1992.2939,1994.8541,1995.4245,0.3930,0
565,0,1992.2939,1994.8541,1996.8844,0.0371,0
566,1,1995.4792,1998.5605,1998.8549,0.1135,0
566,0,1995.4792,1998.5605,2000.3501,0.0450,0
567,1,1998.9235,2002.2815,2002.7993,0.2850,0
567,0,1998.9235,2002.2815,2004.3148,0.0722,0
568,1,2002.8903,2005.2679,2005.8036,0.3606,0
568,0,2002.8903,2005.2679,2007.2939,0.0562,0
569,1,2005.8996,2008.3970,2009.0028,0.3926,0
569,0,2005.8996,2008.3970,2010.5018,0.0385,0
570,1,2009.0859,2011.6765,2012.2214,0.3757,0
570,0,2009.0859,2011.6765,2013.6932,0.0631,0
571,1,2013.4622,2016.5399,2016.9012,0.1748,0
571,0,2013.4622,2016.5399,2018.3959,0.0376,0
572,1,2017.0023,2019.9711,2020.4229,0.1760,0
572,0,2017.0023,2019.9711,2021.9598,0.0599,0
573,1,2020.5276,2023.5971,2023.8916,0.1170,0
573,0,2020.5276,2023.5971,2025.4135,0.0428,0
574,1,2023.9534,2027.0146,2027.3124,0.1150,0
574,0,2023.9534,2027.0146,2028.8417,0.0376,0
575,1,2027.3672,2029.8408,2030.1149,0.0897,0
575,0,2027.3672,2029.8408,2031.6365,0.3234,0
576,1,2030.4683,2032.9763,2033.5119,0.3596,0
576,0,2030.4683,2032.9763,2035.0099,0.0618,0
577,1,2033.5954,2036.0953,2036.6772,0.3847,0
577,0,2033.5954,2036.0953,2038.1918,0.0368,0
578,1,2036.7336,2039.1221,2039.6973,0.3962,0
578,0,2036.7336,2039.1221,2041.1640,0.0380,0
579,1,2039.7532,2042.8384,2043.4433,0.3940,0
579,0,2039.7532,2042.8384,2044.9316,0.0426,0
580,1,2043.5050,2046.5425,2047.0613,0.3112,0
580,0,2043.5050,2046.5425,2048.5663,0.0623,0
581,1,2047.1441,2049.6339,2050.1984,0.3718,0
581,0,2047.1441,2049.6339,2051.6888,0.1678,0
582,1,2050.3863,2052.7762,2053.3481,0.3957,0
582,0,2050.3863,2052.7762,2054.8734,0.0365,0
583,1,2053.4021,2055.8994,2056.4791,0.3943,0
583,0,2053.4021,2055.8994,2057.9378,0.0357,0
584,1,2056.5338,2058.9371,2059.5016,0.3857,0
584,0,2056.5338,2058.9371,2060.9458,0.0362,0
585,1,2059.5586,2062.6941,2062.9969,0.1279,0
585,0,2059.5586,2062.6941,2064.4987,0.0362,0
586,1,2063.0523,2066.0088,2066.2961,0.1126,0
586,0,2063.0523,2066.0088,2067.8242,0.2464,0
587,1,2066.5713,2069.4251,2069.9985,0.3993,0
587,0,2066.5713,2069.4251,2071.5408,0.0368,0
588,1,2070.0574,2072.5285,2073.1015,0.3904,0
588,0,2070.0574,2072.5285,2074.5907,0.0429,0
589,1,2073.1618,2075.6456,2076.3721,0.5265,0
589,0,2073.1618,2075.6456,2077.8394,0.1709,0
590,1,2076.5677,2079.5936,2079.9272,0.1123,0
590,0,2076.5677,2079.5936,2081.4112,0.0439,0
591,1,2080.0059,2082.7560,2083.0660,0.0972,0
591,0,2080.0059,2082.7560,2084.6059,0.2475,0
592,1,2083.3332,2085.7325,2086.3401,0.4298,0
592,0,2083.3332,2085.7325,2087.8048,0.0552,0
593,1,2086.4171,2088.9673,2089.5404,0.3913,0
593,0,2086.4171,2088.9673,2091.0376,0.0466,0
594,1,2089.6050,2091.9915,2092.5643,0.3910,0
594,0,2089.6050,2091.9915,2094.0074,0.0430,0
595,1,2092.6252,2095.0923,2095.7022,0.4033,0
595,0,2092.6252,2095.0923,2097.1616,0.0422,0
596,1,2095.7623,2099.0548,2099.4592,0.1243,0
596,0,2095.7623,2099.0548,2100.9717,0.0443,0
597,1,2099.5307,2102.0979,2102.3739,0.0980,0
597,0,2099.5307,2102.0979,2103.8391,0.2333,0
598,1,2102.6577,2105.1461,2105.7372,0.3598,0
598,0,2102.6577,2105.1461,2107.1903,0.0449,0
599,1,2105.8025,2108.2984,2108.9581,0.3670,0
599,0,2105.8025,2108.2984,2110.4850,0.0901,0
600,1,2109.1010,2111.6377,2112.2621,0.4035,0
600,0,2109.1010,2111.6377,2113.7115,0.0415,0
601,1,2112.3232,2115.6512,2116.0099,0.1239,0
601,0,2112.3232,2115.6512,2117.5099,0.0389,0
602,1,2116.0683,2118.8271,2119.1138,0.1173,0
602,0,2116.0683,2118.8271,2120.6147,0.3026,0
603,1,2119.4352,2121.9138,2122.5506,0.4717,0
603,0,2119.4352,2121.9138,2124.0093,0.0410,0
604,1,2122.6151,2125.0686,2125.6394,0.3933,0
604,0,2122.6151,2125.0686,2127.2032,0.0367,0
605,1,2125.6969,2128.1797,2128.7560,0.3930,0
605,0,2125.6969,2128.1797,2130.2862,0.0440,0
606,1,2128.8188,2131.8604,2132.1983,0.1636,0
606,0,2128.8188,2131.8604,2133.6666,0.0366,0
607,1,2132.2683,2135.3921,2135.7043,0.1069,0
607,0,2132.2683,2135.3921,2137.1998,0.3447,0
608,1,2136.0929,2138.5444,2139.1031,0.3517,0
608,0,2136.0929,2138.5444,2140.6659,0.0423,0
609,1,2139.1837,2141.6604,2142.3455,0.3616,0
609,0,2139.1837,2141.6604,2143.8783,0.0523,0
610,1,2142.4416,2145.9031,2146.2075,0.1161,0
610,0,2142.4416,2145.9031,2147.7321,0.0522,0
611,1,2146.2827,2149.5904,2150.0689,0.2594,0
611,0,2146.2827,2149.5904,2151.6147,0.0442,0
612,1,2150.1392,2152.6006,2153.0286,0.2574,0
612,0,2150.1392,2152.6006,2154.5371,0.1847,0
613,1,2153.2366,2155.7771,2156.3509,0.3857,0
613,0,2153.2366,2155.7771,2157.8480,0.0444,0
614,1,2156.4367,2158.8274,2159.4041,0.3929,0
614,0,2156.4367,2158.8274,2160.8840,0.0441,0
615,1,2159.4657,2162.5908,2162.8849,0.1150,0
615,0,2159.4657,2162.5908,2164.4137,0.0457,0
616,1,2162.9489,2166.0834,2166.4192,0.1303,0
616,0,2162.9489,2166.0834,2167.9409,0.1473,0
617,1,2166.5894,2169.0827,2169.6267,0.3668,0
617,0,2166.5894,2169.0827,2171.1268,0.0507,0
618,1,2169.6977,2172.0795,2172.6777,0.4017,0
618,0,2169.6977,2172.0795,2174.1587,0.0423,0
619,1,2172.7387,2175.2157,2175.9291,0.5088,0
619,0,2172.7387,2175.2157,2177.6047,0.2619,0
620,1,2176.2120,2178.6129,2179.2025,0.4098,0
620,0,2176.2120,2178.6129,2180.6636,0.0376,0
621,1,2179.2781,2182.6254,2182.9226,0.1175,0
621,0,2179.2781,2182.6254,2184.4137,0.3189,0
622,1,2183.2673,2185.7868,2186.4757,0.4713,0
622,0,2183.2673,2185.7868,2187.9535,0.0439,0
623,1,2186.5495,2189.0615,2189.6653,0.3860,0
623,0,2186.5495,2189.0615,2191.1362,0.0425,0
624,1,2189.7271,2192.1242,2192.6949,0.3886,0
624,0,2189.7271,2192.1242,2194.1753,0.0454,0
625,1,2192.7581,2195.8893,2196.1787,0.1149,0
625,0,2192.7581,2195.8893,2197.6661,0.0354,0
626,1,2196.2327,2199.3672,2199.6816,0.1199,0
626,0,2196.2327,2199.3672,2201.1772,0.3674,0
627,1,2200.0707,2202.5571,2203.2177,0.4566,0
627,0,2200.0707,2202.5571,2204.7050,0.0570,0
628,1,2203.2923,2205.6817,2206.2616,0.3930,0
628,0,2203.2923,2205.6817,2207.7301,0.0568,0
629,1,2206.3352,2208.8101,2209.8228,0.8255,0
629,0,2206.3352,2208.8101,2211.3046,0.0382,0
630,1,2209.8806,2212.9597,2213.3642,0.1115,0
630,0,2209.8806,2212.9597,2214.8554,0.2227,0
631,1,2213.6095,2216.1825,2216.7306,0.3632,0
631,0,2213.6095,2216.1825,2218.2003,0.1303,0
632,1,2216.8834,2219.2716,2219.8048,0.3607,0
632,0,2216.8834,2219.2716,2221.2550,0.0402,0
633,1,2219.8722,2222.4538,2223.0459,0.4031,0
633,0,2219.8722,2222.4538,2224.4949,0.0383,0
634,1,2223.1048,2225.5133,2226.0967,0.3852,0
634,0,2223.1048,2225.5133,2227.5391,0.0412,0
635,1,2226.1633,2229.4628,2229.7437,0.1148,0
635,0,2226.1633,2229.4628,2231.2199,0.0384,0
636,1,2229.8048,2232.7581,2233.0487,0.1165,0
636,0,2229.8048,2232.7581,2234.5337,0.2275,0
637,1,2233.2935,2235.7758,2236.3141,0.3657,0
637,0,2233.2935,2235.7758,2237.7845,0.1800,0
638,1,2236.5206,2239.0009,2239.5786,0.3932,0
638,0,2236.5206,2239.0009,2241.0985,0.0367,0
639,1,2239.6338,2242.1299,2242.8614,0.5405,0
639,0,2239.6338,2242.1299,2244.3663,0.1682,0
640,1,2243.0532,2246.2544,2246.7107,0.1175,0
640,0,2243.0532,2246.2544,2248.2054,0.2023,0
641,1,2246.9339,2249.4394,2250.0154,0.3534,0
641,0,2246.9339,2249.4394,2251.4831,0.1731,0
642,1,2250.2080,2252.6236,2253.1919,0.4017,0
642,0,2250.2080,2252.6236,2254.6512,0.0360,0
643,1,2253.2458,2255.7307,2256.3471,0.3955,0
643,0,2253.2458,2255.7307,2257.8211,0.0437,0
644,1,2256.4117,2258.8608,2259.4374,0.3922,0
644,0,2256.4117,2258.8608,2260.8715,0.0385,0
645,1,2259.4950,2262.0730,2262.3554,0.1041,0
645,0,2259.4950,2262.0730,2263.7873,0.2050,0
646,1,2262.5784,2265.7075,2266.1096,0.1185,0
646,0,2262.5784,2265.7075,2267.5681,0.0457,0
647,1,2266.1732,2268.8905,2269.2066,0.1160,0
647,0,2266.1732,2268.8905,2270.6767,0.2029,0
648,1,2269.4276,2271.8162,2272.3945,0.3601,0
648,0,2269.4276,2271.8162,2273.8516,0.0946,0
649,1,2272.5161,2275.0239,2275.8184,0.4026,0
649,0,2272.5161,2275.0239,2277.2951,0.1461,0
650,1,2275.9847,2278.3915,2278.7437,0.1116,0
650,0,2275.9847,2278.3915,2280.2092,0.1983,0
651,1,2278.9642,2282.1830,2282.4790,0.1179,0
651,0,2278.9642,2282.1830,2283.9364,0.0379,0
652,1,2282.5361,2285.5823,2285.8975,0.1145,0
652,0,2282.5361,2285.5823,2287.4338,0.3191,0
653,1,2286.2420,2288.8430,2289.1280,0.1066,0
653,0,2286.2420,2288.8430,2290.6246,0.2717,0
654,1,2289.4196,2292.0028,2292.5484,0.3662,0
654,0,2289.4196,2292.0028,2294.0099,0.0375,0
655,1,2292.6035,2295.0972,2295.3791,0.1152,0
655,0,2292.6035,2295.0972,2296.8287,0.2810,0
656,1,2295.6872,2298.8308,2299.2068,0.1587,0
656,0,2295.6872,2298.8308,2300.6897,0.0987,0
657,1,2299.3289,2302.3193,2302.6185,0.1158,0
657,0,2299.3289,2302.3193,2304.1369,0.0445,0
658,1,2302.6799,2305.0765,2305.3646,0.0977,0
658,0,2302.6799,2305.0765,2306.8359,0.2833,0
659,1,2305.6745,2308.6640,2309.0314,0.1264,0
659,0,2305.6745,2308.6640,2310.5465,0.0408,0
660,1,2309.1205,2312.0687,2312.4367,0.1501,0
660,0,2309.1205,2312.0687,2313.9829,0.0458,0
661,1,2312.5016,2315.7238,2316.1043,0.1169,0
661,0,2312.5016,2315.7238,2317.6290,0.0454,0
662,1,2316.1671,2318.9394,2319.2499,0.1154,0
662,0,2316.1671,2318.9394,2320.8278,0.1528,0
663,1,2319.4335,2322.5664,2322.9252,0.1524,0
663,0,2319.4335,2322.5664,2324.4787,0.0405,0
664,1,2322.9857,2325.8668,2326.2024,0.1209,0
664,0,2322.9857,2325.8668,2327.7461,0.0482,0
665,1,2326.2683,2329.4307,2329.7462,0.1193,0
665,0,2326.2683,2329.4307,2331.3036,0.0397,0
666,1,2329.8028,2332.7499,2333.0655,0.1132,0
666,0,2329.8028,2332.7499,2334.6448,0.2240,0
667,1,2333.3099,2336.3138,2336.6324,0.1270,0
667,0,2333.3099,2336.3138,2338.3179,0.0468,0
668,1,2336.7028,2339.6599,2339.9551,0.1177,0
668,0,2336.7028,2339.6599,2341.5224,0.0362,0
669,1,2340.0083,2343.5411,2343.8915,0.1126,0
669,0,2340.0083,2343.5411,2345.4958,0.0413,0
670,1,2344.0852,2347.2720,2347.7125,0.2563,0
670,0,2344.0852,2347.2720,2349.3798,0.0410,0
671,1,2347.7762,2350.8096,2351.1516,0.1275,0
671,0,2347.7762,2350.8096,2352.7636,0.0419,0
672,1,2351.2126,2354.3145,2354.6114,0.1150,0
672,0,2351.2126,2354.3145,2356.2278,0.0506,0
673,1,2354.6796,2357.7163,2358.0352,0.1168,0
673,0,2354.6796,2357.7163,2359.6588,0.2600,0
674,1,2358.3282,2361.2867,2361.6570,0.1499,0
674,0,2358.3282,2361.2867,2363.3342,0.0430,0
675,1,2361.7189,2364.9440,2365.2293,0.1128,0
675,0,2361.7189,2364.9440,2366.9100,0.0456,0
676,1,2365.3187,2368.4145,2368.7698,0.1228,0
676,0,2365.3187,2368.4145,2370.4256,0.0397,0
677,1,2368.8284,2371.7465,2372.3048,0.3842,0
677,0,2368.8284,2371.7465,2373.9467,0.0399,0
678,1,2372.3660,2375.2684,2375.5459,0.1145,0
678,0,2372.3660,2375.2684,2377.1693,0.0371,0
679,1,2375.6299,2378.9037,2379.1944,0.1145,0
679,0,2375.6299,2378.9037,2380.8588,0.0375,0
680,1,2379.2509,2382.5755,2382.8704,0.1127,0
680,0,2379.2509,2382.5755,2384.5211,0.3488,0
681,1,2383.2407,2386.2497,2386.6243,0.1584,0
681,0,2383.2407,2386.2497,2388.3046,0.0442,0
682,1,2386.6876,2389.6375,2389.9097,0.1143,0
682,0,2386.6876,2389.6375,2391.5798,0.0363,0
683,1,2389.9634,2393.1796,2393.4660,0.1110,0
683,0,2389.9634,2393.1796,2395.1141,0.0380,0
684,1,2393.5209,2396.4919,2396.8412,0.1166,0
684,0,2393.5209,2396.4919,2398.6214,0.0613,0
685,1,2396.9231,2399.9036,2400.3519,0.2713,0
685,0,2396.9231,2399.9036,2402.0765,0.0365,0
686,1,2400.4079,2403.4093,2403.6959,0.1156,0
686,0,2400.4079,2403.4093,2405.3356,0.0360,0
687,1,2403.7497,2406.9639,2407.2520,0.1151,0
687,0,2403.7497,2406.9639,2408.9533,0.0360,0
688,1,2407.3051,2410.7642,2411.2885,0.2408,0
688,0,2407.3051,2410.7642,2412.9666,0.1922,0
689,1,2411.5035,2414.8236,2415.1618,0.1271,0
689,0,2411.5035,2414.8236,2416.8409,0.0474,0
690,1,2415.2293,2418.3724,2418.7599,0.1155,0
690,0,2415.2293,2418.3724,2420.4628,0.0435,0
691,1,2418.8202,2422.2128,2422.5677,0.1773,0
691,0,2418.8202,2422.2128,2424.3141,0.0373,0
692,1,2422.6221,2425.5661,2425.8939,0.1217,0
692,0,2422.6221,2425.5661,2427.6065,0.0422,0
693,1,2425.9539,2429.1733,2429.5745,0.1196,0
693,0,2425.9539,2429.1733,2431.2816,0.0472,0
694,1,2429.6600,2433.2818,2433.6190,0.1618,0
694,0,2429.6600,2433.2818,2435.3360,0.0395,0
695,1,2433.6816,2436.8538,2437.1534,0.1166,0
695,0,2433.6816,2436.8538,2438.8653,0.0369,0
696,1,2437.2120,2440.3711,2440.6669,0.1144,0
696,0,2437.2120,2440.3711,2442.3780,0.0440,0
697,1,2440.7282,2444.5020,2445.1085,0.3799,0
697,0,2440.7282,2444.5020,2446.9807,0.0442,0
698,1,2445.1730,2448.4819,2448.7706,0.1258,0
698,0,2445.1730,2448.4819,2450.5357,0.0438,0
699,1,2448.8318,2452.0889,2452.4389,0.1266,0
699,0,2448.8318,2452.0889,2454.2408,0.3893,0
700,1,2452.8474,2455.8331,2456.1678,0.1220,0
700,0,2452.8474,2455.8331,2457.8958,0.0536,0
701,1,2456.2389,2459.3049,2459.6036,0.1163,0
701,0,2456.2389,2459.3049,2461.3425,0.0664,0
702,1,2459.7008,2463.0195,2463.4778,0.1149,0
702,0,2459.7008,2463.0195,2465.3051,0.3848,0
703,1,2463.8834,2466.9110,2467.2827,0.1597,0
703,0,2463.8834,2466.9110,2469.0147,0.0442,0
704,1,2467.3447,2470.3044,2470.5829,0.1140,0
704,0,2467.3447,2470.3044,2472.3212,0.0454,0
705,1,2470.6651,2473.8775,2474.1615,0.1178,0
705,0,2470.6651,2473.8775,2475.9312,0.0363,0
706,1,2474.2141,2477.6322,2477.9700,0.1579,0
706,0,2474.2141,2477.6322,2479.6961,0.0367,0
707,1,2478.0256,2480.9918,2481.3872,0.2284,0
707,0,2478.0256,2480.9918,2483.1125,0.2579,0
708,1,2481.6636,2484.7794,2485.0995,0.1181,0
708,0,2481.6636,2484.7794,2486.8242,0.0440,0
709,1,2485.1604,2488.2338,2488.5209,0.1196,0
709,0,2485.1604,2488.2338,2490.2179,0.3221,0
710,1,2488.8610,2491.7365,2492.2692,0.2680,0
710,0,2488.8610,2491.7365,2493.9578,0.0464,0
711,1,2492.3343,2495.3846,2495.6982,0.1131,0
711,0,2492.3343,2495.3846,2497.3768,0.0477,0
712,1,2495.7651,2499.1047,2499.4171,0.1203,0
712,0,2495.7651,2499.1047,2501.1072,0.0625,0
713,1,2499.4976,2502.6705,2503.1101,0.2751,0
713,0,2499.4976,2502.6705,2504.8745,0.0366,0
714,1,2503.1654,2506.1334,2506.4237,0.1157,0
714,0,2503.1654,2506.1334,2508.1107,0.0382,0
715,1,2506.4857,2509.8443,2510.4330,0.2854,0
715,0,2506.4857,2509.8443,2512.1298,0.0422,0
716,1,2510.4991,2514.1227,2514.5042,0.1680,0
716,0,2510.4991,2514.1227,2516.2231,0.0436,0
717,1,2515.5038,2518.5707,2518.9448,0.1257,0
717,0,2515.5038,2518.5707,2520.6873,0.0443,0
718,1,2519.0718,2522.2990,2522.7530,0.2706,0
718,0,2519.0718,2522.2990,2524.4686,0.0465,0
719,1,2522.8207,2525.9115,2526.2173,0.1192,0
719,0,2522.8207,2525.9115,2527.9253,0.0464,0
720,1,2526.2805,2529.4307,2529.7314,0.1135,0
720,0,2526.2805,2529.4307,2531.4632,0.0387,0
721,1,2529.7870,2533.2590,2533.7189,0.2697,0
721,0,2529.7870,2533.2590,2535.5078,0.0450,0
722,1,2533.7820,2536.7636,2537.0458,0.1159,0
722,0,2533.7820,2536.7636,2538.8165,0.0453,0
723,1,2537.1077,2540.4291,2540.7585,0.1170,0
723,0,2537.1077,2540.4291,2542.4985,0.0432,0
724,1,2540.8201,2544.6150,2545.0925,0.2974,0
724,0,2540.8201,2544.6150,2546.9094,0.0462,0
725,1,2545.1635,2548.5925,2548.8744,0.1056,0
725,0,2545.1635,2548.5925,2550.6297,0.0365,0
726,1,2548.9299,2552.1413,2552.4598,0.1188,0
726,0,2548.9299,2552.1413,2554.2286,0.2702,0
727,1,2552.7795,2555.9775,2556.3156,0.1545,0
727,0,2552.7795,2555.9775,2558.0798,0.0442,0
728,1,2556.3829,2559.4203,2559.7014,0.1156,0
728,0,2556.3829,2559.4203,2561.4628,0.0361,0
729,1,2559.7553,2563.0149,2563.3461,0.1069,0
729,0,2559.7553,2563.0149,2565.0991,0.0435,0
730,1,2563.4159,2566.6731,2567.1011,0.2427,0
730,0,2563.4159,2566.6731,2568.8422,0.0455,0
731,1,2567.1654,2570.2950,2570.5891,0.1183,0
731,0,2567.1654,2570.2950,2572.3236,0.0376,0
732,1,2570.6448,2573.8076,2574.1411,0.1194,0
732,0,2570.6448,2573.8076,2575.9830,0.0407,0
733,1,2574.2016,2577.6803,2578.2650,0.4131,0
733,0,2574.2016,2577.6803,2580.0493,0.1988,0
734,1,2578.4952,2581.8578,2582.1581,0.1195,0
734,0,2578.4952,2581.8578,2583.9142,0.0369,0
735,1,2582.2133,2585.5391,2586.1662,0.4055,0
735,0,2582.2133,2585.5391,2587.9543,0.1036,0
736,1,2586.2933,2589.3095,2589.5976,0.1232,0
736,0,2586.2933,2589.3095,2591.3390,0.0379,0
737,1,2589.6534,2592.7226,2593.0233,0.1198,0
737,0,2589.6534,2592.7226,2594.7571,0.0438,0
738,1,2593.0848,2596.2249,2596.5555,0.1138,0
738,0,2593.0848,2596.2249,2598.3167,0.0377,0
739,1,2596.6284,2599.5934,2600.2045,0.4110,0
739,0,2596.6284,2599.5934,2601.9610,0.0403,0
740,1,2600.2678,2603.2900,2603.6293,0.1205,0
740,0,2600.2678,2603.2900,2605.3865,0.0445,0
741,1,2603.7241,2607.0901,2607.3907,0.1222,0
741,0,2603.7241,2607.0901,2609.1227,0.0453,0
742,1,2607.4573,2610.9614,2611.5317,0.3753,0
742,0,2607.4573,2610.9614,2613.2808,0.0506,0
743,1,2611.6050,2615.0162,2615.3147,0.1205,0
743,0,2611.6050,2615.0162,2617.0834,0.0363,0
744,1,2615.3703,2618.5342,2618.8605,0.1270,0
744,0,2615.3703,2618.5342,2620.6144,0.0375,0
745,1,2618.9179,2622.3477,2622.7123,0.1729,0
745,0,2618.9179,2622.3477,2624.4774,0.0460,0
746,1,2622.7786,2625.7440,2626.0287,0.1156,0
746,0,2622.7786,2625.7440,2627.7659,0.0421,0
747,1,2626.0928,2629.3209,2629.6182,0.1123,0
747,0,2626.0928,2629.3209,2631.3547,0.0420,0
748,1,2629.6825,2632.9124,2633.3570,0.2695,0
748,0,2629.6825,2632.9124,2635.0893,0.0491,0
749,1,2633.4477,2636.5812,2636.8750,0.1149,0
749,0,2633.4477,2636.5812,2638.6221,0.0427,0
750,1,2636.9516,2639.9086,2640.1862,0.1131,0
750,0,2636.9516,2639.9086,2641.9608,0.0439,0
751,1,2640.2853,2643.7645,2644.2353,0.2841,0
751,0,2640.2853,2643.7645,2646.0266,0.1648,0
752,1,2644.4341,2647.4007,2647.9305,0.2770,0
752,0,2644.4341,2647.4007,2649.6562,0.0390,0
753,1,2647.9894,2651.0446,2651.3784,0.1544,0
753,0,2647.9894,2651.0446,2653.0873,0.0435,0
754,1,2651.4397,2654.6148,2654.9943,0.1239,0
754,0,2651.4397,2654.6148,2656.7019,0.0458,0
755,1,2655.0576,2658.2647,2658.5516,0.1171,0
755,0,2655.0576,2658.2647,2660.3090,0.0711,0
756,1,2658.6445,2661.5510,2661.8771,0.1691,0
756,0,2658.6445,2661.5510,2663.6292,0.0535,0
757,1,2661.9482,2665.1331,2665.4605,0.1145,0
757,0,2661.9482,2665.1331,2667.2217,0.0575,0
758,1,2665.5374,2668.7164,2669.0316,0.1096,0
758,0,2665.5374,2668.7164,2670.7326,0.0427,0
759,1,2669.0924,2672.1091,2672.5056,0.2266,0
759,0,2669.0924,2672.1091,2674.2103,0.0386,0
760,1,2672.5630,2675.6557,2676.0620,0.2392,0
760,0,2672.5630,2675.6557,2677.7545,0.0563,0
761,1,2676.1368,2679.4175,2679.7553,0.1237,0
761,0,2676.1368,2679.4175,2681.4506,0.0400,0
762,1,2679.8138,2682.8298,2683.4005,0.3599,0
762,0,2679.8138,2682.8298,2685.0979,0.1795,0
763,1,2683.6066,2686.6358,2686.9289,0.1162,0
763,0,2683.6066,2686.6358,2688.6330,0.0370,0
764,1,2686.9847,2690.0904,2690.3607,0.1122,0
764,0,2686.9847,2690.0904,2692.0417,0.0374,0
765,1,2690.4171,2693.6053,2693.9139,0.1095,0
765,0,2690.4171,2693.6053,2695.6803,0.0470,0
766,1,2693.9781,2697.0975,2697.5709,0.2910,0
766,0,2693.9781,2697.0975,2699.3292,0.0388,0
767,1,2697.6293,2700.6658,2700.9653,0.1213,0
767,0,2697.6293,2700.6658,2702.6507,0.0372,0
768,1,2701.0234,2704.1468,2704.4491,0.1204,0
768,0,2701.0234,2704.1468,2706.1625,0.0373,0
769,1,2704.5243,2707.6965,2707.9927,0.1168,0
769,0,2704.5243,2707.6965,2709.6834,0.2355,0
770,1,2708.2512,2711.7471,2712.0424,0.1161,0
770,0,2708.2512,2711.7471,2713.7686,0.0390,0
771,1,2712.1011,2715.3589,2715.6843,0.1202,0
771,0,2712.1011,2715.3589,2717.4185,0.0401,0
772,1,2715.7532,2719.1156,2719.4363,0.1166,0
772,0,2715.7532,2719.1156,2721.1511,0.1242,0
773,1,2719.5797,2722.6001,2722.9005,0.1164,0
773,0,2719.5797,2722.6001,2724.6455,0.0495,0
774,1,2722.9666,2725.8804,2726.2515,0.1204,0
774,0,2722.9666,2725.8804,2727.9537,0.0430,0
775,1,2726.3137,2729.5354,2729.8937,0.1128,0
775,0,2726.3137,2729.5354,2731.5947,0.0370,0
776,1,2729.9578,2733.2114,2733.5658,0.1656,0
776,0,2729.9578,2733.2114,2735.2731,0.0392,0
777,1,2733.6240,2736.6556,2736.9651,0.1247,0
777,0,2733.6240,2736.6556,2738.6745,0.0457,0
778,1,2737.0278,2740.1633,2740.4416,0.1146,0
778,0,2737.0278,2740.1633,2742.2500,0.0456,0
779,1,2740.5074,2744.1924,2744.6701,0.2834,0
779,0,2740.5074,2744.1924,2746.4073,0.0441,0
780,1,2744.7363,2747.7553,2748.1883,0.2674,0
780,0,2744.7363,2747.7553,2749.9128,0.0384,0
781,1,2748.2442,2751.4469,2751.7565,0.1235,0
781,0,2748.2442,2751.4469,2753.4726,0.0384,0
782,1,2751.8137,2754.7908,2755.1281,0.1530,0
782,0,2751.8137,2754.7908,2756.8313,0.4171,0
783,1,2755.5685,2758.5872,2758.8982,0.1295,0
783,0,2755.5685,2758.5872,2760.6100,0.0374,0
784,1,2758.9547,2761.8608,2762.1514,0.1208,0
784,0,2758.9547,2761.8608,2763.8350,0.0370,0
785,1,2762.2057,2765.5870,2765.9976,0.1287,0
785,0,2762.2057,2765.5870,2767.7284,0.0442,0
786,1,2766.0659,2769.0895,2769.5413,0.2635,0
786,0,2766.0659,2769.0895,2771.2426,0.0611,0
787,1,2769.6233,2772.6401,2772.9774,0.1215,0
787,0,2769.6233,2772.6401,2774.7086,0.0451,0
788,1,2773.0439,2776.0766,2776.5786,0.2877,0
788,0,2773.0439,2776.0766,2778.2777,0.0501,0
789,1,2776.6486,2779.9208,2780.6861,0.5678,0
789,0,2776.6486,2779.9208,2782.3934,0.0389,0
790,1,2780.7493,2783.7544,2784.0493,0.1309,0
790,0,2780.7493,2783.7544,2785.7288,0.0372,0
791,1,2784.1038,2787.0761,2787.4198,0.1652,0
791,0,2784.1038,2787.0761,2789.2236,0.0442,0
792,1,2787.4802,2790.5651,2790.8661,0.1166,0
792,0,2787.4802,2790.5651,2792.5356,0.0371,0
793,1,2790.9284,2793.9566,2794.5707,0.4044,0
793,0,2790.9284,2793.9566,2796.2540,0.1264,0
794,1,2794.7190,2797.5239,2797.9558,0.2599,0
794,0,2794.7190,2797.5239,2799.6070,0.0599,0
795,1,2798.0340,2801.0461,2801.3371,0.1166,0
795,0,2798.0340,2801.0461,2803.0173,0.0365,0
796,1,2801.4109,2804.4838,2804.9923,0.1171,0
796,0,2801.4109,2804.4838,2806.6696,0.0407,0
797,1,2805.0565,2808.1904,2808.6469,0.2427,0
797,0,2805.0565,2808.1904,2810.2997,0.0418,0
798,1,2808.7095,2811.9952,2812.3258,0.1210,0
798,0,2808.7095,2811.9952,2813.9973,0.0415,0
799,1,2812.3868,2815.6254,2816.0141,0.1182,0
799,0,2812.3868,2815.6254,2817.6911,0.0420,0
800,1,2816.0795,2818.9659,2819.4953,0.3492,0
800,0,2816.0795,2818.9659,2821.2183,0.1541,0
801,1,2819.6713,2822.6948,2823.0211,0.1147,0
801,0,2819.6713,2822.6948,2824.7018,0.0475,0
802,1,2823.0923,2826.0792,2826.3546,0.1142,0
802,0,2823.0923,2826.0792,2828.0067,0.0372,0
803,1,2826.4154,2829.5650,2829.8966,0.1149,0
803,0,2826.4154,2829.5650,2831.5541,0.0357,0
804,1,2829.9603,2833.3687,2833.7449,0.1699,0
804,0,2829.9603,2833.3687,2835.5362,0.0435,0
805,1,2833.8078,2836.8415,2837.1331,0.1160,0
805,0,2833.8078,2836.8415,2838.8109,0.0356,0
806,1,2837.1899,2840.2813,2840.5667,0.1129,0
806,0,2837.1899,2840.2813,2842.2337,0.0378,0
807,1,2840.6225,2844.3445,2844.8732,0.3189,0
807,0,2840.6225,2844.3445,2846.6720,0.0451,0
808,1,2844.9375,2847.7533,2848.2228,0.3056,0
808,0,2844.9375,2847.7533,2849.9138,0.0373,0
809,1,2848.2780,2851.4851,2851.8525,0.1161,0
809,0,2848.2780,2851.4851,2853.5406,0.0552,0
810,1,2851.9279,2855.0256,2855.3483,0.1172,0
810,0,2851.9279,2855.0256,2857.0578,0.2171,0
811,1,2855.6085,2858.7646,2859.0974,0.1220,0
811,0,2855.6085,2858.7646,2860.7965,0.0416,0
812,1,2859.1578,2862.0934,2862.3849,0.1201,0
812,0,2859.1578,2862.0934,2864.1048,0.0369,0
813,1,2862.4393,2865.7548,2866.1268,0.1196,0
813,0,2862.4393,2865.7548,2868.0528,0.0455,0
814,1,2866.1901,2869.4033,2869.7707,0.1738,0
814,0,2866.1901,2869.4033,2871.4586,0.0506,0
815,1,2869.8417,2872.8844,2873.2135,0.1192,0
815,0,2869.8417,2872.8844,2874.9178,0.0435,0
816,1,2873.2747,2876.7275,2877.1176,0.1185,0
816,0,2873.2747,2876.7275,2878.8257,0.0404,0
817,1,2877.1843,2880.5494,2881.0284,0.2948,0
817,0,2877.1843,2880.5494,2882.7951,0.0417,0
818,1,2881.1050,2884.1132,2884.4291,0.1206,0
818,0,2881.1050,2884.1132,2886.1544,0.0474,0
819,1,2884.4952,2887.7064,2888.0055,0.1240,0
819,0,2884.4952,2887.7064,2889.7327,0.0356,0
820,1,2888.0578,2891.1398,2891.4202,0.1127,0
820,0,2888.0578,2891.1398,2893.1194,0.1674,0
821,1,2891.6063,2894.6775,2895.0073,0.1203,0
821,0,2891.6063,2894.6775,2896.7881,0.0437,0
822,1,2895.0696,2897.8757,2898.3281,0.2926,0
822,0,2895.0696,2897.8757,2900.0961,0.0361,0
823,1,2898.3810,2901.5614,2901.8975,0.1216,0
823,0,2898.3810,2901.5614,2903.5803,0.0429,0
824,1,2901.9592,2904.9066,2905.2393,0.1225,0
824,0,2901.9592,2904.9066,2906.9118,0.2131,0
825,1,2905.4706,2908.5663,2908.9086,0.1210,0
825,0,2905.4706,2908.5663,2910.5948,0.0474,0
826,1,2908.9814,2911.9472,2912.3826,0.2681,0
826,0,2908.9814,2911.9472,2914.1497,0.0374,0
827,1,2912.4437,2916.0317,2916.3618,0.1215,0
827,0,2912.4437,2916.0317,2918.0504,0.0811,0
828,1,2916.4805,2919.4895,2919.8566,0.1158,0
828,0,2916.4805,2919.4895,2921.6090,0.0452,0
829,1,2919.9230,2922.9543,2923.2499,0.1164,0
829,0,2919.9230,2922.9543,2924.9363,0.0444,0
830,1,2923.3127,2926.4054,2926.7332,0.1141,0
830,0,2923.3127,2926.4054,2928.4118,0.0445,0
831,1,2926.7961,2929.8357,2930.2767,0.1364,0
831,0,2926.7961,2929.8357,2931.9741,0.1519,0
832,1,2930.4585,2933.4440,2933.8152,0.1591,0
832,0,2930.4585,2933.4440,2935.5118,0.0481,0
833,1,2933.8818,2936.8894,2937.2237,0.1230,0
833,0,2933.8818,2936.8894,2938.8874,0.0455,0
834,1,2937.2865,2940.4359,2940.7433,0.1125,0
834,0,2937.2865,2940.4359,2942.4935,0.0442,0
835,1,2940.8060,2944.3720,2944.9538,0.3746,0
835,0,2940.8060,2944.3720,2946.7278,0.0437,0
836,1,2945.0186,2947.8479,2948.3391,0.2927,0
836,0,2945.0186,2947.8479,2950.0139,0.0425,0
837,1,2948.3996,2951.6463,2951.9767,0.1208,0
837,0,2948.3996,2951.6463,2953.6781,0.0407,0
838,1,2952.0345,2954.9743,2955.2524,0.1134,0
838,0,2952.0345,2954.9743,2956.9241,0.2908,0
839,1,2955.5847,2958.7776,2959.1129,0.1260,0
839,0,2955.5847,2958.7776,2960.8009,0.0437,0
840,1,2959.1751,2962.0767,2962.3947,0.1226,0
840,0,2959.1751,2962.0767,2964.0607,0.0432,0
841,1,2962.4570,2965.7104,2966.0933,0.1179,0
841,0,2962.4570,2965.7104,2967.7657,0.0470,0
842,1,2966.1814,2969.4116,2969.7805,0.1721,0
842,0,2966.1814,2969.4116,2971.4617,0.0390,0
843,1,2969.8434,2972.9366,2973.2256,0.1151,0
843,0,2969.8434,2972.9366,2974.9142,0.0358,0
844,1,2973.2802,2976.5241,2976.8918,0.1871,0
844,0,2973.2802,2976.5241,2978.6070,0.0446,0
845,1,2976.9592,2980.4411,2980.9887,0.2973,0
845,0,2976.9592,2980.4411,2982.7542,0.0472,0
846,1,2981.0553,2983.9482,2984.2333,0.1189,0
846,0,2981.0553,2983.9482,2985.9236,0.0426,0
847,1,2984.2951,2987.4831,2987.8055,0.1154,0
847,0,2984.2951,2987.4831,2989.4984,0.0481,0
848,1,2987.8714,2990.9334,2991.2568,0.1227,0
848,0,2987.8714,2990.9334,2992.9398,0.0452,0
849,1,2991.3191,2994.0617,2994.5710,0.2741,0
849,0,2991.3191,2994.0617,2996.2570,0.0712,0
850,1,2994.6752,2997.5514,2998.0030,0.2891,0
850,0,2994.6752,2997.5514,2999.6613,0.0376,0
851,1,2998.0601,3001.0729,3001.3593,0.1064,0
851,0,2998.0601,3001.0729,3003.0156,0.0448,0
852,1,3001.4212,3004.4863,3004.7796,0.1169,0
852,0,3001.4212,3004.4863,3006.4301,0.0356,0
853,1,3004.8328,3007.7893,3008.0812,0.1167,0
853,0,3004.8328,3007.7893,3009.7681,0.2393,0
854,1,3008.3417,3011.7050,3012.1625,0.2704,0
854,0,3008.3417,3011.7050,3013.8245,0.0379,0
855,1,3012.2183,3015.4354,3015.7415,0.1123,0
855,0,3012.2183,3015.4354,3017.4119,0.0491,0
856,1,3016.7600,3019.3712,3019.7147,0.1242,0
856,0,3016.7600,3019.3712,3021.3561,0.0476,0
857,1,3019.8592,3023.0501,3023.3980,0.1298,0
857,0,3019.8592,3023.0501,3025.0540,0.0472,0
858,1,3023.4716,3026.6304,3026.9658,0.1210,0
858,0,3023.4716,3026.6304,3028.6809,0.0395,0
859,1,3027.0246,3030.0196,3030.4159,0.1893,0
859,0,3027.0246,3030.0196,3032.0695,0.3182,0
860,1,3030.7613,3033.6975,3034.0809,0.1595,0
860,0,3030.7613,3033.6975,3035.7365,0.0449,0
861,1,3034.1451,3037.1319,3037.4356,0.1190,0
861,0,3034.1451,3037.1319,3039.0887,0.0429,0
862,1,3037.4959,3040.5702,3040.8882,0.1120,0
862,0,3037.4959,3040.5702,3042.6405,0.1057,0
863,1,3041.0115,3044.4215,3044.7410,0.1119,0
863,0,3041.0115,3044.4215,3046.4214,0.0446,0
864,1,3044.8036,3047.5912,3048.0644,0.2589,0
864,0,3044.8036,3047.5912,3049.7359,0.2326,0
865,1,3048.3149,3051.4824,3051.7995,0.1168,0
865,0,3048.3149,3051.4824,3053.4513,0.0432,0
866,1,3051.8598,3054.7751,3055.1167,0.1702,0
866,0,3051.8598,3054.7751,3056.7597,0.0364,0
867,1,3055.1695,3057.8593,3058.4290,0.3932,0
867,0,3055.1695,3057.8593,3060.0718,0.0517,0
868,1,3058.5033,3061.3748,3061.6503,0.1141,0
868,0,3058.5033,3061.3748,3063.3025,0.1710,0
869,1,3061.8434,3065.0803,3065.3879,0.1243,0
869,0,3061.8434,3065.0803,3067.0217,0.0430,0
870,1,3065.4501,3068.5505,3068.9073,0.1095,0
870,0,3065.4501,3068.5505,3070.5669,0.0456,0
871,1,3068.9701,3071.8624,3072.3975,0.3493,0
871,0,3068.9701,3071.8624,3074.0963,0.0763,0
872,1,3072.4933,3075.6357,3076.1419,0.2840,0
872,0,3072.4933,3075.6357,3077.7927,0.0471,0
873,1,3076.2074,3079.4081,3079.7380,0.1199,0
873,0,3076.2074,3079.4081,3081.3781,0.0412,0
874,1,3079.7970,3082.9657,3083.3891,0.2246,0
874,0,3079.7970,3082.9657,3085.0389,0.0403,0
875,1,3083.4559,3086.5340,3086.8530,0.1163,0
875,0,3083.4559,3086.5340,3088.5299,0.0471,0
876,1,3086.9194,3089.8103,3090.1002,0.1186,0
876,0,3086.9194,3089.8103,3091.7528,0.0437,0
877,1,3090.1621,3093.3398,3093.6805,0.1532,0
877,0,3090.1621,3093.3398,3095.3281,0.1045,0
878,1,3093.8019,3096.6653,3097.3216,0.4621,0
878,0,3093.8019,3096.6653,3098.9596,0.0616,0
879,1,3097.4135,3100.5053,3100.7980,0.1167,0
879,0,3097.4135,3100.5053,3102.4783,0.0351,0
880,1,3100.8506,3103.6952,3104.0180,0.1635,0
880,0,3100.8506,3103.6952,3105.6885,0.0364,0
881,1,3104.0713,3107.1300,3107.4248,0.1156,0
881,0,3104.0713,3107.1300,3109.1552,0.0373,0
882,1,3107.4815,3111.2217,3111.7038,0.3075,0
882,0,3107.4815,3111.2217,3113.4601,0.0373,0
883,1,3111.7637,3115.0356,3115.3258,0.1172,0
883,0,3111.7637,3115.0356,3117.0173,0.0383,0
884,1,3115.3860,3118.5390,3118.8937,0.1157,0
884,0,3115.3860,3118.5390,3120.5777,0.0366,0
885,1,3118.9523,3122.1171,3122.5484,0.2490,0
885,0,3118.9523,3122.1171,3124.2457,0.0378,0
886,1,3122.6067,3125.4858,3125.7663,0.1158,0
886,0,3122.6067,3125.4858,3127.4348,0.0454,0
887,1,3125.8523,3128.8371,3129.1315,0.1157,0
887,0,3125.8523,3128.8371,3130.8396,0.0449,0
888,1,3129.1937,3132.4721,3132.7919,0.1100,0
888,0,3129.1937,3132.4721,3134.4687,0.0439,0
889,1,3132.8529,3136.0663,3136.6067,0.2414,0
889,0,3132.8529,3136.0663,3138.3213,0.0502,0
890,1,3136.6917,3139.5806,3139.9061,0.1320,0
890,0,3136.6917,3139.5806,3141.5994,0.0434,0
891,1,3139.9810,3143.2485,3143.5538,0.1312,0
891,0,3139.9810,3143.2485,3145.3025,0.1711,0
892,1,3143.7718,3147.1045,3147.6071,0.3194,0
892,0,3143.7718,3147.1045,3149.6524,0.0469,0
893,1,3147.6918,3150.7698,3151.1027,0.1156,0
893,0,3147.6918,3150.7698,3152.8218,0.0710,0
894,1,3151.2067,3154.4167,3154.7620,0.1514,0
894,0,3151.2067,3154.4167,3156.4525,0.0379,0
895,1,3154.8189,3158.0050,3158.3047,0.1176,0
895,0,3154.8189,3158.0050,3160.0114,0.0355,0
896,1,3158.3581,3161.2532,3161.5773,0.1569,0
896,0,3158.3581,3161.2532,3163.2906,0.0450,0
897,1,3161.6399,3164.8783,3165.1793,0.1160,0
897,0,3161.6399,3164.8783,3166.8650,0.0369,0
898,1,3165.2338,3168.2869,3168.5867,0.1155,0
898,0,3165.2338,3168.2869,3170.2723,0.0414,0
899,1,3168.6463,3172.1050,3172.4176,0.1169,0
899,0,3168.6463,3172.1050,3174.1289,0.0392,0
900,1,3172.4791,3175.3822,3175.8086,0.2634,0
900,0,3172.4791,3175.3822,3177.5051,0.1995,0
901,1,3176.0299,3179.0488,3179.3495,0.1181,0
901,0,3176.0299,3179.0488,3181.0308,0.0387,0
902,1,3179.4063,3182.6694,3182.9532,0.1157,0
902,0,3179.4063,3182.6694,3184.6914,0.1517,0
903,1,3183.1220,3186.1573,3186.5277,0.1580,0
903,0,3183.1220,3186.1573,3188.2863,0.0441,0
904,1,3186.5935,3189.4953,3189.8011,0.1170,0
904,0,3186.5935,3189.4953,3191.4817,0.0414,0
905,1,3189.8599,3192.9742,3193.3424,0.1783,0
905,0,3189.8599,3192.9742,3195.0137,0.0476,0
906,1,3193.4073,3196.3342,3196.7537,0.1134,0
906,0,3193.4073,3196.3342,3198.4518,0.1825,0
907,1,3196.9571,3199.9257,3200.2635,0.1312,0
907,0,3196.9571,3199.9257,3201.9673,0.0410,0
908,1,3200.3527,3203.2787,3203.6604,0.1571,0
908,0,3200.3527,3203.2787,3205.3459,0.0545,0
909,1,3203.7403,3206.9972,3207.2997,0.1165,0
909,0,3203.7403,3206.9972,3209.0078,0.0379,0
910,1,3207.3567,3210.7704,3211.2414,0.2794,0
910,0,3207.3567,3210.7704,3212.9204,0.0405,0
911,1,3211.3258,3214.3317,3214.8694,0.2632,0
911,0,3211.3258,3214.3317,3216.6593,0.0471,0
912,1,3214.9401,3218.0320,3218.3320,0.1168,0
912,0,3214.9401,3218.0320,3220.0019,0.0384,0
913,1,3218.3924,3221.5001,3221.8204,0.1130,0
913,0,3218.3924,3221.5001,3223.4878,0.3011,0
914,1,3222.1393,3224.9873,3225.4649,0.2670,0
914,0,3222.1393,3224.9873,3227.1863,0.0596,0
915,1,3225.5442,3228.5311,3228.8525,0.1187,0
915,0,3225.5442,3228.5311,3230.5032,0.0423,0
916,1,3228.9143,3232.0296,3232.3596,0.1242,0
916,0,3228.9143,3232.0296,3234.0483,0.0481,0
917,1,3232.4378,3235.5363,3236.0960,0.3612,0
917,0,3232.4378,3235.5363,3237.7722,0.0405,0
918,1,3236.1626,3239.1179,3239.4031,0.1140,0
918,0,3236.1626,3239.1179,3241.0718,0.0430,0
919,1,3239.4664,3242.6100,3243.1473,0.2851,0
919,0,3239.4664,3242.6100,3244.8344,0.0527,0
920,1,3243.2320,3246.3904,3246.8409,0.1497,0
920,0,3243.2320,3246.3904,3248.5116,0.0739,0
921,1,3246.9426,3249.9931,3250.3331,0.1664,0
921,0,3246.9426,3249.9931,3252.0077,0.0362,0
922,1,3250.3861,3253.2834,3253.5583,0.1125,0
922,0,3250.3861,3253.2834,3255.2151,0.0376,0
923,1,3253.6126,3256.5906,3256.9034,0.1340,0
923,0,3253.6126,3256.5906,3258.5727,0.0379,0
924,1,3256.9637,3259.9654,3260.2528,0.1131,0
924,0,3256.9637,3259.9654,3261.8954,0.0364,0
925,1,3260.3200,3264.0199,3264.3777,0.1783,0
925,0,3260.3200,3264.0199,3266.1003,0.0386,0
926,1,3264.4392,3267.3307,3267.6542,0.1630,0
926,0,3264.4392,3267.3307,3269.3198,0.0360,0
927,1,3267.7071,3270.8561,3271.1437,0.1148,0
927,0,3267.7071,3270.8561,3272.8080,0.0446,0
928,1,3271.2051,3274.1378,3274.4497,0.1083,0
928,0,3271.2051,3274.1378,3276.1117,0.0360,0
929,1,3274.5024,3277.7339,3278.4951,0.5343,0
929,0,3274.5024,3277.7339,3280.1887,0.0453,0
930,1,3278.5648,3281.7163,3281.9899,0.1109,0
930,0,3278.5648,3281.7163,3283.6779,0.0390,0
931,1,3282.0517,3285.2005,3285.5777,0.1159,0
931,0,3282.0517,3285.2005,3287.2577,0.0453,0
932,1,3285.6442,3288.4397,3289.0105,0.3812,0
932,0,3285.6442,3288.4397,3290.6825,0.1700,0
933,1,3289.2208,3292.2279,3292.5188,0.1165,0
933,0,3289.2208,3292.2279,3294.1861,0.0356,0
934,1,3292.5714,3295.1432,3295.6763,0.3655,0
934,0,3292.5714,3295.1432,3297.3788,0.0409,0
935,1,3295.7364,3299.1039,3299.4481,0.1126,0
935,0,3295.7364,3299.1039,3301.0935,0.0364,0
936,1,3299.5070,3302.3544,3302.9667,0.3872,0
936,0,3299.5070,3302.3544,3304.6038,0.0750,0
937,1,3303.0695,3306.1267,3306.4140,0.1137,0
937,0,3303.0695,3306.1267,3308.0655,0.0374,0
938,1,3306.4708,3309.6931,3310.0071,0.1206,0
938,0,3306.4708,3309.6931,3311.7027,0.0423,0
939,1,3310.0692,3313.6236,3314.1208,0.2549,0
939,0,3310.0692,3313.6236,3315.8223,0.0539,0
940,1,3314.1999,3316.6784,3316.9469,0.0944,0
940,0,3314.1999,3316.6784,3318.5862,0.2940,0
941,1,3317.2596,3320.2285,3320.5172,0.1136,0
941,0,3317.2596,3320.2285,3322.1510,0.0358,0
942,1,3320.5699,3323.6843,3323.9754,0.1154,0
942,0,3320.5699,3323.6843,3325.6176,0.0448,0
943,1,3324.0370,3327.1982,3327.6454,0.1120,0
943,0,3324.0370,3327.1982,3329.3211,0.1054,0
944,1,3327.7715,3330.5358,3330.9580,0.2633,0
944,0,3327.7715,3330.5358,3332.6552,0.0677,0
945,1,3331.0437,3333.7002,3334.2402,0.3624,0
945,0,3331.0437,3333.7002,3335.8900,0.0378,0
946,1,3334.2951,3337.3405,3337.6189,0.1170,0
946,0,3334.2951,3337.3405,3339.2328,0.0499,0
947,1,3337.6855,3340.6827,3341.0154,0.1169,0
947,0,3337.6855,3340.6827,3342.6342,0.0391,0
948,1,3341.0721,3344.7117,3345.0812,0.1901,0
948,0,3341.0721,3344.7117,3346.7827,0.0449,0
949,1,3345.1451,3348.3207,3348.6124,0.1127,0
949,0,3345.1451,3348.3207,3350.2736,0.0376,0
950,1,3348.6706,3351.6957,3351.9804,0.1133,0
950,0,3348.6706,3351.6957,3353.6550,0.0368,0
951,1,3352.0336,3355.1346,3355.4215,0.1125,0
951,0,3352.0336,3355.1346,3357.0903,0.0360,0
952,1,3355.4904,3357.9990,3358.2441,0.0996,0
952,0,3355.4904,3357.9990,3359.8816,0.2915,0
953,1,3358.5570,3361.3045,3361.8873,0.3661,0
953,0,3358.5570,3361.3045,3363.5143,0.0436,0
954,1,3361.9486,3365.0376,3365.3452,0.1192,0
954,0,3361.9486,3365.0376,3366.9697,0.0427,0
955,1,3365.4052,3368.6179,3368.9194,0.1093,0
955,0,3365.4052,3368.6179,3370.5483,0.0466,0
956,1,3368.9826,3371.7600,3372.3678,0.4007,0
956,0,3368.9826,3371.7600,3374.0008,0.0504,0
957,1,3372.4466,3375.5103,3375.8938,0.1280,0
957,0,3372.4466,3375.5103,3377.5301,0.0739,0
958,1,3375.9939,3379.1980,3379.5008,0.1147,0
958,0,3375.9939,3379.1980,3381.1339,0.0447,0
959,1,3379.5694,3382.8055,3383.0885,0.1124,0
959,0,3379.5694,3382.8055,3384.7515,0.1657,0
960,1,3383.2719,3386.1052,3386.5052,0.2382,0
960,0,3383.2719,3386.1052,3388.1339,0.0358,0
961,1,3386.5656,3389.2736,3389.8514,0.3184,0
961,0,3386.5656,3389.2736,3391.6197,0.0446,0
962,1,3389.9156,3392.9661,3393.2525,0.1196,0
962,0,3389.9156,3392.9661,3394.8713,0.0381,0
963,1,3393.3102,3396.3272,3396.7429,0.1175,0
963,0,3393.3102,3396.3272,3398.3638,0.6896,0
964,1,3397.4600,3400.0924,3400.6109,0.3006,0
964,0,3397.4600,3400.0924,3402.2140,0.0439,0
965,1,3400.6738,3403.6457,3403.9385,0.1170,0
965,0,3400.6738,3403.6457,3405.5483,0.0366,0
966,1,3403.9922,3407.0325,3407.3644,0.1213,0
966,0,3403.9922,3407.0325,3409.0987,0.0420,0
967,1,3407.4247,3410.9303,3411.5255,0.3973,0
967,0,3407.4247,3410.9303,3413.2533,0.0457,0
968,1,3411.5940,3414.4608,3414.9398,0.3181,0
968,0,3411.5940,3414.4608,3416.5626,0.0385,0
969,1,3414.9966,3418.1623,3418.4581,0.1196,0
969,0,3414.9966,3418.1623,3420.0934,0.0446,0
970,1,3418.5227,3421.6522,3422.0584,0.1159,0
970,0,3418.5227,3421.6522,3423.7106,0.0432,0
971,1,3422.1296,3425.1985,3425.4974,0.1163,0
971,0,3422.1296,3425.1985,3427.2130,0.0378,0
972,1,3425.5670,3428.5227,3428.8122,0.1184,0
972,0,3425.5670,3428.5227,3430.4606,0.0398,0
973,1,3428.8715,3432.0929,3432.4223,0.1226,0
973,0,3428.8715,3432.0929,3434.0688,0.0462,0
974,1,3432.4873,3435.6174,3436.2249,0.4044,0
974,0,3432.4873,3435.6174,3437.8926,0.0641,0
975,1,3436.3161,3439.3560,3439.7042,0.1587,0
975,0,3436.3161,3439.3560,3441.3647,0.0453,0
976,1,3439.7685,3442.9244,3443.2461,0.1178,0
976,0,3439.7685,3442.9244,3444.9555,0.0445,0
977,1,3443.3095,3446.5851,3447.1058,0.3107,0
977,0,3443.3095,3446.5851,3448.8454,0.1315,0
978,1,3447.2775,3450.1845,3450.4637,0.1187,0
978,0,3447.2775,3450.1845,3452.2276,0.0363,0
979,1,3450.5172,3453.5566,3453.8540,0.1157,0
979,0,3450.5172,3453.5566,3455.5127,0.0374,0
980,1,3453.9114,3457.0620,3457.3566,0.1139,0
980,0,3453.9114,3457.0620,3459.0113,0.0366,0
981,1,3457.4103,3460.5985,3460.9314,0.1175,0
981,0,3457.4103,3460.5985,3462.6150,0.2316,0
982,1,3461.1820,3463.9819,3464.4717,0.2954,0
982,0,3461.1820,3463.9819,3466.1194,0.0389,0
983,1,3464.5278,3467.4696,3467.8108,0.1614,0
983,0,3464.5278,3467.4696,3469.4859,0.0369,0
984,1,3467.8644,3470.9091,3471.2023,0.1188,0
984,0,3467.8644,3470.9091,3472.8437,0.0369,0
985,1,3471.2573,3474.2608,3474.5872,0.1546,0
985,0,3471.2573,3474.2608,3476.2273,0.0360,0
986,1,3474.6398,3477.7313,3478.1986,0.2688,0
986,0,3474.6398,3477.7313,3479.9082,0.1435,0
987,1,3478.3656,3481.6026,3481.9355,0.1285,0
987,0,3478.3656,3481.6026,3483.6447,0.0424,0
988,1,3481.9963,3485.0722,3485.3612,0.1141,0
988,0,3481.9963,3485.0722,3487.0137,0.0837,0
989,1,3485.4655,3488.3704,3488.9438,0.3591,0
989,0,3485.4655,3488.3704,3490.6109,0.1360,0
990,1,3489.0997,3491.9912,3492.2644,0.1143,0
990,0,3489.0997,3491.9912,3493.9007,0.0360,0
991,1,3492.3185,3495.2973,3495.5918,0.1159,0
991,0,3492.3185,3495.2973,3497.2384,0.0370,0
992,1,3495.6520,3498.9877,3499.3446,0.1126,0
992,0,3495.6520,3498.9877,3501.0142,0.0358,0
993,1,3499.3996,3502.4661,3502.9283,0.2650,0
993,0,3499.3996,3502.4661,3504.6046,0.0403,0
994,1,3502.9912,3505.8688,3506.1918,0.1210,0
994,0,3502.9912,3505.8688,3507.8298,0.0440,0
995,1,3506.2536,3509.5944,3509.9162,0.1165,0
995,0,3506.2536,3509.5944,3511.6074,0.0421,0
996,1,3509.9756,3513.1209,3513.4557,0.1408,0
996,0,3509.9756,3513.1209,3515.1184,0.1270,0
997,1,3513.6047,3516.3164,3516.8129,0.2524,0
997,0,3513.6047,3516.3164,3518.4801,0.0636,0
998,1,3517.9746,3520.8639,3521.1661,0.1169,0
998,0,3517.9746,3520.8639,3522.7987,0.0380,0
999,1,3521.3153,3524.7286,3525.0072,0.1166,0
999,0,3521.3153,3524.7286,3526.6803,0.0345,0
1000,1,3525.0639,3528.0059,3528.3350,0.1614,0
1000,0,3525.0639,3528.0059,3529.9822,0.0367,0
1001,1,3528.3886,3531.6017,3531.9213,0.1141,0
1001,0,3528.3886,3531.6017,3533.5720,0.0446,0
1002,1,3531.9844,3535.1123,3535.4800,0.1120,0
1002,0,3531.9844,3535.1123,3537.1343,0.0390,0
1003,1,3535.5393,3538.4486,3538.9854,0.3693,0
1003,0,3535.5393,3538.4486,3540.6745,0.0873,0
1004,1,3539.0933,3541.9746,3542.3788,0.2020,0
1004,0,3539.0933,3541.9746,3544.0529,0.1654,0
1005,1,3542.5650,3545.6132,3545.9508,0.1645,0
1005,0,3542.5650,3545.6132,3547.7479,0.0373,0
1006,1,3546.0074,3549.1125,3549.4436,0.1087,0
1006,0,3546.0074,3549.1125,3551.0910,0.0361,0
1007,1,3549.4988,3552.2546,3552.8256,0.3790,0
1007,0,3549.4988,3552.2546,3554.4795,0.1030,0
1008,1,3552.9511,3555.8700,3556.1885,0.1594,0
1008,0,3552.9511,3555.8700,3557.8111,0.0373,0
1009,1,3556.2455,3559.2494,3559.5417,0.1172,0
1009,0,3556.2455,3559.2494,3561.2055,0.0410,0
1010,1,3559.6028,3562.6633,3563.0712,0.1138,0
1010,0,3559.6028,3562.6633,3564.7190,0.0442,0
1011,1,3563.1672,3566.1984,3566.8129,0.3530,0
1011,0,3563.1672,3566.1984,3568.4668,0.1366,0
1012,1,3566.9769,3569.9332,3570.2693,0.1218,0
1012,0,3566.9769,3569.9332,3571.8960,0.0458,0
1013,1,3570.3327,3573.3032,3573.5913,0.1123,0
1013,0,3570.3327,3573.3032,3575.2904,0.0363,0
1014,1,3573.6445,3576.9442,3577.4355,0.2878,0
1014,0,3573.6445,3576.9442,3579.1114,0.3063,0
1015,1,3577.7659,3580.6671,3581.1697,0.2850,0
1015,0,3577.7659,3580.6671,3582.8214,0.0417,0
1016,1,3581.2359,3584.2034,3584.4838,0.1164,0
1016,0,3581.2359,3584.2034,3586.1118,0.0439,0
1017,1,3584.5459,3587.7320,3588.0557,0.1185,0
1017,0,3584.5459,3587.7320,3589.7093,0.0442,0
1018,1,3588.1170,3591.1814,3591.4895,0.1165,0
1018,0,3588.1170,3591.1814,3593.1619,0.3314,0
1019,1,3591.8422,3594.8215,3595.1116,0.1143,0
1019,0,3591.8422,3594.8215,3596.8199,0.0365,0
1020,1,3595.1660,3598.3053,3598.5810,0.1128,0
1020,0,3595.1660,3598.3053,3600.2351,0.0425,0
1021,1,3598.6496,3602.0165,3602.4192,0.1600,0
1021,0,3598.6496,3602.0165,3604.0769,0.2325,0
1022,1,3602.6856,3605.7100,3606.0214,0.1035,0
1022,0,3602.6856,3605.7100,3607.7600,0.0476,0
1023,1,3606.1069,3609.4875,3609.7879,0.1125,0
1023,0,3606.1069,3609.4875,3611.4893,0.0438,0
1024,1,3609.8493,3613.0186,3613.3837,0.1133,0
1024,0,3609.8493,3613.0186,3615.0609,0.2082,0
1025,1,3613.6110,3616.5969,3616.9619,0.1769,0
1025,0,3613.6110,3616.5969,3618.6444,0.0455,0
1026,1,3617.0247,3619.8933,3620.1857,0.1148,0
1026,0,3617.0247,3619.8933,3621.8405,0.0671,0
1027,1,3620.2754,3623.3052,3623.6342,0.1194,0
1027,0,3620.2754,3623.3052,3625.2865,0.0460,0
1028,1,3623.6979,3626.6429,3626.9814,0.1233,0
1028,0,3623.6979,3626.6429,3628.6777,0.0395,0
1029,1,3627.0397,3630.3130,3630.6422,0.1178,0
1029,0,3627.0397,3630.3130,3632.3425,0.0452,0
1030,1,3630.7234,3633.6129,3633.9269,0.1304,0
1030,0,3630.7234,3633.6129,3635.5970,0.0448,0
1031,1,3634.0044,3637.0016,3637.2993,0.1177,0
1031,0,3634.0044,3637.0016,3639.0657,0.0391,0
1032,1,3637.3703,3640.4549,3640.8361,0.1190,0
1032,0,3637.3703,3640.4549,3642.5698,0.0438,0
1033,1,3640.9030,3644.5912,3644.9148,0.1215,0
1033,0,3640.9030,3644.5912,3646.7100,0.0466,0
1034,1,3644.9826,3647.8099,3648.4048,0.4280,0
1034,0,3644.9826,3647.8099,3650.0924,0.1782,0
1035,1,3648.6045,3651.6999,3651.9988,0.1141,0
1035,0,3648.6045,3651.6999,3653.6760,0.0389,0
1036,1,3652.0547,3655.0659,3655.6187,0.3861,0
1036,0,3652.0547,3655.0659,3657.3105,0.0565,0
1037,1,3655.7180,3658.8011,3659.1263,0.1185,0
1037,0,3655.7180,3658.8011,3660.8240,0.0548,0
1038,1,3659.2020,3662.3176,3662.6049,0.1155,0
1038,0,3659.2020,3662.3176,3664.2685,0.0433,0
1039,1,3662.6658,3665.9194,3666.2395,0.1397,0
1039,0,3662.6658,3665.9194,3667.9130,0.2937,0
1040,1,3666.5684,3669.4558,3669.7872,0.1643,0
1040,0,3666.5684,3669.4558,3671.4488,0.0700,0
1041,1,3669.9032,3672.9106,3673.2270,0.1218,0
1041,0,3669.9032,3672.9106,3674.9114,0.0424,0
1042,1,3673.2898,3676.5575,3677.0259,0.2773,0
1042,0,3673.2898,3676.5575,3678.6982,0.1132,0
1043,1,3677.1606,3680.4553,3680.9240,0.2582,0
1043,0,3677.1606,3680.4553,3682.6842,0.1056,0
1044,1,3681.0509,3683.9927,3684.2730,0.1176,0
1044,0,3681.0509,3683.9927,3685.9724,0.0460,0
1045,1,3684.3378,3687.5734,3687.8683,0.1153,0
1045,0,3684.3378,3687.5734,3689.5452,0.0427,0
1046,1,3687.9294,3690.8814,3691.1727,0.1088,0
1046,0,3687.9294,3690.8814,3692.8414,0.0370,0
1047,1,3691.2284,3693.9689,3694.5460,0.4096,0
1047,0,3691.2284,3693.9689,3696.2417,0.0565,0
1048,1,3694.6226,3697.4480,3697.9129,0.2993,0
1048,0,3694.6226,3697.4480,3699.5618,0.0392,0
1049,1,3697.9723,3701.0020,3701.3012,0.1168,0
1049,0,3697.9723,3701.0020,3702.9627,0.0455,0
1050,1,3701.3639,3704.4744,3704.8024,0.1153,0
1050,0,3701.3639,3704.4744,3706.4633,0.1157,0
1051,1,3704.9602,3708.2062,3708.4986,0.1127,0
1051,0,3704.9602,3708.2062,3710.1505,0.0489,0
1052,1,3708.5684,3711.8370,3712.2131,0.1614,0
1052,0,3708.5684,3711.8370,3713.8739,0.0447,0
1053,1,3712.2772,3715.5380,3715.8689,0.1207,0
1053,0,3712.2772,3715.5380,3717.5921,0.0407,0
1054,1,3715.9276,3718.6905,3719.0978,0.2059,0
1054,0,3715.9276,3718.6905,3720.8098,0.0436,0
1055,1,3719.1590,3722.4539,3722.8367,0.1671,0
1055,0,3719.1590,3722.4539,3724.5746,0.0442,0
1056,1,3722.8993,3725.8340,3726.1506,0.1251,0
1056,0,3722.8993,3725.8340,3727.8155,0.0447,0
1057,1,3726.2127,3729.3913,3729.6865,0.1198,0
1057,0,3726.2127,3729.3913,3731.3485,0.0462,0
1058,1,3729.7497,3732.9190,3733.3104,0.1933,0
1058,0,3729.7497,3732.9190,3734.9765,0.1902,0
1059,1,3733.5282,3736.6812,3737.0129,0.1203,0
1059,0,3733.5282,3736.6812,3738.9044,0.0438,0
1060,1,3737.0753,3740.1482,3740.4456,0.1157,0
1060,0,3737.0753,3740.1482,3742.1149,0.0446,0
1061,1,3740.5080,3744.3762,3744.7278,0.1719,0
1061,0,3740.5080,3744.3762,3746.4535,0.0751,0
1062,1,3744.8281,3747.9952,3748.2758,0.1139,0
1062,0,3744.8281,3747.9952,3749.9854,0.0443,0
1063,1,3748.3374,3751.5540,3751.8761,0.1200,0
1063,0,3748.3374,3751.5540,3753.5826,0.0448,0
1064,1,3751.9382,3755.0070,3755.3409,0.1183,0
1064,0,3751.9382,3755.0070,3757.0404,0.2311,0
1065,1,3755.6157,3758.7564,3759.0878,0.1213,0
1065,0,3755.6157,3758.7564,3760.8019,0.0409,0
1066,1,3759.1515,3762.1405,3762.4147,0.1181,0
1066,0,3759.1515,3762.1405,3764.1112,0.0355,0
1067,1,3762.4672,3765.9221,3766.2591,0.1555,0
1067,0,3762.4672,3765.9221,3767.9811,0.0359,0
1068,1,3766.3330,3768.9753,3769.5172,0.3940,0
1068,0,3766.3330,3768.9753,3771.2108,0.1590,0
1069,1,3769.7035,3772.8091,3773.1045,0.1171,0
1069,0,3769.7035,3772.8091,3774.8068,0.0365,0
1070,1,3773.1591,3776.6794,3776.9560,0.1131,0
1070,0,3773.1591,3776.6794,3778.6578,0.0438,0
1071,1,3777.0170,3780.2388,3780.6843,0.2627,0
1071,0,3777.0170,3780.2388,3782.4019,0.0488,0
1072,1,3780.7536,3783.6517,3783.9777,0.1588,0
1072,0,3780.7536,3783.6517,3785.7672,0.0393,0
1073,1,3784.0344,3787.0689,3787.3664,0.1156,0
1073,0,3784.0344,3787.0689,3789.0745,0.0359,0
1074,1,3787.4216,3790.5269,3790.8403,0.1167,0
1074,0,3787.4216,3790.5269,3792.5221,0.0445,0
1075,1,3790.9017,3793.9423,3794.4931,0.3640,0
1075,0,3790.9017,3793.9423,3796.1880,0.0385,0
1076,1,3794.5527,3797.4013,3797.8565,0.2891,0
1076,0,3794.5527,3797.4013,3799.5265,0.0363,0
1077,1,3797.9103,3800.9479,3801.3241,0.1137,0
1077,0,3797.9103,3800.9479,3803.0268,0.0533,0
1078,1,3801.4034,3804.5277,3804.9209,0.1133,0
1078,0,3801.4034,3804.5277,3806.6081,0.0417,0
1079,1,3804.9807,3808.3492,3808.7360,0.1634,0
1079,0,3804.9807,3808.3492,3810.4786,0.0471,0
1080,1,3808.8068,3811.8877,3812.1785,0.1132,0
1080,0,3808.8068,3811.8877,3813.8531,0.0365,0
1081,1,3812.2350,3815.5300,3815.8574,0.1181,0
1081,0,3812.2350,3815.5300,3817.8043,0.1692,0
1082,1,3816.0468,3819.1601,3819.5532,0.1921,0
1082,0,3816.0468,3819.1601,3821.2370,0.0427,0
1083,1,3819.6162,3822.7260,3823.0194,0.1161,0
1083,0,3819.6162,3822.7260,3824.7368,0.0360,0
1084,1,3823.0721,3826.0850,3826.3615,0.1155,0
1084,0,3823.0721,3826.0850,3828.0380,0.0373,0
1085,1,3826.4217,3829.6735,3830.0855,0.1103,0
1085,0,3826.4217,3829.6735,3831.7770,0.4301,0
1086,1,3830.5349,3833.5034,3833.8875,0.1650,0
1086,0,3830.5349,3833.5034,3835.5613,0.0442,0
1087,1,3833.9503,3837.0688,3837.3645,0.1152,0
1087,0,3833.9503,3837.0688,3839.0403,0.0432,0
1088,1,3837.4247,3840.6456,3841.0353,0.1266,0
1088,0,3837.4247,3840.6456,3842.7711,0.0396,0
1089,1,3841.0938,3845.1334,3845.4239,0.1153,0
1089,0,3841.0938,3845.1334,3847.1496,0.0355,0
1090,1,3845.4760,3848.8381,3849.1328,0.1223,0
1090,0,3845.4760,3848.8381,3850.9919,0.0354,0
1091,1,3849.1849,3852.6941,3853.2200,0.3337,0
1091,0,3849.1849,3852.6941,3854.9901,0.1701,0
1092,1,3853.4168,3856.5519,3856.9071,0.1698,0
1092,0,3853.4168,3856.5519,3858.6498,0.0441,0
1093,1,3856.9707,3860.2960,3860.5795,0.1102,0
1093,0,3856.9707,3860.2960,3862.3246,0.0575,0
1094,1,3860.6540,3863.8205,3864.2516,0.2641,0
1094,0,3860.6540,3863.8205,3866.1320,0.0601,0
1095,1,3864.3299,3867.4911,3867.7829,0.1130,0
1095,0,3864.3299,3867.4911,3869.5280,0.0437,0
1096,1,3867.8449,3871.0689,3871.6435,0.1902,0
1096,0,3867.8449,3871.0689,3873.3919,0.0534,0
1097,1,3871.7431,3875.1510,3875.4919,0.1234,0
1097,0,3871.7431,3875.1510,3877.2616,0.0438,0
1098,1,3875.5725,3878.6576,3878.9400,0.1163,0
1098,0,3875.5725,3878.6576,3880.6790,0.0351,0
1099,1,3878.9942,3882.3725,3882.6891,0.1148,0
1099,0,3878.9942,3882.3725,3884.4325,0.0403,0
1100,1,3882.7491,3885.7322,3886.4306,0.3360,0
1100,0,3882.7491,3885.7322,3888.2394,0.0538,0
1101,1,3886.5093,3889.6977,3890.1717,0.2916,0
1101,0,3886.5093,3889.6977,3891.9295,0.0449,0
1102,1,3890.2379,3893.5037,3893.8306,0.1138,0
1102,0,3890.2379,3893.5037,3895.5620,0.0403,0
1103,1,3893.8897,3897.1496,3897.6661,0.3000,0
1103,0,3893.8897,3897.1496,3899.4453,0.0451,0
1104,1,3897.7314,3900.7786,3901.1076,0.1577,0
1104,0,3897.7314,3900.7786,3902.8343,0.0447,0
1105,1,3901.1695,3904.4853,3904.9192,0.1892,0
1105,0,3901.1695,3904.4853,3906.6784,0.0378,0
1106,1,3904.9749,3907.9878,3908.5914,0.3949,0
1106,0,3904.9749,3907.9878,3910.3340,0.0799,0
1107,1,3908.6929,3912.0615,3912.4096,0.1600,0
1107,0,3908.6929,3912.0615,3914.1750,0.0473,0
1108,1,3912.4801,3916.0900,3916.4250,0.1191,0
1108,0,3912.4801,3916.0900,3918.1759,0.2564,0
1109,1,3916.7166,3919.9970,3920.3533,0.1349,0
1109,0,3916.7166,3919.9970,3922.1078,0.1963,0
1110,1,3920.5734,3923.8861,3924.2154,0.1191,0
1110,0,3920.5734,3923.8861,3925.9674,0.0413,0
1111,1,3924.2787,3927.7114,3928.1174,0.2002,0
1111,0,3924.2787,3927.7114,3929.9854,0.0441,0
1112,1,3928.2000,3931.4913,3931.8483,0.1561,0
1112,0,3928.2000,3931.4913,3933.6327,0.0450,0
1113,1,3931.9161,3935.2352,3935.6385,0.1126,0
1113,0,3931.9161,3935.2352,3937.4192,0.2011,0
1114,1,3935.8656,3938.9948,3939.4668,0.2931,0
1114,0,3935.8656,3938.9948,3941.2210,0.0390,0
1115,1,3939.5247,3942.9600,3943.3275,0.1630,0
1115,0,3939.5247,3942.9600,3945.1858,0.0425,0
1116,1,3943.3928,3946.9319,3947.3674,0.2540,0
1116,0,3943.3928,3946.9319,3949.1450,0.1307,0
1117,1,3947.5232,3950.7296,3951.1139,0.1587,0
1117,0,3947.5232,3950.7296,3952.8942,0.0456,0
1118,1,3951.1767,3954.3768,3954.7639,0.1938,0
1118,0,3951.1767,3954.3768,3956.5267,0.0406,0
1119,1,3954.8216,3958.1334,3958.4262,0.1122,0
1119,0,3954.8216,3958.1334,3960.2058,0.0369,0
1120,1,3958.4801,3961.5210,3961.8607,0.1783,0
1120,0,3958.4801,3961.5210,3963.6442,0.0374,0
1121,1,3961.9162,3965.2387,3965.6169,0.1604,0
1121,0,3961.9162,3965.2387,3967.4084,0.0571,0
1122,1,3965.6983,3968.8538,3969.2342,0.1108,0
1122,0,3965.6983,3968.8538,3971.0447,0.1161,0
1123,1,3969.3721,3972.5314,3973.0008,0.2890,0
1123,0,3969.3721,3972.5314,3974.7672,0.0426,0
1124,1,3973.0638,3976.2990,3976.7532,0.2861,0
1124,0,3973.0638,3976.2990,3978.4989,0.0376,0
1125,1,3976.8105,3980.3649,3980.8075,0.2643,0
1125,0,3976.8105,3980.3649,3982.5798,0.0511,0
1126,1,3980.8802,3983.9487,3984.2439,0.1014,0
1126,0,3980.8802,3983.9487,3985.9900,0.0437,0
1127,1,3984.3059,3987.8212,3988.1094,0.1135,0
1127,0,3984.3059,3987.8212,3989.8705,0.0365,0
1128,1,3988.1630,3991.2393,3992.0727,0.3825,0
1128,0,3988.1630,3991.2393,3993.8828,0.0466,0
1129,1,3992.1627,3995.5363,3995.9068,0.1571,0
1129,0,3992.1627,3995.5363,3997.6928,0.0438,0
1130,1,3995.9771,3999.3329,3999.6129,0.1062,0
1130,0,3995.9771,3999.3329,4001.3737,0.1752,0
1131,1,3999.8066,4003.0713,4003.4242,0.1695,0
1131,0,3999.8066,4003.0713,4005.2200,0.0371,0
1132,1,4003.4784,4006.5983,4007.0043,0.2435,0
1132,0,4003.4784,4006.5983,4008.7670,0.0358,0
1133,1,4007.0579,4010.4473,4011.1001,0.4354,0
1133,0,4007.0579,4010.4473,4012.8991,0.1164,0
1134,1,4011.2375,4014.1910,4014.6486,0.2925,0
1134,0,4011.2375,4014.1910,4016.3915,0.0417,0
1135,1,4014.7121,4017.8535,4018.2144,0.1731,0
1135,0,4014.7121,4017.8535,4019.9509,0.0426,0
1136,1,4019.2109,4021.9984,4022.5737,0.1820,0
1136,0,4019.2109,4021.9984,4024.3000,0.0421,0
1137,1,4022.7139,4026.0815,4026.5782,0.2851,0
1137,0,4022.7139,4026.0815,4028.3008,0.0450,0
1138,1,4026.6439,4029.8840,4030.1858,0.1096,0
1138,0,4026.6439,4029.8840,4031.9079,0.3609,0
1139,1,4030.5659,4033.7847,4034.1198,0.1202,0
1139,0,4030.5659,4033.7847,4035.9703,0.0437,0
1140,1,4034.1816,4037.4419,4037.7328,0.1138,0
1140,0,4034.1816,4037.4419,4039.4646,0.0399,0
1141,1,4037.7903,4041.0031,4041.3882,0.1714,0
1141,0,4037.7903,4041.0031,4043.1661,0.1945,0
1142,1,4041.6017,4045.2408,4045.5722,0.1204,0
1142,0,4041.6017,4045.2408,4047.3896,0.0443,0
1143,1,4045.6399,4049.2082,4049.5274,0.1126,0
1143,0,4045.6399,4049.2082,4051.2902,0.0453,0
1144,1,4049.5917,4052.9459,4053.4304,0.3078,0
1144,0,4049.5917,4052.9459,4055.2350,0.0356,0
1145,1,4053.4833,4056.8964,4057.2002,0.1231,0
1145,0,4053.4833,4056.8964,4058.9722,0.0376,0
1146,1,4057.2576,4060.3895,4060.6941,0.1323,0
1146,0,4057.2576,4060.3895,4062.4575,0.0414,0
1147,1,4060.7523,4063.7972,4064.3330,0.3605,0
1147,0,4060.7523,4063.7972,4066.1196,0.0373,0
1148,1,4064.3888,4067.4634,4067.7440,0.1229,0
1148,0,4064.3888,4067.4634,4069.6547,0.0367,0
1149,1,4067.7973,4071.2564,4071.7622,0.1735,0
1149,0,4067.7973,4071.2564,4073.5331,0.1521,0
1150,1,4071.9376,4075.0540,4075.4355,0.1648,0
1150,0,4071.9376,4075.0540,4077.2176,0.0500,0
1151,1,4075.5074,4078.7353,4079.0340,0.1133,0
1151,0,4075.5074,4078.7353,4080.8421,0.0431,0
1152,1,4079.0963,4082.3758,4082.7904,0.1666,0
1152,0,4079.0963,4082.3758,4084.5427,0.0415,0
1153,1,4082.8496,4086.1362,4086.5978,0.1791,0
1153,0,4082.8496,4086.1362,4088.3801,0.0497,0
1154,1,4086.6678,4089.7470,4090.0257,0.1144,0
1154,0,4086.6678,4089.7470,4091.7864,0.0447,0
1155,1,4090.0878,4093.6989,4094.0579,0.1599,0
1155,0,4090.0878,4093.6989,4095.8126,0.0400,0
1156,1,4094.1152,4097.2638,4097.7477,0.3009,0
1156,0,4094.1152,4097.2638,4099.4986,0.0504,0
1157,1,4097.8386,4101.0066,4101.3005,0.1148,0
1157,0,4097.8386,4101.0066,4103.0469,0.0439,0
1158,1,4101.3622,4104.6756,4105.0585,0.1817,0
1158,0,4101.3622,4104.6756,4106.8076,0.0402,0
1159,1,4105.1164,4108.1710,4108.6099,0.2699,0
1159,0,4105.1164,4108.1710,4110.3626,0.0541,0
1160,1,4108.6942,4111.8130,4112.0949,0.1140,0
1160,0,4108.6942,4111.8130,4113.8288,0.0443,0
1161,1,4112.1579,4115.4978,4115.8397,0.1663,0
1161,0,4112.1579,4115.4978,4117.6099,0.0437,0
1162,1,4115.9024,4119.0538,4119.7095,0.4750,0
1162,0,4115.9024,4119.0538,4121.4498,0.0709,0
1163,1,4119.8021,4123.1313,4123.4976,0.1581,0
1163,0,4119.8021,4123.1313,4125.2424,0.0390,0
1164,1,4123.5575,4126.9258,4127.2858,0.1177,0
1164,0,4123.5575,4126.9258,4129.0317,0.0461,0
1165,1,4127.3507,4130.4680,4130.9765,0.3032,0
1165,0,4127.3507,4130.4680,4132.7887,0.0471,0
1166,1,4131.0425,4134.0706,4134.3927,0.1610,0
1166,0,4131.0425,4134.0706,4136.2060,0.0359,0
1167,1,4134.4627,4138.0193,4138.3621,0.1140,0
1167,0,4134.4627,4138.0193,4140.1111,0.0369,0
1168,1,4138.4396,4141.9406,4142.3552,0.1420,0
1168,0,4138.4396,4141.9406,4144.1835,0.1010,0
1169,1,4142.4940,4145.9030,4146.2055,0.1166,0
1169,0,4142.4940,4145.9030,4148.0942,0.0443,0
1170,1,4146.2669,4149.7921,4150.2340,0.1141,0
1170,0,4146.2669,4149.7921,4152.0257,0.1904,0
1171,1,4150.4513,4153.6135,4154.0386,0.2522,0
1171,0,4150.4513,4153.6135,4155.8127,0.0821,0
1172,1,4154.1408,4157.3876,4157.7987,0.1775,0
1172,0,4154.1408,4157.3876,4159.5745,0.0383,0
1173,1,4157.8547,4161.1773,4161.5116,0.1160,0
1173,0,4157.8547,4161.1773,4163.4356,0.1649,0
1174,1,4161.7016,4164.9601,4165.2858,0.1614,0
1174,0,4161.7016,4164.9601,4167.0528,0.0368,0
1175,1,4165.3417,4168.6838,4168.9964,0.1108,0
1175,0,4165.3417,4168.6838,4170.7674,0.0436,0
1176,1,4169.0836,4172.4313,4172.9042,0.2658,0
1176,0,4169.0836,4172.4313,4174.6715,0.0538,0
1177,1,4172.9780,4176.2638,4176.7231,0.2319,0
1177,0,4172.9780,4176.2638,4178.5044,0.1215,0
1178,1,4176.8659,4180.3302,4180.8210,0.2587,0
1178,0,4176.8659,4180.3302,4182.7063,0.0551,0
1179,1,4180.9028,4184.1581,4184.4723,0.1345,0
1179,0,4180.9028,4184.1581,4186.2742,0.0374,0
1180,1,4184.5471,4187.9819,4188.3209,0.1143,0
1180,0,4184.5471,4187.9819,4190.1039,0.0447,0
1181,1,4188.3846,4191.3064,4191.9241,0.4343,0
1181,0,4188.3846,4191.3064,4193.7105,0.0577,0
1182,1,4192.0045,4195.0456,4195.3705,0.1593,0
1182,0,4192.0045,4195.0456,4197.1255,0.0465,0
1183,1,4195.4358,4198.8794,4199.2480,0.1244,0
1183,0,4195.4358,4198.8794,4201.0379,0.1119,0
1184,1,4199.3891,4202.7420,4203.1560,0.1665,0
1184,0,4199.3891,4202.7420,4205.0159,0.0533,0
1185,1,4203.2292,4206.3635,4206.7445,0.1569,0
1185,0,4203.2292,4206.3635,4208.6060,0.0441,0
1186,1,4206.8089,4210.4323,4210.9141,0.1096,0
1186,0,4206.8089,4210.4323,4212.7037,0.1677,0
1187,1,4211.1094,4214.2641,4214.7572,0.3003,0
1187,0,4211.1094,4214.2641,4216.5236,0.0426,0
1188,1,4214.8220,4218.2155,4218.5118,0.1207,0
1188,0,4214.8220,4218.2155,4220.2873,0.0363,0
1189,1,4218.5650,4221.7629,4222.3678,0.3945,0
1189,0,4218.5650,4221.7629,4224.1525,0.0470,0
1190,1,4222.4334,4225.4798,4225.9577,0.1678,0
1190,0,4222.4334,4225.4798,4227.7379,0.0454,0
1191,1,4226.0475,4229.5016,4229.8390,0.1225,0
1191,0,4226.0475,4229.5016,4231.6015,0.1038,0
1192,1,4229.9756,4232.9807,4233.2772,0.1146,0
1192,0,4229.9756,4232.9807,4235.0239,0.0439,0
1193,1,4233.3429,4236.5518,4236.9927,0.2361,0
1193,0,4233.3429,4236.5518,4238.7556,0.0447,0
1194,1,4237.0550,4240.2858,4240.6019,0.1200,0
1194,0,4237.0550,4240.2858,4242.4192,0.0445,0
1195,1,4240.6648,4244.7047,4245.0848,0.1962,0
1195,0,4240.6648,4244.7047,4246.8907,0.0446,0
1196,1,4245.1497,4248.4678,4248.8131,0.1540,0
1196,0,4245.1497,4248.4678,4250.5987,0.0455,0
1197,1,4248.8765,4252.1281,4252.4510,0.1132,0
1197,0,4248.8765,4252.1281,4254.2438,0.0421,0
1198,1,4252.5112,4255.6778,4256.0848,0.1721,0
1198,0,4252.5112,4255.6778,4257.8800,0.0509,0
1199,1,4256.1565,4259.3354,4259.6784,0.1618,0
1199,0,4256.1565,4259.3354,4261.4675,0.0374,0
1200,1,4259.7348,4263.0423,4263.4100,0.1115,0
1200,0,4259.7348,4263.0423,4265.2094,0.2232,0
1201,1,4263.6537,4266.9203,4267.2976,0.1700,0
1201,0,4263.6537,4266.9203,4269.0790,0.0558,0
1202,1,4267.3915,4270.4680,4270.7999,0.1590,0
1202,0,4267.3915,4270.4680,4272.5538,0.0393,0
1203,1,4270.8624,4274.3820,4274.6783,0.1148,0
1203,0,4270.8624,4274.3820,4276.4820,0.3227,0
1204,1,4275.0199,4278.7222,4279.0530,0.1196,0
1204,0,4275.0199,4278.7222,4280.8963,0.0403,0
1205,1,4279.1107,4282.7174,4283.0436,0.1185,0
1205,0,4279.1107,4282.7174,4284.8431,0.2331,0
1206,1,4283.2985,4286.4005,4286.8217,0.1809,0
1206,0,4283.2985,4286.4005,4288.6268,0.0463,0
1207,1,4286.8853,4290.1522,4290.4533,0.1157,0
1207,0,4286.8853,4290.1522,4292.2387,0.0377,0
1208,1,4290.5145,4293.9438,4294.5856,0.4145,0
1208,0,4290.5145,4293.9438,4296.3764,0.0438,0
1209,1,4294.6508,4297.7920,4298.2665,0.2918,0
1209,0,4294.6508,4297.7920,4300.0451,0.0385,0
1210,1,4298.3221,4301.6377,4301.9647,0.1219,0
1210,0,4298.3221,4301.6377,4303.7525,0.0481,0
1211,1,4302.0299,4305.7293,4306.1100,0.1675,0
1211,0,4302.0299,4305.7293,4307.9198,0.0479,0
1212,1,4306.1763,4309.7136,4310.0230,0.1204,0
1212,0,4306.1763,4309.7136,4311.8378,0.0406,0
1213,1,4310.0815,4313.7733,4314.2587,0.2805,0
1213,0,4310.0815,4313.7733,4316.1331,0.0510,0
1214,1,4314.3321,4317.5375,4317.8158,0.1157,0
1214,0,4314.3321,4317.5375,4319.6559,0.0355,0
1215,1,4317.8680,4321.3524,4321.6938,0.1209,0
1215,0,4317.8680,4321.3524,4323.5125,0.0441,0
1216,1,4321.7606,4325.0504,4325.5065,0.2795,0
1216,0,4321.7606,4325.0504,4327.3218,0.0368,0
1217,1,4325.5701,4328.8939,4329.1825,0.1120,0
1217,0,4325.5701,4328.8939,4330.9917,0.0365,0
1218,1,4329.2425,4332.7655,4333.1068,0.1247,0
1218,0,4329.2425,4332.7655,4334.9507,0.2547,0
1219,1,4333.3920,4336.7943,4337.1368,0.1587,0
1219,0,4333.3920,4336.7943,4338.9626,0.0463,0
1220,1,4337.2014,4340.5750,4340.9154,0.1259,0
1220,0,4337.2014,4340.5750,4342.7342,0.0411,0
1221,1,4340.9743,4344.9952,4345.2846,0.1143,0
1221,0,4340.9743,4344.9952,4347.1967,0.0354,0
1222,1,4345.3371,4348.9662,4349.3628,0.1625,0
1222,0,4345.3371,4348.9662,4351.2193,0.0386,0
1223,1,4349.4183,4352.9143,4353.2635,0.1652,0
1223,0,4349.4183,4352.9143,4355.1339,0.0446,0
1224,1,4353.3255,4356.5458,4356.8313,0.1141,0
1224,0,4353.3255,4356.5458,4358.6867,0.0364,0
1225,1,4356.8871,4360.4430,4360.7377,0.1154,0
1225,0,4356.8871,4360.4430,4362.5920,0.0453,0
1226,1,4360.8127,4364.0485,4364.5190,0.2857,0
1226,0,4360.8127,4364.0485,4366.3601,0.0451,0
1227,1,4364.5845,4367.8846,4368.1781,0.1136,0
1227,0,4364.5845,4367.8846,4370.1018,0.0370,0
1228,1,4368.2371,4371.6900,4372.0084,0.1173,0
1228,0,4368.2371,4371.6900,4373.8410,0.2275,0
1229,1,4372.2545,4375.7679,4376.2339,0.2879,0
1229,0,4372.2545,4375.7679,4378.1248,0.0454,0
1230,1,4376.2969,4379.8601,4380.2160,0.1367,0
1230,0,4376.2969,4379.8601,4382.0657,0.1013,0
1231,1,4380.3377,4383.6066,4384.0261,0.1752,0
1231,0,4380.3377,4383.6066,4385.9085,0.0512,0
1232,1,4384.0977,4387.4822,4387.7676,0.1161,0
1232,0,4384.0977,4387.4822,4389.6016,0.0438,0
1233,1,4387.8332,4391.5962,4391.9902,0.1788,0
1233,0,4387.8332,4391.5962,4393.9216,0.0443,0
1234,1,4392.0592,4395.2722,4395.5579,0.1217,0
1234,0,4392.0592,4395.2722,4397.4867,0.0360,0
1235,1,4395.6238,4399.2625,4399.6122,0.1484,0
1235,0,4395.6238,4399.2625,4401.4618,0.3439,0
1236,1,4399.9810,4403.2393,4403.6281,0.1578,0
1236,0,4399.9810,4403.2393,4405.4850,0.0494,0
1237,1,4403.6980,4407.1773,4407.4776,0.1157,0
1237,0,4403.6980,4407.1773,4409.3555,0.0361,0
1238,1,4407.5315,4411.4273,4411.8924,0.2814,0
1238,0,4407.5315,4411.4273,4413.7601,0.0467,0
1239,1,4411.9573,4415.6037,4415.9161,0.1169,0
1239,0,4411.9573,4415.6037,4417.7906,0.0375,0
1240,1,4415.9753,4419.4785,4419.8933,0.2325,0
1240,0,4415.9753,4419.4785,4421.7686,0.0443,0
1241,1,4419.9580,4423.2574,4423.5821,0.1245,0
1241,0,4419.9580,4423.2574,4425.4427,0.0433,0
1242,1,4423.6455,4427.0602,4427.3788,0.1356,0
1242,0,4423.6455,4427.0602,4429.2354,0.2863,0
1243,1,4427.6853,4430.8986,4431.3568,0.2745,0
1243,0,4427.6853,4430.8986,4433.2029,0.0486,0
1244,1,4431.4291,4434.8808,4435.2170,0.1198,0
1244,0,4431.4291,4434.8808,4437.0909,0.0419,0
1245,1,4435.2794,4438.8950,4439.2471,0.1755,0
1245,0,4435.2794,4438.8950,4441.1079,0.0363,0
1246,1,4439.3321,4442.7492,4443.2288,0.2828,0
1246,0,4439.3321,4442.7492,4445.1105,0.0395,0
1247,1,4443.2918,4447.1762,4447.6463,0.2823,0
1247,0,4443.2918,4447.1762,4449.5335,0.0383,0
1248,1,4447.7089,4450.9274,4451.2210,0.1159,0
1248,0,4447.7089,4450.9274,4453.0892,0.0391,0
1249,1,4451.2828,4454.7922,4455.0841,0.1116,0
1249,0,4451.2828,4454.7922,4456.9431,0.0454,0
1250,1,4455.1492,4458.6585,4459.0180,0.1733,0
1250,0,4455.1492,4458.6585,4460.8805,0.0435,0
1251,1,4459.0836,4462.5398,4462.8407,0.1164,0
1251,0,4459.0836,4462.5398,4464.7030,0.0449,0
1252,1,4462.9065,4466.6541,4467.0774,0.2432,0
1252,0,4462.9065,4466.6541,4468.9787,0.0371,0
1253,1,4467.1356,4470.4423,4470.7381,0.1157,0
1253,0,4467.1356,4470.4423,4472.5995,0.0359,0
1254,1,4470.7921,4474.1775,4474.4768,0.1137,0
1254,0,4470.7921,4474.1775,4476.3409,0.0363,0
1255,1,4474.5373,4478.3377,4478.7920,0.2736,0
1255,0,4474.5373,4478.3377,4480.7037,0.0403,0
1256,1,4478.8534,4482.2715,4482.5679,0.1149,0
1256,0,4478.8534,4482.2715,4484.4385,0.0371,0
1257,1,4482.6250,4486.1737,4486.5240,0.1662,0
1257,0,4482.6250,4486.1737,4488.4122,0.0367,0
1258,1,4486.5894,4489.8176,4490.1450,0.1617,0
1258,0,4486.5894,4489.8176,4492.0059,0.0471,0
1259,1,4490.2132,4493.7317,4494.0415,0.1214,0
1259,0,4490.2132,4493.7317,4495.9050,0.0373,0
1260,1,4494.0991,4497.3809,4497.8648,0.2995,0
1260,0,4494.0991,4497.3809,4499.7176,0.0387,0
1261,1,4497.9235,4501.4494,4501.7494,0.1150,0
1261,0,4497.9235,4501.4494,4503.6293,0.0476,0
1262,1,4501.8142,4505.1831,4505.6728,0.2765,0
1262,0,4501.8142,4505.1831,4507.5477,0.0840,0
1263,1,4505.7797,4509.0906,4509.5749,0.2746,0
1263,0,4505.7797,4509.0906,4511.4466,0.1421,0
1264,1,4509.7385,4513.2245,4513.5124,0.1095,0
1264,0,4509.7385,4513.2245,4515.3567,0.1236,0
1265,1,4513.6582,4516.9154,4517.2667,0.1674,0
1265,0,4513.6582,4516.9154,4519.1165,0.0375,0
1266,1,4517.3240,4520.5257,4520.8173,0.1196,0
1266,0,4517.3240,4520.5257,4522.6407,0.0365,0
1267,1,4521.8115,4525.0016,4525.3011,0.1145,0
1267,0,4521.8115,4525.0016,4527.1151,0.0380,0
1268,1,4525.4044,4529.0093,4529.3132,0.1167,0
1268,0,4525.4044,4529.0093,4531.1362,0.0377,0
1269,1,4529.3723,4533.0058,4533.2983,0.1135,0
1269,0,4529.3723,4533.0058,4535.1334,0.2879,0
1270,1,4533.6069,4536.7583,4537.1010,0.1622,0
1270,0,4533.6069,4536.7583,4538.9266,0.0466,0
1271,1,4537.1652,4540.6085,4541.0664,0.1169,0
1271,0,4537.1652,4540.6085,4542.9188,0.0796,0
1272,1,4541.1685,4545.1334,4545.4326,0.1173,0
1272,0,4541.1685,4545.1334,4547.2829,0.0367,0
1273,1,4545.4905,4548.9993,4549.3775,0.1645,0
1273,0,4545.4905,4548.9993,4551.2318,0.0375,0
1274,1,4549.4359,4552.8367,4553.1945,0.1733,0
1274,0,4549.4359,4552.8367,4555.1111,0.0497,0
1275,1,4553.2636,4556.5366,4556.8759,0.1155,0
1275,0,4553.2636,4556.5366,4558.7481,0.0435,0
1276,1,4556.9475,4560.4765,4560.7677,0.1145,0
1276,0,4556.9475,4560.4765,4562.6122,0.0362,0
1277,1,4560.8234,4564.1513,4564.6254,0.2927,0
1277,0,4560.8234,4564.1513,4566.4830,0.0389,0
1278,1,4564.6876,4568.0451,4568.3243,0.1169,0
1278,0,4564.6876,4568.0451,4570.1914,0.0379,0
1279,1,4568.3873,4572.2804,4572.6271,0.1582,0
1279,0,4568.3873,4572.2804,4574.5041,0.0479,0
1280,1,4572.6970,4576.2566,4576.5417,0.1163,0
1280,0,4572.6970,4576.2566,4578.4050,0.0373,0
1281,1,4576.6064,4580.4027,4580.8649,0.2547,0
1281,0,4576.6064,4580.4027,4582.8114,0.0657,0
1282,1,4580.9520,4584.1386,4584.4215,0.1177,0
1282,0,4580.9520,4584.1386,4586.3109,0.0384,0
1283,1,4584.4809,4587.9739,4588.2881,0.1151,0
1283,0,4584.4809,4587.9739,4590.1506,0.0363,0
1284,1,4588.3472,4591.7024,4592.1358,0.2443,0
1284,0,4588.3472,4591.7024,4593.9997,0.0452,0
1285,1,4592.2019,4595.4960,4595.7921,0.1149,0
1285,0,4592.2019,4595.4960,4597.6377,0.0386,0
1286,1,4595.8523,4599.2704,4599.6107,0.1481,0
1286,0,4595.8523,4599.2704,4601.4565,0.0378,0
1287,1,4599.6685,4602.9430,4603.4493,0.2548,0
1287,0,4599.6685,4602.9430,4605.2930,0.0472,0
1288,1,4603.5254,4606.9244,4607.2211,0.1158,0
1288,0,4603.5254,4606.9244,4609.1517,0.0443,0
1289,1,4607.2844,4611.1603,4611.7185,0.3750,0
1289,0,4607.2844,4611.1603,4613.5809,0.0377,0
1290,1,4611.7815,4615.1956,4615.4927,0.1157,0
1290,0,4611.7815,4615.1956,4617.3469,0.0575,0
1291,1,4615.5906,4618.9646,4619.7434,0.4008,0
1291,0,4615.5906,4618.9646,4621.6702,0.0474,0
1292,1,4619.8111,4622.9711,4623.3090,0.1721,0
1292,0,4619.8111,4622.9711,4625.1773,0.0365,0
1293,1,4623.3654,4626.8409,4627.1780,0.1162,0
1293,0,4623.3654,4626.8409,4629.0143,0.0371,0
1294,1,4627.2330,4630.5148,4630.9924,0.2959,0
1294,0,4627.2330,4630.5148,4632.8233,0.0397,0
1295,1,4631.0498,4634.2754,4634.7088,0.1618,0
1295,0,4631.0498,4634.2754,4636.5599,0.0517,0
1296,1,4634.7892,4638.3065,4638.6005,0.1127,0
1296,0,4634.7892,4638.3065,4640.4558,0.0368,0
1297,1,4638.6706,4642.4526,4643.0502,0.3946,0
1297,0,4638.6706,4642.4526,4644.9239,0.0787,0
1298,1,4643.1637,4646.6272,4646.9391,0.1284,0
1298,0,4643.1637,4646.6272,4648.8284,0.1302,0
1299,1,4647.1026,4650.3452,4650.8659,0.1840,0
1299,0,4647.1026,4650.3452,4652.8256,0.0427,0
1300,1,4650.9278,4654.2528,4654.5922,0.1719,0
1300,0,4650.9278,4654.2528,4656.4241,0.0374,0
1301,1,4654.6500,4658.2947,4658.6281,0.1631,0
1301,0,4654.6500,4658.2947,4660.5538,0.0568,0
1302,1,4658.7103,4661.9535,4662.2290,0.1159,0
1302,0,4658.7103,4661.9535,4664.0572,0.0357,0
1303,1,4662.2818,4665.9324,4666.3264,0.1821,0
1303,0,4662.2818,4665.9324,4668.1665,0.3717,0
1304,1,4666.7197,4669.8525,4670.2319,0.1656,0
1304,0,4666.7197,4669.8525,4672.0556,0.0413,0
1305,1,4670.2920,4673.7125,4674.0034,0.1173,0
1305,0,4670.2920,4673.7125,4675.8636,0.0433,0
1306,1,4674.0633,4678.0084,4678.5035,0.3154,0
1306,0,4674.0633,4678.0084,4680.3767,0.0380,0
1307,1,4678.5589,4682.0412,4682.3332,0.1095,0
1307,0,4678.5589,4682.0412,4684.1891,0.0455,0
1308,1,4682.3973,4686.0024,4686.3362,0.1604,0
1308,0,4682.3973,4686.0024,4688.2527,0.0666,0
1309,1,4686.4284,4689.7468,4690.0368,0.1149,0
1309,0,4686.4284,4689.7468,4691.8891,0.0358,0
1310,1,4690.0910,4693.4636,4693.8371,0.1203,0
1310,0,4690.0910,4693.4636,4695.6837,0.0426,0
1311,1,4693.8967,4697.2651,4697.6835,0.1322,0
1311,0,4693.8967,4697.2651,4699.5618,0.0535,0
1312,1,4697.7661,4701.2559,4701.6042,0.1618,0
1312,0,4697.7661,4701.2559,4703.4536,0.0452,0
1313,1,4701.6695,4704.9762,4705.2720,0.1140,0
1313,0,4701.6695,4704.9762,4707.1100,0.2804,0
1314,1,4705.5742,4708.7935,4709.1673,0.1064,0
1314,0,4705.5742,4708.7935,4711.0249,0.0568,0
1315,1,4709.2667,4712.9017,4713.2912,0.1153,0
1315,0,4709.2667,4712.9017,4715.1311,0.0377,0
1316,1,4713.3717,4716.9899,4717.3279,0.1211,0
1316,0,4713.3717,4716.9899,4719.1756,0.0438,0
1317,1,4717.3907,4720.6344,4721.0022,0.1617,0
1317,0,4717.3907,4720.6344,4722.8360,0.0456,0
1318,1,4721.0696,4724.4369,4724.7649,0.1217,0
1318,0,4721.0696,4724.4369,4726.5964,0.2552,0
1319,1,4725.0491,4728.4657,4728.7924,0.1185,0
1319,0,4725.0491,4728.4657,4730.6496,0.0495,0
1320,1,4728.8651,4732.3093,4732.7165,0.1556,0
1320,0,4728.8651,4732.3093,4734.5473,0.0399,0
1321,1,4732.7776,4736.2315,4736.6279,0.1673,0
1321,0,4732.7776,4736.2315,4738.4806,0.0451,0
1322,1,4736.6958,4739.9621,4740.2543,0.1163,0
1322,0,4736.6958,4739.9621,4742.0865,0.0365,0
1323,1,4740.3078,4744.5164,4744.8524,0.1614,0
1323,0,4740.3078,4744.5164,4746.7972,0.0420,0
1324,1,4744.9197,4748.3151,4748.6911,0.2104,0
1324,0,4744.9197,4748.3151,4750.5544,0.0428,0
1325,1,4748.7541,4752.2590,4752.5540,0.1194,0
1325,0,4748.7541,4752.2590,4754.4195,0.3354,0
1326,1,4752.9134,4756.1284,4756.4625,0.1232,0
1326,0,4752.9134,4756.1284,4758.3143,0.0439,0
1327,1,4756.5273,4759.9889,4760.2756,0.1135,0
1327,0,4756.5273,4759.9889,4762.1453,0.0357,0
1328,1,4760.3297,4764.4218,4764.7130,0.1128,0
1328,0,4760.3297,4764.4218,4766.6117,0.0441,0
1329,1,4764.7759,4768.2503,4768.5513,0.1168,0
1329,0,4764.7759,4768.2503,4770.4315,0.0436,0
1330,1,4768.6133,4771.8732,4772.3777,0.3111,0
1330,0,4768.6133,4771.8732,4774.2469,0.1340,0
1331,1,4772.5386,4776.0081,4776.7278,0.3878,0
1331,0,4772.5386,4776.0081,4778.6091,0.0465,0
1332,1,4776.7938,4780.4135,4780.8921,0.2977,0
1332,0,4776.7938,4780.4135,4782.7984,0.0392,0
1333,1,4780.9549,4784.3350,4784.6293,0.1149,0
1333,0,4780.9549,4784.3350,4786.4960,0.0441,0
1334,1,4784.6908,4788.1398,4788.4260,0.1101,0
1334,0,4784.6908,4788.1398,4790.2882,0.0361,0
1335,1,4788.4996,4791.7952,4792.1543,0.1678,0
1335,0,4788.4996,4791.7952,4794.0338,0.0384,0
1336,1,4792.2153,4795.5582,4795.8950,0.1205,0
1336,0,4792.2153,4795.5582,4797.7885,0.0458,0
1337,1,4795.9595,4799.6168,4800.0235,0.2088,0
1337,0,4795.9595,4799.6168,4801.8934,0.0392,0
1338,1,4800.0849,4803.3702,4803.6495,0.1172,0
1338,0,4800.0849,4803.3702,4805.5033,0.0355,0
1339,1,4803.7025,4807.1820,4807.5102,0.1216,0
1339,0,4803.7025,4807.1820,4809.4122,0.0414,0
1340,1,4807.5692,4811.4853,4811.7782,0.1108,0
1340,0,4807.5692,4811.4853,4813.7323,0.0358,0
1341,1,4811.8333,4815.3496,4815.6987,0.1757,0
1341,0,4811.8333,4815.3496,4817.5687,0.0365,0
1342,1,4815.7568,4819.1282,4819.6427,0.3467,0
1342,0,4815.7568,4819.1282,4821.5071,0.0568,0
1343,1,4819.7183,4822.9892,4823.2806,0.1143,0
1343,0,4819.7183,4822.9892,4825.1693,0.0360,0
1344,1,4823.3335,4826.7393,4827.0329,0.1145,0
1344,0,4823.3335,4826.7393,4828.8850,0.0365,0
1345,1,4827.0870,4830.6924,4830.9775,0.1118,0
1345,0,4827.0870,4830.6924,4832.8600,0.0367,0
1346,1,4831.0313,4834.2034,4834.5258,0.1620,0
1346,0,4831.0313,4834.2034,4836.4197,0.0374,0
1347,1,4834.5804,4838.0621,4838.4100,0.1169,0
1347,0,4834.5804,4838.0621,4840.2969,0.0456,0
1348,1,4838.4727,4841.9498,4842.3654,0.1659,0
1348,0,4838.4727,4841.9498,4844.2518,0.1900,0
1349,1,4842.5777,4845.8814,4846.2196,0.1225,0
1349,0,4842.5777,4845.8814,4848.0561,0.0431,0
1350,1,4846.2800,4850.0066,4850.3364,0.1359,0
1350,0,4846.2800,4850.0066,4852.2340,0.0419,0
1351,1,4850.3991,4853.6912,4854.0141,0.1200,0
1351,0,4850.3991,4853.6912,4855.8990,0.0433,0
1352,1,4854.0750,4857.4139,4857.7349,0.1134,0
1352,0,4854.0750,4857.4139,4859.5765,0.0361,0
1353,1,4857.7900,4861.2569,4861.7118,0.2379,0
1353,0,4857.7900,4861.2569,4863.6843,0.0579,0
1354,1,4861.7877,4865.1704,4865.5255,0.1729,0
1354,0,4861.7877,4865.1704,4867.3653,0.0367,0
1355,1,4865.5820,4869.0643,4869.6162,0.3814,0
1355,0,4865.5820,4869.0643,4871.5976,0.1608,0
1356,1,4869.7995,4872.9420,4873.2794,0.1575,0
1356,0,4869.7995,4872.9420,4875.1065,0.0644,0
1357,1,4873.3644,4877.2428,4877.5402,0.1136,0
1357,0,4873.3644,4877.2428,4879.3915,0.1714,0
1358,1,4877.7329,4880.7957,4881.2673,0.2894,0
1358,0,4877.7329,4880.7957,4883.1300,0.0407,0
1359,1,4881.3283,4884.8202,4885.1506,0.1184,0
1359,0,4881.3283,4884.8202,4887.0105,0.0441,0
1360,1,4885.2144,4888.8638,4889.2295,0.1714,0
1360,0,4885.2144,4888.8638,4891.1699,0.0454,0
1361,1,4889.2962,4892.5865,4892.9260,0.1606,0
1361,0,4889.2962,4892.5865,4894.7630,0.0376,0
1362,1,4892.9840,4896.3669,4896.7708,0.1222,0
1362,0,4892.9840,4896.3669,4898.6310,0.1882,0
1363,1,4896.9842,4900.3083,4900.6909,0.1707,0
1363,0,4896.9842,4900.3083,4902.5601,0.0442,0
1364,1,4900.7533,4904.1761,4904.4569,0.1155,0
1364,0,4900.7533,4904.1761,4906.2844,0.0394,0
1365,1,4904.5147,4907.8352,4908.1233,0.1160,0
1365,0,4904.5147,4907.8352,4909.9468,0.2246,0
1366,1,4908.3658,4911.9934,4912.3258,0.1275,0
1366,0,4908.3658,4911.9934,4914.1663,0.0422,0
1367,1,4912.3870,4915.8873,4916.2164,0.1152,0
1367,0,4912.3870,4915.8873,4918.1480,0.0453,0
1368,1,4916.2793,4919.5854,4919.9795,0.1603,0
1368,0,4916.2793,4919.5854,4921.8178,0.0440,0
1369,1,4920.0424,4923.2868,4923.6363,0.1587,0
1369,0,4920.0424,4923.2868,4925.4566,0.0430,0
1370,1,4923.6961,4927.0791,4927.4043,0.1472,0
1370,0,4923.6961,4927.0791,4929.2289,0.0384,0
1371,1,4927.4595,4930.6289,4931.0669,0.2688,0
1371,0,4927.4595,4930.6289,4932.8916,0.0801,0
1372,1,4931.1688,4934.3022,4934.6234,0.1587,0
1372,0,4931.1688,4934.3022,4936.4309,0.0379,0
1373,1,4934.6810,4938.1544,4938.5280,0.1764,0
1373,0,4934.6810,4938.1544,4940.3294,0.3449,0
1374,1,4938.9042,4942.2043,4942.6968,0.1199,0
1374,0,4938.9042,4942.2043,4944.5123,0.2593,0
1375,1,4942.9756,4946.4028,4946.8317,0.1817,0
1375,0,4942.9756,4946.4028,4948.6711,0.4311,0
1376,1,4947.2835,4950.4240,4950.7794,0.1680,0
1376,0,4947.2835,4950.4240,4952.5728,0.0441,0
1377,1,4950.8424,4954.2660,4954.6217,0.1813,0
1377,0,4950.8424,4954.2660,4956.4182,0.0363,0
1378,1,4954.6747,4958.3339,4958.7223,0.1855,0
1378,0,4954.6747,4958.3339,4960.5690,0.0447,0
1379,1,4958.7863,4962.0614,4962.3482,0.1096,0
1379,0,4958.7863,4962.0614,4964.1620,0.0439,0
1380,1,4962.4300,4965.7971,4966.2086,0.1534,0
1380,0,4962.4300,4965.7971,4968.0153,0.0489,0
1381,1,4966.2769,4969.6332,4970.0186,0.1782,0
1381,0,4966.2769,4969.6332,4971.8474,0.0462,0
1382,1,4970.0819,4973.2461,4973.5171,0.1113,0
1382,0,4970.0819,4973.2461,4975.3195,0.0348,0
1383,1,4973.5689,4977.3151,4977.7922,0.2833,0
1383,0,4973.5689,4977.3151,4979.6087,0.1679,0
1384,1,4977.9847,4981.1108,4981.5963,0.3063,0
1384,0,4977.9847,4981.1108,4983.4015,0.0387,0
1385,1,4981.6541,4985.0656,4985.5220,0.1879,0
1385,0,4981.6541,4985.0656,4987.3584,0.0399,0
1386,1,4985.5894,4989.2469,4989.6004,0.1355,0
1386,0,4985.5894,4989.2469,4991.4172,0.0435,0
1387,1,4989.6634,4992.9514,4993.2758,0.1201,0
1387,0,4989.6634,4992.9514,4995.0893,0.0440,0
1388,1,4993.3372,4996.8063,4997.2800,0.1896,0
1388,0,4993.3372,4996.8063,4999.1156,0.0552,0
1389,1,4997.3595,5000.7205,5001.0564,0.1199,0
1389,0,4997.3595,5000.7205,5002.8724,0.0452,0
1390,1,5001.1206,5004.4853,5004.7834,0.1167,0
1390,0,5001.1206,5004.4853,5006.6182,0.0361,0
1391,1,5004.8361,5008.5110,5008.8785,0.1728,0
1391,0,5004.8361,5008.5110,5010.7069,0.0480,0
1392,1,5008.9468,5012.2493,5012.5602,0.1288,0
1392,0,5008.9468,5012.2493,5014.3830,0.0368,0
1393,1,5012.6158,5016.3545,5016.7946,0.2591,0
1393,0,5012.6158,5016.3545,5018.6498,0.0498,0
1394,1,5016.8676,5020.0029,5020.3382,0.1691,0
1394,0,5016.8676,5020.0029,5022.1834,0.0471,0
1395,1,5020.4048,5023.8560,5024.1513,0.1141,0
1395,0,5020.4048,5023.8560,5025.9833,0.0442,0
1396,1,5025.1947,5028.0751,5028.3678,0.1135,0
1396,0,5025.1947,5028.0751,5030.1690,0.0437,0
1397,1,5028.4951,5031.9678,5032.3459,0.1973,0
1397,0,5028.4951,5031.9678,5034.1521,0.0416,0
1398,1,5032.4068,5035.7741,5036.2988,0.2953,0
1398,0,5032.4068,5035.7741,5038.1044,0.0420,0
1399,1,5036.3635,5039.6490,5039.9711,0.1174,0
1399,0,5036.3635,5039.6490,5041.7726,0.0448,0
1400,1,5040.0340,5043.9195,5044.2077,0.1130,0
1400,0,5040.0340,5043.9195,5046.0452,0.1445,0
1401,1,5044.3705,5047.5647,5048.0720,0.3168,0
1401,0,5044.3705,5047.5647,5049.9203,0.0403,0
1402,1,5048.1359,5051.4980,5051.8540,0.1520,0
1402,0,5048.1359,5051.4980,5053.6743,0.0440,0
1403,1,5051.9151,5055.5193,5055.8975,0.1665,0
1403,0,5051.9151,5055.5193,5057.8678,0.0420,0
1404,1,5055.9582,5059.1330,5059.4166,0.1149,0
1404,0,5055.9582,5059.1330,5061.2291,0.0452,0
1405,1,5059.4815,5063.0199,5063.4323,0.1178,0
1405,0,5059.4815,5063.0199,5065.2650,0.2196,0
1406,1,5063.6735,5066.8447,5067.2475,0.1689,0
1406,0,5063.6735,5066.8447,5069.0572,0.0440,0
1407,1,5067.3096,5070.5793,5070.8699,0.1140,0
1407,0,5067.3096,5070.5793,5072.6730,0.0363,0
1408,1,5070.9296,5074.4202,5074.7057,0.1165,0
1408,0,5070.9296,5074.4202,5076.5293,0.3170,0
1409,1,5075.0434,5078.8006,5079.1309,0.1199,0
1409,0,5075.0434,5078.8006,5080.9578,0.0436,0
1410,1,5079.1921,5082.5892,5082.9023,0.1147,0
1410,0,5079.1921,5082.5892,5084.7328,0.0446,0
1411,1,5082.9643,5086.1814,5086.6814,0.2664,0
1411,0,5082.9643,5086.1814,5088.4998,0.0461,0
1412,1,5086.7525,5089.9950,5090.2859,0.1140,0
1412,0,5086.7525,5089.9950,5092.1037,0.0423,0
1413,1,5090.3494,5093.8478,5094.1630,0.1154,0
1413,0,5090.3494,5093.8478,5095.9787,0.3045,0
1414,1,5094.4871,5097.5820,5098.0136,0.2533,0
1414,0,5094.4871,5097.5820,5099.8182,0.0425,0
1415,1,5098.0745,5101.3566,5101.6503,0.1139,0
1415,0,5098.0745,5101.3566,5103.4567,0.0431,0
1416,1,5101.7109,5105.0719,5105.3934,0.1250,0
1416,0,5101.7109,5105.0719,5107.2503,0.2098,0
1417,1,5105.6340,5109.0446,5109.5523,0.2992,0
1417,0,5105.6340,5109.0446,5111.3521,0.0823,0
1418,1,5109.6565,5113.1257,5113.4842,0.1151,0
1418,0,5109.6565,5113.1257,5115.3125,0.4092,0
1419,1,5113.9145,5117.2109,5117.5038,0.1148,0
1419,0,5113.9145,5117.2109,5119.3181,0.0351,0
1420,1,5117.5563,5120.8900,5121.1638,0.1152,0
1420,0,5117.5563,5120.8900,5122.9690,0.0451,0
1421,1,5121.2261,5124.5830,5125.1381,0.3847,0
1421,0,5121.2261,5124.5830,5126.9494,0.0633,0
1422,1,5125.2226,5128.3566,5128.6915,0.1597,0
1422,0,5125.2226,5128.3566,5130.4782,0.0377,0
1423,1,5128.7484,5132.1485,5132.4703,0.1199,0
1423,0,5128.7484,5132.1485,5134.2602,0.0440,0
1424,1,5132.5521,5136.1951,5136.5779,0.1682,0
1424,0,5132.5521,5136.1951,5138.4274,0.0421,0
1425,1,5136.6388,5139.8662,5140.2337,0.1533,0
1425,0,5136.6388,5139.8662,5142.0308,0.0489,0
1426,1,5140.3160,5144.0549,5144.6092,0.3856,0
1426,0,5140.3160,5144.0549,5146.4246,0.0372,0
1427,1,5144.6903,5147.8852,5148.4869,0.4243,0
1427,0,5144.6903,5147.8852,5150.3571,0.0378,0
1428,1,5148.5566,5151.9066,5152.2401,0.1149,0
1428,0,5148.5566,5151.9066,5154.3265,0.0427,0
1429,1,5152.3015,5155.7911,5156.1731,0.1686,0
1429,0,5152.3015,5155.7911,5158.0173,0.0422,0
1430,1,5156.2372,5159.5947,5159.8790,0.1171,0
1430,0,5156.2372,5159.5947,5161.6940,0.0458,0
1431,1,5159.9445,5163.7197,5164.1661,0.2570,0
1431,0,5159.9445,5163.7197,5166.0743,0.1613,0
1432,1,5164.3487,5167.5005,5167.8468,0.1596,0
1432,0,5164.3487,5167.5005,5169.7575,0.0444,0
1433,1,5167.9089,5171.3819,5171.7154,0.1136,0
1433,0,5167.9089,5171.3819,5173.5721,0.0405,0
1434,1,5171.7752,5175.0025,5175.3501,0.1714,0
1434,0,5171.7752,5175.0025,5177.1778,0.0457,0
1435,1,5175.4151,5178.8460,5179.2637,0.2376,0
1435,0,5175.4151,5178.8460,5181.0816,0.0381,0
1436,1,5179.3220,5182.7662,5183.0608,0.1176,0
1436,0,5179.3220,5182.7662,5185.0324,0.2903,0
1437,1,5183.3687,5186.6504,5186.9787,0.1471,0
1437,0,5183.3687,5186.6504,5188.8069,0.0447,0
1438,1,5187.0427,5190.1851,5190.5152,0.1617,0
1438,0,5187.0427,5190.1851,5192.3134,0.0390,0
1439,1,5190.5723,5193.8891,5194.2082,0.1204,0
1439,0,5190.5723,5193.8891,5196.0032,0.3226,0
1440,1,5194.5494,5197.6215,5198.1035,0.3004,0
1440,0,5194.5494,5197.6215,5199.9911,0.0465,0
1441,1,5198.1672,5201.5626,5201.9420,0.1723,0
1441,0,5198.1672,5201.5626,5203.7569,0.0404,0
1442,1,5202.0012,5205.4830,5205.8436,0.1667,0
1442,0,5202.0012,5205.4830,5207.6350,0.0452,0
1443,1,5205.9080,5209.3333,5209.8150,0.2872,0
1443,0,5205.9080,5209.3333,5211.6108,0.0444,0
1444,1,5209.8771,5213.2985,5213.5928,0.1042,0
1444,0,5209.8771,5213.2985,5215.5159,0.3611,0
1445,1,5213.9814,5217.3298,5217.6843,0.1742,0
1445,0,5213.9814,5217.3298,5219.4854,0.0362,0
1446,1,5217.7396,5221.3454,5221.7447,0.1283,0
1446,0,5217.7396,5221.3454,5223.5566,0.0418,0
1447,1,5221.8051,5225.4207,5225.7114,0.1138,0
1447,0,5221.8051,5225.4207,5227.5720,0.0399,0
1448,1,5225.7721,5228.9419,5229.2167,0.1130,0
1448,0,5225.7721,5228.9419,5231.0439,0.0446,0
1449,1,5229.2779,5233.1082,5233.6239,0.2579,0
1449,0,5229.2779,5233.1082,5235.4955,0.0487,0
1450,1,5233.6960,5236.8884,5237.1719,0.1208,0
1450,0,5233.6960,5236.8884,5239.0077,0.0434,0
1451,1,5237.2325,5240.9152,5241.2336,0.1140,0
1451,0,5237.2325,5240.9152,5243.0687,0.0463,0
1452,1,5241.2972,5245.2135,5245.5046,0.1143,0
1452,0,5241.2972,5245.2135,5247.4313,0.0379,0
1453,1,5245.5646,5249.1212,5249.4598,0.1142,0
1453,0,5245.5646,5249.1212,5251.3240,0.0412,0
1454,1,5249.5194,5252.9324,5253.2921,0.1747,0
1454,0,5249.5194,5252.9324,5255.1501,0.0423,0
1455,1,5253.3565,5256.6142,5256.9108,0.1135,0
1455,0,5253.3565,5256.6142,5258.7579,0.0365,0
1456,1,5256.9644,5260.3217,5260.5994,0.1055,0
1456,0,5256.9644,5260.3217,5262.4422,0.0461,0
1457,1,5260.6692,5264.5912,5264.9180,0.1132,0
1457,0,5260.6692,5264.5912,5266.7915,0.0439,0
1458,1,5264.9802,5268.3028,5268.5954,0.1157,0
1458,0,5264.9802,5268.3028,5270.4530,0.0360,0
1459,1,5268.6600,5272.3377,5272.7896,0.2477,0
1459,0,5268.6600,5272.3377,5274.6743,0.0512,0
1460,1,5272.8601,5276.2356,5276.6779,0.2830,0
1460,0,5272.8601,5276.2356,5278.5394,0.0362,0
1461,1,5276.7341,5280.4247,5280.9110,0.2699,0
1461,0,5276.7341,5280.4247,5282.8708,0.0417,0
1462,1,5280.9751,5284.1437,5284.4489,0.1211,0
1462,0,5280.9751,5284.1437,5286.3061,0.0448,0
1463,1,5284.5112,5287.9328,5288.3003,0.1144,0
1463,0,5284.5112,5287.9328,5290.1513,0.0371,0
1464,1,5288.3554,5291.7126,5292.1715,0.2493,0
1464,0,5288.3554,5291.7126,5294.0174,0.0383,0
1465,1,5292.2273,5295.4869,5295.7774,0.1135,0
1465,0,5292.2273,5295.4869,5297.6146,0.0366,0
1466,1,5295.8334,5299.3395,5299.6583,0.1159,0
1466,0,5295.8334,5299.3395,5301.4958,0.0497,0
1467,1,5299.7263,5302.9430,5303.3968,0.2747,0
1467,0,5299.7263,5302.9430,5305.2544,0.0369,0
1468,1,5303.4564,5306.6952,5306.9801,0.1196,0
1468,0,5303.4564,5306.6952,5308.8284,0.0365,0
1469,1,5307.0802,5311.1231,5311.5685,0.2727,0
1469,0,5307.0802,5311.1231,5313.4855,0.0634,0
1470,1,5311.6535,5315.0674,5315.3460,0.1153,0
1470,0,5311.6535,5315.0674,5317.1952,0.0427,0
1471,1,5315.4078,5318.8794,5319.2618,0.1317,0
1471,0,5315.4078,5318.8794,5321.1680,0.0421,0
1472,1,5319.3223,5322.7763,5323.1989,0.1718,0
1472,0,5319.3223,5322.7763,5325.0605,0.0594,0
1473,1,5323.2798,5326.7471,5327.0867,0.1212,0
1473,0,5323.2798,5326.7471,5328.9592,0.1080,0
1474,1,5327.2172,5330.5770,5331.1217,0.3657,0
1474,0,5327.2172,5330.5770,5332.9670,0.0396,0
1475,1,5331.1797,5334.3922,5334.7341,0.1646,0
1475,0,5331.1797,5334.3922,5336.5938,0.0377,0
1476,1,5334.7887,5338.1414,5338.4268,0.1092,0
1476,0,5334.7887,5338.1414,5340.2537,0.0350,0
1477,1,5338.4796,5341.7728,5342.1530,0.1689,0
1477,0,5338.4796,5341.7728,5344.0164,0.0446,0
1478,1,5342.2147,5345.5853,5346.0072,0.2393,0
1478,0,5342.2147,5345.5853,5347.8360,0.0449,0
1479,1,5346.0725,5349.6191,5350.2275,0.3827,0
1479,0,5346.0725,5349.6191,5352.0746,0.0461,0
1480,1,5350.2955,5353.4517,5353.7185,0.1099,0
1480,0,5350.2955,5353.4517,5355.5636,0.0357,0
1481,1,5353.7716,5357.2353,5357.5326,0.1149,0
1481,0,5353.7716,5357.2353,5359.3497,0.0380,0
1482,1,5357.5872,5361.3562,5361.6429,0.1180,0
1482,0,5357.5872,5361.3562,5363.5269,0.0367,0
1483,1,5361.6964,5365.1448,5365.4351,0.1074,0
1483,0,5361.6964,5365.1448,5367.2709,0.0388,0
1484,1,5365.4912,5368.6921,5368.9801,0.1093,0
1484,0,5365.4912,5368.6921,5370.8098,0.0361,0
1485,1,5369.0389,5372.4161,5372.7742,0.1665,0
1485,0,5369.0389,5372.4161,5374.6174,0.0445,0
1486,1,5372.8364,5376.1463,5376.6138,0.2839,0
1486,0,5372.8364,5376.1463,5378.4397,0.0407,0
1487,1,5376.6741,5380.4238,5381.0332,0.2775,0
1487,0,5376.6741,5380.4238,5382.9491,0.0737,0
1488,1,5381.1265,5384.2949,5384.6134,0.1210,0
1488,0,5381.1265,5384.2949,5386.4337,0.0413,0
1489,1,5384.6729,5388.1376,5388.4517,0.1118,0
1489,0,5384.6729,5388.1376,5390.3785,0.0395,0
1490,1,5388.5114,5391.7949,5392.1461,0.1685,0
1490,0,5388.5114,5391.7949,5393.9653,0.0446,0
1491,1,5392.2090,5395.4864,5395.7793,0.1118,0
1491,0,5392.2090,5395.4864,5397.5987,0.0545,0
1492,1,5395.8534,5399.2561,5399.5335,0.1077,0
1492,0,5395.8534,5399.2561,5401.3469,0.0349,0
1493,1,5399.5850,5403.0294,5403.4539,0.1663,0
1493,0,5399.5850,5403.0294,5405.3291,0.0507,0
1494,1,5403.5250,5406.6969,5406.9809,0.1201,0
1494,0,5403.5250,5406.6969,5408.8032,0.0362,0
1495,1,5407.0394,5411.0866,5411.5156,0.2584,0
1495,0,5407.0394,5411.0866,5413.3714,0.1487,0
1496,1,5411.6890,5415.1543,5415.4832,0.1202,0
1496,0,5411.6890,5415.1543,5417.3217,0.0384,0
1497,1,5415.5403,5418.9236,5419.2179,0.1190,0
1497,0,5415.5403,5418.9236,5421.0609,0.2398,0
1498,1,5419.4824,5422.7389,5423.2050,0.2780,0
1498,0,5419.4824,5422.7389,5425.0488,0.0490,0
1499,1,5423.2769,5426.8028,5427.0897,0.1140,0
1499,0,5423.2769,5426.8028,5428.9272,0.1094,0
1500,1,5427.2357,5430.6546,5430.9477,0.1169,0
1500,0,5427.2357,5430.6546,5432.7852,0.0369,0
1501,1,5431.0050,5434.2638,5434.5636,0.1289,0
1501,0,5431.0050,5434.2638,5436.3885,0.0490,0
1502,1,5434.6302,5437.9733,5438.2937,0.1199,0
1502,0,5434.6302,5437.9733,5440.1175,0.0380,0
1503,1,5438.3614,5442.0620,5442.3746,0.1155,0
1503,0,5438.3614,5442.0620,5444.2306,0.0368,0
1504,1,5442.4311,5445.6204,5446.0219,0.2322,0
1504,0,5442.4311,5445.6204,5447.8789,0.0374,0
1505,1,5446.0812,5449.6648,5450.1428,0.2708,0
1505,0,5446.0812,5449.6648,5452.0050,0.0954,0
1506,1,5450.2580,5453.4461,5453.7365,0.1215,0
1506,0,5450.2580,5453.4461,5455.5559,0.0451,0
1507,1,5453.8007,5457.2974,5457.5859,0.1139,0
1507,0,5453.8007,5457.2974,5459.4117,0.0366,0
1508,1,5457.6392,5461.2508,5461.5818,0.1193,0
1508,0,5457.6392,5461.2508,5463.4981,0.1729,0
1509,1,5461.7729,5465.2334,5465.5486,0.1137,0
1509,0,5461.7729,5465.2334,5467.3844,0.0459,0
1510,1,5465.6235,5469.1758,5469.7085,0.2728,0
1510,0,5465.6235,5469.1758,5471.6256,0.0534,0
1511,1,5469.7846,5473.0464,5473.3758,0.1169,0
1511,0,5469.7846,5473.0464,5475.2291,0.0440,0
1512,1,5473.4368,5477.2828,5477.5825,0.1159,0
1512,0,5473.4368,5477.2828,5479.4359,0.0864,0
1513,1,5477.6934,5480.9324,5481.3744,0.2647,0
1513,0,5477.6934,5480.9324,5483.2175,0.0452,0
1514,1,5481.4578,5484.7919,5485.1199,0.1213,0
1514,0,5481.4578,5484.7919,5486.9553,0.0470,0
1515,1,5485.1860,5488.4656,5489.0754,0.3969,0
1515,0,5485.1860,5488.4656,5490.9270,0.0830,0
1516,1,5489.1789,5492.2891,5492.6114,0.1636,0
1516,0,5489.1789,5492.2891,5494.4213,0.0374,0
1517,1,5492.6658,5496.0767,5496.4042,0.1195,0
1517,0,5492.6658,5496.0767,5498.2140,0.0423,0
1518,1,5496.4711,5500.0126,5500.3696,0.1748,0
1518,0,5496.4711,5500.0126,5502.3011,0.0370,0
1519,1,5500.4249,5503.7384,5504.1106,0.1601,0
1519,0,5500.4249,5503.7384,5505.9548,0.0450,0
1520,1,5504.1741,5507.5158,5507.8385,0.1116,0
1520,0,5504.1741,5507.5158,5509.6529,0.0359,0
1521,1,5507.8914,5511.7523,5512.0437,0.1146,0
1521,0,5507.8914,5511.7523,5513.8824,0.0355,0
1522,1,5512.0961,5515.4196,5515.7573,0.1641,0
1522,0,5512.0961,5515.4196,5517.6856,0.0393,0
1523,1,5515.8157,5519.0848,5519.6353,0.3746,0
1523,0,5515.8157,5519.0848,5521.4604,0.1367,0
1524,1,5519.7953,5523.0133,5523.3487,0.1241,0
1524,0,5519.7953,5523.0133,5525.1629,0.0440,0
1525,1,5523.4125,5526.7993,5527.2011,0.1766,0
1525,0,5523.4125,5526.7993,5529.0164,0.0363,0
1526,1,5528.1919,5531.2550,5531.8424,0.3696,0
1526,0,5528.1919,5531.2550,5533.6559,0.0436,0
1527,1,5531.9754,5535.5572,5535.8721,0.1132,0
1527,0,5531.9754,5535.5572,5537.7000,0.0536,0
1528,1,5535.9501,5539.1156,5539.5635,0.2712,0
1528,0,5535.9501,5539.1156,5541.3986,0.0448,0
1529,1,5539.6258,5543.0109,5543.4799,0.2841,0
1529,0,5539.6258,5543.0109,5545.2821,0.0447,0
1530,1,5543.5433,5547.3226,5547.7845,0.2421,0
1530,0,5543.5433,5547.3226,5549.6408,0.0381,0
1531,1,5547.8401,5551.1389,5551.4373,0.1160,0
1531,0,5547.8401,5551.1389,5553.2749,0.0369,0
1532,1,5551.4918,5554.8278,5555.1017,0.1054,0
1532,0,5551.4918,5554.8278,5556.9113,0.0356,0
1533,1,5555.1543,5558.4769,5558.9597,0.2725,0
1533,0,5555.1543,5558.4769,5560.7856,0.0442,0
1534,1,5559.0210,5562.1651,5562.4374,0.1135,0
1534,0,5559.0210,5562.1651,5564.2350,0.0381,0
1535,1,5562.4927,5565.9815,5566.3252,0.1255,0
1535,0,5562.4927,5565.9815,5568.1305,0.0448,0
1536,1,5566.3958,5569.5942,5570.0683,0.2639,0
1536,0,5566.3958,5569.5942,5571.8748,0.0460,0
1537,1,5570.1333,5573.4069,5573.6913,0.1109,0
1537,0,5570.1333,5573.4069,5575.5161,0.0457,0
1538,1,5573.7569,5577.5722,5578.1931,0.2686,0
1538,0,5573.7569,5577.5722,5580.0887,0.0427,0
1539,1,5578.2555,5581.9315,5582.3362,0.1689,0
1539,0,5578.2555,5581.9315,5584.1683,0.0408,0
1540,1,5582.3967,5585.6260,5586.2242,0.4004,0
1540,0,5582.3967,5585.6260,5588.0482,0.0797,0
1541,1,5586.3318,5589.6610,5589.9972,0.1567,0
1541,0,5586.3318,5589.6610,5591.8339,0.0363,0
1542,1,5590.0517,5593.3823,5593.6774,0.1170,0
1542,0,5590.0517,5593.3823,5595.4888,0.0359,0
1543,1,5593.7309,5597.1976,5597.6659,0.2855,0
1543,0,5593.7309,5597.1976,5599.5047,0.0428,0
1544,1,5597.7275,5600.8594,5601.2120,0.1618,0
1544,0,5597.7275,5600.8594,5603.0507,0.0439,0
1545,1,5601.2731,5604.6839,5605.0581,0.1134,0
1545,0,5601.2731,5604.6839,5606.8719,0.0390,0
1546,1,5605.1280,5608.4427,5608.8324,0.1637,0
1546,0,5605.1280,5608.4427,5610.6578,0.0421,0
1547,1,5608.8984,5612.2499,5612.5871,0.1590,0
1547,0,5608.8984,5612.2499,5614.3858,0.0479,0
1548,1,5612.6541,5616.0739,5616.3661,0.1122,0
1548,0,5612.6541,5616.0739,5618.1700,0.3337,0
1549,1,5616.7217,5619.9504,5620.2432,0.1250,0
1549,0,5616.7217,5619.9504,5622.0393,0.0737,0
1550,1,5620.3389,5623.7432,5624.0751,0.1243,0
1550,0,5620.3389,5623.7432,5625.8772,0.0462,0
1551,1,5624.1400,5627.8882,5628.2461,0.1781,0
1551,0,5624.1400,5627.8882,5630.1289,0.0384,0
1552,1,5628.3068,5631.7385,5632.0731,0.1586,0
1552,0,5628.3068,5631.7385,5633.8949,0.0387,0
1553,1,5632.1307,5635.4296,5635.7475,0.1362,0
1553,0,5632.1307,5635.4296,5637.5651,0.2891,0
1554,1,5636.0578,5639.1992,5639.5481,0.1683,0
1554,0,5636.0578,5639.1992,5641.3490,0.0359,0
1555,1,5639.6014,5643.3240,5643.7126,0.1132,0
1555,0,5639.6014,5643.3240,5645.5492,0.1567,0
1556,1,5643.9158,5647.2791,5647.7664,0.2870,0
1556,0,5643.9158,5647.2791,5649.5857,0.0476,0
1557,1,5647.8462,5651.1113,5651.4058,0.1126,0
1557,0,5647.8462,5651.1113,5653.3138,0.0362,0
1558,1,5651.4966,5654.9757,5655.2817,0.1185,0
1558,0,5651.4966,5654.9757,5657.1544,0.2455,0
1559,1,5655.5563,5658.8921,5659.2511,0.1752,0
1559,0,5655.5563,5658.8921,5661.0731,0.0458,0
1560,1,5659.3158,5662.6906,5663.0825,0.1773,0
1560,0,5659.3158,5662.6906,5664.8970,0.0423,0
1561,1,5663.1428,5666.7055,5667.1000,0.1801,0
1561,0,5663.1428,5666.7055,5669.0017,0.0530,0
1562,1,5667.1717,5670.3483,5670.6784,0.1240,0
1562,0,5667.1717,5670.3483,5672.4919,0.0484,0
1563,1,5670.7505,5674.3800,5674.7708,0.1124,0
1563,0,5670.7505,5674.3800,5676.6235,0.2090,0
1564,1,5675.0096,5678.8016,5679.0930,0.1114,0
1564,0,5675.0096,5678.8016,5680.9439,0.0390,0
1565,1,5679.1525,5682.6607,5682.9952,0.1300,0
1565,0,5679.1525,5682.6607,5684.8429,0.3467,0
1566,1,5683.3613,5686.5222,5686.8888,0.1725,0
1566,0,5683.3613,5686.5222,5688.7214,0.0376,0
1567,1,5686.9449,5690.3648,5690.8161,0.1190,0
1567,0,5686.9449,5690.3648,5692.6872,0.0454,0
1568,1,5690.8850,5694.1448,5694.6752,0.3440,0
1568,0,5690.8850,5694.1448,5696.5002,0.1447,0
1569,1,5694.8420,5698.3102,5698.6270,0.1126,0
1569,0,5694.8420,5698.3102,5700.4578,0.0388,0
1570,1,5698.6892,5702.1836,5702.5487,0.1261,0
1570,0,5698.6892,5702.1836,5704.4104,0.2154,0
1571,1,5702.7917,5706.1799,5706.6605,0.1594,0
1571,0,5702.7917,5706.1799,5708.5171,0.1313,0
1572,1,5706.8322,5710.6647,5710.9931,0.1176,0
1572,0,5706.8322,5710.6647,5712.8435,0.1216,0
1573,1,5711.1354,5714.2974,5714.7302,0.2572,0
1573,0,5711.1354,5714.2974,5716.5774,0.0569,0
1574,1,5714.8084,5718.1344,5718.4516,0.1243,0
1574,0,5714.8084,5718.1344,5720.3351,0.0419,0
1575,1,5718.5240,5722.0923,5722.6714,0.3625,0
1575,0,5718.5240,5722.0923,5724.5208,0.0453,0
1576,1,5722.7376,5725.8858,5726.3270,0.2708,0
1576,0,5722.7376,5725.8858,5728.1480,0.0361,0
1577,1,5726.3867,5729.9409,5730.2530,0.1146,0
1577,0,5726.3867,5729.9409,5732.0828,0.3630,0
1578,1,5730.6378,5733.7880,5734.1643,0.1597,0
1578,0,5730.6378,5733.7880,5735.9877,0.0447,0
1579,1,5734.2264,5737.7139,5738.1137,0.1855,0
1579,0,5734.2264,5737.7139,5739.9623,0.0443,0
1580,1,5738.1772,5741.7005,5742.2633,0.3070,0
1580,0,5738.1772,5741.7005,5744.1029,0.0506,0
1581,1,5742.3418,5745.7684,5746.1377,0.1512,0
1581,0,5742.3418,5745.7684,5747.9646,0.0437,0
1582,1,5746.2004,5749.7367,5750.2640,0.3465,0
1582,0,5746.2004,5749.7367,5752.1013,0.0627,0
1583,1,5750.3544,5753.8763,5754.1906,0.1012,0
1583,0,5750.3544,5753.8763,5756.0413,0.0438,0
1584,1,5754.2520,5757.6280,5757.9837,0.1804,0
1584,0,5754.2520,5757.6280,5759.8235,0.0367,0
1585,1,5758.0431,5761.3824,5761.8006,0.1644,0
1585,0,5758.0431,5761.3824,5763.6902,0.0408,0
1586,1,5761.8592,5765.2259,5765.5340,0.1308,0
1586,0,5761.8592,5765.2259,5767.3623,0.0362,0
1587,1,5765.5904,5768.9494,5769.5213,0.3948,0
1587,0,5765.5904,5768.9494,5771.3456,0.2057,0
1588,1,5769.7477,5772.9525,5773.3454,0.1839,0
1588,0,5769.7477,5772.9525,5775.1622,0.0443,0
1589,1,5773.4270,5777.6971,5778.0539,0.1562,0
1589,0,5773.4270,5777.6971,5779.9552,0.0489,0
1590,1,5778.1264,5781.1851,5781.6439,0.2949,0
1590,0,5778.1264,5781.1851,5783.5675,0.0363,0
1591,1,5781.6985,5785.0614,5785.4142,0.1751,0
1591,0,5781.6985,5785.0614,5787.2480,0.0978,0
1592,1,5785.5317,5788.8451,5789.3432,0.2973,0
1592,0,5785.5317,5788.8451,5791.1680,0.0466,0
1593,1,5789.4093,5792.6622,5792.9819,0.1137,0
1593,0,5789.4093,5792.6622,5794.8028,0.0431,0
1594,1,5793.0428,5796.5072,5796.9029,0.1635,0
1594,0,5793.0428,5796.5072,5798.7251,0.1104,0
1595,1,5797.0347,5800.2852,5800.6321,0.1667,0
1595,0,5797.0347,5800.2852,5802.4558,0.0372,0
1596,1,5800.6922,5804.0546,5804.3978,0.1656,0
1596,0,5800.6922,5804.0546,5806.3087,0.0414,0
1597,1,5804.4616,5807.8490,5808.4754,0.4429,0
1597,0,5804.4616,5807.8490,5810.2897,0.0450,0
1598,1,5808.5413,5811.8750,5812.2177,0.1272,0
1598,0,5808.5413,5811.8750,5814.0290,0.0421,0
1599,1,5812.2791,5815.7607,5816.1239,0.1309,0
1599,0,5812.2791,5815.7607,5817.9375,0.0396,0
1600,1,5816.1833,5819.4971,5820.0177,0.3047,0
1600,0,5816.1833,5819.4971,5821.8623,0.0418,0
1601,1,5820.0841,5823.4686,5823.8224,0.1689,0
1601,0,5820.0841,5823.4686,5825.6604,0.0433,0
1602,1,5823.8826,5827.2097,5827.5068,0.1175,0
1602,0,5823.8826,5827.2097,5829.3133,0.2419,0
1603,1,5827.7895,5830.9128,5831.3781,0.2843,0
1603,0,5827.7895,5830.9128,5833.1749,0.0385,0
1604,1,5831.4403,5834.8584,5835.1464,0.1136,0
1604,0,5831.4403,5834.8584,5836.9475,0.0358,0
1605,1,5835.2055,5838.8701,5839.3811,0.3348,0
1605,0,5835.2055,5838.8701,5841.2008,0.0401,0
1606,1,5839.4455,5843.0733,5843.4496,0.1623,0
1606,0,5839.4455,5843.0733,5845.3018,0.0417,0
1607,1,5843.5119,5847.1656,5847.7284,0.3484,0
1607,0,5843.5119,5847.1656,5849.5835,0.0452,0
1608,1,5847.7925,5850.9105,5851.2375,0.1619,0
1608,0,5847.7925,5850.9105,5853.0614,0.0359,0
1609,1,5851.2911,5854.7341,5855.1330,0.2023,0
1609,0,5851.2911,5854.7341,5856.9555,0.0458,0
1610,1,5855.1960,5858.3651,5858.8546,0.3065,0
1610,0,5855.1960,5858.3651,5860.6658,0.0466,0
1611,1,5858.9185,5862.0881,5862.4498,0.1586,0
1611,0,5858.9185,5862.0881,5864.2622,0.0371,0
1612,1,5862.5060,5865.9380,5866.2247,0.1105,0
1612,0,5862.5060,5865.9380,5868.0284,0.0354,0
1613,1,5866.2781,5869.2469,5869.5769,0.1188,0
1613,0,5866.2781,5869.2469,5871.3907,0.1496,0
1614,1,5869.7457,5872.8855,5873.3121,0.2534,0
1614,0,5869.7457,5872.8855,5875.0881,0.0650,0
1615,1,5873.3952,5877.0097,5877.5039,0.2837,0
1615,0,5873.3952,5877.0097,5879.3080,0.1523,0
1616,1,5877.6822,5880.8594,5881.2898,0.2546,0
1616,0,5877.6822,5880.8594,5883.0706,0.0553,0
1617,1,5881.3642,5884.5918,5884.9019,0.1145,0
1617,0,5881.3642,5884.5918,5886.7763,0.0419,0
1618,1,5884.9611,5888.2565,5888.6333,0.2039,0
1618,0,5884.9611,5888.2565,5890.4251,0.3029,0
1619,1,5888.9571,5892.3490,5892.6861,0.1578,0
1619,0,5888.9571,5892.3490,5894.4864,0.0364,0
1620,1,5892.7401,5896.0197,5896.3081,0.1170,0
1620,0,5892.7401,5896.0197,5898.0828,0.0360,0
1621,1,5896.3620,5900.0785,5900.4465,0.1819,0
1621,0,5896.3620,5900.0785,5902.4354,0.0460,0
1622,1,5900.5164,5903.6666,5904.1296,0.2973,0
1622,0,5900.5164,5903.6666,5906.0067,0.0369,0
1623,1,5904.1862,5907.6679,5908.0490,0.1737,0
1623,0,5904.1862,5907.6679,5909.8818,0.3179,0
1624,1,5908.3857,5912.0496,5912.3809,0.1221,0
1624,0,5908.3857,5912.0496,5914.1989,0.0431,0
1625,1,5912.4424,5916.0359,5916.3671,0.1175,0
1625,0,5912.4424,5916.0359,5918.1883,0.1718,0
1626,1,5916.5678,5919.8183,5920.2457,0.2239,0
1626,0,5916.5678,5919.8183,5922.1066,0.0458,0
1627,1,5920.3123,5923.7069,5923.9973,0.1164,0
1627,0,5920.3123,5923.7069,5925.8420,0.0690,0
1628,1,5924.0963,5927.4155,5927.9974,0.3788,0
1628,0,5924.0963,5927.4155,5929.8068,0.0404,0
1629,1,5928.0613,5931.1618,5931.6379,0.2965,0
1629,0,5928.0613,5931.1618,5933.4388,0.0382,0
1630,1,5931.6941,5934.9528,5935.3092,0.1386,0
1630,0,5931.6941,5934.9528,5937.1798,0.0403,0
1631,1,5935.3737,5938.8796,5939.3587,0.2976,0
1631,0,5935.3737,5938.8796,5941.2260,0.0380,0
1632,1,5939.4205,5942.7761,5943.2279,0.2862,0
1632,0,5939.4205,5942.7761,5945.0297,0.0372,0
1633,1,5943.2853,5947.0354,5947.4713,0.2588,0
1633,0,5943.2853,5947.0354,5949.3077,0.0499,0
1634,1,5947.5411,5950.6855,5950.9903,0.1160,0
1634,0,5947.5411,5950.6855,5952.8183,0.0508,0
1635,1,5951.0591,5954.6215,5954.9891,0.1135,0
1635,0,5951.0591,5954.6215,5956.8249,0.0426,0
1636,1,5955.0520,5958.4355,5958.9563,0.2918,0
1636,0,5955.0520,5958.4355,5960.8081,0.0453,0
1637,1,5959.0210,5962.2399,5962.5341,0.1183,0
1637,0,5959.0210,5962.2399,5964.3388,0.0371,0
1638,1,5962.5878,5966.0812,5966.3716,0.1046,0
1638,0,5962.5878,5966.0812,5968.1838,0.1566,0
1639,1,5966.5543,5969.7723,5970.2663,0.3089,0
1639,0,5966.5543,5969.7723,5972.0712,0.0447,0
1640,1,5970.3350,5973.9081,5974.2048,0.1132,0
1640,0,5970.3350,5973.9081,5976.0312,0.0425,0
1641,1,5974.2666,5978.3145,5978.6838,0.1945,0
1641,0,5974.2666,5978.3145,5980.5318,0.0406,0
1642,1,5978.7490,5982.1073,5982.3920,0.1131,0
1642,0,5978.7490,5982.1073,5984.2366,0.0419,0
1643,1,5982.4566,5986.2872,5986.6697,0.1594,0
1643,0,5982.4566,5986.2872,5988.6673,0.0511,0
1644,1,5986.7497,5989.9230,5990.1992,0.1147,0
1644,0,5986.7497,5989.9230,5992.0734,0.0447,0
1645,1,5990.2631,5993.6986,5994.0121,0.1151,0
1645,0,5990.2631,5993.6986,5995.8716,0.0456,0
1646,1,5994.0759,5997.4253,5997.9219,0.2921,0
1646,0,5994.0759,5997.4253,5999.7612,0.0455,0
1647,1,5998.0058,6001.2459,6001.5389,0.1141,0
1647,0,5998.0058,6001.2459,6003.3873,0.0378,0
1648,1,6001.5966,6004.9691,6005.3595,0.1805,0
1648,0,6001.5966,6004.9691,6007.1869,0.2281,0
1649,1,6005.6172,6009.3196,6009.7262,0.2280,0
1649,0,6005.6172,6009.3196,6011.5698,0.0528,0
1650,1,6009.8002,6013.1604,6013.4861,0.1096,0
1650,0,6009.8002,6013.1604,6015.3248,0.4696,0
1651,1,6013.9788,6017.1891,6017.5609,0.1632,0
1651,0,6013.9788,6017.1891,6019.3865,0.0454,0
1652,1,6017.6238,6021.1126,6021.4003,0.1147,0
1652,0,6017.6238,6021.1126,6023.2323,0.0380,0
1653,1,6021.4561,6025.0249,6025.4879,0.2830,0
1653,0,6021.4561,6025.0249,6027.3423,0.0368,0
1654,1,6025.5418,6028.6271,6028.9583,0.1629,0
1654,0,6025.5418,6028.6271,6030.8139,0.0447,0
1655,1,6029.9768,6033.1509,6033.6135,0.2612,0
1655,0,6029.9768,6033.1509,6035.4219,0.0400,0
1656,1,6033.7644,6036.9618,6037.4843,0.3042,0
1656,0,6033.7644,6036.9618,6039.2858,0.0465,0
1657,1,6037.5511,6041.0698,6041.4382,0.1868,0
1657,0,6037.5511,6041.0698,6043.2553,0.2599,0
1658,1,6041.7249,6045.3847,6045.7130,0.1487,0
1658,0,6041.7249,6045.3847,6047.5362,0.0449,0
1659,1,6045.7804,6049.1607,6049.4887,0.1132,0
1659,0,6045.7804,6049.1607,6051.3100,0.0376,0
1660,1,6049.5439,6052.9301,6053.3125,0.2031,0
1660,0,6049.5439,6052.9301,6055.1325,0.0550,0
1661,1,6053.3874,6056.6246,6056.9821,0.1725,0
1661,0,6053.3874,6056.6246,6058.7986,0.0439,0
1662,1,6057.0440,6060.3593,6060.7088,0.1360,0
1662,0,6057.0440,6060.3593,6062.5421,0.0459,0
1663,1,6060.7740,6064.0807,6064.5890,0.2929,0
1663,0,6060.7740,6064.0807,6066.4064,0.0452,0
1664,1,6064.6519,6067.7921,6068.0759,0.1138,0
1664,0,6064.6519,6067.7921,6069.8661,0.0367,0
1665,1,6068.1309,6071.5520,6071.8973,0.1461,0
1665,0,6068.1309,6071.5520,6073.6936,0.0455,0
1666,1,6071.9600,6075.1043,6075.6059,0.2882,0
1666,0,6071.9600,6075.1043,6077.3932,0.0466,0
1667,1,6075.6799,6079.1663,6079.4643,0.1171,0
1667,0,6075.6799,6079.1663,6081.2593,0.0409,0
1668,1,6079.5249,6082.9085,6083.2044,0.1135,0
1668,0,6079.5249,6082.9085,6085.0076,0.2267,0
1669,1,6083.4503,6086.7218,6087.1848,0.2819,0
1669,0,6083.4503,6086.7218,6088.9771,0.0459,0
1670,1,6087.2496,6090.5410,6090.8405,0.1163,0
1670,0,6087.2496,6090.5410,6092.6801,0.0378,0
1671,1,6090.8998,6094.4983,6094.8772,0.1777,0
1671,0,6090.8998,6094.4983,6096.7415,0.0455,0
1672,1,6094.9428,6097.9644,6098.5497,0.4201,0
1672,0,6094.9428,6097.9644,6100.3944,0.0396,0
1673,1,6098.6095,6102.0950,6102.4777,0.1707,0
1673,0,6098.6095,6102.0950,6104.2701,0.0407,0
1674,1,6102.5370,6105.6123,6106.1304,0.3060,0
1674,0,6102.5370,6105.6123,6107.9381,0.0481,0
1675,1,6106.1965,6109.8455,6110.1686,0.1156,0
1675,0,6106.1965,6109.8455,6111.9639,0.0462,0
1676,1,6110.2325,6113.8251,6114.3284,0.2993,0
1676,0,6110.2325,6113.8251,6116.2342,0.0453,0
1677,1,6114.3911,6117.8173,6118.1105,0.1160,0
1677,0,6114.3911,6117.8173,6119.9223,0.0390,0
1678,1,6118.1677,6121.4882,6121.8568,0.1861,0
1678,0,6118.1677,6121.4882,6123.6838,0.0455,0
1679,1,6121.9199,6125.1766,6125.5226,0.1728,0
1679,0,6121.9199,6125.1766,6127.3435,0.0375,0
1680,1,6125.5774,6128.6818,6128.9653,0.1156,0
1680,0,6125.5774,6128.6818,6130.8062,0.0375,0
1681,1,6129.0196,6132.6222,6132.9058,0.1082,0
1681,0,6129.0196,6132.6222,6134.7411,0.0358,0
1682,1,6132.9604,6135.8047,6136.3752,0.3793,0
1682,0,6132.9604,6135.8047,6138.1529,0.1974,0
1683,1,6136.5976,6139.8516,6140.1931,0.1604,0
1683,0,6136.5976,6139.8516,6142.1618,0.0453,0
1684,1,6140.2585,6144.0263,6144.3491,0.1442,0
1684,0,6140.2585,6144.0263,6146.1756,0.1599,0
1685,1,6144.5329,6147.7842,6148.2618,0.2929,0
1685,0,6144.5329,6147.7842,6150.0547,0.0676,0
1686,1,6148.3656,6151.7337,6152.0682,0.1268,0
1686,0,6148.3656,6151.7337,6153.8686,0.0389,0
1687,1,6152.1396,6155.6636,6156.2241,0.3150,0
1687,0,6152.1396,6155.6636,6158.0998,0.0459,0
1688,1,6156.3046,6159.3730,6159.6993,0.1633,0
1688,0,6156.3046,6159.3730,6161.8432,0.0434,0
1689,1,6159.7605,6163.1601,6163.5566,0.1927,0
1689,0,6159.7605,6163.1601,6165.3568,0.2999,0
1690,1,6163.8780,6166.9511,6167.4052,0.2708,0
1690,0,6163.8780,6166.9511,6169.1837,0.0375,0
1691,1,6167.4604,6170.8312,6171.1567,0.1195,0
1691,0,6167.4604,6170.8312,6172.9376,0.0469,0
1692,1,6171.2416,6174.3701,6174.6894,0.1115,0
1692,0,6171.2416,6174.3701,6176.4614,0.3543,0
1693,1,6175.0732,6178.9345,6179.3275,0.1444,0
1693,0,6175.0732,6178.9345,6181.1312,0.0434,0
1694,1,6179.3958,6182.9498,6183.4650,0.2758,0
1694,0,6179.3958,6182.9498,6185.2832,0.0446,0
1695,1,6183.5306,6186.7499,6187.1203,0.1875,0
1695,0,6183.5306,6186.7499,6188.9206,0.0374,0
1696,1,6187.1755,6190.6021,6190.9534,0.1702,0
1696,0,6187.1755,6190.6021,6192.7843,0.0368,0
1697,1,6191.0133,6194.5296,6194.9254,0.1745,0
1697,0,6191.0133,6194.5296,6196.7698,0.0459,0
1698,1,6194.9915,6198.0107,6198.4663,0.2960,0
1698,0,6194.9915,6198.0107,6200.2620,0.0403,0
1699,1,6198.5237,6201.9356,6202.2768,0.1105,0
1699,0,6198.5237,6201.9356,6204.0737,0.0756,0
1700,1,6202.3814,6205.7805,6206.1591,0.1636,0
1700,0,6202.3814,6205.7805,6207.9547,0.0488,0
1701,1,6206.2262,6209.9205,6210.2471,0.1172,0
1701,0,6206.2262,6209.9205,6212.0817,0.0423,0
1702,1,6210.3070,6213.8367,6214.3123,0.3016,0
1702,0,6210.3070,6213.8367,6216.1777,0.0388,0
1703,1,6214.3683,6217.6057,6217.9021,0.1196,0
1703,0,6214.3683,6217.6057,6219.7396,0.0359,0
1704,1,6217.9550,6221.4768,6221.8081,0.1548,0
1704,0,6217.9550,6221.4768,6223.6537,0.0468,0
1705,1,6221.8723,6225.1941,6225.5455,0.1743,0
1705,0,6221.8723,6225.1941,6227.4116,0.0365,0
1706,1,6225.6087,6228.8924,6229.2192,0.1586,0
1706,0,6225.6087,6228.8924,6231.0302,0.0452,0
1707,1,6229.2831,6232.9100,6233.2250,0.1176,0
1707,0,6229.2831,6232.9100,6235.0619,0.1451,0
1708,1,6233.3888,6236.4399,6236.9147,0.3049,0
1708,0,6233.3888,6236.4399,6238.7751,0.0365,0
1709,1,6236.9686,6240.4058,6240.7371,0.1205,0
1709,0,6236.9686,6240.4058,6242.7106,0.0438,0
1710,1,6240.7986,6244.9253,6245.4251,0.2814,0
1710,0,6240.7986,6244.9253,6247.2712,0.0427,0
1711,1,6245.4935,6248.9188,6249.2829,0.1613,0
1711,0,6245.4935,6248.9188,6251.1255,0.0400,0
1712,1,6249.3419,6252.9484,6253.4456,0.3159,0
1712,0,6249.3419,6252.9484,6255.2966,0.0373,0
1713,1,6253.5000,6256.7075,6256.9935,0.1105,0
1713,0,6253.5000,6256.7075,6258.8535,0.0361,0
1714,1,6257.0465,6260.3485,6260.6990,0.1761,0
1714,0,6257.0465,6260.3485,6262.5287,0.0398,0
1715,1,6260.7578,6264.0489,6264.5609,0.2861,0
1715,0,6260.7578,6264.0489,6266.4003,0.0408,0
1716,1,6264.6192,6267.7304,6268.0280,0.1070,0
1716,0,6264.6192,6267.7304,6269.8428,0.0465,0
1717,1,6268.0922,6271.6688,6271.9791,0.1152,0
1717,0,6268.0922,6271.6688,6274.0291,0.2377,0
1718,1,6272.2349,6275.3344,6275.8327,0.2887,0
1718,0,6272.2349,6275.3344,6277.7215,0.1770,0
1719,1,6276.0314,6279.4845,6279.8206,0.1216,0
1719,0,6276.0314,6279.4845,6281.6346,0.1479,0
1720,1,6279.9968,6283.4303,6283.7863,0.1678,0
1720,0,6279.9968,6283.4303,6285.6509,0.0374,0
1721,1,6283.8425,6287.0506,6287.4148,0.1864,0
1721,0,6283.8425,6287.0506,6289.2163,0.0355,0
1722,1,6287.4675,6291.0235,6291.3403,0.1389,0
1722,0,6287.4675,6291.0235,6293.1524,0.0367,0
1723,1,6291.3952,6294.5885,6294.9426,0.1733,0
1723,0,6291.3952,6294.5885,6296.8517,0.0363,0
1724,1,6295.0039,6298.4086,6298.7109,0.1149,0
1724,0,6295.0039,6298.4086,6300.5172,0.0400,0
1725,1,6298.7709,6302.3211,6303.0057,0.4693,0
1725,0,6298.7709,6302.3211,6304.8508,0.1119,0
1726,1,6303.1378,6306.2459,6306.7080,0.2903,0
1726,0,6303.1378,6306.2459,6308.5075,0.0443,0
1727,1,6306.7729,6310.5337,6310.8930,0.1585,0
1727,0,6306.7729,6310.5337,6312.7569,0.1239,0
1728,1,6311.0376,6314.0689,6314.5020,0.2748,0
1728,0,6311.0376,6314.0689,6316.3041,0.0726,0
1729,1,6314.5968,6317.8199,6318.1240,0.1224,0
1729,0,6314.5968,6317.8199,6319.9313,0.0470,0
1730,1,6318.1882,6321.4817,6321.8527,0.1860,0
1730,0,6318.1882,6321.4817,6323.6767,0.0502,0
1731,1,6321.9209,6325.0368,6325.4770,0.2728,0
1731,0,6321.9209,6325.0368,6327.3086,0.0602,0
1732,1,6325.5586,6328.6823,6328.9801,0.1133,0
1732,0,6325.5586,6328.6823,6330.7504,0.0475,0
1733,1,6329.0447,6332.4647,6332.7859,0.1159,0
1733,0,6329.0447,6332.4647,6334.5699,0.0388,0
1734,1,6332.8429,6335.8804,6336.3555,0.2029,0
1734,0,6332.8429,6335.8804,6338.1224,0.0613,0
1735,1,6336.4406,6339.7126,6340.0947,0.1674,0
1735,0,6336.4406,6339.7126,6341.8616,0.0442,0
1736,1,6340.1774,6343.8505,6344.1679,0.1041,0
1736,0,6340.1774,6343.8505,6345.9785,0.2583,0
1737,1,6344.4505,6347.5994,6348.0966,0.2794,0
1737,0,6344.4505,6347.5994,6349.8856,0.0437,0
1738,1,6348.1582,6351.5571,6351.9655,0.1349,0
1738,0,6348.1582,6351.5571,6353.7746,0.0570,0
1739,1,6352.0467,6355.6596,6356.0469,0.1737,0
1739,0,6352.0467,6355.6596,6357.9122,0.0486,0
1740,1,6356.1151,6359.1893,6359.5441,0.1647,0
1740,0,6356.1151,6359.1893,6361.3208,0.0509,0
1741,1,6359.6153,6362.9743,6363.3530,0.1188,0
1741,0,6359.6153,6362.9743,6365.2062,0.0403,0
1742,1,6363.4208,6366.6995,6367.0413,0.1745,0
1742,0,6363.4208,6366.6995,6368.8908,0.0378,0
1743,1,6367.1022,6370.7445,6371.0586,0.1129,0
1743,0,6367.1022,6370.7445,6372.8549,0.0437,0
1744,1,6371.1202,6374.4082,6374.7218,0.1084,0
1744,0,6371.1202,6374.4082,6376.5186,0.2881,0
1745,1,6375.0276,6378.5817,6378.8882,0.1112,0
1745,0,6375.0276,6378.5817,6380.6882,0.0427,0
1746,1,6378.9483,6382.2489,6382.5852,0.1608,0
1746,0,6378.9483,6382.2489,6384.4425,0.0383,0
1747,1,6382.6499,6386.2193,6386.7263,0.2899,0
1747,0,6382.6499,6386.2193,6388.5579,0.0461,0
1748,1,6386.7986,6389.9088,6390.1754,0.1057,0
1748,0,6386.7986,6389.9088,6392.0020,0.0362,0
1749,1,6390.2299,6393.6465,6394.0387,0.1117,0
1749,0,6390.2299,6393.6465,6395.8840,0.0473,0
1750,1,6394.1064,6397.1563,6397.6159,0.2924,0
1750,0,6394.1064,6397.1563,6399.4234,0.0451,0
1751,1,6397.6806,6401.0419,6401.3852,0.1627,0
1751,0,6397.6806,6401.0419,6403.1733,0.0437,0
1752,1,6401.4473,6404.7817,6405.1621,0.1813,0
1752,0,6401.4473,6404.7817,6406.9500,0.0480,0
1753,1,6405.2275,6408.4570,6408.9244,0.2688,0
1753,0,6405.2275,6408.4570,6410.7238,0.0388,0
1754,1,6408.9852,6412.1082,6412.4372,0.1608,0
1754,0,6408.9852,6412.1082,6414.4232,0.0380,0
1755,1,6412.4930,6415.9357,6416.2869,0.1169,0
1755,0,6412.4930,6415.9357,6418.1104,0.0456,0
1756,1,6416.3902,6419.6837,6420.2075,0.2929,0
1756,0,6416.3902,6419.6837,6422.0257,0.0471,0
1757,1,6420.2771,6423.5022,6423.9730,0.2255,0
1757,0,6420.2771,6423.5022,6425.7893,0.0449,0
1758,1,6424.0396,6427.1824,6427.5198,0.1145,0
1758,0,6424.0396,6427.1824,6429.3290,0.3549,0
1759,1,6427.8942,6430.9844,6431.4668,0.2857,0
1759,0,6427.8942,6430.9844,6433.2473,0.0391,0
1760,1,6431.5260,6434.7950,6435.1322,0.1362,0
1760,0,6431.5260,6434.7950,6436.9421,0.0454,0
1761,1,6435.2022,6438.9167,6439.5137,0.3642,0
1761,0,6435.2022,6438.9167,6441.3442,0.0514,0
1762,1,6439.5899,6443.0776,6443.3619,0.1131,0
1762,0,6439.5899,6443.0776,6445.1598,0.0449,0
1763,1,6443.4276,6447.1563,6447.6673,0.2817,0
1763,0,6443.4276,6447.1563,6449.5772,0.0495,0
1764,1,6447.7399,6450.8750,6451.1726,0.1213,0
1764,0,6447.7399,6450.8750,6452.9841,0.0372,0
1765,1,6451.2304,6454.6416,6455.0474,0.1811,0
1765,0,6451.2304,6454.6416,6456.8479,0.0419,0
1766,1,6455.1118,6458.7860,6459.0892,0.1190,0
1766,0,6455.1118,6458.7860,6460.9134,0.0428,0
1767,1,6459.1509,6462.5341,6462.8456,0.1146,0
1767,0,6459.1509,6462.5341,6464.6802,0.0444,0
1768,1,6462.9118,6466.6806,6467.1186,0.2574,0
1768,0,6462.9118,6466.6806,6468.9516,0.0457,0
1769,1,6467.1848,6470.5688,6470.8767,0.1206,0
1769,0,6467.1848,6470.5688,6472.7050,0.0444,0
1770,1,6470.9383,6474.2238,6474.5345,0.1175,0
1770,0,6470.9383,6474.2238,6476.3548,0.0359,0
1771,1,6474.5885,6478.2602,6478.7551,0.2867,0
1771,0,6474.5885,6478.2602,6480.5993,0.0407,0
1772,1,6478.8198,6482.2255,6482.5122,0.1144,0
1772,0,6478.8198,6482.2255,6484.3459,0.0373,0
1773,1,6482.5701,6486.1548,6486.5722,0.2402,0
1773,0,6482.5701,6486.1548,6488.4290,0.0748,0
1774,1,6486.6690,6489.7741,6490.0818,0.1216,0
1774,0,6486.6690,6489.7741,6491.9062,0.0438,0
1775,1,6490.1431,6493.4833,6493.9230,0.1156,0
1775,0,6490.1431,6493.4833,6495.7827,0.0469,0
1776,1,6494.0006,6497.2322,6497.6664,0.2485,0
1776,0,6494.0006,6497.2322,6499.4989,0.0486,0
1777,1,6497.7394,6501.0407,6501.3739,0.1203,0
1777,0,6497.7394,6501.0407,6503.1863,0.0425,0
1778,1,6501.4362,6504.9138,6505.2296,0.1401,0
1778,0,6501.4362,6504.9138,6507.0435,0.0356,0
1779,1,6505.2873,6508.5815,6509.1286,0.3350,0
1779,0,6505.2873,6508.5815,6510.9993,0.2601,0
1780,1,6509.4095,6512.7870,6513.1178,0.1217,0
1780,0,6509.4095,6512.7870,6514.9270,0.0433,0
1781,1,6513.2026,6516.7166,6517.0543,0.1273,0
1781,0,6513.2026,6516.7166,6518.9597,0.0395,0
1782,1,6517.1144,6520.2129,6520.5653,0.1820,0
1782,0,6517.1144,6520.2129,6522.3639,0.0431,0
1783,1,6520.6251,6523.9740,6524.2552,0.1137,0
1783,0,6520.6251,6523.9740,6526.0746,0.0412,0
1784,1,6524.3139,6527.8204,6528.3043,0.3099,0
1784,0,6524.3139,6527.8204,6530.1852,0.0368,0
1785,1,6528.3597,6531.7324,6532.0699,0.1620,0
1785,0,6528.3597,6531.7324,6533.8799,0.0370,0
1786,1,6533.0654,6536.2337,6536.5353,0.1179,0
1786,0,6533.0654,6536.2337,6538.3320,0.0364,0
1787,1,6536.6914,6540.0546,6540.5210,0.2831,0
1787,0,6536.6914,6540.0546,6542.3353,0.0463,0
1788,1,6540.5909,6544.2239,6544.7043,0.2452,0
1788,0,6540.5909,6544.2239,6546.5618,0.1289,0
1789,1,6544.8552,6547.9985,6548.4987,0.3197,0
1789,0,6544.8552,6547.9985,6550.2994,0.0458,0
1790,1,6548.5637,6551.9046,6552.3325,0.1358,0
1790,0,6548.5637,6551.9046,6554.1595,0.0975,0
1791,1,6552.4623,6555.8526,6556.3367,0.2650,0
1791,0,6552.4623,6555.8526,6558.1374,0.0408,0
1792,1,6556.4035,6559.5921,6559.9008,0.1129,0
1792,0,6556.4035,6559.5921,6561.6920,0.0468,0
1793,1,6559.9665,6563.1841,6563.5262,0.1172,0
1793,0,6559.9665,6563.1841,6565.3137,0.4153,0
1794,1,6563.9621,6567.0305,6567.3709,0.1631,0
1794,0,6563.9621,6567.0305,6569.1465,0.0463,0
1795,1,6567.4345,6570.8210,6571.1934,0.1209,0
1795,0,6567.4345,6570.8210,6572.9768,0.0442,0
1796,1,6571.2565,6574.4157,6574.6874,0.1041,0
1796,0,6571.2565,6574.4157,6576.4543,0.1746,0
1797,1,6574.8797,6578.5323,6579.0341,0.2911,0
1797,0,6574.8797,6578.5323,6580.8447,0.0426,0
1798,1,6579.0970,6582.4349,6582.7942,0.1198,0
1798,0,6579.0970,6582.4349,6584.5862,0.0423,0
1799,1,6582.8566,6586.2989,6586.9903,0.4005,0
1799,0,6582.8566,6586.2989,6588.8615,0.0645,0
1800,1,6587.0784,6590.4761,6590.8344,0.1715,0
1800,0,6587.0784,6590.4761,6592.6628,0.0433,0
1801,1,6590.8975,6594.1504,6594.7219,0.3809,0
1801,0,6590.8975,6594.1504,6596.5127,0.1649,0
1802,1,6594.9134,6597.9486,6598.5899,0.4303,0
1802,0,6594.9134,6597.9486,6600.4017,0.0479,0
1803,1,6598.6579,6601.9090,6602.2251,0.1143,0
1803,0,6598.6579,6601.9090,6603.9997,0.0373,0
1804,1,6602.2827,6605.6502,6606.0824,0.2266,0
1804,0,6602.2827,6605.6502,6607.8880,0.0528,0
1805,1,6606.1561,6609.6725,6610.1196,0.2617,0
1805,0,6606.1561,6609.6725,6611.9331,0.0438,0
1806,1,6610.1847,6613.7305,6614.1927,0.2625,0
1806,0,6610.1847,6613.7305,6615.9880,0.0410,0
1807,1,6614.2533,6617.4375,6617.7833,0.1571,0
1807,0,6614.2533,6617.4375,6619.6302,0.0377,0
1808,1,6617.8443,6621.1263,6621.4438,0.1160,0
1808,0,6617.8443,6621.1263,6623.2281,0.0427,0
1809,1,6621.5036,6624.8948,6625.2758,0.1653,0
1809,0,6621.5036,6624.8948,6627.0768,0.0430,0
1810,1,6625.3389,6628.4225,6628.7449,0.1629,0
1810,0,6625.3389,6628.4225,6630.5276,0.0379,0
1811,1,6628.7999,6632.3037,6632.5966,0.1140,0
1811,0,6628.7999,6632.3037,6634.3806,0.0371,0
1812,1,6632.6524,6635.7946,6636.3452,0.3755,0
1812,0,6632.6524,6635.7946,6638.1236,0.0569,0
1813,1,6636.4304,6639.7128,6640.0848,0.1645,0
1813,0,6636.4304,6639.7128,6641.8749,0.0446,0
1814,1,6640.1476,6643.8610,6644.2057,0.1131,0
1814,0,6640.1476,6643.8610,6646.0275,0.1524,0
1815,1,6644.3800,6647.5373,6648.0743,0.2870,0
1815,0,6644.3800,6647.5373,6649.8945,0.0492,0
1816,1,6648.1601,6651.2623,6651.5932,0.1665,0
1816,0,6648.1601,6651.2623,6653.3649,0.0391,0
1817,1,6651.6636,6654.9534,6655.2389,0.1076,0
1817,0,6651.6636,6654.9534,6657.0548,0.0385,0
1818,1,6655.3248,6658.4144,6658.7512,0.1677,0
1818,0,6655.3248,6658.4144,6660.5899,0.0438,0
1819,1,6658.8160,6662.1079,6662.5072,0.1548,0
1819,0,6658.8160,6662.1079,6664.2992,0.0487,0
1820,1,6662.5795,6665.9244,6666.3104,0.1502,0
1820,0,6662.5795,6665.9244,6668.0818,0.0429,0
1821,1,6666.3883,6669.9900,6670.2921,0.1148,0
1821,0,6666.3883,6669.9900,6672.0782,0.0436,0
1822,1,6670.3532,6673.6527,6673.9502,0.1117,0
1822,0,6670.3532,6673.6527,6675.7737,0.0436,0
1823,1,6674.0111,6677.9096,6678.4062,0.3156,0
1823,0,6674.0111,6677.9096,6680.2570,0.0386,0
1824,1,6678.4650,6681.8398,6682.1140,0.1119,0
1824,0,6678.4650,6681.8398,6683.9297,0.0457,0
1825,1,6682.1786,6685.5951,6685.8961,0.1232,0
1825,0,6682.1786,6685.5951,6687.7134,0.3243,0
1826,1,6686.2652,6689.4108,6689.7122,0.1136,0
1826,0,6686.2652,6689.4108,6691.5134,0.0359,0
1827,1,6689.7653,6693.1531,6693.4481,0.1105,0
1827,0,6689.7653,6693.1531,6695.3234,0.0410,0
1828,1,6693.5061,6697.0690,6697.5078,0.2603,0
1828,0,6693.5061,6697.0690,6699.3196,0.0501,0
1829,1,6697.5814,6700.8225,6701.1315,0.1144,0
1829,0,6697.5814,6700.8225,6702.9715,0.0456,0
1830,1,6701.1964,6704.5256,6704.8210,0.1163,0
1830,0,6701.1964,6704.5256,6706.6257,0.0442,0
1831,1,6704.8832,6708.5191,6708.9438,0.1664,0
1831,0,6704.8832,6708.5191,6710.8552,0.0733,0
1832,1,6709.0433,6712.2203,6712.5079,0.1161,0
1832,0,6709.0433,6712.2203,6714.3216,0.0417,0
1833,1,6712.5684,6716.2127,6716.5443,0.1201,0
1833,0,6712.5684,6716.2127,6718.3771,0.2694,0
1834,1,6716.8404,6719.9462,6720.3419,0.1835,0
1834,0,6716.8404,6719.9462,6722.1795,0.0402,0
1835,1,6720.4077,6723.7861,6724.1588,0.1207,0
1835,0,6720.4077,6723.7861,6726.0045,0.0508,0
1836,1,6724.2331,6727.3847,6727.8814,0.2702,0
1836,0,6724.2331,6727.3847,6729.6743,0.1166,0
1837,1,6728.0221,6731.1540,6731.6296,0.2899,0
1837,0,6728.0221,6731.1540,6733.4396,0.0391,0
1838,1,6731.6875,6734.9857,6735.3137,0.1209,0
1838,0,6731.6875,6734.9857,6737.0927,0.0406,0
1839,1,6735.3725,6739.0712,6739.4474,0.1762,0
1839,0,6735.3725,6739.0712,6741.2624,0.0399,0
1840,1,6739.5052,6743.0040,6743.3735,0.1300,0
1840,0,6739.5052,6743.0040,6745.2470,0.0476,0
1841,1,6743.4413,6746.9187,6747.7422,0.6544,0
1841,0,6743.4413,6746.9187,6749.5774,0.0567,0
1842,1,6747.8222,6750.9872,6751.3084,0.1261,0
1842,0,6747.8222,6750.9872,6753.1275,0.0433,0
1843,1,6751.3697,6754.8083,6755.1426,0.1135,0
1843,0,6751.3697,6754.8083,6756.9593,0.0403,0
1844,1,6755.2024,6758.3296,6758.7967,0.1737,0
1844,0,6755.2024,6758.3296,6760.6265,0.0508,0
1845,1,6758.8684,6762.0917,6762.3772,0.1097,0
1845,0,6758.8684,6762.0917,6764.1629,0.0452,0
1846,1,6762.4404,6765.7884,6766.1233,0.1148,0
1846,0,6762.4404,6765.7884,6767.9196,0.0367,0
1847,1,6766.1774,6769.5415,6770.0172,0.2790,0
1847,0,6766.1774,6769.5415,6771.8162,0.0446,0
1848,1,6770.0799,6773.2170,6773.5145,0.1105,0
1848,0,6770.0799,6773.2170,6775.3472,0.0414,0
1849,1,6773.5732,6777.2170,6777.7701,0.2829,0
1849,0,6773.5732,6777.2170,6779.6417,0.0837,0
1850,1,6777.8780,6780.8988,6781.3437,0.2467,0
1850,0,6777.8780,6780.8988,6783.1282,0.0437,0
1851,1,6781.4069,6784.6293,6784.9469,0.1244,0
1851,0,6781.4069,6784.6293,6786.7181,0.0434,0
1852,1,6785.0098,6788.3357,6788.6657,0.1162,0
1852,0,6785.0098,6788.3357,6790.4374,0.2160,0
1853,1,6788.8994,6792.1712,6792.5084,0.1363,0
1853,0,6788.8994,6792.1712,6794.2840,0.0380,0
1854,1,6792.5683,6795.9460,6796.2386,0.1162,0
1854,0,6792.5683,6795.9460,6798.0156,0.0431,0
1855,1,6796.2989,6799.7537,6800.2509,0.2857,0
1855,0,6796.2989,6799.7537,6802.0493,0.0796,0
1856,1,6800.3602,6803.5316,6803.8745,0.1609,0
1856,0,6800.3602,6803.5316,6805.7171,0.0434,0
1857,1,6803.9372,6807.3200,6807.6058,0.1150,0
1857,0,6803.9372,6807.3200,6809.3919,0.0383,0
1858,1,6807.6719,6811.5967,6811.9253,0.1214,0
1858,0,6807.6719,6811.5967,6813.7371,0.0447,0
1859,1,6811.9874,6815.4187,6815.7510,0.1612,0
1859,0,6811.9874,6815.4187,6817.5614,0.0371,0
1860,1,6815.8169,6819.1524,6819.6889,0.3667,0
1860,0,6815.8169,6819.1524,6821.5234,0.0549,0
1861,1,6819.7662,6823.0192,6823.3570,0.1231,0
1861,0,6819.7662,6823.0192,6825.2087,0.0438,0
1862,1,6823.4216,6826.8022,6827.1086,0.1253,0
1862,0,6823.4216,6826.8022,6828.9244,0.1048,0
1863,1,6827.2408,6830.5538,6830.8497,0.1127,0
1863,0,6827.2408,6830.5538,6832.6701,0.0428,0
1864,1,6830.9113,6834.0263,6834.3750,0.1533,0
1864,0,6830.9113,6834.0263,6836.1626,0.0444,0
1865,1,6834.4369,6837.8461,6838.1554,0.0999,0
1865,0,6834.4369,6837.8461,6839.9499,0.0494,0
1866,1,6838.2222,6841.7227,6842.1302,0.1738,0
1866,0,6838.2222,6841.7227,6844.0287,0.1753,0
1867,1,6842.3286,6845.5758,6845.9105,0.1203,0
1867,0,6842.3286,6845.5758,6847.7558,0.0464,0
1868,1,6845.9753,6849.4573,6849.7946,0.1209,0
1868,0,6845.9753,6849.4573,6851.6192,0.2278,0
1869,1,6850.0405,6853.2346,6853.7110,0.1848,0
1869,0,6850.0405,6853.2346,6855.5026,0.0472,0
1870,1,6853.7996,6857.0997,6857.3907,0.1176,0
1870,0,6853.7996,6857.0997,6859.1790,0.0364,0
1871,1,6857.4447,6861.1733,6861.5492,0.1725,0
1871,0,6857.4447,6861.1733,6863.4226,0.0441,0
1872,1,6861.6128,6864.6336,6865.0901,0.2943,0
1872,0,6861.6128,6864.6336,6866.9034,0.0390,0
1873,1,6865.1466,6868.5387,6868.8982,0.1139,0
1873,0,6865.1466,6868.5387,6870.7162,0.0402,0
1874,1,6868.9565,6872.3386,6872.7225,0.1635,0
1874,0,6868.9565,6872.3386,6874.5159,0.0415,0
1875,1,6872.7824,6876.1540,6876.6350,0.2866,0
1875,0,6872.7824,6876.1540,6878.4373,0.0418,0
1876,1,6876.6957,6880.0303,6880.5190,0.3054,0
1876,0,6876.6957,6880.0303,6882.3154,0.1092,0
1877,1,6880.6483,6883.9023,6884.2534,0.1741,0
1877,0,6880.6483,6883.9023,6886.1238,0.0468,0
1878,1,6884.3171,6887.6108,6887.9077,0.1147,0
1878,0,6884.3171,6887.6108,6889.7240,0.0359,0
1879,1,6887.9631,6891.5257,6891.9895,0.2635,0
1879,0,6887.9631,6891.5257,6893.8025,0.0509,0
1880,1,6892.0587,6895.1802,6895.4524,0.1117,0
1880,0,6892.0587,6895.1802,6897.2378,0.0375,0
1881,1,6895.5074,6898.9660,6899.2897,0.1184,0
1881,0,6895.5074,6898.9660,6901.0975,0.0388,0
1882,1,6899.3461,6902.8217,6903.3714,0.2946,0
1882,0,6899.3461,6902.8217,6905.2219,0.0485,0
1883,1,6903.4452,6906.7517,6907.0563,0.1213,0
1883,0,6903.4452,6906.7517,6909.0604,0.0363,0
1884,1,6907.1107,6910.9333,6911.3533,0.2419,0
1884,0,6907.1107,6910.9333,6913.1809,0.1460,0
1885,1,6911.5201,6915.0941,6915.4260,0.1197,0
1885,0,6911.5201,6915.0941,6917.2850,0.0423,0
1886,1,6915.4880,6918.6757,6919.0051,0.1162,0
1886,0,6915.4880,6918.6757,6920.8616,0.0442,0
1887,1,6919.0686,6922.8211,6923.1206,0.1136,0
1887,0,6919.0686,6922.8211,6924.9555,0.0456,0
1888,1,6923.1838,6926.4816,6926.8507,0.1206,0
1888,0,6923.1838,6926.4816,6928.7103,0.0454,0
1889,1,6926.9184,6930.4480,6930.9216,0.2813,0
1889,0,6926.9184,6930.4480,6932.9032,0.1260,0
1890,1,6931.0702,6934.2123,6934.4908,0.1169,0
1890,0,6931.0702,6934.2123,6936.3122,0.0374,0
1891,1,6934.5456,6937.9511,6938.2379,0.1109,0
1891,0,6934.5456,6937.9511,6940.0583,0.0362,0
1892,1,6938.2978,6941.7327,6942.2112,0.2799,0
1892,0,6938.2978,6941.7327,6944.0347,0.0488,0
1893,1,6942.2822,6945.6488,6945.9399,0.1123,0
1893,0,6942.2822,6945.6488,6947.8584,0.0448,0
1894,1,6946.0059,6949.4043,6949.7010,0.1116,0
1894,0,6946.0059,6949.4043,6951.5477,0.3129,0
1895,1,6950.0382,6953.3383,6953.6806,0.1625,0
1895,0,6950.0382,6953.3383,6955.4977,0.0494,0
1896,1,6953.7466,6957.0296,6957.3374,0.1166,0
1896,0,6953.7466,6957.0296,6959.1474,0.0440,0
1897,1,6957.3984,6961.0951,6961.5527,0.2203,0
1897,0,6957.3984,6961.0951,6963.5026,0.0668,0
1898,1,6961.6434,6965.0512,6965.3590,0.1389,0
1898,0,6961.6434,6965.0512,6967.1848,0.0432,0
1899,1,6965.4213,6968.7694,6969.0784,0.1104,0
1899,0,6965.4213,6968.7694,6970.9025,0.0454,0
1900,1,6969.1414,6972.4213,6972.8098,0.1716,0
1900,0,6969.1414,6972.4213,6974.6340,0.0484,0
1901,1,6972.8764,6976.3206,6976.6688,0.1655,0
1901,0,6972.8764,6976.3206,6978.4954,0.0452,0
1902,1,6976.7331,6980.1132,6980.8096,0.4845,0
1902,0,6976.7331,6980.1132,6982.6273,0.0443,0
1903,1,6980.8816,6984.1048,6984.4854,0.1558,0
1903,0,6980.8816,6984.1048,6986.2962,0.0435,0
1904,1,6984.5464,6987.9189,6988.2145,0.1147,0
1904,0,6984.5464,6987.9189,6990.0218,0.0369,0
1905,1,6988.2678,6991.8465,6992.2241,0.1631,0
1905,0,6988.2678,6991.8465,6994.0577,0.0405,0
1906,1,6992.2836,6995.3813,6995.7033,0.1614,0
1906,0,6992.2836,6995.3813,6997.5171,0.0400,0
1907,1,6995.7732,6999.4684,6999.7991,0.1185,0
1907,0,6995.7732,6999.4684,7001.6177,0.3125,0
1908,1,7000.1322,7003.2384,7003.6226,0.1811,0
1908,0,7000.1322,7003.2384,7005.4262,0.0445,0
1909,1,7003.6847,7007.1520,7007.4771,0.1210,0
1909,0,7003.6847,7007.1520,7009.2853,0.0435,0
1910,1,7007.5378,7011.3777,7012.0234,0.3149,0
1910,0,7007.5378,7011.3777,7013.8830,0.0468,0
1911,1,7012.0907,7015.5349,7015.8280,0.1158,0
1911,0,7012.0907,7015.5349,7017.6821,0.0504,0
1912,1,7015.8975,7019.5463,7019.8209,0.1052,0
1912,0,7015.8975,7019.5463,7021.6943,0.0377,0
1913,1,7019.8787,7023.1316,7023.4237,0.1155,0
1913,0,7019.8787,7023.1316,7025.2570,0.0358,0
1914,1,7023.4771,7026.7814,7027.0794,0.1173,0
1914,0,7023.4771,7026.7814,7028.9256,0.0367,0
1915,1,7027.1547,7030.7216,7031.0068,0.1100,0
1915,0,7027.1547,7030.7216,7032.8639,0.0377,0
1916,1,7031.0623,7034.1995,7034.5303,0.1663,0
1916,0,7031.0623,7034.1995,7036.3483,0.0379,0
1917,1,7035.5295,7038.7112,7039.1711,0.2622,0
1917,0,7035.5295,7038.7112,7040.9786,0.0522,0
1918,1,7039.3233,7043.2203,7043.5487,0.1199,0
1918,0,7039.3233,7043.2203,7045.3929,0.0449,0
1919,1,7043.6119,7047.5454,7047.8920,0.1656,0
1919,0,7043.6119,7047.5454,7049.7653,0.0355,0
1920,1,7047.9440,7051.0384,7051.3629,0.1610,0
1920,0,7047.9440,7051.0384,7053.2041,0.0372,0
1921,1,7051.4178,7054.8511,7055.1568,0.1103,0
1921,0,7051.4178,7054.8511,7056.9944,0.0390,0
1922,1,7055.2135,7058.5347,7059.0525,0.1549,0
1922,0,7055.2135,7058.5347,7060.9034,0.0512,0
1923,1,7059.1242,7062.3465,7062.6847,0.1613,0
1923,0,7059.1242,7062.3465,7064.5086,0.0447,0
1924,1,7062.7467,7066.1243,7066.4603,0.1224,0
1924,0,7062.7467,7066.1243,7068.2808,0.2323,0
1925,1,7066.7146,7069.9442,7070.3008,0.1784,0
1925,0,7066.7146,7069.9442,7072.1264,0.0363,0
1926,1,7070.3537,7073.7234,7074.0246,0.1163,0
1926,0,7070.3537,7073.7234,7075.9823,0.0444,0
1927,1,7074.0860,7077.8054,7078.4901,0.5031,0
1927,0,7074.0860,7077.8054,7080.3321,0.0491,0
1928,1,7078.5622,7081.9675,7082.2618,0.1108,0
1928,0,7078.5622,7081.9675,7084.0913,0.0364,0
1929,1,7082.3177,7085.8063,7086.4084,0.3993,0
1929,0,7082.3177,7085.8063,7088.2374,0.0411,0
1930,1,7086.4906,7089.7205,7090.0451,0.1162,0
1930,0,7086.4906,7089.7205,7091.8887,0.0414,0
1931,1,7090.1051,7093.5409,7093.9146,0.1140,0
1931,0,7090.1051,7093.5409,7095.7416,0.0404,0
1932,1,7093.9752,7097.3206,7097.8001,0.2953,0
1932,0,7093.9752,7097.3206,7099.6187,0.0393,0
1933,1,7097.8600,7101.0994,7101.3901,0.1140,0
1933,0,7097.8600,7101.0994,7103.2130,0.0369,0
1934,1,7101.4441,7104.7718,7105.1356,0.1162,0
1934,0,7101.4441,7104.7718,7106.9886,0.0478,0
1935,1,7105.2007,7108.5822,7108.9648,0.1730,0
1935,0,7105.2007,7108.5822,7110.8119,0.0438,0
1936,1,7109.0291,7112.2166,7112.4875,0.1131,0
1936,0,7109.0291,7112.2166,7114.2866,0.0358,0
1937,1,7112.5412,7116.0291,7116.3860,0.1414,0
1937,0,7112.5412,7116.0291,7118.1893,0.3493,0
1938,1,7116.7558,7119.8313,7120.3112,0.2801,0
1938,0,7116.7558,7119.8313,7122.1179,0.0502,0
1939,1,7120.3862,7123.7926,7124.1086,0.1141,0
1939,0,7120.3862,7123.7926,7125.9055,0.0447,0
1940,1,7124.1714,7127.4849,7127.9561,0.2791,0
1940,0,7124.1714,7127.4849,7129.7553,0.1229,0
1941,1,7128.0998,7131.2485,7131.8437,0.4181,0
1941,0,7128.0998,7131.2485,7133.6329,0.0439,0
1942,1,7131.9082,7135.1523,7135.4386,0.1191,0
1942,0,7131.9082,7135.1523,7137.2166,0.0360,0
1943,1,7135.4926,7139.0390,7139.3962,0.1781,0
1943,0,7135.4926,7139.0390,7141.2328,0.0373,0
1944,1,7139.4518,7142.9449,7143.3012,0.1549,0
1944,0,7139.4518,7142.9449,7145.1028,0.0442,0
1945,1,7143.3634,7147.0364,7147.5025,0.2681,0
1945,0,7143.3634,7147.0364,7149.3226,0.0424,0
1946,1,7147.5834,7150.7746,7151.1151,0.1642,0
1946,0,7147.5834,7150.7746,7152.9351,0.0376,0
1947,1,7151.1697,7154.6013,7154.9061,0.1196,0
1947,0,7151.1697,7154.6013,7156.7156,0.1123,0
1948,1,7155.0751,7158.4722,7158.8228,0.1736,0
1948,0,7155.0751,7158.4722,7160.6480,0.0419,0
1949,1,7158.8978,7162.1184,7162.4559,0.1661,0
1949,0,7158.8978,7162.1184,7164.3566,0.0369,0
1950,1,7162.5250,7165.9900,7166.3054,0.1061,0
1950,0,7162.5250,7165.9900,7168.2432,0.0855,0
1951,1,7166.4144,7169.8834,7170.2734,0.1632,0
1951,0,7166.4144,7169.8834,7172.0995,0.0462,0
1952,1,7170.3398,7173.8636,7174.1749,0.1177,0
1952,0,7170.3398,7173.8636,7175.9948,0.0440,0
1953,1,7174.2378,7178.0404,7178.4690,0.2542,0
1953,0,7174.2378,7178.0404,7180.3242,0.0435,0
1954,1,7178.5311,7182.0609,7182.3545,0.1241,0
1954,0,7178.5311,7182.0609,7184.2020,0.0412,0
1955,1,7182.4133,7185.7316,7186.3004,0.3821,0
1955,0,7182.4133,7185.7316,7188.1564,0.0579,0
1956,1,7186.3825,7189.5653,7189.9991,0.1434,0
1956,0,7186.3825,7189.5653,7191.8460,0.0730,0
1957,1,7190.0951,7193.6644,7193.9815,0.1013,0
1957,0,7190.0951,7193.6644,7195.8169,0.0356,0
1958,1,7194.0408,7197.3284,7197.7979,0.2785,0
1958,0,7194.0408,7197.3284,7199.6368,0.0371,0
1959,1,7197.8841,7201.1625,7201.4535,0.1141,0
1959,0,7197.8841,7201.1625,7203.2748,0.0371,0
1960,1,7201.5089,7204.8615,7205.1882,0.1129,0
1960,0,7201.5089,7204.8615,7207.0067,0.0423,0
1961,1,7205.2477,7208.6055,7209.2334,0.1669,0
1961,0,7205.2477,7208.6055,7211.0641,0.1841,0
1962,1,7209.4491,7212.8936,7213.3452,0.1222,0
1962,0,7209.4491,7212.8936,7215.1992,0.0455,0
1963,1,7213.4210,7216.8415,7217.1813,0.1648,0
1963,0,7213.4210,7216.8415,7218.9991,0.0372,0
1964,1,7217.2460,7220.4814,7220.7698,0.1133,0
1964,0,7217.2460,7220.4814,7222.6045,0.0369,0
1965,1,7220.8250,7224.2832,7224.6064,0.1200,0
1965,0,7220.8250,7224.2832,7226.4194,0.0458,0
1966,1,7224.6705,7227.9894,7228.2949,0.1298,0
1966,0,7224.6705,7227.9894,7230.1525,0.0615,0
1967,1,7228.3747,7231.8525,7232.1781,0.1160,0
1967,0,7228.3747,7231.8525,7233.9911,0.0435,0
1968,1,7232.2407,7235.5801,7235.8767,0.1145,0
1968,0,7232.2407,7235.5801,7237.7113,0.2334,0
1969,1,7236.1310,7239.3168,7239.7278,0.2453,0
1969,0,7236.1310,7239.3168,7241.5425,0.0596,0
1970,1,7239.8056,7243.2805,7243.5575,0.1147,0
1970,0,7239.8056,7243.2805,7245.3636,0.0378,0
1971,1,7243.6123,7247.3640,7247.8287,0.2770,0
1971,0,7243.6123,7247.3640,7249.6730,0.0433,0
1972,1,7247.8918,7251.0403,7251.3725,0.1650,0
1972,0,7247.8918,7251.0403,7253.1858,0.0446,0
1973,1,7251.4367,7254.9148,7255.2437,0.1611,0
1973,0,7251.4367,7254.9148,7257.0598,0.0347,0
1974,1,7255.2955,7258.5873,7258.9561,0.1723,0
1974,0,7255.2955,7258.5873,7260.7702,0.0442,0
1975,1,7259.0173,7262.2144,7262.7589,0.1665,0
1975,0,7259.0173,7262.2144,7264.5725,0.0454,0
1976,1,7262.8260,7266.3576,7266.9735,0.3894,0
1976,0,7262.8260,7266.3576,7268.7950,0.0465,0
1977,1,7267.0397,7270.3103,7270.6084,0.1268,0
1977,0,7267.0397,7270.3103,7272.4130,0.0360,0
1978,1,7270.6627,7273.9424,7274.3212,0.1812,0
1978,0,7270.6627,7273.9424,7276.1190,0.0395,0
1979,1,7274.3780,7278.3571,7278.7889,0.1152,0
1979,0,7274.3780,7278.3571,7280.6275,0.0467,0
1980,1,7278.8611,7282.2878,7282.6253,0.1619,0
1980,0,7278.8611,7282.2878,7284.4660,0.0963,0
1981,1,7282.7446,7286.4979,7286.7807,0.1155,0
1981,0,7282.7446,7286.4979,7288.6477,0.0362,0
1982,1,7286.8339,7290.0750,7290.3535,0.1166,0
1982,0,7286.8339,7290.0750,7292.1921,0.0447,0
1983,1,7290.4199,7293.9399,7294.2576,0.1193,0
1983,0,7290.4199,7293.9399,7296.1599,0.2311,0
1984,1,7294.5068,7297.5604,7298.0256,0.2556,0
1984,0,7294.5068,7297.5604,7299.8540,0.0511,0
1985,1,7298.0959,7301.3251,7301.6131,0.1135,0
1985,0,7298.0959,7301.3251,7303.4372,0.0364,0
1986,1,7301.6660,7305.0137,7305.3349,0.1169,0
1986,0,7301.6660,7305.0137,7307.1480,0.2290,0
1987,1,7305.5816,7308.7938,7309.1518,0.1262,0
1987,0,7305.5816,7308.7938,7311.1037,0.0521,0
1988,1,7309.2336,7312.7738,7313.0751,0.1146,0
1988,0,7309.2336,7312.7738,7314.8931,0.0447,0
1989,1,7313.1384,7316.6906,7317.0452,0.1679,0
1989,0,7313.1384,7316.6906,7318.9707,0.0448,0
1990,1,7317.1074,7320.1867,7320.6271,0.2778,0
1990,0,7317.1074,7320.1867,7322.4341,0.0368,0
1991,1,7320.6820,7324.1024,7324.4852,0.1189,0
1991,0,7320.6820,7324.1024,7326.2944,0.0427,0
1992,1,7324.5526,7327.8377,7328.2098,0.1652,0
1992,0,7324.5526,7327.8377,7330.0725,0.0445,0
1993,1,7328.2736,7331.7337,7332.0513,0.1123,0
1993,0,7328.2736,7331.7337,7333.8705,0.0403,0
1994,1,7332.1182,7335.5856,7335.8872,0.1202,0
1994,0,7332.1182,7335.5856,7337.7013,0.2915,0
1995,1,7336.2084,7339.5827,7339.9055,0.1317,0
1995,0,7336.2084,7339.5827,7341.7257,0.0430,0
1996,1,7339.9671,7343.7063,7344.0280,0.1121,0
1996,0,7339.9671,7343.7063,7345.8840,0.0365,0
1997,1,7344.0929,7347.6211,7348.0884,0.2860,0
1997,0,7344.0929,7347.6211,7349.9394,0.0461,0
1998,1,7348.1529,7351.5785,7351.8789,0.1161,0
1998,0,7348.1529,7351.5785,7353.7092,0.0436,0
1999,1,7351.9401,7355.2458,7355.8508,0.4075,0
1999,0,7351.9401,7355.2458,7357.8167,0.0390,0
2000,1,7355.9103,7359.0448,7359.4255,0.2167,0
2000,0,7355.9103,7359.0448,7361.2384,0.0461,0
2001,1,7359.4977,7362.9511,7363.2729,0.1173,0
2001,0,7359.4977,7362.9511,7365.0906,0.0837,0
2002,1,7363.3960,7366.7361,7367.2287,0.1736,0
2002,0,7363.3960,7366.7361,7369.1000,0.0700,0
2003,1,7367.3178,7370.5367,7370.9041,0.1568,0
2003,0,7367.3178,7370.5367,7372.7310,0.0500,0
2004,1,7370.9926,7374.3335,7374.6232,0.1090,0
2004,0,7370.9926,7374.3335,7376.4270,0.0371,0
2005,1,7374.6795,7378.0073,7378.6351,0.4531,0
2005,0,7374.6795,7378.0073,7380.4426,0.0485,0
2006,1,7378.7011,7382.0308,7382.3746,0.1600,0
2006,0,7378.7011,7382.0308,7384.1723,0.0447,0
2007,1,7382.4360,7385.7741,7386.3820,0.3885,0
2007,0,7382.4360,7385.7741,7388.1804,0.0429,0
2008,1,7386.4544,7389.6760,7390.0108,0.1152,0
2008,0,7386.4544,7389.6760,7391.8350,0.0470,0
2009,1,7390.0782,7393.7706,7394.1047,0.1569,0
2009,0,7390.0782,7393.7706,7395.9446,0.0393,0
2010,1,7394.1616,7397.2678,7397.7242,0.2937,0
2010,0,7394.1616,7397.2678,7399.5355,0.0394,0
2011,1,7397.7827,7401.0230,7401.3142,0.1143,0
2011,0,7397.7827,7401.0230,7403.1219,0.0465,0
2012,1,7401.3794,7404.7489,7405.0963,0.1146,0
2012,0,7401.3794,7404.7489,7406.9151,0.0375,0
2013,1,7405.1554,7408.4610,7408.9047,0.1741,0
2013,0,7405.1554,7408.4610,7410.9167,0.0532,0
2014,1,7408.9854,7412.2931,7412.6086,0.1180,0
2014,0,7408.9854,7412.2931,7414.4048,0.0407,0
2015,1,7412.6680,7416.3745,7416.9423,0.3677,0
2015,0,7412.6680,7416.3745,7418.7488,0.0397,0
2016,1,7417.0120,7420.2353,7420.5647,0.1175,0
2016,0,7417.0120,7420.2353,7422.4053,0.0679,0
2017,1,7420.6614,7424.3892,7424.6945,0.1151,0
2017,0,7420.6614,7424.3892,7426.5175,0.2782,0
2018,1,7424.9928,7428.1174,7428.4779,0.1777,0
2018,0,7424.9928,7428.1174,7430.2997,0.0435,0
2019,1,7428.5388,7431.9704,7432.3420,0.1213,0
2019,0,7428.5388,7431.9704,7434.1763,0.0510,0
2020,1,7432.4168,7435.8412,7436.4905,0.4282,0
2020,0,7432.4168,7435.8412,7438.3493,0.0465,0
2021,1,7436.5613,7439.8684,7440.1616,0.1145,0
2021,0,7436.5613,7439.8684,7441.9788,0.0369,0
2022,1,7440.2166,7443.9362,7444.2675,0.1205,0
2022,0,7440.2166,7443.9362,7446.0958,0.3109,0
2023,1,7444.6025,7447.7965,7448.2299,0.2559,0
2023,0,7444.6025,7447.7965,7450.0467,0.0568,0
2024,1,7448.3064,7451.6355,7452.0006,0.1171,0
2024,0,7448.3064,7451.6355,7453.8384,0.0510,0
2025,1,7452.0726,7455.6423,7456.0631,0.1593,0
2025,0,7452.0726,7455.6423,7457.9488,0.0517,0
2026,1,7456.1353,7459.2473,7459.5703,0.1651,0
2026,0,7456.1353,7459.2473,7461.3837,0.0364,0
2027,1,7459.6242,7463.0377,7463.4115,0.1139,0
2027,0,7459.6242,7463.0377,7465.2632,0.0599,0
2028,1,7463.5066,7466.8609,7467.2488,0.1711,0
2028,0,7463.5066,7466.8609,7469.0829,0.0422,0
2029,1,7467.3113,7470.5741,7470.9347,0.1643,0
2029,0,7467.3113,7470.5741,7472.7347,0.0466,0
2030,1,7470.9993,7474.3357,7474.7036,0.1667,0
2030,0,7470.9993,7474.3357,7476.4990,0.3444,0
2031,1,7475.0660,7478.8473,7479.1866,0.1225,0
2031,0,7475.0660,7478.8473,7481.0615,0.0438,0
2032,1,7479.2480,7482.7719,7483.1345,0.1203,0
2032,0,7479.2480,7482.7719,7485.0134,0.1249,0
2033,1,7483.2909,7487.0297,7487.3659,0.1193,0
2033,0,7483.2909,7487.0297,7489.2572,0.0436,0
2034,1,7487.4279,7490.8474,7491.2269,0.1180,0
2034,0,7487.4279,7490.8474,7493.0655,0.0537,0
2035,1,7491.2983,7494.6160,7494.9892,0.1743,0
2035,0,7491.2983,7494.6160,7496.8898,0.0443,0
2036,1,7495.0507,7498.3993,7498.6697,0.1114,0
2036,0,7495.0507,7498.3993,7500.5866,0.0365,0
2037,1,7498.7242,7502.1259,7502.4601,0.1543,0
2037,0,7498.7242,7502.1259,7504.2874,0.2972,0
2038,1,7502.7765,7505.8980,7506.2755,0.1702,0
2038,0,7502.7765,7505.8980,7508.0863,0.0464,0
2039,1,7506.3392,7510.0457,7510.3658,0.1172,0
2039,0,7506.3392,7510.0457,7512.1949,0.0448,0
2040,1,7510.4292,7513.9381,7514.4360,0.2952,0
2040,0,7510.4292,7513.9381,7516.3358,0.0465,0
2041,1,7514.5020,7517.8123,7518.1388,0.1201,0
2041,0,7514.5020,7517.8123,7519.9738,0.0477,0
2042,1,7518.2048,7521.5818,7521.9310,0.1667,0
2042,0,7518.2048,7521.5818,7523.7546,0.0449,0
2043,1,7521.9929,7525.2086,7525.5838,0.1708,0
2043,0,7521.9929,7525.2086,7527.4150,0.0410,0
2044,1,7525.6506,7528.8383,7529.1205,0.1238,0
2044,0,7525.6506,7528.8383,7530.9673,0.0412,0
2045,1,7529.1806,7532.6731,7533.0438,0.1680,0
2045,0,7529.1806,7532.6731,7534.8541,0.3118,0
2046,1,7533.3873,7536.5980,7536.9551,0.1551,0
2046,0,7533.3873,7536.5980,7538.7847,0.0440,0
2047,1,7537.9599,7541.2031,7541.5276,0.1177,0
2047,0,7537.9599,7541.2031,7543.3274,0.2866,0
2048,1,7541.9242,7545.7004,7546.0751,0.1364,0
2048,0,7541.9242,7545.7004,7547.9221,0.0424,0
2049,1,7546.1378,7549.8013,7550.3828,0.2623,0
2049,0,7546.1378,7549.8013,7552.3322,0.0751,0
2050,1,7550.4766,7553.6178,7553.9493,0.1159,0
2050,0,7550.4766,7553.6178,7555.7646,0.0465,0
2051,1,7554.0134,7557.4068,7557.7960,0.1206,0
2051,0,7554.0134,7557.4068,7559.6113,0.0426,0
2052,1,7557.8564,7561.0391,7561.3591,0.1183,0
2052,0,7557.8564,7561.0391,7563.1809,0.0438,0
2053,1,7561.4200,7564.9963,7565.3329,0.1495,0
2053,0,7561.4200,7564.9963,7567.1468,0.0368,0
2054,1,7565.3888,7568.7269,7569.0228,0.1209,0
2054,0,7565.3888,7568.7269,7570.8576,0.0345,0
2055,1,7569.0745,7572.4864,7572.8381,0.1777,0
2055,0,7569.0745,7572.4864,7574.6717,0.0395,0
2056,1,7572.8949,7576.1689,7576.6197,0.2872,0
2056,0,7572.8949,7576.1689,7578.4977,0.0609,0
2057,1,7576.6994,7580.4163,7580.8728,0.2596,0
2057,0,7576.6994,7580.4163,7582.7147,0.1061,0
2058,1,7581.0018,7584.1485,7584.4524,0.1184,0
2058,0,7581.0018,7584.1485,7586.2769,0.0446,0
2059,1,7584.5146,7587.9183,7588.2534,0.1278,0
2059,0,7584.5146,7587.9183,7590.0691,0.0976,0
2060,1,7588.3689,7591.7004,7592.1734,0.2729,0
2060,0,7588.3689,7591.7004,7594.0072,0.0454,0
2061,1,7592.2363,7595.4982,7595.7879,0.1162,0
2061,0,7592.2363,7595.4982,7597.6137,0.0345,0
2062,1,7595.8418,7599.3226,7599.6085,0.1092,0
2062,0,7595.8418,7599.3226,7601.4208,0.0356,0
2063,1,7599.6625,7603.0056,7603.4905,0.2757,0
2063,0,7599.6625,7603.0056,7605.3118,0.0454,0
2064,1,7603.5536,7606.7096,7606.9868,0.1137,0
2064,0,7603.5536,7606.7096,7608.9265,0.0363,0
2065,1,7607.0854,7610.8924,7611.3473,0.2649,0
2065,0,7607.0854,7610.8924,7613.1718,0.0500,0
2066,1,7611.4226,7614.5488,7614.9887,0.2611,0
2066,0,7611.4226,7614.5488,7616.8211,0.0535,0
2067,1,7615.0602,7618.4736,7618.7723,0.1166,0
2067,0,7615.0602,7618.4736,7620.5779,0.0371,0
2068,1,7618.8285,7622.3980,7622.7552,0.1612,0
2068,0,7618.8285,7622.3980,7624.7464,0.0351,0
2069,1,7622.8085,7626.0318,7626.3763,0.1591,0
2069,0,7622.8085,7626.0318,7628.1935,0.0383,0
2070,1,7626.4350,7629.7774,7630.2139,0.1197,0
2070,0,7626.4350,7629.7774,7632.0264,0.4423,0
2071,1,7630.6780,7633.9385,7634.2684,0.1183,0
2071,0,7630.6780,7633.9385,7636.0881,0.0480,0
2072,1,7634.3336,7637.7184,7638.0242,0.1130,0
2072,0,7634.3336,7637.7184,7640.0044,0.0465,0
2073,1,7638.0884,7641.7821,7642.1698,0.1593,0
2073,0,7638.0884,7641.7821,7643.9981,0.0457,0
2074,1,7642.2498,7645.4774,7645.9015,0.2402,0
2074,0,7642.2498,7645.4774,7647.7139,0.0460,0
2075,1,7645.9844,7649.6437,7650.2445,0.3835,0
2075,0,7645.9844,7649.6437,7652.0777,0.0514,0
2076,1,7650.3429,7653.5573,7653.9709,0.2223,0
2076,0,7650.3429,7653.5573,7655.8782,0.0431,0
2077,1,7654.0343,7657.5083,7657.8228,0.1140,0
2077,0,7654.0343,7657.5083,7659.6488,0.0363,0
2078,1,7657.8808,7661.1219,7661.6912,0.3577,0
2078,0,7657.8808,7661.1219,7663.5531,0.0458,0
2079,1,7661.7553,7665.1813,7665.5201,0.1597,0
2079,0,7661.7553,7665.1813,7667.3380,0.0372,0
2080,1,7665.5747,7668.8082,7669.1471,0.1654,0
2080,0,7665.5747,7668.8082,7670.9776,0.0351,0
2081,1,7669.1994,7672.4132,7672.7887,0.1695,0
2081,0,7669.1994,7672.4132,7674.6116,0.0393,0
2082,1,7672.8464,7676.4904,7676.8023,0.1184,0
2082,0,7672.8464,7676.4904,7678.6713,0.0441,0
2083,1,7676.8645,7680.5744,7681.0513,0.2966,0
2083,0,7676.8645,7680.5744,7682.9031,0.0371,0
2084,1,7681.1067,7684.2482,7684.5283,0.1183,0
2084,0,7681.1067,7684.2482,7686.3498,0.0463,0
2085,1,7684.5916,7688.0814,7688.4274,0.1155,0
2085,0,7684.5916,7688.0814,7690.2478,0.0369,0
2086,1,7688.4927,7691.7512,7692.2102,0.1745,0
2086,0,7688.4927,7691.7512,7694.0691,0.0630,0
2087,1,7692.2923,7695.5248,7695.9829,0.1381,0
2087,0,7692.2923,7695.5248,7697.8239,0.0701,0
2088,1,7696.0741,7699.6968,7700.1461,0.2655,0
2088,0,7696.0741,7699.6968,7701.9698,0.0810,0
2089,1,7700.2540,7703.5122,7703.8333,0.1184,0
2089,0,7700.2540,7703.5122,7705.6519,0.0499,0
2090,1,7703.9037,7707.2319,7707.5336,0.1191,0
2090,0,7703.9037,7707.2319,7709.3502,0.0422,0
2091,1,7707.5960,7711.4174,7711.9308,0.3046,0
2091,0,7707.5960,7711.4174,7713.7823,0.0434,0
2092,1,7711.9926,7715.3495,7715.6398,0.1106,0
2092,0,7711.9926,7715.3495,7717.4698,0.0358,0
2093,1,7715.7174,7719.0192,7719.3768,0.1165,0
2093,0,7715.7174,7719.0192,7721.2071,0.0459,0
2094,1,7719.4446,7722.9218,7723.2245,0.1220,0
2094,0,7719.4446,7722.9218,7725.0628,0.0366,0
2095,1,7723.2781,7726.6588,7726.9620,0.1143,0
2095,0,7723.2781,7726.6588,7728.8022,0.0376,0
2096,1,7727.0175,7730.5602,7731.0249,0.2701,0
2096,0,7727.0175,7730.5602,7732.8806,0.1068,0
2097,1,7731.1538,7734.3882,7734.6809,0.1186,0
2097,0,7731.1538,7734.3882,7736.5470,0.0373,0
2098,1,7734.7350,7738.2321,7738.6251,0.1782,0
2098,0,7734.7350,7738.2321,7740.4541,0.0413,0
2099,1,7738.6941,7742.0542,7742.6397,0.4096,0
2099,0,7738.6941,7742.0542,7744.4661,0.1850,0
2100,1,7742.8527,7746.2704,7746.5971,0.1187,0
2100,0,7742.8527,7746.2704,7748.4433,0.1062,0
2101,1,7746.7332,7750.1515,7750.5700,0.1124,0
2101,0,7746.7332,7750.1515,7752.4214,0.0428,0
2102,1,7750.6328,7753.8508,7754.1998,0.1608,0
2102,0,7750.6328,7753.8508,7756.0469,0.0460,0
2103,1,7754.2645,7757.6830,7758.0377,0.1674,0
2103,0,7754.2645,7757.6830,7759.8582,0.0437,0
2104,1,7758.1015,7761.3576,7761.7804,0.2450,0
2104,0,7758.1015,7761.3576,7763.6477,0.0365,0
2105,1,7761.8342,7765.2752,7765.5726,0.1132,0
2105,0,7761.8342,7765.2752,7767.4179,0.0366,0
2106,1,7765.6298,7768.9740,7769.2685,0.1152,0
2106,0,7765.6298,7768.9740,7771.0809,0.2622,0
2107,1,7769.5535,7772.8517,7773.1751,0.1434,0
2107,0,7769.5535,7772.8517,7774.9982,0.0426,0
2108,1,7773.2349,7776.9000,7777.2586,0.1162,0
2108,0,7773.2349,7776.9000,7779.0842,0.0395,0
2109,1,7777.3165,7780.7261,7781.2087,0.3008,0
2109,0,7777.3165,7780.7261,7783.0674,0.0458,0
2110,1,7781.2719,7784.3726,7784.6949,0.1627,0
2110,0,7781.2719,7784.3726,7786.5358,0.0481,0
2111,1,7784.7611,7788.2261,7788.5053,0.1086,0
2111,0,7784.7611,7788.2261,7790.3145,0.0373,0
2112,1,7788.5609,7791.8229,7792.2047,0.1835,0
2112,0,7788.5609,7791.8229,7794.0062,0.0444,0
2113,1,7792.2675,7795.4670,7795.8092,0.1662,0
2113,0,7792.2675,7795.4670,7797.6088,0.0466,0
2114,1,7795.8764,7799.3079,7799.6152,0.1117,0
2114,0,7795.8764,7799.3079,7801.4252,0.0450,0
2115,1,7799.6914,7803.0514,7803.4710,0.1694,0
2115,0,7799.6914,7803.0514,7805.3517,0.0474,0
2116,1,7803.5408,7806.6901,7806.9921,0.1341,0
2116,0,7803.5408,7806.6901,7808.7844,0.0441,0
2117,1,7807.0589,7811.0136,7811.5357,0.2654,0
2117,0,7807.0589,7811.0136,7813.4315,0.1173,0
2118,1,7811.6752,7815.0733,7815.3703,0.1250,0
2118,0,7811.6752,7815.0733,7817.1908,0.0493,0
2119,1,7815.4395,7818.8414,7819.1721,0.1304,0
2119,0,7815.4395,7818.8414,7820.9940,0.0432,0
2120,1,7819.2329,7822.5259,7822.8845,0.1797,0
2120,0,7819.2329,7822.5259,7824.6967,0.0479,0
2121,1,7822.9506,7826.1857,7826.5150,0.1191,0
2121,0,7822.9506,7826.1857,7828.3197,0.0421,0
2122,1,7826.5773,7830.0899,7830.6092,0.3111,0
2122,0,7826.5773,7830.0899,7832.4801,0.1302,0
2123,1,7830.7630,7834.0151,7834.3382,0.1172,0
2123,0,7830.7630,7834.0151,7836.1444,0.0453,0
2124,1,7834.4009,7837.7070,7838.0162,0.1138,0
2124,0,7834.4009,7837.7070,7839.8179,0.0412,0
2125,1,7838.0752,7841.8325,7842.2892,0.2263,0
2125,0,7838.0752,7841.8325,7844.1757,0.1772,0
2126,1,7842.4864,7845.6123,7845.9877,0.1823,0
2126,0,7842.4864,7845.6123,7847.7987,0.0453,0
2127,1,7846.0578,7849.6942,7850.3424,0.4530,0
2127,0,7846.0578,7849.6942,7852.2413,0.0393,0
2128,1,7850.4102,7853.6177,7853.8943,0.1095,0
2128,0,7850.4102,7853.6177,7855.7226,0.0473,0
2129,1,7853.9602,7857.3489,7857.6420,0.1148,0
2129,0,7853.9602,7857.3489,7859.4605,0.1003,0
2130,1,7857.7654,7861.3420,7861.6429,0.1157,0
2130,0,7857.7654,7861.3420,7863.5246,0.1907,0
2131,1,7861.8559,7865.3676,7865.6648,0.1141,0
2131,0,7861.8559,7865.3676,7867.4947,0.0431,0
2132,1,7865.7312,7869.1447,7869.6979,0.3835,0
2132,0,7865.7312,7869.1447,7871.5284,0.0356,0
2133,1,7869.7608,7873.0789,7873.4076,0.1241,0
2133,0,7869.7608,7873.0789,7875.2862,0.0451,0
2134,1,7873.4723,7877.1846,7877.5214,0.1221,0
2134,0,7873.4723,7877.1846,7879.3637,0.2605,0
2135,1,7877.8030,7880.9625,7881.3986,0.2555,0
2135,0,7877.8030,7880.9625,7883.2398,0.0640,0
2136,1,7881.4807,7884.7854,7885.0857,0.1145,0
2136,0,7881.4807,7884.7854,7886.9090,0.0396,0
2137,1,7885.1446,7888.4083,7888.7047,0.1157,0
2137,0,7885.1446,7888.4083,7890.5311,0.2469,0
2138,1,7889.0085,7892.0802,7892.5270,0.2662,0
2138,0,7889.0085,7892.0802,7894.3253,0.0381,0
2139,1,7892.5822,7895.9732,7896.3022,0.1190,0
2139,0,7892.5822,7895.9732,7898.1006,0.0435,0
2140,1,7896.3625,7900.1788,7900.5717,0.1950,0
2140,0,7896.3625,7900.1788,7902.4012,0.0442,0
2141,1,7900.6363,7903.8768,7904.1988,0.1181,0
2141,0,7900.6363,7903.8768,7906.1423,0.0446,0
2142,1,7904.2600,7907.5826,7907.9605,0.1204,0
2142,0,7904.2600,7907.5826,7909.7778,0.0461,0
2143,1,7908.0296,7911.9652,7912.3164,0.1468,0
2143,0,7908.0296,7911.9652,7914.1569,0.0378,0
2144,1,7912.3770,7915.7460,7916.0411,0.1146,0
2144,0,7912.3770,7915.7460,7917.8771,0.0368,0
2145,1,7916.0963,7919.3715,7919.7143,0.1203,0
2145,0,7916.0963,7919.3715,7921.5612,0.0423,0
2146,1,7919.7792,7922.9276,7923.3300,0.2302,0
2146,0,7919.7792,7922.9276,7925.2040,0.0462,0
2147,1,7923.3989,7926.9090,7927.5394,0.1494,0
2147,0,7923.3989,7926.9090,7929.3929,0.3402,0
2148,1,7927.9047,7930.9478,7931.4241,0.2958,0
2148,0,7927.9047,7930.9478,7933.2373,0.0378,0
2149,1,7931.4808,7934.8735,7935.1700,0.1155,0
2149,0,7931.4808,7934.8735,7936.9801,0.0366,0
2150,1,7935.2291,7938.9534,7939.3551,0.1839,0
2150,0,7935.2291,7938.9534,7941.2558,0.0655,0
2151,1,7939.4471,7943.2720,7943.5988,0.1183,0
2151,0,7939.4471,7943.2720,7945.4567,0.0423,0
2152,1,7943.6632,7947.2693,7947.7063,0.2602,0
2152,0,7943.6632,7947.2693,7949.5612,0.1154,0
2153,1,7947.8447,7951.0954,7951.3808,0.1135,0
2153,0,7947.8447,7951.0954,7953.2370,0.0390,0
2154,1,7951.4407,7954.7700,7955.1970,0.1218,0
2154,0,7951.4407,7954.7700,7957.0613,0.0524,0
2155,1,7955.2709,7958.5293,7959.0013,0.2750,0
2155,0,7955.2709,7958.5293,7960.8440,0.0438,0
2156,1,7959.0654,7962.2189,7962.4990,0.1170,0
2156,0,7959.0654,7962.2189,7964.3143,0.0434,0
2157,1,7962.5594,7966.0288,7966.4144,0.1774,0
2157,0,7962.5594,7966.0288,7968.2342,0.3452,0
2158,1,7966.7868,7970.0186,7970.3936,0.1522,0
2158,0,7966.7868,7970.0186,7972.2227,0.0469,0
2159,1,7970.4701,7973.9175,7974.2538,0.1272,0
2159,0,7970.4701,7973.9175,7976.0732,0.0400,0
2160,1,7974.3117,7978.2492,7978.6194,0.1886,0
2160,0,7974.3117,7978.2492,7980.4709,0.0404,0
2161,1,7978.6787,7982.1573,7982.4413,0.1135,0
2161,0,7978.6787,7982.1573,7984.2827,0.0360,0
2162,1,7982.4941,7985.8147,7986.3664,0.2752,0
2162,0,7982.4941,7985.8147,7988.2300,0.1275,0
2163,1,7986.5200,7989.8389,7990.1587,0.1125,0
2163,0,7986.5200,7989.8389,7992.0042,0.0431,0
2164,1,7990.2193,7993.5941,7993.9416,0.1140,0
2164,0,7990.2193,7993.5941,7995.7722,0.0390,0
2165,1,7994.0018,7997.3189,7997.7932,0.2975,0
2165,0,7994.0018,7997.3189,7999.6349,0.0402,0
2166,1,7997.8526,8000.9951,8001.2753,0.1210,0
2166,0,7997.8526,8000.9951,8003.1632,0.0357,0
2167,1,8001.3277,8004.9787,8005.3127,0.1265,0
2167,0,8001.3277,8004.9787,8007.1387,0.3211,0
