frame,interpolated,sample_ms,ready_ms,present_ms,gpu_wait_ms,caught_up
0,0,10.0857,17.6049,22.0382,3.4636,0
1,1,21.1001,26.4092,29.5089,2.8254,0
1,0,21.1001,26.4092,33.9087,0.0427,0
2,1,29.6004,34.6948,35.2590,0.3971,0
2,0,29.6004,34.6948,39.3497,0.0385,0
3,1,35.3199,40.1868,40.8232,0.4212,0
3,0,35.3199,40.1868,44.8778,0.0655,0
4,1,40.9130,45.5170,45.7929,0.1184,0
4,0,40.9130,45.5170,49.5057,0.0379,0
5,1,45.8498,50.1261,50.4200,0.1142,0
5,0,45.8498,50.1261,53.7661,0.0358,0
6,1,50.4753,55.1098,57.0683,1.7577,0
6,0,50.4753,55.1098,60.5755,3.3358,0
7,1,60.4248,64.7460,65.0753,0.1111,0
7,0,60.4248,64.7460,68.2643,0.0417,0
8,1,65.1374,69.4570,69.7253,0.1023,0
8,0,65.1374,69.4570,72.7743,0.0518,0
9,1,69.7979,74.6880,75.0457,0.1760,0
9,0,69.7979,74.6880,78.0605,0.0482,0
10,1,75.1146,79.7549,80.0901,0.1737,0
10,0,75.1146,79.7549,83.0316,0.0496,0
11,1,80.1606,84.5942,85.2187,0.3958,0
11,0,80.1606,84.5942,88.1624,0.0900,0
12,1,85.3325,89.7460,90.0257,0.1145,0
12,0,85.3325,89.7460,92.8534,0.0430,0
13,1,90.1111,94.9839,95.3788,0.1215,0
13,0,90.1111,94.9839,98.2338,0.0888,0
14,1,95.5109,99.8300,100.2792,0.2846,0
14,0,95.5109,99.8300,103.0272,0.0445,0
15,1,100.3446,105.0122,105.5215,0.3002,0
15,0,100.3446,105.0122,108.2574,0.0437,0
16,1,105.5835,110.1998,110.5738,0.2043,0
16,0,105.5835,110.1998,113.4248,0.0432,0
17,1,110.6438,115.2011,115.5114,0.1162,0
17,0,110.6438,115.2011,118.2722,0.2122,0
18,1,115.7562,120.3600,120.7122,0.1359,0
18,0,115.7562,120.3600,123.3865,0.3694,0
19,1,121.1063,125.3215,125.6184,0.1137,0
19,0,121.1063,125.3215,128.3162,0.0466,0
20,1,125.7087,130.1956,130.6091,0.1147,0
20,0,125.7087,130.1956,133.1940,0.0444,0
21,1,130.6761,135.9564,136.2657,0.1250,0
21,0,130.6761,135.9564,138.8633,0.0430,0
22,1,136.3286,141.1580,141.5234,0.1699,0
22,0,136.3286,141.1580,144.1410,0.0437,0
23,1,141.5860,146.4559,146.7597,0.1174,0
23,0,141.5860,146.4559,149.3439,0.0432,0
24,1,146.8230,151.2064,151.5150,0.1211,0
24,0,146.8230,151.2064,154.0924,0.1149,0
25,1,151.6499,156.0490,156.3296,0.1163,0
25,0,151.6499,156.0490,158.8898,0.0443,0
26,1,156.3930,161.2333,161.5373,0.1158,0
26,0,156.3930,161.2333,164.0800,0.0421,0
27,1,161.5988,166.9010,167.1983,0.1137,0
27,0,161.5988,166.9010,169.7564,0.0426,0
28,1,167.2592,172.1944,172.4898,0.1146,0
28,0,167.2592,172.1944,175.0783,0.0415,0
29,1,172.5507,177.5050,177.8027,0.1164,0
29,0,172.5507,177.5050,180.3657,0.0427,0
30,1,177.8643,182.4326,182.8066,0.1659,0
30,0,177.8643,182.4326,185.3529,0.0509,0
31,1,182.8765,187.2320,187.6585,0.1954,0
31,0,182.8765,187.2320,190.2371,0.1894,0
32,1,187.8698,192.0437,192.4064,0.1167,0
32,0,187.8698,192.0437,194.8979,0.0489,0
33,1,192.5706,197.4040,197.7002,0.1133,0
33,0,192.5706,197.4040,200.2567,0.0432,0
34,1,197.7620,202.6268,202.9457,0.1150,0
34,0,197.7620,202.6268,205.5492,0.0483,0
35,1,203.0134,207.6858,208.1897,0.2974,0
35,0,203.0134,207.6858,210.7125,0.0443,0
36,1,208.2537,212.8788,213.2990,0.2335,0
36,0,208.2537,212.8788,215.8487,0.0372,0
37,1,213.3574,217.7710,218.0622,0.1182,0
37,0,213.3574,217.7710,220.5362,0.2912,0
38,1,218.3802,222.7743,223.0976,0.1149,0
38,0,218.3802,222.7743,225.5845,0.0465,0
39,1,223.1662,227.3500,227.6486,0.1158,0
39,0,223.1662,227.3500,230.0850,0.0425,0
40,1,227.7094,232.1720,232.6113,0.1818,0
40,0,227.7094,232.1720,235.0520,0.3361,0
41,1,232.9696,237.3062,237.9179,0.3111,0
41,0,232.9696,237.3062,240.3598,0.1377,0
42,1,238.0810,242.4219,242.7280,0.1125,0
42,0,238.0810,242.4219,245.1634,0.0384,0
43,1,242.7939,247.4430,247.7421,0.1161,0
43,0,242.7939,247.4430,250.1761,0.0437,0
44,1,247.8057,252.4088,252.7732,0.1755,0
44,0,247.8057,252.4088,255.2219,0.0445,0
45,1,252.8372,257.6863,257.9802,0.1113,0
45,0,252.8372,257.6863,260.4366,0.0419,0
46,1,258.0421,262.4602,263.0082,0.3759,0
46,0,258.0421,262.4602,265.6081,0.1703,0
47,1,263.2045,268.1020,268.5172,0.2374,0
47,0,263.2045,268.1020,270.9441,0.1635,0
48,1,268.7066,273.1223,273.4912,0.1555,0
48,0,268.7066,273.1223,275.9237,0.0432,0
49,1,273.5538,277.7153,278.0941,0.2154,0
49,0,273.5538,277.7153,280.4881,0.0472,0
50,1,278.1599,282.8013,283.3249,0.1745,0
50,0,278.1599,282.8013,285.7233,0.0441,0
51,1,283.3909,287.9215,288.4246,0.2839,0
51,0,283.3909,287.9215,290.9590,0.0448,0
52,1,288.5558,292.9472,293.5686,0.3914,0
52,0,288.5558,292.9472,295.9628,0.0416,0
53,1,293.6368,298.1219,298.4738,0.1684,0
53,0,293.6368,298.1219,300.8611,0.0381,0
54,1,298.5576,303.4030,303.7925,0.1231,0
54,0,298.5576,303.4030,306.1982,0.0407,0
55,1,303.8595,308.1642,308.5777,0.2044,0
55,0,303.8595,308.1642,310.9657,0.0434,0
56,1,308.6412,313.1183,313.4570,0.1282,0
56,0,308.6412,313.1183,315.9402,0.0431,0
57,1,313.5201,317.9367,318.5925,0.3897,0
57,0,313.5201,317.9367,320.9783,0.0467,0
58,1,318.6596,323.0612,323.5812,0.1237,0
58,0,318.6596,323.0612,326.0002,0.3354,0
59,1,323.9444,328.2357,328.5647,0.1211,0
59,0,323.9444,328.2357,330.9464,0.0476,0
60,1,328.6326,333.7534,334.0576,0.1144,0
60,0,328.6326,333.7534,336.4807,0.0378,0
61,1,334.1161,338.5497,338.8482,0.1176,0
61,0,334.1161,338.5497,341.2402,0.0416,0
62,1,338.9082,343.3703,343.8569,0.3020,0
62,0,338.9082,343.3703,346.3203,0.0438,0
63,1,343.9187,348.3394,348.6800,0.1226,0
63,0,343.9187,348.3394,351.0847,0.3219,0
64,1,349.0218,353.1964,353.4878,0.1137,0
64,0,349.0218,353.1964,355.8797,0.0448,0
65,1,353.5509,357.8022,358.1412,0.1204,0
65,0,353.5509,357.8022,360.5167,0.0410,0
66,1,358.2035,362.6582,363.1644,0.2932,0
66,0,358.2035,362.6582,365.5555,0.0543,0
67,1,363.2401,368.0104,368.5190,0.2990,0
67,0,363.2401,368.0104,370.8878,0.0732,0
68,1,368.6133,373.0411,373.3513,0.1113,0
68,0,368.6133,373.0411,375.7328,0.0407,0
69,1,373.4106,377.9450,378.2587,0.1163,0
69,0,373.4106,377.9450,380.6270,0.0407,0
70,1,378.3230,382.9540,383.3024,0.1759,0
70,0,378.3230,382.9540,385.6733,0.0376,0
71,1,383.3615,387.9744,388.4582,0.2925,0
71,0,383.3615,387.9744,390.9386,0.0387,0
72,1,388.5151,392.9199,393.5766,0.3938,0
72,0,388.5151,392.9199,395.9730,0.0462,0
73,1,393.6452,397.8238,398.1145,0.1145,0
73,0,393.6452,397.8238,400.4936,0.0372,0
74,1,398.1754,402.9215,403.2366,0.1114,0
74,0,398.1754,402.9215,405.6082,0.0417,0
75,1,403.2974,408.4426,408.7508,0.1153,0
75,0,403.2974,408.4426,411.1561,0.0445,0
76,1,408.8144,413.2851,413.6709,0.1735,0
76,0,408.8144,413.2851,416.1195,0.0503,0
77,1,413.7395,418.4251,418.8027,0.1819,0
77,0,413.7395,418.4251,421.2034,0.0449,0
78,1,418.8678,423.2899,423.6202,0.1189,0
78,0,418.8678,423.2899,426.1175,0.2913,0
79,1,423.9315,428.2997,428.6307,0.1209,0
79,0,423.9315,428.2997,431.0168,0.1486,0
80,1,428.8155,433.1033,433.5970,0.2809,0
80,0,428.8155,433.1033,435.9703,0.0433,0
81,1,433.6640,438.7222,439.0146,0.1155,0
81,0,433.6640,438.7222,441.4421,0.0454,0
82,1,439.0800,443.7602,444.2329,0.2757,0
82,0,439.0800,443.7602,446.6609,0.0440,0
83,1,444.2967,448.9858,449.3981,0.2102,0
83,0,444.2967,448.9858,451.8091,0.0471,0
84,1,449.4730,453.9266,454.3139,0.2073,0
84,0,449.4730,453.9266,456.7522,0.1558,0
85,1,454.5155,458.9569,459.2823,0.1207,0
85,0,454.5155,458.9569,461.6821,0.0927,0
86,1,459.4058,463.5336,463.8643,0.1204,0
86,0,459.4058,463.5336,466.2431,0.0452,0
87,1,463.9299,469.1419,469.4925,0.1671,0
87,0,463.9299,469.1419,471.9595,0.0425,0
88,1,469.5545,474.7323,475.0691,0.1217,0
88,0,469.5545,474.7323,477.5107,0.0421,0
89,1,475.1354,480.0115,480.3520,0.1230,0
89,0,475.1354,480.0115,482.8621,0.0416,0
90,1,480.4122,484.9483,485.5176,0.3651,0
90,0,480.4122,484.9483,488.0962,0.0425,0
91,1,485.5806,490.0332,490.4757,0.1518,0
91,0,485.5806,490.0332,492.9738,0.1871,0
92,1,490.6848,495.0228,495.3482,0.1208,0
92,0,490.6848,495.0228,497.7705,0.0392,0
93,1,495.4054,500.0946,500.4057,0.1135,0
93,0,495.4054,500.0946,503.0432,0.0379,0
94,1,500.4645,505.4531,505.7461,0.1138,0
94,0,500.4645,505.4531,508.1955,0.0449,0
95,1,505.8107,510.4210,510.8850,0.2870,0
95,0,505.8107,510.4210,513.3296,0.0369,0
96,1,511.9040,516.5062,516.9517,0.2629,0
96,0,511.9040,516.5062,519.5571,0.0429,0
97,1,517.0872,522.5383,522.8714,0.1217,0
97,0,517.0872,522.5383,525.3534,0.0437,0
98,1,522.9365,527.8978,528.2222,0.1215,0
98,0,522.9365,527.8978,530.7163,0.0454,0
99,1,528.2876,533.3719,533.6663,0.1142,0
99,0,528.2876,533.3719,536.1955,0.0360,0
100,1,533.7212,538.4586,538.9795,0.3398,0
100,0,533.7212,538.4586,541.4891,0.0449,0
101,1,539.0438,543.6670,544.0210,0.1716,0
101,0,539.0438,543.6670,546.5205,0.0441,0
102,1,544.1293,548.4531,548.7684,0.1157,0
102,0,544.1293,548.4531,551.2943,0.2310,0
103,1,549.0184,553.5481,553.9505,0.1170,0
103,0,549.0184,553.5481,556.4316,0.2187,0
104,1,554.1908,558.5616,558.8590,0.1154,0
104,0,554.1908,558.5616,561.3121,0.0421,0
105,1,558.9195,563.4275,563.8076,0.2006,0
105,0,558.9195,563.4275,566.2850,0.0439,0
106,1,563.8903,569.0653,569.4316,0.1746,0
106,0,563.8903,569.0653,571.9073,0.0460,0
107,1,569.4997,574.4644,574.7718,0.1186,0
107,0,569.4997,574.4644,577.2705,0.0440,0
108,1,574.8354,579.5141,579.8858,0.1890,0
108,0,574.8354,579.5141,582.4427,0.0390,0
109,1,579.9615,584.4668,584.7650,0.1175,0
109,0,579.9615,584.4668,587.2410,0.2692,0
110,1,585.0558,589.5029,589.8056,0.1173,0
110,0,585.0558,589.5029,592.3037,0.1110,0
111,1,589.9479,594.6229,594.9071,0.1096,0
111,0,589.9479,594.6229,597.3997,0.0448,0
112,1,594.9720,599.6777,600.2984,0.3899,0
112,0,594.9720,599.6777,602.7888,0.0453,0
113,1,600.3670,605.1402,605.6399,0.2964,0
113,0,600.3670,605.1402,608.1089,0.0495,0
114,1,605.7147,610.3256,610.6832,0.1653,0
114,0,605.7147,610.3256,613.1816,0.0373,0
115,1,610.7415,615.4836,615.9586,0.2282,0
115,0,610.7415,615.4836,618.4236,0.0467,0
116,1,616.0271,620.4530,620.9726,0.3072,0
116,0,616.0271,620.4530,623.4661,0.1250,0
117,1,621.1220,625.4980,625.8069,0.1179,0
117,0,621.1220,625.4980,628.2760,0.0414,0
118,1,625.8675,630.4689,630.7756,0.1181,0
118,0,625.8675,630.4689,633.2142,0.0418,0
119,1,630.8555,636.2471,636.5457,0.1159,0
119,0,630.8555,636.2471,639.0210,0.0382,0
120,1,636.6166,641.5242,641.8634,0.1254,0
120,0,636.6166,641.5242,644.3998,0.0488,0
121,1,641.9452,646.8893,647.3863,0.1495,0
121,0,641.9452,646.8893,649.8937,0.0446,0
122,1,647.4532,652.4682,652.7712,0.1158,0
122,0,647.4532,652.4682,655.2805,0.0438,0
123,1,652.8362,657.4998,657.9714,0.2845,0
123,0,652.8362,657.4998,660.5016,0.0434,0
124,1,658.0332,662.4181,662.8960,0.2678,0
124,0,658.0332,662.4181,665.3839,0.1295,0
125,1,663.0469,668.1973,668.5724,0.1501,0
125,0,663.0469,668.1973,671.0802,0.0466,0
126,1,668.6430,673.3090,673.6337,0.1194,0
126,0,668.6430,673.3090,676.1640,0.3066,0
127,1,673.9751,678.3421,678.6374,0.1152,0
127,0,673.9751,678.3421,681.1179,0.0393,0
128,1,678.7018,683.0755,683.4187,0.1247,0
128,0,678.7018,683.0755,685.9064,0.0474,0
129,1,683.4849,688.1197,688.5916,0.2921,0
129,0,683.4849,688.1197,691.0695,0.0377,0
130,1,688.6478,693.3602,693.7905,0.2251,0
130,0,688.6478,693.3602,696.3006,0.0514,0
131,1,693.8650,698.2916,698.7352,0.1181,0
131,0,693.8650,698.2916,701.2009,0.2813,0
132,1,699.0618,703.5843,703.9519,0.1106,0
132,0,699.0618,703.5843,706.4200,0.2076,0
133,1,704.1817,708.4246,708.7242,0.1189,0
133,0,704.1817,708.4246,711.1496,0.0419,0
134,1,708.7857,713.4980,713.8650,0.1553,0
134,0,708.7857,713.4980,716.2917,0.0401,0
135,1,713.9247,718.6021,718.9626,0.1720,0
135,0,713.9247,718.6021,721.4919,0.0433,0
136,1,719.0241,723.4023,723.9993,0.3658,0
136,0,719.0241,723.4023,726.4534,0.1683,0
137,1,724.1894,728.4133,728.8072,0.1204,0
137,0,724.1894,728.4133,731.2187,0.0431,0
138,1,728.8684,733.1090,733.6032,0.2850,0
138,0,728.8684,733.1090,736.0384,0.0443,0
139,1,733.6671,738.3642,739.0174,0.4367,0
139,0,733.6671,738.3642,741.4085,0.0416,0
140,1,739.0819,743.7232,744.1176,0.1816,0
140,0,739.0819,743.7232,746.5271,0.0423,0
141,1,744.1806,748.8830,749.2358,0.1629,0
141,0,744.1806,748.8830,751.6352,0.0496,0
142,1,749.3104,753.7146,754.0853,0.1354,0
142,0,749.3104,753.7146,756.4811,0.3591,0
143,1,754.4783,758.8295,759.1230,0.1133,0
143,0,754.4783,758.8295,761.5096,0.0478,0
144,1,759.4119,763.6167,763.9219,0.1130,0
144,0,759.4119,763.6167,766.2924,0.0358,0
145,1,763.9888,769.4007,769.7459,0.1241,0
145,0,763.9888,769.4007,772.1715,0.0451,0
146,1,769.8140,775.1371,775.4740,0.1228,0
146,0,769.8140,775.1371,777.9269,0.0449,0
147,1,775.5388,780.4184,780.7522,0.1216,0
147,0,775.5388,780.4184,783.3967,0.0442,0
148,1,780.8173,785.7583,786.1255,0.1303,0
148,0,780.8173,785.7583,788.6162,0.0467,0
149,1,786.1938,791.1560,791.4556,0.1167,0
149,0,786.1938,791.1560,793.9422,0.0435,0
150,1,791.5182,796.4871,796.8161,0.1213,0
150,0,791.5182,796.4871,799.3346,0.0479,0
151,1,796.9042,802.1872,802.5164,0.1237,0
151,0,796.9042,802.1872,805.0441,0.0392,0
152,1,802.5791,807.3334,807.7844,0.2714,0
152,0,802.5791,807.3334,810.3431,0.0366,0
153,1,807.8408,812.2146,812.5447,0.1171,0
153,0,807.8408,812.2146,815.1328,0.1583,0
154,1,812.7289,817.0978,817.4233,0.1145,0
154,0,812.7289,817.0978,819.9067,0.0446,0
155,1,817.4881,822.0887,822.4078,0.1122,0
155,0,817.4881,822.0887,824.8994,0.0673,0
156,1,822.5321,827.4945,827.7895,0.1152,0
156,0,822.5321,827.4945,830.2914,0.0364,0
157,1,827.8453,832.9559,833.3745,0.2098,0
157,0,827.8453,832.9559,835.8796,0.0409,0
158,1,833.4370,838.1107,838.6117,0.2910,0
158,0,833.4370,838.1107,841.1136,0.0440,0
159,1,838.6737,843.4226,843.7605,0.1217,0
159,0,838.6737,843.4226,846.3541,0.1561,0
160,1,843.9356,848.3691,848.6658,0.1161,0
160,0,843.9356,848.3691,851.1538,0.2873,0
161,1,848.9774,853.5111,853.8304,0.1142,0
161,0,848.9774,853.5111,856.3101,0.0368,0
162,1,853.9116,858.5183,858.8540,0.1254,0
162,0,853.9116,858.5183,861.5155,0.0443,0
163,1,858.9184,863.4939,863.7984,0.1300,0
163,0,858.9184,863.4939,866.2647,0.0612,0
164,1,863.8864,869.0885,869.4761,0.1993,0
164,0,863.8864,869.0885,871.9802,0.0379,0
165,1,869.5348,874.5984,874.9324,0.1185,0
165,0,869.5348,874.5984,877.5058,0.0463,0
166,1,874.9992,879.9204,880.2398,0.1186,0
166,0,874.9992,879.9204,882.8108,0.0370,0
167,1,880.2971,884.9085,885.3842,0.2922,0
167,0,880.2971,884.9085,887.9242,0.0377,0
168,1,885.4464,890.1109,890.6700,0.3668,0
168,0,885.4464,890.1109,893.2032,0.0788,0
169,1,890.7740,895.2567,895.5944,0.1355,0
169,0,890.7740,895.2567,898.0832,0.0369,0
170,1,895.6594,900.7284,901.0524,0.1153,0
170,0,895.6594,900.7284,903.5559,0.0360,0
171,1,901.1084,905.8422,906.2116,0.1766,0
171,0,901.1084,905.8422,908.7302,0.0597,0
172,1,906.2981,911.1825,911.4766,0.1153,0
172,0,906.2981,911.1825,913.9867,0.0373,0
173,1,911.5351,916.1870,916.6422,0.2783,0
173,0,911.5351,916.1870,919.1464,0.0379,0
174,1,916.7038,921.5870,922.0757,0.3066,0
174,0,916.7038,921.5870,924.5915,0.0400,0
175,1,922.1365,926.7383,927.2192,0.2926,0
175,0,922.1365,926.7383,929.7380,0.0450,0
176,1,927.2868,931.7716,932.5208,0.5244,0
176,0,927.2868,931.7716,935.0132,0.2026,0
177,1,932.7454,937.2472,937.9408,0.4859,0
177,0,932.7454,937.2472,940.4503,0.1075,0
178,1,938.0780,942.9619,943.2573,0.1206,0
178,0,938.0780,942.9619,945.7422,0.1137,0
179,1,943.3956,947.9478,948.2821,0.1231,0
179,0,943.3956,947.9478,950.7623,0.0373,0
180,1,948.3489,953.1039,953.4035,0.1168,0
180,0,948.3489,953.1039,955.8970,0.0362,0
181,1,953.4585,958.4324,958.7258,0.1157,0
181,0,953.4585,958.4324,961.2180,0.0456,0
182,1,958.7911,963.5096,963.9447,0.2362,0
182,0,958.7911,963.5096,966.4587,0.0413,0
183,1,964.0060,969.4415,969.7681,0.1201,0
183,0,964.0060,969.4415,972.3208,0.0454,0
184,1,969.8424,975.2293,975.5241,0.1160,0
184,0,969.8424,975.2293,978.0770,0.0365,0
185,1,975.5859,980.6292,980.9440,0.1164,0
185,0,975.5859,980.6292,983.5060,0.0378,0
186,1,981.0008,985.7158,986.3721,0.2748,0
186,0,981.0008,985.7158,988.9334,0.0436,0
187,1,986.4536,991.7468,992.0558,0.1185,0
187,0,986.4536,991.7468,994.6345,0.0389,0
188,1,992.1136,997.0194,997.4937,0.2661,0
188,0,992.1136,997.0194,1000.0683,0.0447,0
189,1,997.5563,1003.0598,1003.3868,0.1198,0
189,0,997.5563,1003.0598,1005.9949,0.0472,0
190,1,1003.4551,1008.7024,1009.0083,0.1182,0
190,0,1003.4551,1008.7024,1011.6286,0.0394,0
191,1,1009.0673,1014.0411,1014.3399,0.1190,0
191,0,1009.0673,1014.0411,1016.9567,0.0368,0
192,1,1015.3563,1019.5463,1019.8460,0.1154,0
192,0,1015.3563,1019.5463,1022.4290,0.0441,0
193,1,1019.9753,1025.4374,1025.7727,0.1239,0
193,0,1019.9753,1025.4374,1028.3788,0.0427,0
194,1,1025.8353,1030.9204,1031.2499,0.1208,0
194,0,1025.8353,1030.9204,1033.8897,0.0442,0
195,1,1031.3126,1036.7686,1037.1474,0.1209,0
195,0,1031.3126,1036.7686,1039.7844,0.0438,0
196,1,1037.2175,1041.9220,1042.2273,0.1185,0
196,0,1037.2175,1041.9220,1044.8457,0.0433,0
197,1,1042.2908,1047.5183,1047.8481,0.1236,0
197,0,1042.2908,1047.5183,1050.4844,0.0444,0
198,1,1047.9104,1053.1273,1053.4538,0.1200,0
198,0,1047.9104,1053.1273,1056.0914,0.0459,0
199,1,1053.5668,1058.6989,1059.0283,0.1246,0
199,0,1053.5668,1058.6989,1061.6717,0.0447,0
200,1,1059.0911,1064.1207,1064.5567,0.1368,0
200,0,1059.0911,1064.1207,1067.2167,0.0448,0
201,1,1064.6221,1069.7122,1070.0464,0.1224,0
201,0,1064.6221,1069.7122,1072.6942,0.0445,0
202,1,1070.1159,1075.4185,1075.7520,0.1231,0
202,0,1070.1159,1075.4185,1078.4094,0.0453,0
203,1,1075.8173,1080.7758,1081.1110,0.1222,0
203,0,1075.8173,1080.7758,1083.7646,0.0677,0
204,1,1081.2012,1085.8705,1086.3597,0.2756,0
204,0,1081.2012,1085.8705,1088.9911,0.0464,0
205,1,1086.4282,1091.5076,1091.8026,0.1180,0
205,0,1086.4282,1091.5076,1094.4385,0.0355,0
206,1,1091.8628,1096.9694,1097.2933,0.1133,0
206,0,1091.8628,1096.9694,1099.9341,0.0455,0
207,1,1097.3589,1102.7170,1103.0108,0.1124,0
207,0,1097.3589,1102.7170,1105.6905,0.0435,0
208,1,1103.0806,1108.2541,1108.5510,0.1149,0
208,0,1103.0806,1108.2541,1111.2252,0.0359,0
209,1,1108.6118,1113.6297,1113.9322,0.1156,0
209,0,1108.6118,1113.6297,1116.5888,0.0368,0
210,1,1113.9895,1118.9008,1119.1973,0.1130,0
210,0,1113.9895,1118.9008,1121.8706,0.0459,0
211,1,1119.2665,1123.9870,1124.3254,0.1711,0
211,0,1119.2665,1123.9870,1127.2776,0.0393,0
212,1,1124.3840,1128.8618,1129.5381,0.4869,0
212,0,1124.3840,1128.8618,1132.2430,0.0389,0
213,1,1129.6198,1134.2354,1134.6754,0.2159,0
213,0,1129.6198,1134.2354,1137.3591,0.0433,0
214,1,1134.7527,1139.2200,1139.5407,0.1289,0
214,0,1134.7527,1139.2200,1142.1692,0.0427,0
215,1,1139.6278,1144.2454,1144.8805,0.2662,0
215,0,1139.6278,1144.2454,1147.5333,0.0423,0
216,1,1144.9442,1149.6373,1150.0959,0.2758,0
216,0,1144.9442,1149.6373,1152.6459,0.0444,0
217,1,1150.1641,1154.6793,1155.1559,0.2897,0
217,0,1150.1641,1154.6793,1157.6831,0.0460,0
218,1,1155.2222,1159.5754,1160.0782,0.2964,0
218,0,1155.2222,1159.5754,1162.6013,0.0582,0
219,1,1160.1598,1164.4296,1164.7341,0.1152,0
219,0,1160.1598,1164.4296,1167.2323,0.0436,0
220,1,1164.8003,1169.4286,1169.7297,0.1172,0
220,0,1164.8003,1169.4286,1172.2035,0.0384,0
221,1,1169.7898,1174.8421,1175.1737,0.1200,0
221,0,1169.7898,1174.8421,1177.6636,0.0458,0
222,1,1175.2390,1179.7420,1180.1243,0.1651,0
222,0,1175.2390,1179.7420,1182.5994,0.0499,0
223,1,1180.1956,1184.3383,1184.6517,0.1091,0
223,0,1180.1956,1184.3383,1187.1753,0.2595,0
224,1,1184.9310,1189.1411,1189.5647,0.1626,0
224,0,1184.9310,1189.1411,1192.0343,0.0629,0
225,1,1189.6723,1194.0440,1194.3995,0.1755,0
225,0,1189.6723,1194.0440,1196.8145,0.0365,0
226,1,1194.4611,1199.1784,1199.8602,0.4952,0
226,0,1194.4611,1199.1784,1202.3341,0.0598,0
227,1,1199.9417,1204.4010,1204.8795,0.2956,0
227,0,1199.9417,1204.4010,1207.3330,0.0463,0
228,1,1204.9469,1209.3412,1209.6727,0.1174,0
228,0,1204.9469,1209.3412,1212.1376,0.3134,0
229,1,1210.0283,1214.2141,1214.5460,0.1206,0
229,0,1210.0283,1214.2141,1216.9364,0.0490,0
230,1,1214.6158,1219.2137,1219.5812,0.1777,0
230,0,1214.6158,1219.2137,1222.0010,0.0451,0
231,1,1219.6493,1224.4115,1224.7073,0.1147,0
231,0,1219.6493,1224.4115,1227.1077,0.0441,0
232,1,1224.7725,1229.0047,1229.3058,0.1192,0
232,0,1224.7725,1229.0047,1231.6926,0.1350,0
233,1,1229.4651,1233.9740,1234.2747,0.1175,0
233,0,1229.4651,1233.9740,1236.6628,0.1024,0
234,1,1234.3987,1238.8481,1239.1669,0.1326,0
234,0,1234.3987,1238.8481,1241.5494,0.0432,0
235,1,1239.2303,1243.5630,1243.9251,0.1751,0
235,0,1239.2303,1243.5630,1246.3369,0.0371,0
236,1,1243.9846,1248.2031,1248.4932,0.1071,0
236,0,1243.9846,1248.2031,1250.8691,0.0453,0
237,1,1248.5593,1252.5604,1252.9888,0.2621,0
237,0,1248.5593,1252.5604,1255.3294,0.0440,0
238,1,1253.0545,1257.8082,1258.1142,0.1178,0
238,0,1253.0545,1257.8082,1260.4661,0.0550,0
239,1,1258.1883,1262.6473,1263.0912,0.2592,0
239,0,1258.1883,1262.6473,1265.4884,0.0460,0
240,1,1263.1589,1267.9488,1268.7109,0.2429,0
240,0,1263.1589,1267.9488,1271.1331,0.0887,0
241,1,1268.8288,1273.2920,1273.5959,0.1129,0
241,0,1268.8288,1273.2920,1276.0321,0.1824,0
242,1,1273.8034,1277.9529,1278.2640,0.1174,0
242,0,1273.8034,1277.9529,1280.6181,0.0427,0
243,1,1278.3279,1283.0940,1283.3911,0.1147,0
243,0,1278.3279,1283.0940,1285.7907,0.0430,0
244,1,1283.5123,1288.0163,1288.4924,0.2886,0
244,0,1283.5123,1288.0163,1290.8878,0.0462,0
245,1,1288.5589,1292.7861,1293.0682,0.1134,0
245,0,1288.5589,1292.7861,1295.4845,0.3694,0
246,1,1293.4614,1297.5069,1297.7940,0.1097,0
246,0,1293.4614,1297.5069,1300.1904,0.0363,0
247,1,1297.8494,1302.6983,1302.9945,0.1127,0
247,0,1297.8494,1302.6983,1305.3748,0.0387,0
248,1,1303.0556,1307.8825,1308.1856,0.1173,0
248,0,1303.0556,1307.8825,1310.5573,0.0438,0
249,1,1308.2481,1312.4595,1312.9763,0.2863,0
249,0,1308.2481,1312.4595,1315.3782,0.0711,0
250,1,1313.0787,1317.1178,1317.4401,0.1607,0
250,0,1313.0787,1317.1178,1319.7781,0.0449,0
251,1,1317.5049,1321.7516,1322.2393,0.2875,0
251,0,1317.5049,1321.7516,1324.5682,0.0441,0
252,1,1322.3016,1326.6810,1327.0643,0.1638,0
252,0,1322.3016,1326.6810,1329.4029,0.0428,0
253,1,1327.1294,1331.3424,1331.7310,0.1196,0
253,0,1327.1294,1331.3424,1334.0789,0.0472,0
254,1,1331.7984,1336.0364,1336.5753,0.3336,0
254,0,1331.7984,1336.0364,1338.8825,0.0443,0
255,1,1336.6403,1341.3458,1341.6441,0.1186,0
255,0,1336.6403,1341.3458,1343.9731,0.0369,0
256,1,1341.7011,1346.4245,1346.7490,0.1208,0
256,0,1341.7011,1346.4245,1349.1071,0.0464,0
257,1,1346.8125,1351.1006,1351.4160,0.1146,0
257,0,1346.8125,1351.1006,1353.8050,0.2905,0
258,1,1351.7592,1356.1495,1356.4527,0.1265,0
258,0,1351.7592,1356.1495,1358.7860,0.0383,0
259,1,1356.5094,1361.0528,1361.3861,0.1211,0
259,0,1356.5094,1361.0528,1363.7405,0.0455,0
260,1,1361.4491,1366.1228,1366.6843,0.3559,0
260,0,1361.4491,1366.1228,1369.0329,0.0397,0
261,1,1366.7459,1371.1899,1371.6766,0.3021,0
261,0,1366.7459,1371.1899,1374.0370,0.0382,0
262,1,1371.7321,1375.9320,1376.3441,0.1757,0
262,0,1371.7321,1375.9320,1378.7102,0.2812,0
263,1,1376.6784,1380.9833,1381.3214,0.1213,0
263,0,1376.6784,1380.9833,1383.6524,0.0448,0
264,1,1381.3862,1385.7331,1386.0894,0.1769,0
264,0,1381.3862,1385.7331,1388.4175,0.0404,0
265,1,1386.1666,1390.5719,1391.0494,0.2965,0
265,0,1386.1666,1390.5719,1393.4633,0.0370,0
266,1,1391.1142,1395.4251,1395.7227,0.1168,0
266,0,1391.1142,1395.4251,1398.0442,0.0376,0
267,1,1395.7829,1400.4258,1400.7250,0.1151,0
267,0,1395.7829,1400.4258,1403.0618,0.0373,0
268,1,1400.7848,1405.0438,1405.5248,0.2989,0
268,0,1400.7848,1405.0438,1407.8497,0.0452,0
269,1,1405.5898,1410.0868,1410.4629,0.1709,0
269,0,1405.5898,1410.0868,1412.8506,0.0387,0
270,1,1410.5215,1414.6371,1415.0261,0.1249,0
270,0,1410.5215,1414.6371,1417.3554,0.0465,0
271,1,1415.0903,1419.0234,1419.5188,0.2955,0
271,0,1415.0903,1419.0234,1421.8108,0.0454,0
272,1,1419.5834,1424.0822,1424.4704,0.1815,0
272,0,1419.5834,1424.0822,1426.7680,0.0413,0
273,1,1424.5405,1428.7232,1429.0811,0.1547,0
273,0,1424.5405,1428.7232,1431.3712,0.0414,0
274,1,1429.1600,1433.6040,1434.1456,0.2880,0
274,0,1429.1600,1433.6040,1436.4658,0.0480,0
275,1,1434.2154,1438.8821,1439.2592,0.1593,0
275,0,1434.2154,1438.8821,1441.5885,0.0414,0
276,1,1439.3229,1443.6971,1444.1156,0.2147,0
276,0,1439.3229,1443.6971,1446.4342,0.0458,0
277,1,1444.1841,1448.3947,1448.7048,0.1164,0
277,0,1444.1841,1448.3947,1451.0770,0.1287,0
278,1,1448.8519,1452.8594,1453.1987,0.1143,0
278,0,1448.8519,1452.8594,1455.5028,0.0437,0
279,1,1453.2612,1457.9680,1458.2962,0.1206,0
279,0,1453.2612,1457.9680,1460.5992,0.0457,0
280,1,1458.3599,1463.0877,1463.4029,0.1252,0
280,0,1458.3599,1463.0877,1465.7939,0.0377,0
281,1,1463.4579,1468.3027,1468.7755,0.2643,0
281,0,1463.4579,1468.3027,1471.3249,0.0448,0
282,1,1468.8425,1473.0873,1473.4079,0.1143,0
282,0,1468.8425,1473.0873,1475.7414,0.0453,0
283,1,1473.4759,1477.5796,1477.9466,0.1871,0
283,0,1473.4759,1477.5796,1480.2685,0.0375,0
284,1,1478.0028,1482.6013,1482.9810,0.1669,0
284,0,1478.0028,1482.6013,1485.3090,0.0515,0
285,1,1483.0583,1487.2556,1487.7510,0.3052,0
285,0,1483.0583,1487.2556,1490.0670,0.1543,0
286,1,1487.9291,1491.9660,1492.3138,0.1636,0
286,0,1487.9291,1491.9660,1494.6125,0.0451,0
287,1,1492.3759,1497.0181,1497.3514,0.1216,0
287,0,1492.3759,1497.0181,1499.6619,0.0482,0
288,1,1497.4165,1502.1088,1502.6067,0.2945,0
288,0,1497.4165,1502.1088,1504.9392,0.0370,0
289,1,1502.6664,1507.2915,1507.6656,0.1971,0
289,0,1502.6664,1507.2915,1510.0136,0.0451,0
290,1,1507.7801,1512.0263,1512.3124,0.1043,0
290,0,1507.7801,1512.0263,1514.6552,0.0366,0
291,1,1512.3724,1516.5793,1516.8749,0.1189,0
291,0,1512.3724,1516.5793,1519.2604,0.0446,0
292,1,1518.0978,1522.0426,1522.3393,0.1129,0
292,0,1518.0978,1522.0426,1524.6389,0.0639,0
293,1,1522.5532,1527.6375,1527.9311,0.1136,0
293,0,1522.5532,1527.6375,1530.2712,0.0456,0
294,1,1527.9995,1532.5396,1533.2314,0.3486,0
294,0,1527.9995,1532.5396,1535.6090,0.0461,0
295,1,1533.3270,1537.8026,1538.2991,0.2820,0
295,0,1533.3270,1537.8026,1540.6414,0.0505,0
296,1,1538.3700,1542.5397,1542.8687,0.1174,0
296,0,1538.3700,1542.5397,1545.1995,0.0427,0
297,1,1542.9452,1547.3493,1547.6956,0.1692,0
297,0,1542.9452,1547.3493,1550.0287,0.0371,0
298,1,1547.7507,1552.4520,1552.7789,0.1238,0
298,0,1547.7507,1552.4520,1555.1189,0.0433,0
299,1,1552.8407,1557.3097,1557.7862,0.2678,0
299,0,1552.8407,1557.3097,1560.1307,0.0502,0
300,1,1557.8535,1562.0429,1562.4126,0.1689,0
300,0,1557.8535,1562.0429,1564.7702,0.3830,0
301,1,1562.8136,1567.2753,1567.5698,0.1169,0
301,0,1562.8136,1567.2753,1569.9065,0.0363,0
302,1,1567.6260,1572.2099,1572.5390,0.1191,0
302,0,1567.6260,1572.2099,1574.8779,0.0406,0
303,1,1572.5990,1577.0421,1577.4192,0.1677,0
303,0,1572.5990,1577.0421,1579.8540,0.0427,0
304,1,1577.4809,1581.7106,1582.0433,0.1194,0
304,0,1577.4809,1581.7106,1584.5124,0.2863,0
305,1,1582.3492,1586.3370,1586.6323,0.1147,0
305,0,1582.3492,1586.3370,1588.9422,0.0459,0
306,1,1586.6954,1591.4157,1591.7116,0.1170,0
306,0,1586.6954,1591.4157,1594.0391,0.0376,0
307,1,1591.7664,1596.2282,1596.6011,0.1864,0
307,0,1591.7664,1596.2282,1598.9905,0.0461,0
308,1,1596.6679,1601.2839,1601.8316,0.3653,0
308,0,1596.6679,1601.2839,1604.1977,0.0379,0
309,1,1601.8886,1606.0849,1606.4131,0.1175,0
309,0,1601.8886,1606.0849,1608.7547,0.0431,0
310,1,1606.4807,1610.6303,1610.9256,0.1123,0
310,0,1606.4807,1610.6303,1613.2489,0.0378,0
311,1,1610.9830,1615.2578,1615.7234,0.2706,0
311,0,1610.9830,1615.2578,1618.0354,0.1261,0
312,1,1615.8906,1620.0662,1620.3928,0.1159,0
312,0,1615.8906,1620.0662,1622.7216,0.1104,0
313,1,1620.5465,1624.6989,1625.1575,0.2738,0
313,0,1620.5465,1624.6989,1627.4701,0.0369,0
314,1,1625.2137,1629.6961,1630.0876,0.1683,0
314,0,1625.2137,1629.6961,1632.4125,0.0450,0
315,1,1630.1957,1635.3099,1635.6814,0.1887,0
315,0,1630.1957,1635.3099,1638.0180,0.0470,0
316,1,1635.7707,1640.0029,1640.3396,0.1139,0
316,0,1635.7707,1640.0029,1642.8372,0.2513,0
317,1,1640.6255,1644.6035,1644.9810,0.1628,0
317,0,1640.6255,1644.6035,1647.3472,0.0426,0
318,1,1645.0423,1649.6813,1650.0259,0.1597,0
318,0,1645.0423,1649.6813,1652.3427,0.0385,0
319,1,1650.0854,1654.4675,1654.9066,0.2649,0
319,0,1650.0854,1654.4675,1657.3161,0.0533,0
320,1,1654.9787,1659.1647,1659.4942,0.1175,0
320,0,1654.9787,1659.1647,1661.8412,0.0449,0
321,1,1659.5589,1663.5386,1663.8761,0.1749,0
321,0,1659.5589,1663.5386,1666.1639,0.0444,0
322,1,1663.9379,1668.7880,1669.1951,0.1855,0
322,0,1663.9379,1668.7880,1671.5071,0.0390,0
323,1,1669.2613,1674.3713,1674.6699,0.1159,0
323,0,1669.2613,1674.3713,1677.0172,0.0379,0
324,1,1674.7263,1678.9149,1679.2337,0.1155,0
324,0,1674.7263,1678.9149,1681.6064,0.2454,0
325,1,1679.5216,1683.6669,1684.0328,0.1536,0
325,0,1679.5216,1683.6669,1686.3614,0.0415,0
326,1,1684.0934,1688.3373,1688.8225,0.2957,0
326,0,1684.0934,1688.3373,1691.1387,0.0385,0
327,1,1688.8844,1693.4671,1693.9305,0.2775,0
327,0,1688.8844,1693.4671,1696.2560,0.0453,0
328,1,1693.9925,1698.1709,1698.6153,0.1697,0
328,0,1693.9925,1698.1709,1700.9348,0.7932,0
329,1,1699.4333,1703.5209,1704.0480,0.1730,0
329,0,1699.4333,1703.5209,1706.4148,0.0489,0
330,1,1704.1204,1708.1103,1708.4788,0.1775,0
330,0,1704.1204,1708.1103,1710.7587,0.0455,0
331,1,1708.5421,1713.0434,1713.4066,0.1671,0
331,0,1708.5421,1713.0434,1715.7291,0.0384,0
332,1,1713.4625,1717.6262,1717.9873,0.1508,0
332,0,1713.4625,1717.6262,1720.3077,0.3356,0
333,1,1718.3590,1722.7107,1723.0619,0.1654,0
333,0,1718.3590,1722.7107,1725.4006,0.0388,0
334,1,1723.1205,1727.7565,1728.0530,0.1163,0
334,0,1723.1205,1727.7565,1730.3586,0.0366,0
335,1,1728.1258,1732.6990,1733.2726,0.3439,0
335,0,1728.1258,1732.6990,1735.6070,0.1188,0
336,1,1733.4179,1738.2687,1738.6275,0.1773,0
336,0,1733.4179,1738.2687,1740.9718,0.0393,0
337,1,1738.6903,1743.0134,1743.3984,0.1999,0
337,0,1738.6903,1743.0134,1745.7252,0.0429,0
338,1,1743.4654,1747.5819,1747.8801,0.1159,0
338,0,1743.4654,1747.5819,1750.2386,0.0445,0
339,1,1747.9438,1752.6905,1752.9997,0.1239,0
339,0,1747.9438,1752.6905,1755.3326,0.0461,0
340,1,1753.0646,1757.9318,1758.2645,0.1216,0
340,0,1753.0646,1757.9318,1760.6152,0.0465,0
341,1,1758.3283,1762.6531,1763.0906,0.2601,0
341,0,1758.3283,1762.6531,1765.4352,0.0547,0
342,1,1763.1706,1767.8125,1768.5173,0.4328,0
342,0,1763.1706,1767.8125,1770.9063,0.1718,0
343,1,1768.7140,1772.9336,1773.2922,0.1191,0
343,0,1768.7140,1772.9336,1775.6329,0.0368,0
344,1,1773.3521,1777.4995,1777.8631,0.1841,0
344,0,1773.3521,1777.4995,1780.2686,0.0389,0
345,1,1777.9210,1782.4985,1782.8871,0.1689,0
345,0,1777.9210,1782.4985,1785.2262,0.0500,0
346,1,1782.9809,1787.2390,1787.7698,0.3164,0
346,0,1782.9809,1787.2390,1790.0948,0.1424,0
347,1,1787.9507,1791.9781,1792.3450,0.1635,0
347,0,1787.9507,1791.9781,1794.6529,0.0445,0
348,1,1792.4079,1797.0589,1797.3470,0.1039,0
348,0,1792.4079,1797.0589,1799.7002,0.0455,0
349,1,1797.4124,1802.4699,1802.7629,0.1144,0
349,0,1797.4124,1802.4699,1805.1189,0.0368,0
350,1,1802.8255,1807.5281,1807.8915,0.1714,0
350,0,1802.8255,1807.5281,1810.2665,0.0496,0
351,1,1807.9633,1812.2822,1812.5771,0.1144,0
351,0,1807.9633,1812.2822,1815.0189,0.2615,0
352,1,1812.8813,1817.0749,1817.3594,0.1052,0
352,0,1812.8813,1817.0749,1819.7071,0.0370,0
353,1,1817.4194,1821.7885,1822.4190,0.4175,0
353,0,1817.4194,1821.7885,1824.7793,0.0504,0
354,1,1822.4947,1826.9245,1827.3164,0.1754,0
354,0,1822.4947,1826.9245,1829.7531,0.0467,0
355,1,1827.3818,1831.5815,1831.8832,0.1135,0
355,0,1827.3818,1831.5815,1834.2469,0.4388,0
356,1,1832.3881,1836.6217,1836.9327,0.1184,0
356,0,1832.3881,1836.6217,1839.2524,0.0447,0
357,1,1836.9970,1841.2787,1841.6619,0.1691,0
357,0,1836.9970,1841.2787,1843.9721,0.0463,0
358,1,1841.7262,1846.2615,1846.6553,0.1772,0
358,0,1841.7262,1846.2615,1849.0360,0.0503,0
359,1,1846.7301,1851.0310,1851.3818,0.1132,0
359,0,1846.7301,1851.0310,1853.7280,0.2051,0
360,1,1851.6068,1855.7820,1856.1547,0.1628,0
360,0,1851.6068,1855.7820,1858.4857,0.0449,0
361,1,1856.2169,1860.4146,1860.8755,0.2816,0
361,0,1856.2169,1860.4146,1863.2008,0.0377,0
362,1,1860.9380,1865.5294,1865.9192,0.1656,0
362,0,1860.9380,1865.5294,1868.2485,0.1599,0
363,1,1866.1070,1870.4618,1870.7550,0.1104,0
363,0,1866.1070,1870.4618,1873.0683,0.4002,0
364,1,1871.1753,1875.1937,1875.5709,0.1606,0
364,0,1871.1753,1875.1937,1877.9251,0.0448,0
365,1,1875.6335,1880.3037,1880.6470,0.1277,0
365,0,1875.6335,1880.3037,1882.9560,0.0441,0
366,1,1880.7095,1885.4629,1885.7883,0.1192,0
366,0,1880.7095,1885.4629,1888.1250,0.0446,0
367,1,1885.8531,1890.0325,1890.3254,0.1120,0
367,0,1885.8531,1890.0325,1892.7630,0.2242,0
368,1,1890.5703,1894.6023,1894.9071,0.1183,0
368,0,1890.5703,1894.6023,1897.2147,0.0360,0
369,1,1894.9620,1899.8447,1900.2027,0.1254,0
369,0,1894.9620,1899.8447,1902.5278,0.1276,0
370,1,1900.3523,1904.8134,1905.2819,0.2560,0
370,0,1900.3523,1904.8134,1907.6069,0.0394,0
371,1,1905.3501,1909.9804,1910.4180,0.1791,0
371,0,1905.3501,1909.9804,1912.7743,0.0510,0
372,1,1910.4889,1914.6911,1915.0532,0.1205,0
372,0,1910.4889,1914.6911,1917.3914,0.0365,0
373,1,1915.1072,1919.0498,1919.5272,0.2861,0
373,0,1915.1072,1919.0498,1921.8257,0.0451,0
374,1,1919.5915,1924.1086,1924.4635,0.1670,0
374,0,1919.5915,1924.1086,1926.8094,0.0472,0
375,1,1924.5329,1928.8488,1929.1458,0.1162,0
375,0,1924.5329,1928.8488,1931.4520,0.2645,0
376,1,1929.4340,1933.8172,1934.1138,0.1177,0
376,0,1929.4340,1933.8172,1936.4260,0.0369,0
377,1,1934.1707,1938.4319,1938.9134,0.3018,0
377,0,1934.1707,1938.4319,1941.2421,0.0380,0
378,1,1938.9715,1943.6263,1943.9622,0.1298,0
378,0,1938.9715,1943.6263,1946.3354,0.0562,0
379,1,1944.0398,1948.2784,1948.6082,0.1207,0
379,0,1944.0398,1948.2784,1950.9159,0.2301,0
380,1,1948.8573,1952.8178,1953.1886,0.1639,0
380,0,1948.8573,1952.8178,1955.5160,0.0485,0
381,1,1953.2939,1958.1938,1958.5322,0.1257,0
381,0,1953.2939,1958.1938,1960.8476,0.0450,0
382,1,1958.5980,1963.2062,1963.5944,0.1860,0
382,0,1958.5980,1963.2062,1965.9389,0.0452,0
383,1,1963.6573,1968.7122,1969.0394,0.1201,0
383,0,1963.6573,1968.7122,1971.4737,0.0449,0
384,1,1969.1091,1973.4189,1973.7600,0.1224,0
384,0,1969.1091,1973.4189,1976.1287,0.0596,0
385,1,1973.8444,1977.9707,1978.2820,0.1166,0
385,0,1973.8444,1977.9707,1980.6140,0.0516,0
386,1,1978.3515,1983.0658,1983.3585,0.1128,0
386,0,1978.3515,1983.0658,1985.7114,0.0370,0
387,1,1983.4181,1987.9274,1988.3999,0.2862,0
387,0,1983.4181,1987.9274,1990.7545,0.0471,0
388,1,1988.4672,1992.6008,1992.8878,0.1080,0
388,0,1988.4672,1992.6008,1995.2269,0.0370,0
389,1,1992.9438,1996.9585,1997.4427,0.2796,0
389,0,1992.9438,1996.9585,1999.7571,0.0434,0
390,1,1997.5030,2002.5160,2002.8721,0.1717,0
390,0,1997.5030,2002.5160,2005.2197,0.0388,0
391,1,2002.9486,2008.2414,2008.5699,0.1200,0
391,0,2002.9486,2008.2414,2010.9608,0.0416,0
392,1,2008.6304,2013.3017,2013.6066,0.1320,0
392,0,2008.6304,2013.3017,2016.0035,0.0376,0
393,1,2013.6617,2017.9109,2018.4979,0.3664,0
393,0,2013.6617,2017.9109,2020.8774,0.0444,0
394,1,2019.5300,2024.0667,2024.3975,0.1267,0
394,0,2019.5300,2024.0667,2026.7946,0.0437,0
395,1,2024.5071,2028.5680,2028.9369,0.1224,0
395,0,2024.5071,2028.5680,2031.3093,0.0431,0
396,1,2028.9981,2033.5589,2033.8926,0.1727,0
396,0,2028.9981,2033.5589,2036.3279,0.0370,0
397,1,2033.9469,2038.8437,2039.1710,0.1186,0
397,0,2033.9469,2038.8437,2041.5534,0.0416,0
398,1,2039.2399,2043.8760,2044.2580,0.1794,0
398,0,2039.2399,2043.8760,2046.6575,0.0367,0
399,1,2044.3139,2048.8737,2049.2777,0.1950,0
399,0,2044.3139,2048.8737,2051.6749,0.0458,0
400,1,2049.3471,2053.6046,2054.0183,0.1162,0
400,0,2049.3471,2053.6046,2056.3923,0.4546,0
401,1,2054.4947,2058.4920,2058.8665,0.1700,0
401,0,2054.4947,2058.4920,2061.2257,0.0462,0
402,1,2058.9304,2063.6177,2063.9391,0.1197,0
402,0,2058.9304,2063.6177,2066.4169,0.0450,0
403,1,2064.0013,2069.0687,2069.4152,0.1322,0
403,0,2064.0013,2069.0687,2071.8141,0.0463,0
404,1,2069.4845,2074.0378,2074.3902,0.1729,0
404,0,2069.4845,2074.0378,2076.8197,0.0365,0
405,1,2074.4499,2078.8439,2079.1341,0.1117,0
405,0,2074.4499,2078.8439,2081.6237,0.3553,0
406,1,2079.5120,2083.5645,2083.8966,0.1215,0
406,0,2079.5120,2083.5645,2086.2542,0.0434,0
407,1,2083.9607,2088.4122,2089.0530,0.4329,0
407,0,2083.9607,2088.4122,2091.4103,0.0422,0
408,1,2089.1271,2093.6967,2094.0802,0.1709,0
408,0,2089.1271,2093.6967,2096.5113,0.0431,0
409,1,2094.1430,2098.3650,2098.8628,0.1198,0
409,0,2094.1430,2098.3650,2101.2254,0.3369,0
410,1,2099.2307,2103.2948,2103.5860,0.1159,0
410,0,2099.2307,2103.2948,2105.9186,0.0384,0
411,1,2103.6439,2107.9009,2108.2484,0.1672,0
411,0,2103.6439,2107.9009,2110.5776,0.0479,0
412,1,2108.3148,2112.8083,2113.1902,0.1775,0
412,0,2108.3148,2112.8083,2115.5329,0.0469,0
413,1,2113.2554,2117.4428,2117.8199,0.1226,0
413,0,2113.2554,2117.4428,2120.1549,0.0465,0
414,1,2117.8837,2121.8278,2122.4515,0.4337,0
414,0,2117.8837,2121.8278,2124.7424,0.0451,0
415,1,2122.5394,2126.8602,2127.2508,0.1687,0
415,0,2122.5394,2126.8602,2129.5679,0.0371,0
416,1,2127.3067,2131.5191,2131.8968,0.1455,0
416,0,2127.3067,2131.5191,2134.2087,0.6280,0
417,1,2132.5605,2136.6057,2136.9602,0.1215,0
417,0,2132.5605,2136.6057,2139.2370,0.0530,0
418,1,2137.0461,2141.0370,2141.3252,0.1154,0
418,0,2137.0461,2141.0370,2143.5847,0.0367,0
419,1,2141.3930,2145.5961,2146.0502,0.2397,0
419,0,2141.3930,2145.5961,2148.5463,0.1471,0
420,1,2146.2224,2150.2812,2150.5641,0.1171,0
420,0,2146.2224,2150.2812,2152.8098,0.0453,0
421,1,2150.6271,2155.1029,2155.7234,0.4381,0
421,0,2150.6271,2155.1029,2157.9777,0.0568,0
422,1,2155.7992,2160.1363,2160.5018,0.1781,0
422,0,2155.7992,2160.1363,2162.7612,0.0451,0
423,1,2160.5668,2164.7841,2165.0792,0.1097,0
423,0,2160.5668,2164.7841,2167.3414,0.0446,0
424,1,2165.1438,2169.9241,2170.2526,0.1170,0
424,0,2165.1438,2169.9241,2172.5380,0.0436,0
425,1,2170.3157,2174.7035,2175.1657,0.1834,0
425,0,2170.3157,2174.7035,2177.4505,0.0494,0
426,1,2175.2576,2179.8291,2180.2362,0.1761,0
426,0,2175.2576,2179.8291,2182.5659,0.0490,0
427,1,2180.3107,2184.6514,2185.1526,0.2820,0
427,0,2180.3107,2184.6514,2187.4552,0.0557,0
428,1,2185.2351,2189.5893,2189.9786,0.1624,0
428,0,2185.2351,2189.5893,2192.2938,0.0379,0
429,1,2190.0582,2194.3909,2194.6859,0.1162,0
429,0,2190.0582,2194.3909,2196.9807,0.0357,0
430,1,2194.7395,2199.3851,2199.9356,0.3327,0
430,0,2194.7395,2199.3851,2202.2663,0.1470,0
431,1,2200.1081,2204.5846,2205.0651,0.2959,0
431,0,2200.1081,2204.5846,2207.3867,0.0398,0
432,1,2205.1281,2209.5384,2209.8279,0.1130,0
432,0,2205.1281,2209.5384,2212.1684,0.1548,0
433,1,2210.0136,2214.2320,2214.5259,0.1136,0
433,0,2210.0136,2214.2320,2216.8356,0.0361,0
434,1,2214.5844,2219.3166,2219.7019,0.1706,0
434,0,2214.5844,2219.3166,2222.0271,0.0550,0
435,1,2219.7758,2224.7448,2225.0372,0.1152,0
435,0,2219.7758,2224.7448,2227.3918,0.0358,0
436,1,2225.0963,2229.6447,2230.0973,0.2712,0
436,0,2225.0963,2229.6447,2232.4640,0.0465,0
437,1,2230.1644,2235.0472,2235.4104,0.1582,0
437,0,2230.1644,2235.0472,2237.7876,0.0406,0
438,1,2235.4751,2239.8311,2240.2155,0.1804,0
438,0,2235.4751,2239.8311,2242.5974,0.2655,0
439,1,2240.5062,2244.6494,2245.0047,0.1769,0
439,0,2240.5062,2244.6494,2247.3717,0.0457,0
440,1,2245.0723,2249.8996,2250.2548,0.1224,0
440,0,2245.0723,2249.8996,2252.6383,0.0458,0
441,1,2250.3252,2254.9382,2255.4145,0.2850,0
441,0,2250.3252,2254.9382,2257.7941,0.0386,0
442,1,2255.4718,2260.0520,2260.4147,0.1738,0
442,0,2255.4718,2260.0520,2262.8505,0.0460,0
443,1,2260.4810,2264.7293,2265.1109,0.1189,0
443,0,2260.4810,2264.7293,2267.4769,0.0471,0
444,1,2265.2020,2269.6986,2270.0403,0.1206,0
444,0,2265.2020,2269.6986,2272.4107,0.0421,0
445,1,2270.1028,2274.8538,2275.1536,0.1145,0
445,0,2270.1028,2274.8538,2277.5296,0.0362,0
446,1,2275.2080,2279.9612,2280.2787,0.1064,0
446,0,2275.2080,2279.9612,2282.6725,0.0511,0
447,1,2280.3488,2284.6050,2285.2748,0.3833,0
447,0,2280.3488,2284.6050,2287.6564,0.0483,0
448,1,2285.3439,2289.6950,2290.0759,0.1194,0
448,0,2285.3439,2289.6950,2292.4751,0.0446,0
449,1,2290.1648,2294.5623,2294.8424,0.1081,0
449,0,2290.1648,2294.5623,2297.2020,0.0356,0
450,1,2294.9006,2299.8878,2300.3676,0.2846,0
450,0,2294.9006,2299.8878,2302.7774,0.0368,0
451,1,2300.4239,2305.0234,2305.5098,0.3132,0
451,0,2300.4239,2305.0234,2307.8993,0.0368,0
452,1,2305.5704,2310.1096,2310.4721,0.1854,0
452,0,2305.5704,2310.1096,2312.8776,0.0373,0
453,1,2310.5326,2314.9041,2315.2042,0.1149,0
453,0,2310.5326,2314.9041,2317.6328,0.3528,0
454,1,2315.5792,2319.6886,2319.9853,0.1185,0
454,0,2315.5792,2319.6886,2322.3501,0.0448,0
455,1,2320.0510,2324.9197,2325.2469,0.1199,0
455,0,2320.0510,2324.9197,2327.6292,0.0461,0
456,1,2325.3123,2330.0884,2330.3860,0.1135,0
456,0,2325.3123,2330.0884,2332.7787,0.0370,0
457,1,2330.4462,2335.7019,2336.0434,0.1637,0
457,0,2330.4462,2335.7019,2338.4872,0.0386,0
458,1,2336.1051,2341.0140,2341.3131,0.1101,0
458,0,2336.1051,2341.0140,2343.7564,0.0383,0
459,1,2341.3685,2345.6419,2345.9751,0.1206,0
459,0,2341.3685,2345.6419,2348.5422,0.2321,0
460,1,2346.2273,2350.3323,2350.7199,0.1773,0
460,0,2346.2273,2350.3323,2353.1233,0.0427,0
461,1,2350.7815,2355.1712,2355.6441,0.2926,0
461,0,2350.7815,2355.1712,2358.0416,0.0416,0
462,1,2355.7048,2360.3662,2360.7273,0.1851,0
462,0,2355.7048,2360.3662,2363.1712,0.0367,0
463,1,2360.7833,2365.1823,2365.7482,0.2948,0
463,0,2360.7833,2365.1823,2368.1529,0.1081,0
464,1,2365.8785,2370.2365,2370.5841,0.1166,0
464,0,2365.8785,2370.2365,2372.9918,0.0458,0
465,1,2370.6648,2375.1418,2375.4558,0.1173,0
465,0,2370.6648,2375.1418,2377.8418,0.0439,0
466,1,2375.5197,2380.1249,2380.4981,0.1866,0
466,0,2375.5197,2380.1249,2382.9468,0.0456,0
467,1,2380.5631,2385.1828,2385.5080,0.1197,0
467,0,2380.5631,2385.1828,2387.8961,0.1289,0
468,1,2385.6595,2390.1399,2390.4392,0.1188,0
468,0,2385.6595,2390.1399,2392.8420,0.1516,0
469,1,2390.6125,2395.0643,2395.3677,0.1155,0
469,0,2390.6125,2395.0643,2397.7541,0.0368,0
470,1,2395.4242,2400.4160,2400.7076,0.1136,0
470,0,2395.4242,2400.4160,2403.1169,0.0354,0
471,1,2400.7667,2405.8002,2406.0813,0.1047,0
471,0,2400.7667,2405.8002,2408.5371,0.0374,0
472,1,2406.1582,2411.1591,2411.4525,0.1124,0
472,0,2406.1582,2411.1591,2413.8975,0.0371,0
473,1,2411.5091,2416.4182,2416.7174,0.1155,0
473,0,2411.5091,2416.4182,2419.2026,0.0373,0
474,1,2416.7786,2421.5869,2422.0724,0.2933,0
474,0,2416.7786,2421.5869,2424.5404,0.0405,0
475,1,2422.1303,2426.7600,2427.1351,0.1776,0
475,0,2422.1303,2426.7600,2429.6271,0.0439,0
476,1,2427.1993,2431.7294,2432.0267,0.1153,0
476,0,2427.1993,2431.7294,2434.5045,0.2651,0
477,1,2432.3167,2436.8169,2437.1770,0.1194,0
477,0,2432.3167,2436.8169,2439.6327,0.0397,0
478,1,2437.2436,2441.9905,2442.3124,0.1192,0
478,0,2437.2436,2441.9905,2444.7662,0.0462,0
479,1,2442.3783,2446.9575,2447.3310,0.1791,0
479,0,2442.3783,2446.9575,2449.7763,0.0379,0
480,1,2447.3862,2452.0884,2452.5469,0.2690,0
480,0,2447.3862,2452.0884,2454.9967,0.0374,0
481,1,2452.6085,2457.6264,2457.9135,0.1097,0
481,0,2452.6085,2457.6264,2460.3869,0.0357,0
482,1,2457.9727,2462.7573,2463.1715,0.2389,0
482,0,2457.9727,2462.7573,2465.6661,0.0703,0
483,1,2463.2690,2468.3419,2468.9717,0.4492,0
483,0,2463.2690,2468.3419,2471.4724,0.0390,0
484,1,2469.0306,2473.9167,2474.2799,0.1753,0
484,0,2469.0306,2473.9167,2476.7751,0.0486,0
485,1,2474.3472,2478.8024,2479.1223,0.1137,0
485,0,2474.3472,2478.8024,2481.6415,0.3438,0
486,1,2479.4896,2483.9804,2484.2768,0.1141,0
486,0,2479.4896,2483.9804,2486.7434,0.0401,0
487,1,2484.3346,2489.0738,2489.3710,0.1142,0
487,0,2484.3346,2489.0738,2491.8439,0.0461,0
488,1,2489.4384,2493.9689,2494.4055,0.2438,0
488,0,2489.4384,2493.9689,2496.8712,0.0469,0
489,1,2494.4708,2499.3283,2499.9145,0.4039,0
489,0,2494.4708,2499.3283,2502.3933,0.0386,0
490,1,2499.9735,2504.7850,2505.2409,0.2691,0
490,0,2499.9735,2504.7850,2507.7162,0.0453,0
491,1,2505.3063,2510.0908,2510.4745,0.1662,0
491,0,2505.3063,2510.0908,2512.9864,0.0519,0
492,1,2510.5468,2515.0924,2515.6975,0.4038,0
492,0,2510.5468,2515.0924,2518.1750,0.0989,0
493,1,2515.8226,2520.4140,2520.7815,0.1366,0
493,0,2515.8226,2520.4140,2523.3182,0.3637,0
494,1,2522.1097,2526.5704,2527.0388,0.2634,0
494,0,2522.1097,2526.5704,2529.5014,0.0526,0
495,1,2527.1574,2531.5089,2531.7949,0.1106,0
495,0,2527.1574,2531.5089,2534.2407,0.0357,0
496,1,2531.8481,2536.9147,2537.2550,0.1172,0
496,0,2531.8481,2536.9147,2539.7212,0.0427,0
497,1,2537.3351,2541.9844,2542.2981,0.1165,0
497,0,2537.3351,2541.9844,2544.7583,0.0483,0
498,1,2542.3658,2547.5742,2547.9067,0.1211,0
498,0,2542.3658,2547.5742,2550.4148,0.0474,0
499,1,2547.9718,2552.8697,2553.1779,0.1177,0
499,0,2547.9718,2552.8697,2555.6750,0.0388,0
500,1,2553.2373,2558.2920,2558.5873,0.1133,0
500,0,2553.2373,2558.2920,2561.0967,0.0373,0
501,1,2558.6488,2563.7483,2564.0410,0.1139,0
501,0,2558.6488,2563.7483,2566.6087,0.0373,0
502,1,2564.0999,2569.6980,2570.0022,0.1237,0
502,0,2564.0999,2569.6980,2572.5760,0.0437,0
503,1,2570.0859,2574.7237,2575.0206,0.1154,0
503,0,2570.0859,2574.7237,2577.5829,0.0355,0
504,1,2575.0812,2580.1975,2580.5710,0.1639,0
504,0,2575.0812,2580.1975,2583.1438,0.0455,0
505,1,2580.6351,2585.3327,2585.7935,0.2823,0
505,0,2580.6351,2585.3327,2588.3545,0.0391,0
506,1,2585.8602,2590.7823,2591.2999,0.3001,0
506,0,2585.8602,2590.7823,2593.8557,0.0487,0
507,1,2591.3661,2596.1770,2596.6515,0.2997,0
507,0,2591.3661,2596.1770,2599.2409,0.0362,0
508,1,2596.7117,2602.0034,2602.3919,0.1924,0
508,0,2596.7117,2602.0034,2604.9715,0.0453,0
509,1,2602.4620,2607.2736,2607.6940,0.2390,0
509,0,2602.4620,2607.2736,2610.2954,0.0383,0
510,1,2607.7571,2612.2995,2612.6194,0.1172,0
510,0,2607.7571,2612.2995,2615.2015,0.2867,0
511,1,2612.9433,2617.3304,2617.6568,0.1188,0
511,0,2612.9433,2617.3304,2620.2214,0.0989,0
512,1,2617.7749,2622.2972,2622.5925,0.1143,0
512,0,2617.7749,2622.2972,2625.1045,0.0364,0
513,1,2622.6466,2627.5863,2627.8743,0.1146,0
513,0,2622.6466,2627.5863,2630.5549,0.0367,0
514,1,2627.9280,2633.1017,2633.6016,0.2891,0
514,0,2627.9280,2633.1017,2636.1445,0.0437,0
515,1,2633.6805,2638.3555,2638.8355,0.3023,0
515,0,2633.6805,2638.3555,2641.3699,0.0379,0
516,1,2638.9159,2643.8489,2644.1969,0.1688,0
516,0,2638.9159,2643.8489,2646.8255,0.0374,0
517,1,2644.2930,2649.0329,2649.6362,0.2794,0
517,0,2644.2930,2649.0329,2652.1758,0.0436,0
518,1,2649.7013,2654.5558,2655.0430,0.2964,0
518,0,2649.7013,2654.5558,2657.5838,0.0455,0
519,1,2655.1094,2659.5215,2659.8175,0.1145,0
519,0,2655.1094,2659.5215,2662.3447,0.2884,0
520,1,2660.1265,2664.4909,2664.7879,0.1187,0
520,0,2660.1265,2664.4909,2667.2955,0.0374,0
521,1,2664.8437,2669.5650,2669.9040,0.1210,0
521,0,2664.8437,2669.5650,2672.3947,0.0412,0
522,1,2669.9697,2675.2134,2675.5451,0.1228,0
522,0,2669.9697,2675.2134,2678.0931,0.0484,0
523,1,2675.6131,2680.4551,2680.7524,0.1169,0
523,0,2675.6131,2680.4551,2683.2751,0.0363,0
524,1,2680.8088,2685.7619,2686.0835,0.1151,0
524,0,2680.8088,2685.7619,2688.6066,0.0401,0
525,1,2686.1421,2691.0148,2691.3131,0.1138,0
525,0,2686.1421,2691.0148,2693.8703,0.0455,0
526,1,2691.3791,2696.0880,2696.4804,0.2145,0
526,0,2691.3791,2696.0880,2699.0267,0.0384,0
527,1,2696.5427,2701.6085,2702.0516,0.2600,0
527,0,2696.5427,2701.6085,2704.5976,0.1478,0
528,1,2702.2336,2706.6829,2706.9822,0.1147,0
528,0,2702.2336,2706.6829,2709.5245,0.2798,0
529,1,2707.3314,2711.5652,2711.8719,0.1226,0
529,0,2707.3314,2711.5652,2714.3674,0.0451,0
530,1,2711.9372,2716.7624,2717.0594,0.1153,0
530,0,2711.9372,2716.7624,2719.5580,0.0451,0
531,1,2717.1440,2721.7731,2722.3224,0.2893,0
531,0,2717.1440,2721.7731,2724.8378,0.0489,0
532,1,2722.3969,2727.2107,2727.5689,0.1747,0
532,0,2722.3969,2727.2107,2730.0607,0.0469,0
533,1,2727.6341,2732.4109,2733.0994,0.5060,0
533,0,2727.6341,2732.4109,2735.5957,0.0394,0
534,1,2733.1617,2737.7336,2738.1789,0.2663,0
534,0,2733.1617,2737.7336,2740.7750,0.0505,0
535,1,2738.2585,2742.7648,2743.0626,0.1110,0
535,0,2738.2585,2742.7648,2745.5947,0.1973,0
536,1,2743.2952,2747.6689,2747.9598,0.1154,0
536,0,2743.2952,2747.6689,2750.4548,0.0444,0
537,1,2748.0228,2752.7454,2753.1017,0.1755,0
537,0,2748.0228,2752.7454,2755.5807,0.0454,0
538,1,2753.1645,2758.0171,2758.3447,0.1236,0
538,0,2753.1645,2758.0171,2760.8100,0.0447,0
539,1,2758.4079,2763.2956,2763.5876,0.1136,0
539,0,2758.4079,2763.2956,2766.1035,0.0374,0
540,1,2763.6490,2768.9283,2769.2255,0.1157,0
540,0,2763.6490,2768.9283,2771.7324,0.0453,0
541,1,2769.3105,2773.8410,2774.3071,0.2902,0
541,0,2769.3105,2773.8410,2776.7985,0.0379,0
542,1,2774.3688,2778.7199,2779.0452,0.1181,0
542,0,2774.3688,2778.7199,2781.5198,0.0490,0
543,1,2779.1217,2783.6327,2783.9243,0.1142,0
543,0,2779.1217,2783.6327,2786.3882,0.0452,0
544,1,2783.9882,2788.3835,2788.8601,0.2887,0
544,0,2783.9882,2788.3835,2791.3255,0.0500,0
545,1,2788.9329,2793.5888,2794.0738,0.2746,0
545,0,2788.9329,2793.5888,2796.5220,0.0447,0
546,1,2794.1375,2798.4754,2799.4072,0.7620,0
546,0,2794.1375,2798.4754,2801.8418,0.0667,0
547,1,2799.5024,2804.2450,2804.6842,0.2614,0
547,0,2799.5024,2804.2450,2807.1255,0.0510,0
548,1,2804.7588,2809.1031,2809.4256,0.1151,0
548,0,2804.7588,2809.1031,2811.8673,0.0397,0
549,1,2809.4931,2813.6237,2814.0707,0.2805,0
549,0,2809.4931,2813.6237,2816.4715,0.0450,0
550,1,2814.1373,2818.7628,2819.1239,0.1816,0
550,0,2814.1373,2818.7628,2821.5559,0.0374,0
551,1,2819.1862,2824.3080,2824.6490,0.1251,0
551,0,2819.1862,2824.3080,2827.1016,0.0406,0
552,1,2824.7136,2829.4419,2829.7903,0.1208,0
552,0,2824.7136,2829.4419,2832.2937,0.1502,0
553,1,2829.9688,2835.0640,2835.3888,0.1394,0
553,0,2829.9688,2835.0640,2837.8496,0.0460,0
554,1,2835.4584,2839.8865,2840.2383,0.1506,0
554,0,2835.4584,2839.8865,2842.7562,0.2512,0
555,1,2840.5101,2844.8912,2845.1843,0.1168,0
555,0,2840.5101,2844.8912,2847.6179,0.0372,0
556,1,2845.2392,2849.7228,2850.2475,0.1756,0
556,0,2845.2392,2849.7228,2852.7024,0.0599,0
557,1,2850.3328,2855.4489,2855.7497,0.1149,0
557,0,2850.3328,2855.4489,2858.2270,0.0367,0
558,1,2855.8114,2860.3232,2860.6850,0.1827,0
558,0,2855.8114,2860.3232,2863.1415,0.0368,0
559,1,2860.7388,2865.1266,2865.8476,0.5314,0
559,0,2860.7388,2865.1266,2868.3374,0.2733,0
560,1,2866.1512,2870.6644,2871.3415,0.4906,0
560,0,2866.1512,2870.6644,2873.7745,0.0718,0
561,1,2871.4410,2875.9065,2876.2637,0.1221,0
561,0,2871.4410,2875.9065,2878.6914,0.0458,0
562,1,2876.3322,2880.7460,2881.0431,0.1177,0
562,0,2876.3322,2880.7460,2883.5073,0.0367,0
563,1,2881.1178,2885.7816,2886.1615,0.1739,0
563,0,2881.1178,2885.7816,2888.5756,0.0559,0
564,1,2886.2421,2890.2477,2890.7629,0.3291,0
564,0,2886.2421,2890.2477,2893.1875,0.0388,0
565,1,2890.8252,2895.1941,2895.6336,0.1647,0
565,0,2890.8252,2895.1941,2898.0729,0.0428,0
566,1,2895.6956,2900.6683,2901.1670,0.2101,0
566,0,2895.6956,2900.6683,2903.5675,0.0606,0
567,1,2901.2474,2905.8330,2906.1397,0.1123,0
567,0,2901.2474,2905.8330,2908.6090,0.0469,0
568,1,2906.2052,2911.0927,2911.4056,0.1202,0
568,0,2906.2052,2911.0927,2913.8559,0.0390,0
569,1,2911.4615,2916.2903,2916.5725,0.1036,0
569,0,2911.4615,2916.2903,2919.0000,0.0385,0
570,1,2916.6313,2921.2532,2921.7268,0.2894,0
570,0,2916.6313,2921.2532,2924.1608,0.0385,0
571,1,2921.7858,2926.1639,2926.5055,0.1200,0
571,0,2921.7858,2926.1639,2928.9664,0.2826,0
572,1,2926.8085,2931.1057,2931.4555,0.1218,0
572,0,2926.8085,2931.1057,2933.8576,0.0449,0
573,1,2931.5184,2936.1532,2936.4872,0.1220,0
573,0,2931.5184,2936.1532,2938.9491,0.0444,0
574,1,2936.5491,2941.6120,2941.9168,0.1180,0
574,0,2936.5491,2941.6120,2944.3947,0.0373,0
575,1,2941.9714,2946.7861,2947.0961,0.1283,0
575,0,2941.9714,2946.7861,2949.5404,0.0444,0
576,1,2947.1601,2952.0362,2952.3314,0.1132,0
576,0,2947.1601,2952.0362,2954.7841,0.0371,0
577,1,2952.3926,2956.8264,2957.4221,0.3876,0
577,0,2952.3926,2956.8264,2959.8803,0.0532,0
578,1,2957.5029,2961.9068,2962.2129,0.1118,0
578,0,2957.5029,2961.9068,2964.6410,0.0381,0
579,1,2962.2803,2967.1567,2967.4846,0.1127,0
579,0,2962.2803,2967.1567,2969.9394,0.0430,0
580,1,2967.5494,2972.3122,2972.6550,0.1660,0
580,0,2967.5494,2972.3122,2975.1413,0.0378,0
581,1,2972.7164,2977.3423,2977.6933,0.1701,0
581,0,2972.7164,2977.3423,2980.1376,0.0444,0
582,1,2977.7550,2982.3399,2982.8222,0.2726,0
582,0,2977.7550,2982.3399,2985.2630,0.0450,0
583,1,2982.8847,2987.1972,2987.4919,0.1140,0
583,0,2982.8847,2987.1972,2990.0082,0.1127,0
584,1,2987.6290,2991.8526,2992.1543,0.1173,0
584,0,2987.6290,2991.8526,2994.5660,0.0446,0
585,1,2992.2181,2996.9072,2997.2945,0.1699,0
585,0,2992.2181,2996.9072,2999.7069,0.0475,0
586,1,2997.3630,3002.3118,3002.7843,0.2916,0
586,0,2997.3630,3002.3118,3005.2160,0.0374,0
587,1,3002.8572,3008.2893,3008.5728,0.1127,0
587,0,3002.8572,3008.2893,3011.0402,0.0368,0
588,1,3008.6293,3013.4663,3013.7595,0.1144,0
588,0,3008.6293,3013.4663,3016.2792,0.0387,0
589,1,3013.8205,3018.7016,3018.9902,0.1152,0
589,0,3013.8205,3018.7016,3021.4750,0.0391,0
590,1,3019.0496,3023.5534,3024.0332,0.2895,0
590,0,3019.0496,3023.5534,3026.5705,0.1166,0
591,1,3025.1173,3029.5586,3029.9186,0.1778,0
591,0,3025.1173,3029.5586,3032.3850,0.0385,0
592,1,3030.0854,3035.0553,3035.5765,0.3372,0
592,0,3030.0854,3035.0553,3038.0550,0.0360,0
593,1,3035.6383,3040.0444,3040.3717,0.1144,0
593,0,3035.6383,3040.0444,3042.8411,0.2145,0
594,1,3040.6104,3044.9052,3045.2103,0.1172,0
594,0,3040.6104,3044.9052,3047.6541,0.0447,0
595,1,3045.2726,3049.9027,3050.2271,0.1174,0
595,0,3045.2726,3049.9027,3052.6850,0.0498,0
596,1,3050.2993,3054.8938,3055.3728,0.2928,0
596,0,3050.2993,3054.8938,3057.8133,0.0460,0
597,1,3055.4391,3060.0470,3060.4086,0.1812,0
597,0,3055.4391,3060.0470,3062.8460,0.0371,0
598,1,3060.4693,3064.9713,3065.2788,0.1130,0
598,0,3060.4693,3064.9713,3067.7740,0.3122,0
599,1,3065.6110,3069.8086,3070.2523,0.1179,0
599,0,3065.6110,3069.8086,3072.6745,0.0438,0
600,1,3070.3168,3075.0825,3075.3763,0.1147,0
600,0,3070.3168,3075.0825,3077.7926,0.0440,0
601,1,3075.4445,3080.3788,3080.7166,0.1249,0
601,0,3075.4445,3080.3788,3083.1524,0.0436,0
602,1,3080.7785,3085.4671,3085.8248,0.1643,0
602,0,3080.7785,3085.4671,3088.2728,0.0491,0
603,1,3085.8957,3090.5866,3090.9438,0.1800,0
603,0,3085.8957,3090.5866,3093.3854,0.0373,0
604,1,3091.0057,3095.5131,3095.7996,0.1089,0
604,0,3091.0057,3095.5131,3098.2379,0.0368,0
605,1,3095.8587,3100.5722,3100.8604,0.1104,0
605,0,3095.8587,3100.5722,3103.3542,0.0384,0
606,1,3100.9192,3105.7453,3106.0355,0.1126,0
606,0,3100.9192,3105.7453,3108.4884,0.0365,0
607,1,3106.0920,3110.6148,3110.9978,0.1801,0
607,0,3106.0920,3110.6148,3113.4464,0.0481,0
608,1,3111.0826,3115.7325,3116.2617,0.1744,0
608,0,3111.0826,3115.7325,3118.7170,0.0498,0
609,1,3116.3390,3120.9731,3121.4430,0.2580,0
609,0,3116.3390,3120.9731,3123.8822,0.1492,0
610,1,3121.6155,3125.9284,3126.2363,0.1269,0
610,0,3121.6155,3125.9284,3128.6732,0.0487,0
611,1,3126.3083,3130.4220,3130.7924,0.1713,0
611,0,3126.3083,3130.4220,3133.2188,0.0457,0
612,1,3130.8556,3135.9050,3136.2729,0.1911,0
612,0,3130.8556,3135.9050,3138.6983,0.0415,0
613,1,3136.3348,3141.1548,3141.4484,0.1153,0
613,0,3136.3348,3141.1548,3143.8818,0.0361,0
614,1,3141.5091,3146.4837,3146.8116,0.1205,0
614,0,3141.5091,3146.4837,3149.3355,0.0458,0
615,1,3146.8753,3151.1835,3151.4822,0.1241,0
615,0,3146.8753,3151.1835,3153.9525,0.1578,0
616,1,3151.6819,3156.1153,3156.4685,0.1741,0
616,0,3151.6819,3156.1153,3158.8985,0.0357,0
617,1,3156.5432,3160.6677,3160.9714,0.1178,0
617,0,3156.5432,3160.6677,3163.4675,0.0450,0
618,1,3161.0478,3165.5847,3166.5176,0.5105,0
618,0,3161.0478,3165.5847,3168.9347,0.0469,0
619,1,3166.6016,3171.4015,3171.8926,0.2909,0
619,0,3166.6016,3171.4015,3174.3117,0.0418,0
620,1,3171.9546,3176.2020,3176.5204,0.1172,0
620,0,3171.9546,3176.2020,3178.9419,0.2227,0
621,1,3176.7620,3180.8581,3181.1959,0.1590,0
621,0,3176.7620,3180.8581,3183.5715,0.0381,0
622,1,3181.2538,3186.0623,3186.3647,0.1189,0
622,0,3181.2538,3186.0623,3188.7510,0.0463,0
623,1,3186.4367,3191.6933,3191.9978,0.1193,0
623,0,3186.4367,3191.6933,3194.4269,0.0388,0
624,1,3192.0596,3196.9616,3197.2547,0.1149,0
624,0,3192.0596,3196.9616,3199.6950,0.0471,0
625,1,3197.3200,3202.1709,3202.6693,0.3235,0
625,0,3197.3200,3202.1709,3205.1183,0.0401,0
626,1,3202.7447,3207.6864,3208.2055,0.2769,0
626,0,3202.7447,3207.6864,3210.6756,0.0420,0
627,1,3208.2710,3212.9418,3213.3337,0.1762,0
627,0,3208.2710,3212.9418,3215.8814,0.0425,0
628,1,3213.3971,3217.7230,3218.0470,0.1176,0
628,0,3213.3971,3217.7230,3220.5754,0.2723,0
629,1,3218.3370,3222.6273,3222.9972,0.1611,0
629,0,3218.3370,3222.6273,3225.4495,0.0433,0
630,1,3223.0585,3227.4948,3227.8561,0.1791,0
630,0,3223.0585,3227.4948,3230.2942,0.0467,0
631,1,3227.9219,3232.6480,3233.3483,0.4977,0
631,0,3227.9219,3232.6480,3235.7730,0.0390,0
632,1,3233.4065,3237.9770,3238.4800,0.2968,0
632,0,3233.4065,3237.9770,3240.9017,0.0454,0
633,1,3238.5426,3242.9961,3243.4739,0.2698,0
633,0,3238.5426,3242.9961,3245.8958,0.0956,0
634,1,3243.5924,3247.7454,3248.0431,0.1140,0
634,0,3243.5924,3247.7454,3250.4345,0.0377,0
635,1,3248.0977,3252.5259,3253.0240,0.2810,0
635,0,3248.0977,3252.5259,3255.4102,0.0426,0
636,1,3253.0883,3257.9996,3258.4225,0.1301,0
636,0,3253.0883,3257.9996,3260.8472,0.0431,0
637,1,3258.4859,3263.3595,3263.6567,0.1149,0
637,0,3258.4859,3263.3595,3266.0789,0.0480,0
638,1,3263.7285,3269.0415,3269.3355,0.1137,0
638,0,3263.7285,3269.0415,3271.7965,0.0369,0
639,1,3269.3971,3274.1030,3274.5930,0.2788,0
639,0,3269.3971,3274.1030,3277.0743,0.0457,0
640,1,3274.6589,3278.8878,3279.2066,0.1193,0
640,0,3274.6589,3278.8878,3281.6671,0.2345,0
641,1,3279.4641,3283.5902,3283.9237,0.1195,0
641,0,3279.4641,3283.5902,3286.3361,0.0423,0
642,1,3283.9839,3288.8628,3289.1867,0.1195,0
642,0,3283.9839,3288.8628,3291.6298,0.0406,0
643,1,3289.2524,3293.8532,3294.2093,0.1756,0
643,0,3289.2524,3293.8532,3296.6313,0.0370,0
644,1,3294.2686,3299.1338,3299.7087,0.3951,0
644,0,3294.2686,3299.1338,3302.1515,0.0397,0
645,1,3299.7718,3304.4257,3304.8735,0.2498,0
645,0,3299.7718,3304.4257,3307.3429,0.0406,0
646,1,3304.9353,3309.2953,3309.5811,0.1074,0
646,0,3304.9353,3309.2953,3312.0251,0.0370,0
647,1,3309.6381,3313.7301,3314.0729,0.1748,0
647,0,3309.6381,3313.7301,3316.4723,0.0456,0
648,1,3314.1382,3318.7403,3319.1054,0.1879,0
648,0,3314.1382,3318.7403,3321.5414,0.0359,0
649,1,3319.1665,3323.4733,3324.0495,0.3819,0
649,0,3319.1665,3323.4733,3326.4427,0.0417,0
650,1,3324.1140,3328.2769,3328.6210,0.1649,0
650,0,3324.1140,3328.2769,3330.9992,0.0386,0
651,1,3328.6822,3333.3566,3334.1167,0.4142,0
651,0,3328.6822,3333.3566,3336.5057,0.0437,0
652,1,3334.1797,3338.9818,3339.2769,0.1138,0
652,0,3334.1797,3338.9818,3341.6755,0.0440,0
653,1,3339.3481,3344.1839,3344.4766,0.1123,0
653,0,3339.3481,3344.1839,3346.8825,0.0457,0
654,1,3344.5609,3349.3825,3349.6810,0.1166,0
654,0,3344.5609,3349.3825,3352.4158,0.0383,0
655,1,3349.7420,3354.2552,3354.6972,0.2678,0
655,0,3349.7420,3354.2552,3357.1215,0.1796,0
656,1,3354.8984,3359.1984,3359.5509,0.1133,0
656,0,3354.8984,3359.1984,3361.9996,0.0450,0
657,1,3359.6142,3363.7062,3364.0617,0.1809,0
657,0,3359.6142,3363.7062,3366.4452,0.0452,0
658,1,3364.1268,3369.2641,3369.6183,0.1668,0
658,0,3364.1268,3369.2641,3372.0633,0.0464,0
659,1,3369.6874,3374.5642,3374.8989,0.1209,0
659,0,3369.6874,3374.5642,3377.3478,0.0574,0
660,1,3374.9741,3379.5289,3379.9211,0.1902,0
660,0,3374.9741,3379.5289,3382.3454,0.0391,0
661,1,3380.0025,3384.6023,3384.9469,0.1183,0
661,0,3380.0025,3384.6023,3387.4622,0.0598,0
662,1,3385.0339,3389.4242,3389.7097,0.1159,0
662,0,3385.0339,3389.4242,3392.1279,0.0458,0
663,1,3389.7726,3394.1407,3394.5983,0.2800,0
663,0,3389.7726,3394.1407,3396.9999,0.0456,0
664,1,3394.6607,3399.3916,3399.9708,0.3853,0
664,0,3394.6607,3399.3916,3402.3800,0.0452,0
665,1,3400.0370,3404.6295,3405.0994,0.2880,0
665,0,3400.0370,3404.6295,3407.5071,0.0379,0
666,1,3405.1553,3409.4588,3409.7887,0.1211,0
666,0,3405.1553,3409.4588,3412.2125,0.2314,0
667,1,3410.0775,3414.3321,3414.7064,0.1704,0
667,0,3410.0775,3414.3321,3417.1135,0.0459,0
668,1,3414.7707,3419.2685,3419.6545,0.1674,0
668,0,3414.7707,3419.2685,3422.0579,0.0479,0
669,1,3419.7210,3424.5954,3424.9203,0.1204,0
669,0,3419.7210,3424.5954,3427.3172,0.0448,0
670,1,3424.9822,3429.5596,3429.9320,0.1911,0
670,0,3424.9822,3429.5596,3432.4094,0.0370,0
671,1,3429.9946,3434.9413,3435.4710,0.3500,0
671,0,3429.9946,3434.9413,3437.8951,0.0575,0
672,1,3435.5567,3440.0482,3440.4100,0.1135,0
672,0,3435.5567,3440.0482,3442.9118,0.1342,0
673,1,3440.5643,3444.8663,3445.1745,0.1198,0
673,0,3440.5643,3444.8663,3447.6061,0.0439,0
674,1,3445.2379,3449.8652,3450.1644,0.1160,0
674,0,3445.2379,3449.8652,3452.5670,0.0442,0
675,1,3450.2282,3454.7379,3455.1738,0.2598,0
675,0,3450.2282,3454.7379,3457.5791,0.0525,0
676,1,3455.2514,3459.5053,3459.7983,0.1146,0
676,0,3455.2514,3459.5053,3462.2178,0.2832,0
677,1,3460.1176,3464.4443,3464.7397,0.1187,0
677,0,3460.1176,3464.4443,3467.1178,0.0434,0
678,1,3464.8016,3469.5969,3469.9028,0.1163,0
678,0,3464.8016,3469.5969,3472.2990,0.0526,0
679,1,3469.9725,3474.7114,3475.0071,0.1157,0
679,0,3469.9725,3474.7114,3477.4080,0.0445,0
680,1,3475.0690,3479.6918,3480.0553,0.1807,0
680,0,3475.0690,3479.6918,3482.4567,0.0437,0
681,1,3480.1195,3484.4558,3484.7498,0.1145,0
681,0,3480.1195,3484.4558,3487.2135,0.3146,0
682,1,3485.0869,3489.5056,3489.8791,0.1667,0
682,0,3485.0869,3489.5056,3492.2621,0.0403,0
683,1,3489.9369,3494.0013,3494.3851,0.1253,0
683,0,3489.9369,3494.0013,3496.8031,0.0521,0
684,1,3494.4566,3499.0312,3499.6201,0.3686,0
684,0,3494.4566,3499.0312,3501.9957,0.1466,0
685,1,3499.7891,3504.3809,3504.8930,0.3059,0
685,0,3499.7891,3504.3809,3507.2774,0.0520,0
686,1,3504.9654,3509.2730,3509.6031,0.1181,0
686,0,3504.9654,3509.2730,3511.9918,0.0508,0
687,1,3509.6785,3514.1881,3514.4774,0.1131,0
687,0,3509.6785,3514.1881,3516.8459,0.0363,0
688,1,3514.5366,3519.0640,3519.4485,0.1792,0
688,0,3514.5366,3519.0640,3521.8141,0.0497,0
689,1,3519.5170,3524.4113,3524.7063,0.1154,0
689,0,3519.5170,3524.4113,3527.1527,0.0373,0
690,1,3525.8925,3530.0831,3530.4098,0.1172,0
690,0,3525.8925,3530.0831,3532.7922,0.0446,0
691,1,3530.5521,3535.8444,3536.1876,0.1662,0
691,0,3530.5521,3535.8444,3538.6023,0.0460,0
692,1,3536.2500,3541.0795,3541.3719,0.1124,0
692,0,3536.2500,3541.0795,3543.8562,0.0368,0
693,1,3541.4280,3545.7372,3546.3346,0.3591,0
693,0,3541.4280,3545.7372,3548.7424,0.0976,0
694,1,3546.4517,3550.7682,3551.1236,0.1221,0
694,0,3546.4517,3550.7682,3553.5146,0.0418,0
695,1,3551.1844,3555.5719,3555.8966,0.1184,0
695,0,3551.1844,3555.5719,3558.3725,0.0460,0
696,1,3555.9629,3560.5156,3560.9075,0.1682,0
696,0,3555.9629,3560.5156,3563.3034,0.0492,0
697,1,3560.9751,3565.2135,3565.7903,0.3695,0
697,0,3560.9751,3565.2135,3568.1605,0.2568,0
698,1,3566.0749,3570.3176,3570.7382,0.1464,0
698,0,3566.0749,3570.3176,3573.0994,0.4752,0
699,1,3571.2539,3575.4273,3575.7671,0.1306,0
699,0,3571.2539,3575.4273,3578.1133,0.0403,0
700,1,3575.8283,3580.6790,3580.9813,0.1192,0
700,0,3575.8283,3580.6790,3583.3538,0.0521,0
701,1,3581.0528,3585.9042,3586.2464,0.1210,0
701,0,3581.0528,3585.9042,3588.6573,0.0465,0
702,1,3586.3108,3591.0861,3591.5825,0.3052,0
702,0,3586.3108,3591.0861,3593.9774,0.0444,0
703,1,3591.6469,3596.2869,3596.6723,0.1677,0
703,0,3591.6469,3596.2869,3599.1274,0.0441,0
704,1,3596.7422,3601.6615,3602.1336,0.2920,0
704,0,3596.7422,3601.6615,3604.5571,0.0376,0
705,1,3602.1997,3606.6150,3606.9454,0.1217,0
705,0,3602.1997,3606.6150,3609.3569,0.3162,0
706,1,3607.2856,3611.4502,3611.7398,0.1130,0
706,0,3607.2856,3611.4502,3614.1296,0.0362,0
707,1,3611.7989,3616.7353,3617.0735,0.1221,0
707,0,3611.7989,3616.7353,3619.4809,0.0435,0
708,1,3617.1355,3621.7528,3622.2600,0.2986,0
708,0,3617.1355,3621.7528,3624.6692,0.0453,0
709,1,3622.3255,3626.9344,3627.2908,0.1749,0
709,0,3622.3255,3626.9344,3629.7857,0.0371,0
710,1,3627.3449,3631.6908,3632.0136,0.1187,0
710,0,3627.3449,3631.6908,3634.4640,0.3813,0
711,1,3632.4363,3636.8120,3637.3592,0.1246,0
711,0,3632.4363,3636.8120,3639.7514,0.4681,0
712,1,3637.8471,3642.0222,3642.3204,0.1147,0
712,0,3637.8471,3642.0222,3644.6948,0.0417,0
713,1,3642.3794,3647.1272,3647.4384,0.1198,0
713,0,3642.3794,3647.1272,3649.8214,0.0469,0
714,1,3647.5023,3652.3142,3652.6421,0.1220,0
714,0,3647.5023,3652.3142,3655.1002,0.0401,0
715,1,3652.6992,3657.2531,3657.7652,0.3017,0
715,0,3652.6992,3657.2531,3660.1680,0.0443,0
716,1,3657.8455,3662.1988,3662.5168,0.1147,0
716,0,3657.8455,3662.1988,3664.9037,0.3412,0
717,1,3662.8910,3667.6533,3667.9438,0.1158,0
717,0,3662.8910,3667.6533,3670.5619,0.0355,0
718,1,3668.0103,3672.6300,3673.0147,0.1602,0
718,0,3668.0103,3672.6300,3675.4710,0.0456,0
719,1,3673.0815,3678.0181,3678.3544,0.1457,0
719,0,3673.0815,3678.0181,3680.7756,0.0407,0
720,1,3678.4134,3683.2535,3683.6138,0.1507,0
720,0,3678.4134,3683.2535,3686.0929,0.0417,0
721,1,3683.6732,3688.2250,3688.6982,0.2876,0
721,0,3683.6732,3688.2250,3691.1271,0.0381,0
722,1,3688.7549,3693.0980,3693.5898,0.2729,0
722,0,3688.7549,3693.0980,3696.0076,0.1795,0
723,1,3693.7897,3698.1420,3698.4754,0.1127,0
723,0,3693.7897,3698.1420,3700.8786,0.0470,0
724,1,3698.5399,3703.2685,3703.6167,0.1696,0
724,0,3698.5399,3703.2685,3706.0288,0.0363,0
725,1,3703.6765,3707.9410,3708.2355,0.1148,0
725,0,3703.6765,3707.9410,3710.6376,0.0369,0
726,1,3708.3088,3713.0168,3713.4863,0.2771,0
726,0,3708.3088,3713.0168,3715.8917,0.0450,0
727,1,3713.5504,3717.9814,3718.4533,0.2941,0
727,0,3713.5504,3717.9814,3720.8565,0.0570,0
728,1,3718.5331,3723.0266,3723.3495,0.1127,0
728,0,3718.5331,3723.0266,3725.7446,0.0372,0
729,1,3723.4125,3727.6809,3728.1373,0.2755,0
729,0,3723.4125,3727.6809,3730.5217,0.0365,0
730,1,3728.1934,3733.5016,3733.8106,0.1179,0
730,0,3728.1934,3733.5016,3736.2303,0.0396,0
731,1,3733.8712,3738.9252,3739.2162,0.1124,0
731,0,3733.8712,3738.9252,3741.6580,0.0362,0
732,1,3739.2735,3743.8049,3744.2915,0.2898,0
732,0,3739.2735,3743.8049,3746.7256,0.0432,0
733,1,3744.3585,3749.0875,3749.4636,0.1866,0
733,0,3744.3585,3749.0875,3751.9404,0.0361,0
734,1,3749.5230,3753.9876,3754.6924,0.4933,0
734,0,3749.5230,3753.9876,3757.1374,0.1652,0
735,1,3754.8835,3759.3546,3759.6976,0.1560,0
735,0,3754.8835,3759.3546,3762.1242,0.0382,0
736,1,3759.7588,3764.0226,3764.3290,0.1163,0
736,0,3759.7588,3764.0226,3766.7911,0.0422,0
737,1,3764.3902,3769.8206,3770.1224,0.1156,0
737,0,3764.3902,3769.8206,3772.5801,0.0443,0
738,1,3770.1989,3774.9361,3775.2966,0.1714,0
738,0,3770.1989,3774.9361,3777.7515,0.0508,0
739,1,3775.3905,3780.6009,3780.8993,0.1155,0
739,0,3775.3905,3780.6009,3783.3976,0.0443,0
740,1,3780.9628,3785.8275,3786.2133,0.1750,0
740,0,3780.9628,3785.8275,3788.7206,0.0459,0
741,1,3786.2791,3791.1463,3791.4432,0.1159,0
741,0,3786.2791,3791.1463,3793.9386,0.0456,0
742,1,3791.5083,3796.1600,3796.6171,0.2756,0
742,0,3791.5083,3796.1600,3799.1430,0.0428,0
743,1,3796.6813,3801.7646,3802.1685,0.1960,0
743,0,3796.6813,3801.7646,3804.7031,0.0451,0
744,1,3802.2332,3806.7716,3807.0717,0.1164,0
744,0,3802.2332,3806.7716,3809.5676,0.1154,0
745,1,3807.2336,3811.5727,3811.8697,0.1156,0
745,0,3807.2336,3811.5727,3814.3495,0.0423,0
746,1,3811.9310,3816.8181,3817.1209,0.1153,0
746,0,3811.9310,3816.8181,3819.6309,0.0389,0
747,1,3817.1838,3822.3020,3822.5944,0.1153,0
747,0,3817.1838,3822.3020,3825.1209,0.0373,0
748,1,3822.6553,3827.8986,3828.1988,0.1217,0
748,0,3822.6553,3827.8986,3830.7261,0.0444,0
749,1,3828.2622,3833.1974,3833.7789,0.3951,0
749,0,3828.2622,3833.1974,3836.3136,0.0455,0
750,1,3833.8419,3839.2271,3839.5283,0.1207,0
750,0,3833.8419,3839.2271,3842.1932,0.0385,0
751,1,3839.5841,3844.6856,3844.9837,0.1177,0
751,0,3839.5841,3844.6856,3847.5572,0.0382,0
752,1,3845.0448,3850.3531,3850.6440,0.1118,0
752,0,3845.0448,3850.3531,3853.2460,0.0374,0
753,1,3850.7050,3855.6159,3855.9166,0.1220,0
753,0,3850.7050,3855.6159,3858.5683,0.0479,0
754,1,3855.9838,3861.3070,3861.6395,0.1212,0
754,0,3855.9838,3861.3070,3864.2520,0.0405,0
755,1,3861.6991,3867.2870,3867.6183,0.1277,0
755,0,3861.6991,3867.2870,3870.2585,0.0384,0
756,1,3867.6775,3872.9927,3873.4647,0.1232,0
756,0,3867.6775,3872.9927,3876.1227,0.0505,0
757,1,3873.5411,3878.1474,3878.5072,0.1589,0
757,0,3873.5411,3878.1474,3881.1367,0.0448,0
758,1,3878.5697,3883.5786,3883.8986,0.1180,0
758,0,3878.5697,3883.5786,3886.5271,0.0382,0
759,1,3883.9542,3889.1467,3889.4543,0.1198,0
759,0,3883.9542,3889.1467,3892.1222,0.0367,0
760,1,3889.5156,3894.4537,3894.8225,0.1956,0
760,0,3889.5156,3894.4537,3897.5288,0.1173,0
761,1,3894.9653,3900.5604,3900.9797,0.1900,0
761,0,3894.9653,3900.5604,3903.6688,0.1491,0
762,1,3901.1535,3906.1673,3906.4949,0.1179,0
762,0,3901.1535,3906.1673,3909.1576,0.0430,0
763,1,3906.5614,3911.7173,3912.0982,0.1932,0
763,0,3906.5614,3911.7173,3914.7619,0.0367,0
764,1,3912.1544,3916.6191,3916.9701,0.1705,0
764,0,3912.1544,3916.6191,3919.6023,0.0394,0
765,1,3917.0290,3922.2620,3922.6063,0.1627,0
765,0,3917.0290,3922.2620,3925.2545,0.0405,0
766,1,3922.6679,3927.9100,3928.2031,0.1151,0
766,0,3922.6679,3927.9100,3930.8635,0.0440,0
767,1,3928.2664,3933.8554,3934.2254,0.1135,0
767,0,3928.2664,3933.8554,3936.9326,0.0440,0
768,1,3934.2889,3939.4804,3939.8188,0.1251,0
768,0,3934.2889,3939.4804,3942.5029,0.0474,0
769,1,3939.8876,3944.7403,3945.0355,0.1154,0
769,0,3939.8876,3944.7403,3947.7077,0.0501,0
770,1,3945.1034,3950.2287,3950.5789,0.1211,0
770,0,3945.1034,3950.2287,3953.2611,0.0443,0
771,1,3950.6415,3955.6303,3955.9770,0.1600,0
771,0,3950.6415,3955.6303,3958.6438,0.0386,0
772,1,3956.0362,3961.1510,3961.4839,0.1275,0
772,0,3956.0362,3961.1510,3964.1489,0.0495,0
773,1,3961.5543,3967.1102,3967.5466,0.1185,0
773,0,3961.5543,3967.1102,3970.2709,0.0545,0
774,1,3967.6387,3972.7838,3973.0893,0.1228,0
774,0,3967.6387,3972.7838,3975.7817,0.0497,0
775,1,3973.1588,3978.3592,3978.6868,0.1197,0
775,0,3973.1588,3978.3592,3981.3852,0.0478,0
776,1,3978.7523,3983.6788,3984.0151,0.1209,0
776,0,3978.7523,3983.6788,3986.7011,0.0477,0
777,1,3984.0817,3989.2643,3989.5942,0.1187,0
777,0,3984.0817,3989.2643,3992.2800,0.0428,0
778,1,3989.6549,3994.9288,3995.2386,0.1215,0
778,0,3989.6549,3994.9288,3997.9337,0.0438,0
779,1,3995.2998,4000.8405,4001.2175,0.1210,0
779,0,3995.2998,4000.8405,4004.0189,0.0394,0
780,1,4001.2789,4005.9948,4006.3249,0.1625,0
780,0,4001.2789,4005.9948,4009.0186,0.0557,0
781,1,4006.4003,4011.8955,4012.2591,0.1144,0
781,0,4006.4003,4011.8955,4014.9982,0.0386,0
782,1,4012.3161,4016.9084,4017.2386,0.1617,0
782,0,4012.3161,4016.9084,4019.9696,0.0369,0
783,1,4017.3146,4022.5113,4022.8384,0.1209,0
783,0,4017.3146,4022.5113,4025.5218,0.0417,0
784,1,4022.9049,4028.0528,4028.4117,0.1299,0
784,0,4022.9049,4028.0528,4031.1530,0.0501,0
785,1,4029.7890,4034.5788,4034.9464,0.1910,0
785,0,4029.7890,4034.5788,4037.6168,0.2871,0
786,1,4035.3399,4040.3867,4040.8261,0.2629,0
786,0,4035.3399,4040.3867,4043.4928,0.0496,0
787,1,4040.8971,4045.6658,4046.0216,0.1735,0
787,0,4040.8971,4045.6658,4048.6668,0.1726,0
788,1,4046.2133,4050.9574,4051.2879,0.1190,0
788,0,4046.2133,4050.9574,4054.0079,0.0434,0
789,1,4051.3492,4056.0991,4056.4030,0.1173,0
789,0,4051.3492,4056.0991,4059.0204,0.0453,0
790,1,4056.4861,4061.4829,4061.8878,0.1855,0
790,0,4056.4861,4061.4829,4064.5353,0.0633,0
791,1,4061.9735,4067.4653,4067.7923,0.1209,0
791,0,4061.9735,4067.4653,4070.4450,0.1171,0
792,1,4067.9298,4072.8950,4073.2385,0.1556,0
792,0,4067.9298,4072.8950,4075.9222,0.1097,0
793,1,4073.3779,4078.2696,4078.5820,0.1290,0
793,0,4073.3779,4078.2696,4081.2227,0.0363,0
794,1,4078.6381,4083.9581,4084.2905,0.1207,0
794,0,4078.6381,4083.9581,4086.9419,0.1647,0
795,1,4084.4816,4089.1211,4089.4374,0.1123,0
795,0,4084.4816,4089.1211,4092.0653,0.0440,0
796,1,4089.5010,4094.7165,4095.1250,0.1894,0
796,0,4089.5010,4094.7165,4097.7642,0.0461,0
797,1,4095.1901,4100.8044,4101.2101,0.1813,0
797,0,4095.1901,4100.8044,4103.8944,0.0368,0
798,1,4101.2653,4105.9978,4106.3210,0.1614,0
798,0,4101.2653,4105.9978,4108.9911,0.0462,0
799,1,4106.3842,4111.5274,4111.9415,0.1960,0
799,0,4106.3842,4111.5274,4114.6037,0.0465,0
800,1,4112.0061,4117.1001,4117.4772,0.1612,0
800,0,4112.0061,4117.1001,4120.2039,0.0444,0
801,1,4117.5394,4122.7127,4123.0405,0.1182,0
801,0,4117.5394,4122.7127,4125.7519,0.0444,0
802,1,4123.1031,4128.1729,4128.6071,0.1982,0
802,0,4123.1031,4128.1729,4131.2671,0.0473,0
803,1,4128.6728,4133.8089,4134.1924,0.1773,0
803,0,4128.6728,4133.8089,4136.8542,0.0452,0
804,1,4134.2569,4139.5613,4140.0564,0.1485,0
804,0,4134.2569,4139.5613,4142.7340,0.0484,0
805,1,4140.1407,4144.7631,4145.2318,0.2962,0
805,0,4140.1407,4144.7631,4147.8807,0.0369,0
806,1,4145.3027,4150.4911,4150.8408,0.1754,0
806,0,4145.3027,4150.4911,4153.4982,0.0357,0
807,1,4150.9072,4156.0176,4156.4556,0.1487,0
807,0,4150.9072,4156.0176,4159.1211,0.0438,0
808,1,4156.5206,4161.5763,4161.9846,0.2180,0
808,0,4156.5206,4161.5763,4164.6443,0.0710,0
809,1,4162.0755,4167.3989,4167.7444,0.1687,0
809,0,4162.0755,4167.3989,4170.4182,0.0453,0
810,1,4167.8099,4172.8632,4173.2160,0.1721,0
810,0,4167.8099,4172.8632,4175.8839,0.0387,0
811,1,4173.2740,4177.9090,4178.4113,0.3126,0
811,0,4173.2740,4177.9090,4181.0904,0.0492,0
812,1,4178.4781,4183.5202,4183.9016,0.1731,0
812,0,4178.4781,4183.5202,4186.5444,0.0501,0
813,1,4183.9692,4189.1669,4189.5485,0.1284,0
813,0,4183.9692,4189.1669,4192.2272,0.0470,0
814,1,4189.6149,4194.6492,4195.0515,0.1902,0
814,0,4189.6149,4194.6492,4197.7016,0.0448,0
815,1,4195.1136,4200.6335,4201.0203,0.1723,0
815,0,4195.1136,4200.6335,4203.7094,0.0407,0
816,1,4201.0788,4206.0597,4206.3926,0.1220,0
816,0,4201.0788,4206.0597,4209.0663,0.0454,0
817,1,4206.4561,4211.5420,4211.9140,0.1951,0
817,0,4206.4561,4211.5420,4214.5854,0.0369,0
818,1,4211.9683,4216.9769,4217.3095,0.1199,0
818,0,4211.9683,4216.9769,4220.0035,0.0488,0
819,1,4217.3814,4222.3723,4222.6628,0.1142,0
819,0,4217.3814,4222.3723,4225.3226,0.0369,0
820,1,4222.7225,4228.0572,4228.4314,0.1935,0
820,0,4222.7225,4228.0572,4231.1109,0.0456,0
821,1,4228.4954,4234.0924,4234.5744,0.1724,0
821,0,4228.4954,4234.0924,4237.3518,0.0391,0
822,1,4234.6331,4239.3939,4239.7530,0.1573,0
822,0,4234.6331,4239.3939,4242.4299,0.0455,0
823,1,4239.8153,4244.9508,4245.3562,0.1987,0
823,0,4239.8153,4244.9508,4248.0302,0.0471,0
824,1,4245.4202,4249.9908,4250.3996,0.1847,0
824,0,4245.4202,4249.9908,4253.0602,0.0466,0
825,1,4250.4650,4255.8146,4256.1148,0.1147,0
825,0,4250.4650,4255.8146,4258.7815,0.0426,0
826,1,4256.1755,4261.4174,4261.7048,0.1114,0
826,0,4256.1755,4261.4174,4264.3769,0.0368,0
827,1,4261.7598,4267.4006,4267.7021,0.1214,0
827,0,4261.7598,4267.4006,4270.4235,0.0377,0
828,1,4267.7588,4272.8962,4273.2389,0.1224,0
828,0,4267.7588,4272.8962,4275.9391,0.1115,0
829,1,4273.3773,4277.9438,4278.2726,0.1145,0
829,0,4273.3773,4277.9438,4280.9395,0.0474,0
830,1,4278.3391,4283.7652,4284.0892,0.1187,0
830,0,4278.3391,4283.7652,4286.7747,0.0452,0
831,1,4284.1529,4289.5194,4289.8525,0.1234,0
831,0,4284.1529,4289.5194,4292.5487,0.1841,0
832,1,4290.0720,4294.6663,4294.9872,0.1194,0
832,0,4290.0720,4294.6663,4297.6730,0.0443,0
833,1,4295.0615,4301.0325,4301.3974,0.1599,0
833,0,4295.0615,4301.0325,4304.1153,0.1528,0
834,1,4301.5734,4306.6634,4307.0336,0.1235,0
834,0,4301.5734,4306.6634,4309.7484,0.1403,0
835,1,4307.1939,4312.1287,4312.5623,0.1565,0
835,0,4307.1939,4312.1287,4315.2707,0.2720,0
836,1,4312.8793,4317.7436,4318.0406,0.1208,0
836,0,4312.8793,4317.7436,4320.7494,0.0363,0
837,1,4318.0993,4323.2533,4323.6134,0.1768,0
837,0,4318.0993,4323.2533,4326.3398,0.3490,0
838,1,4323.9877,4328.7995,4329.1316,0.1495,0
838,0,4323.9877,4328.7995,4331.8005,0.0357,0
839,1,4329.2110,4334.4869,4334.8163,0.1200,0
839,0,4329.2110,4334.4869,4337.4932,0.2126,0
840,1,4335.0485,4340.0563,4340.3875,0.1232,0
840,0,4335.0485,4340.0563,4343.0641,0.3798,0
841,1,4340.7895,4345.5909,4345.9496,0.1197,0
841,0,4340.7895,4345.5909,4348.6119,0.1935,0
842,1,4346.1763,4351.2301,4351.5391,0.1015,0
842,0,4346.1763,4351.2301,4354.1984,0.1975,0
843,1,4351.7569,4356.7529,4357.0871,0.1221,0
843,0,4351.7569,4356.7529,4359.7592,0.2821,0
844,1,4357.3985,4362.3248,4362.6502,0.1223,0
844,0,4357.3985,4362.3248,4365.3049,0.3112,0
845,1,4362.9986,4368.9467,4369.2748,0.1202,0
845,0,4362.9986,4368.9467,4371.9695,0.0458,0
846,1,4369.3526,4375.0125,4375.4166,0.1169,0
846,0,4369.3526,4375.0125,4378.1474,0.0474,0
847,1,4375.4865,4380.8183,4381.1086,0.1121,0
847,0,4375.4865,4380.8183,4383.8328,0.0364,0
848,1,4381.1679,4386.7178,4387.0101,0.1137,0
848,0,4381.1679,4386.7178,4389.7515,0.0456,0
849,1,4387.0729,4392.3617,4392.6963,0.1204,0
849,0,4387.0729,4392.3617,4395.4446,0.1147,0
850,1,4392.8375,4397.6695,4397.9947,0.1189,0
850,0,4392.8375,4397.6695,4400.7184,0.0439,0
851,1,4398.0572,4403.6118,4403.9397,0.1243,0
851,0,4398.0572,4403.6118,4406.6915,0.0445,0
852,1,4404.0131,4409.2018,4409.6129,0.1653,0
852,0,4404.0131,4409.2018,4412.3839,0.0459,0
853,1,4409.6834,4414.7416,4415.1206,0.1123,0
853,0,4409.6834,4414.7416,4417.8792,0.0506,0
854,1,4415.1899,4420.2145,4420.5042,0.1168,0
854,0,4415.1899,4420.2145,4423.2460,0.0974,0
855,1,4420.6439,4425.7901,4426.1584,0.1247,0
855,0,4420.6439,4425.7901,4428.9428,0.0499,0
856,1,4426.2288,4431.2958,4431.6151,0.1153,0
856,0,4426.2288,4431.2958,4434.3293,0.1047,0
857,1,4431.7443,4436.7377,4437.0713,0.1276,0
857,0,4431.7443,4436.7377,4439.7877,0.0426,0
858,1,4437.1331,4442.0517,4442.3518,0.1225,0
858,0,4437.1331,4442.0517,4445.0418,0.0543,0
859,1,4442.4258,4447.9263,4448.2151,0.1156,0
859,0,4442.4258,4447.9263,4450.9432,0.0353,0
860,1,4448.2672,4453.1688,4453.5366,0.1632,0
860,0,4448.2672,4453.1688,4456.2797,0.0445,0
861,1,4453.5984,4459.0663,4459.4111,0.1199,0
861,0,4453.5984,4459.0663,4462.1232,0.0939,0
862,1,4459.5264,4464.2109,4464.5110,0.1224,0
862,0,4459.5264,4464.2109,4467.1994,0.0376,0
863,1,4464.5658,4470.5879,4470.9221,0.1236,0
863,0,4464.5658,4470.5879,4473.7206,0.0714,0
864,1,4471.0138,4475.6856,4476.0018,0.1173,0
864,0,4471.0138,4475.6856,4478.7056,0.0398,0
865,1,4476.0588,4480.9075,4481.2013,0.1143,0
865,0,4476.0588,4480.9075,4483.8888,0.0408,0
866,1,4481.2586,4486.8349,4487.2632,0.1226,0
866,0,4481.2586,4486.8349,4489.9757,0.0403,0
867,1,4487.3323,4492.4402,4492.8150,0.1207,0
867,0,4487.3323,4492.4402,4495.5902,0.0391,0
868,1,4492.8737,4497.9335,4498.2282,0.1199,0
868,0,4492.8737,4497.9335,4500.9257,0.0511,0
869,1,4498.2967,4503.6696,4504.0440,0.1265,0
869,0,4498.2967,4503.6696,4506.7981,0.1923,0
870,1,4504.2563,4509.2416,4509.5871,0.1113,0
870,0,4504.2563,4509.2416,4512.3235,0.0359,0
871,1,4509.6452,4514.6556,4514.9451,0.1147,0
871,0,4509.6452,4514.6556,4517.6714,0.0971,0
872,1,4515.0613,4520.1689,4520.4778,0.1196,0
872,0,4515.0613,4520.1689,4523.1737,0.0984,0
873,1,4520.6190,4525.7482,4526.0418,0.1178,0
873,0,4520.6190,4525.7482,4528.7322,0.0363,0
874,1,4526.1020,4530.7397,4531.0391,0.1198,0
874,0,4526.1020,4530.7397,4533.7368,0.0430,0
875,1,4532.0577,4536.8903,4537.2198,0.1225,0
875,0,4532.0577,4536.8903,4539.8745,0.0464,0
876,1,4537.3575,4542.5374,4542.9531,0.1239,0
876,0,4537.3575,4542.5374,4545.6695,0.0453,0
877,1,4543.0186,4548.2996,4548.9899,0.1509,0
877,0,4543.0186,4548.2996,4551.6752,0.1513,0
878,1,4549.1691,4554.3096,4554.8171,0.3250,0
878,0,4549.1691,4554.3096,4557.5356,0.0522,0
879,1,4554.8992,4560.3689,4560.7050,0.1200,0
879,0,4554.8992,4560.3689,4563.3973,0.0453,0
880,1,4560.7679,4565.9750,4566.5722,0.4076,0
880,0,4560.7679,4565.9750,4569.2975,0.0393,0
881,1,4566.6678,4572.3284,4572.6284,0.1165,0
881,0,4566.6678,4572.3284,4575.3469,0.0364,0
882,1,4572.6876,4578.1399,4578.5061,0.1257,0
882,0,4572.6876,4578.1399,4581.2906,0.0467,0
883,1,4578.5709,4583.7928,4584.1242,0.1214,0
883,0,4578.5709,4583.7928,4586.8564,0.0439,0
884,1,4584.1869,4589.5992,4589.9309,0.1223,0
884,0,4584.1869,4589.5992,4592.6704,0.0404,0
885,1,4589.9885,4594.6621,4595.1132,0.1192,0
885,0,4589.9885,4594.6621,4597.8764,0.0603,0
886,1,4595.1949,4601.0859,4601.4366,0.1425,0
886,0,4595.1949,4601.0859,4604.1961,0.1859,0
887,1,4601.6428,4606.8482,4607.4813,0.4144,0
887,0,4601.6428,4606.8482,4610.3484,0.0615,0
888,1,4607.5707,4612.9331,4613.3143,0.1620,0
888,0,4607.5707,4612.9331,4616.0968,0.0475,0
889,1,4613.3811,4618.7494,4619.0524,0.0986,0
889,0,4613.3811,4618.7494,4621.8063,0.0453,0
890,1,4619.1151,4624.4008,4624.7972,0.1711,0
890,0,4619.1151,4624.4008,4627.5849,0.0422,0
891,1,4624.8569,4630.1822,4630.5648,0.1653,0
891,0,4624.8569,4630.1822,4633.3772,0.0445,0
892,1,4630.6289,4636.4122,4636.7411,0.1209,0
892,0,4630.6289,4636.4122,4639.5340,0.0429,0
893,1,4636.8054,4642.2192,4642.6104,0.1179,0
893,0,4636.8054,4642.2192,4645.4094,0.0473,0
894,1,4642.6980,4647.4282,4647.7242,0.1209,0
894,0,4642.6980,4647.4282,4650.4848,0.0354,0
895,1,4647.7924,4653.3412,4653.6328,0.1136,0
895,0,4647.7924,4653.3412,4656.4631,0.0380,0
896,1,4653.7022,4658.4436,4658.8959,0.1434,0
896,0,4653.7022,4658.4436,4661.6499,0.0416,0
897,1,4658.9578,4664.5461,4664.8382,0.1125,0
897,0,4658.9578,4664.5461,4667.6039,0.0442,0
898,1,4664.9006,4670.2411,4670.5447,0.1192,0
898,0,4664.9006,4670.2411,4673.3589,0.0367,0
899,1,4670.5995,4675.8832,4676.2325,0.1171,0
899,0,4670.5995,4675.8832,4679.0021,0.0449,0
900,1,4676.2959,4681.2855,4681.5789,0.1155,0
900,0,4676.2959,4681.2855,4684.3303,0.0362,0
901,1,4681.6323,4686.8073,4687.1465,0.1201,0
901,0,4681.6323,4686.8073,4689.9012,0.0963,0
902,1,4687.2614,4692.0718,4692.4246,0.1599,0
902,0,4687.2614,4692.0718,4695.1496,0.0458,0
903,1,4692.4883,4697.7068,4698.0264,0.1158,0
903,0,4692.4883,4697.7068,4700.7889,0.0533,0
904,1,4698.1119,4703.5908,4703.9301,0.1187,0
904,0,4698.1119,4703.5908,4706.8060,0.0438,0
905,1,4704.0036,4709.0146,4709.3036,0.1153,0
905,0,4704.0036,4709.0146,4712.0312,0.0989,0
906,1,4709.4290,4714.1297,4714.4521,0.1196,0
906,0,4709.4290,4714.1297,4717.1617,0.0440,0
907,1,4714.5137,4719.9636,4720.2660,0.1166,0
907,0,4714.5137,4719.9636,4723.0343,0.0369,0
908,1,4720.3202,4725.8601,4726.2692,0.1218,0
908,0,4720.3202,4725.8601,4729.0043,0.0414,0
909,1,4726.3379,4731.4892,4731.8819,0.1180,0
909,0,4726.3379,4731.4892,4734.6185,0.1779,0
910,1,4732.0812,4737.0323,4737.4241,0.1111,0
910,0,4732.0812,4737.0323,4740.1780,0.2203,0
911,1,4737.6654,4742.5722,4742.9626,0.1365,0
911,0,4737.6654,4742.5722,4745.6940,0.0463,0
912,1,4743.0274,4748.1568,4748.4897,0.1137,0
912,0,4743.0274,4748.1568,4751.2263,0.0470,0
913,1,4748.5540,4753.6110,4753.9267,0.1144,0
913,0,4748.5540,4753.6110,4756.6812,0.0364,0
914,1,4753.9949,4758.9534,4759.2817,0.1213,0
914,0,4753.9949,4758.9534,4761.9677,0.0435,0
915,1,4759.3563,4764.1141,4764.4379,0.1206,0
915,0,4759.3563,4764.1141,4767.1098,0.0451,0
916,1,4764.5015,4770.4650,4770.8487,0.1646,0
916,0,4764.5015,4770.4650,4773.5843,0.0971,0
917,1,4770.9675,4775.6114,4775.9588,0.1218,0
917,0,4770.9675,4775.6114,4778.6442,0.0469,0
918,1,4776.0248,4780.9386,4781.2346,0.1162,0
918,0,4776.0248,4780.9386,4783.9078,0.0362,0
919,1,4781.2876,4786.7901,4787.0767,0.1155,0
919,0,4781.2876,4786.7901,4789.7681,0.0354,0
920,1,4787.1297,4792.0131,4792.3406,0.1223,0
920,0,4787.1297,4792.0131,4795.0195,0.0440,0
921,1,4792.4016,4797.9350,4798.3863,0.1191,0
921,0,4792.4016,4797.9350,4801.1022,0.0451,0
922,1,4798.4637,4803.6303,4804.1076,0.1845,0
922,0,4798.4637,4803.6303,4806.8104,0.1836,0
923,1,4804.3124,4809.2365,4809.6258,0.1293,0
923,0,4804.3124,4809.2365,4812.3506,0.0475,0
924,1,4809.6972,4814.7915,4815.1481,0.1117,0
924,0,4809.6972,4814.7915,4817.8767,0.0373,0
925,1,4815.2083,4820.2368,4820.6178,0.1201,0
925,0,4815.2083,4820.2368,4823.3610,0.0412,0
926,1,4820.6775,4825.8663,4826.2209,0.1174,0
926,0,4820.6775,4825.8663,4828.9493,0.0365,0
927,1,4826.2974,4831.2609,4831.5524,0.1155,0
927,0,4826.2974,4831.2609,4834.2565,0.0364,0
928,1,4831.6055,4837.1093,4837.4638,0.1132,0
928,0,4831.6055,4837.1093,4840.1608,0.1001,0
929,1,4837.5846,4842.5119,4842.8417,0.1218,0
929,0,4837.5846,4842.5119,4845.5967,0.0382,0
930,1,4842.8981,4848.2068,4848.7199,0.1186,0
930,0,4842.8981,4848.2068,4851.4437,0.3703,0
931,1,4849.1170,4854.0675,4854.4693,0.2254,0
931,0,4849.1170,4854.0675,4857.1578,0.1617,0
932,1,4854.6548,4859.6732,4860.2776,0.3899,0
932,0,4854.6548,4859.6732,4862.9792,0.0430,0
933,1,4860.3414,4865.6435,4866.2854,0.4086,0
933,0,4860.3414,4865.6435,4869.0023,0.1445,0
934,1,4866.4551,4871.9517,4872.3250,0.1598,0
934,0,4866.4551,4871.9517,4875.0408,0.0468,0
935,1,4872.3899,4877.8414,4878.1741,0.1252,0
935,0,4872.3899,4877.8414,4880.9538,0.0451,0
936,1,4878.2369,4883.6317,4883.9626,0.1222,0
936,0,4878.2369,4883.6317,4886.6925,0.0449,0
937,1,4884.0262,4889.5753,4889.9130,0.1202,0
937,0,4884.0262,4889.5753,4892.6809,0.0394,0
938,1,4889.9812,4894.7770,4895.2024,0.1193,0
938,0,4889.9812,4894.7770,4897.9356,0.0543,0
939,1,4895.2776,4900.9626,4901.2581,0.1121,0
939,0,4895.2776,4900.9626,4904.0596,0.0369,0
940,1,4901.3127,4906.6291,4906.9473,0.1343,0
940,0,4901.3127,4906.6291,4909.6997,0.1771,0
941,1,4907.1416,4912.1311,4912.4231,0.1100,0
941,0,4907.1416,4912.1311,4915.1595,0.0439,0
942,1,4912.4863,4917.3941,4917.7286,0.1196,0
942,0,4912.4863,4917.3941,4920.4498,0.1040,0
943,1,4917.8568,4922.6188,4922.9046,0.1055,0
943,0,4917.8568,4922.6188,4925.6060,0.0484,0
944,1,4922.9783,4928.5317,4928.9426,0.1281,0
944,0,4922.9783,4928.5317,4931.7229,0.0441,0
945,1,4929.0048,4933.9321,4934.2806,0.1691,0
945,0,4929.0048,4933.9321,4936.9887,0.0370,0
946,1,4934.3374,4940.0547,4940.3628,0.1205,0
946,0,4934.3374,4940.0547,4943.3733,0.0431,0
947,1,4940.4283,4945.4050,4945.7312,0.1153,0
947,0,4940.4283,4945.4050,4948.4657,0.0480,0
948,1,4945.7980,4950.7837,4951.0856,0.1140,0
948,0,4945.7980,4950.7837,4953.7947,0.0941,0
949,1,4951.2010,4956.0580,4956.3832,0.1221,0
949,0,4951.2010,4956.0580,4959.1495,0.0444,0
950,1,4956.4450,4962.0181,4962.4229,0.1246,0
950,0,4956.4450,4962.0181,4965.1542,0.0492,0
951,1,4962.4959,4967.9448,4968.2876,0.1198,0
951,0,4962.4959,4967.9448,4971.0236,0.1265,0
952,1,4968.4364,4973.6303,4974.0207,0.1882,0
952,0,4968.4364,4973.6303,4976.7633,0.1975,0
953,1,4974.2403,4979.1815,4979.7731,0.3749,0
953,0,4974.2403,4979.1815,4982.5142,0.0501,0
954,1,4979.8441,4985.1034,4985.4218,0.1156,0
954,0,4979.8441,4985.1034,4988.1640,0.0386,0
955,1,4985.4783,4990.7438,4991.1173,0.1797,0
955,0,4985.4783,4990.7438,4993.8407,0.0362,0
956,1,4991.1726,4996.6368,4996.9631,0.1186,0
956,0,4991.1726,4996.6368,4999.6967,0.0464,0
957,1,4997.0272,5002.8304,5003.1254,0.1148,0
957,0,4997.0272,5002.8304,5005.9138,0.0372,0
958,1,5003.1854,5008.8338,5009.1240,0.1130,0
958,0,5003.1854,5008.8338,5011.9115,0.0369,0
959,1,5009.1849,5014.5858,5014.9563,0.1241,0
959,0,5009.1849,5014.5858,5017.8105,0.0895,0
960,1,5015.0642,5019.6959,5020.0255,0.1208,0
960,0,5015.0642,5019.6959,5022.8208,0.0396,0
961,1,5020.0895,5025.8575,5026.2265,0.1127,0
961,0,5020.0895,5025.8575,5029.0197,0.0633,0
962,1,5026.3097,5031.1484,5031.4862,0.1648,0
962,0,5026.3097,5031.1484,5034.2429,0.0379,0
963,1,5032.7255,5037.7622,5038.1709,0.1674,0
963,0,5032.7255,5037.7622,5040.9619,0.0934,0
964,1,5038.3599,5043.8134,5044.1085,0.1149,0
964,0,5038.3599,5043.8134,5046.8812,0.0459,0
965,1,5044.1731,5049.6075,5049.9306,0.1200,0
965,0,5044.1731,5049.6075,5052.7198,0.0402,0
966,1,5050.0000,5055.5766,5055.9242,0.1211,0
966,0,5050.0000,5055.5766,5058.7018,0.0551,0
967,1,5055.9988,5061.3111,5061.6057,0.1161,0
967,0,5055.9988,5061.3111,5064.3839,0.0463,0
968,1,5061.6697,5067.3000,5067.8119,0.1206,0
968,0,5061.6697,5067.3000,5070.6662,0.1072,0
969,1,5067.9466,5073.1719,5073.5122,0.1131,0
969,0,5067.9466,5073.1719,5076.3202,0.0445,0
970,1,5073.5774,5078.6058,5078.9453,0.1191,0
970,0,5073.5774,5078.6058,5081.7917,0.0357,0
971,1,5079.0040,5084.0489,5084.5332,0.1261,0
971,0,5079.0040,5084.0489,5087.4011,0.0512,0
972,1,5084.6226,5089.5831,5089.9292,0.1309,0
972,0,5084.6226,5089.5831,5092.6709,0.0403,0
973,1,5089.9869,5095.1912,5095.5139,0.1184,0
973,0,5089.9869,5095.1912,5098.2541,0.0952,0
974,1,5095.6262,5101.1653,5101.5028,0.1230,0
974,0,5095.6262,5101.1653,5104.2764,0.2634,0
975,1,5101.7852,5106.7400,5107.0679,0.1236,0
975,0,5101.7852,5106.7400,5109.8069,0.3656,0
976,1,5107.4560,5112.3227,5112.6442,0.1143,0
976,0,5107.4560,5112.3227,5115.3970,0.2320,0
977,1,5112.8938,5117.8192,5118.1653,0.1186,0
977,0,5112.8938,5117.8192,5120.8782,0.3743,0
978,1,5118.5688,5123.6686,5124.2776,0.3984,0
978,0,5118.5688,5123.6686,5126.9888,0.0407,0
979,1,5124.3403,5129.5622,5130.0199,0.2762,0
979,0,5124.3403,5129.5622,5132.7715,0.0367,0
980,1,5130.0933,5135.9900,5136.2858,0.1182,0
980,0,5130.0933,5135.9900,5139.0305,0.0370,0
981,1,5136.3425,5141.9762,5142.2698,0.1146,0
981,0,5136.3425,5141.9762,5145.0306,0.0368,0
982,1,5142.3240,5147.7216,5148.0113,0.1146,0
982,0,5142.3240,5147.7216,5150.7781,0.0355,0
983,1,5148.0805,5153.5454,5153.9367,0.1241,0
983,0,5148.0805,5153.5454,5156.7175,0.0449,0
984,1,5154.0656,5159.2298,5159.6517,0.1211,0
984,0,5154.0656,5159.2298,5162.5679,0.0458,0
985,1,5159.7386,5164.8175,5165.2343,0.1466,0
985,0,5159.7386,5164.8175,5167.9991,0.0427,0
986,1,5165.3006,5170.6826,5171.1245,0.2588,0
986,0,5165.3006,5170.6826,5173.8857,0.2379,0
987,1,5171.3826,5176.4044,5176.9990,0.3914,0
987,0,5171.3826,5176.4044,5179.8069,0.0442,0
988,1,5177.0600,5181.8808,5182.1736,0.1141,0
988,0,5177.0600,5181.8808,5184.9014,0.2169,0
989,1,5182.4108,5187.3121,5187.8001,0.3041,0
989,0,5182.4108,5187.3121,5190.5160,0.0843,0
990,1,5187.9053,5192.8572,5193.1898,0.1263,0
990,0,5187.9053,5192.8572,5195.9715,0.0497,0
991,1,5193.2573,5198.2287,5198.6143,0.1098,0
991,0,5193.2573,5198.2287,5201.3337,0.1688,0
992,1,5198.8178,5203.9198,5204.2510,0.1289,0
992,0,5198.8178,5203.9198,5206.9375,0.0635,0
993,1,5204.3355,5209.3191,5209.6493,0.1161,0
993,0,5204.3355,5209.3191,5212.3631,0.0481,0
994,1,5209.7148,5214.6902,5215.0537,0.1206,0
994,0,5209.7148,5214.6902,5217.7277,0.0387,0
995,1,5215.1208,5220.2694,5220.6156,0.1190,0
995,0,5215.1208,5220.2694,5223.2908,0.0408,0
996,1,5220.7011,5225.8185,5226.2493,0.1197,0
996,0,5220.7011,5225.8185,5228.9639,0.0454,0
997,1,5226.3181,5231.3246,5231.6472,0.1166,0
997,0,5226.3181,5231.3246,5234.3239,0.1014,0
998,1,5231.7730,5236.8193,5237.1527,0.1226,0
998,0,5231.7730,5236.8193,5239.8240,0.0395,0
999,1,5237.2109,5242.0446,5242.3400,0.1152,0
999,0,5237.2109,5242.0446,5245.0001,0.0454,0
1000,1,5242.4036,5247.8333,5248.1287,0.1152,0
1000,0,5242.4036,5247.8333,5250.8009,0.0380,0
1001,1,5248.1843,5253.5845,5253.9637,0.1202,0
1001,0,5248.1843,5253.5845,5256.6532,0.0397,0
1002,1,5254.0336,5259.0270,5259.3994,0.1648,0
1002,0,5254.0336,5259.0270,5262.0815,0.1140,0
1003,1,5259.5337,5264.0809,5264.4049,0.1186,0
1003,0,5259.5337,5264.0809,5267.0616,0.0427,0
1004,1,5264.4645,5270.3539,5270.7590,0.1178,0
1004,0,5264.4645,5270.3539,5273.4700,0.2244,0
1005,1,5271.0082,5275.5751,5275.8720,0.1139,0
1005,0,5271.0082,5275.5751,5278.5440,0.0368,0
1006,1,5275.9359,5280.8756,5281.1746,0.1173,0
1006,0,5275.9359,5280.8756,5283.8325,0.0448,0
1007,1,5281.2369,5286.5929,5286.9217,0.1233,0
1007,0,5281.2369,5286.5929,5289.6775,0.0439,0
1008,1,5286.9826,5292.3513,5292.6825,0.1235,0
1008,0,5286.9826,5292.3513,5295.3674,0.0402,0
1009,1,5292.7410,5297.5464,5297.8630,0.1152,0
1009,0,5292.7410,5297.5464,5300.5311,0.0440,0
1010,1,5297.9242,5303.7488,5304.1308,0.1192,0
1010,0,5297.9242,5303.7488,5306.9365,0.1619,0
1011,1,5304.3139,5309.0594,5309.3901,0.1200,0
1011,0,5304.3139,5309.0594,5312.0848,0.0426,0
1012,1,5309.4660,5314.1857,5314.5134,0.1184,0
1012,0,5309.4660,5314.1857,5317.1844,0.0476,0
1013,1,5314.5804,5319.9510,5320.2892,0.1178,0
1013,0,5314.5804,5319.9510,5322.9939,0.0473,0
1014,1,5320.3571,5325.7271,5326.0554,0.1207,0
1014,0,5320.3571,5325.7271,5328.7477,0.1089,0
1015,1,5326.2066,5330.8855,5331.1974,0.1164,0
1015,0,5326.2066,5330.8855,5333.8672,0.0380,0
1016,1,5331.2540,5337.1358,5337.6429,0.1944,0
1016,0,5331.2540,5337.1358,5340.3873,0.0467,0
1017,1,5337.7107,5342.3258,5342.6418,0.1167,0
1017,0,5337.7107,5342.3258,5345.3215,0.0414,0
1018,1,5342.7404,5347.5520,5347.8798,0.1206,0
1018,0,5342.7404,5347.5520,5350.5473,0.0479,0
1019,1,5347.9465,5353.4638,5353.7593,0.1181,0
1019,0,5347.9465,5353.4638,5356.4571,0.0460,0
1020,1,5353.8231,5358.3982,5358.7270,0.1198,0
1020,0,5353.8231,5358.3982,5361.3839,0.0442,0
1021,1,5358.7886,5364.2264,5364.5488,0.1181,0
1021,0,5358.7886,5364.2264,5367.2280,0.0433,0
1022,1,5364.6097,5370.2954,5370.7313,0.1225,0
1022,0,5364.6097,5370.2954,5373.4518,0.2051,0
1023,1,5370.9592,5375.3993,5375.7739,0.1274,0
1023,0,5370.9592,5375.3993,5378.4811,0.0457,0
1024,1,5375.8380,5381.1850,5381.4825,0.1213,0
1024,0,5375.8380,5381.1850,5384.1908,0.0374,0
1025,1,5381.5378,5386.8622,5387.1900,0.1243,0
1025,0,5381.5378,5386.8622,5389.8820,0.0948,0
1026,1,5387.3262,5392.3413,5392.7096,0.1647,0
1026,0,5387.3262,5392.3413,5395.3925,0.0419,0
1027,1,5392.7699,5397.8823,5398.1946,0.1147,0
1027,0,5392.7699,5397.8823,5400.9514,0.0441,0
1028,1,5398.2555,5403.6430,5404.0338,0.1232,0
1028,0,5398.2555,5403.6430,5406.8334,0.3130,0
1029,1,5404.3663,5409.2622,5409.6333,0.1171,0
1029,0,5404.3663,5409.2622,5412.3746,0.0467,0
1030,1,5409.7026,5414.7906,5415.1451,0.1225,0
1030,0,5409.7026,5414.7906,5417.9066,0.0377,0
1031,1,5415.2061,5420.2085,5420.5269,0.1170,0
1031,0,5415.2061,5420.2085,5423.2065,0.0883,0
1032,1,5420.6576,5425.8316,5426.1952,0.1192,0
1032,0,5420.6576,5425.8316,5428.9535,0.0480,0
1033,1,5426.2645,5431.2294,5431.5357,0.1215,0
1033,0,5426.2645,5431.2294,5434.2109,0.0460,0
1034,1,5431.6005,5436.9757,5437.2727,0.1187,0
1034,0,5431.6005,5436.9757,5439.9610,0.0417,0
1035,1,5437.3404,5442.3856,5442.6758,0.1127,0
1035,0,5437.3404,5442.3856,5445.3764,0.1309,0
1036,1,5442.8473,5447.9145,5448.2391,0.1181,0
1036,0,5442.8473,5447.9145,5450.9256,0.0393,0
1037,1,5448.2976,5453.2148,5453.5410,0.1225,0
1037,0,5448.2976,5453.2148,5456.2090,0.0444,0
1038,1,5453.6029,5459.0697,5459.3662,0.1136,0
1038,0,5453.6029,5459.0697,5462.1151,0.0380,0
1039,1,5459.4338,5464.1436,5464.4787,0.1215,0
1039,0,5459.4338,5464.1436,5467.1512,0.0431,0
1040,1,5464.5411,5470.4172,5470.7998,0.1215,0
1040,0,5464.5411,5470.4172,5473.5343,0.2106,0
1041,1,5471.0618,5475.4705,5475.7635,0.1139,0
1041,0,5471.0618,5475.4705,5478.4659,0.0369,0
1042,1,5475.8251,5481.3598,5481.7176,0.1188,0
1042,0,5475.8251,5481.3598,5484.4085,0.0388,0
1043,1,5481.7737,5486.1972,5486.5315,0.1142,0
1043,0,5481.7737,5486.1972,5489.1900,0.0437,0
1044,1,5486.5931,5492.1912,5492.4846,0.1154,0
1044,0,5486.5931,5492.1912,5495.1650,0.0448,0
1045,1,5492.5474,5497.8627,5498.1878,0.1225,0
1045,0,5492.5474,5497.8627,5500.8773,0.0462,0
1046,1,5498.2511,5503.6192,5503.9524,0.1224,0
1046,0,5498.2511,5503.6192,5506.7097,0.0412,0
1047,1,5504.0238,5509.0453,5509.3272,0.1116,0
1047,0,5504.0238,5509.0453,5512.0291,0.1006,0
1048,1,5509.4545,5514.1571,5514.4487,0.1151,0
1048,0,5509.4545,5514.1571,5517.1238,0.0434,0
1049,1,5514.5091,5519.8577,5520.1559,0.1196,0
1049,0,5514.5091,5519.8577,5522.8419,0.0448,0
1050,1,5520.2207,5525.6421,5526.0501,0.1384,0
1050,0,5520.2207,5525.6421,5528.7785,0.0455,0
1051,1,5526.1399,5531.0090,5531.3048,0.1147,0
1051,0,5526.1399,5531.0090,5533.9935,0.0362,0
1052,1,5531.3631,5536.7793,5537.1440,0.1292,0
1052,0,5531.3631,5536.7793,5539.9112,0.0444,0
1053,1,5538.5125,5543.5163,5543.8480,0.1199,0
1053,0,5538.5125,5543.5163,5546.5759,0.0433,0
1054,1,5543.9871,5549.4412,5549.7771,0.1213,0
1054,0,5543.9871,5549.4412,5552.4912,0.0469,0
1055,1,5549.8427,5555.1845,5555.5629,0.1595,0
1055,0,5549.8427,5555.1845,5558.3059,0.0448,0
1056,1,5555.6261,5560.9529,5561.2838,0.1204,0
1056,0,5555.6261,5560.9529,5564.0071,0.0441,0
1057,1,5561.3457,5567.0371,5567.3780,0.1324,0
1057,0,5561.3457,5567.0371,5570.1282,0.0570,0
1058,1,5567.4553,5572.8835,5573.2353,0.1317,0
1058,0,5567.4553,5572.8835,5575.9893,0.0402,0
1059,1,5573.2934,5578.5405,5578.9639,0.1192,0
1059,0,5573.2934,5578.5405,5581.7653,0.0441,0
1060,1,5579.0519,5584.2741,5584.6183,0.1151,0
1060,0,5579.0519,5584.2741,5587.4925,0.0413,0
1061,1,5584.6845,5590.0538,5590.3559,0.1126,0
1061,0,5584.6845,5590.0538,5593.1152,0.0481,0
1062,1,5590.4516,5595.2485,5595.6136,0.1140,0
1062,0,5590.4516,5595.2485,5598.3925,0.0469,0
1063,1,5595.6803,5601.1678,5601.4745,0.1175,0
1063,0,5595.6803,5601.1678,5604.2496,0.0988,0
1064,1,5601.5911,5606.7359,5607.0703,0.1265,0
1064,0,5601.5911,5606.7359,5609.8090,0.2276,0
1065,1,5607.3165,5612.1868,5612.5620,0.1508,0
1065,0,5607.3165,5612.1868,5615.3479,0.1741,0
1066,1,5612.7532,5617.7041,5618.0828,0.1747,0
1066,0,5612.7532,5617.7041,5620.8482,0.0533,0
1067,1,5618.1738,5624.1788,5624.5106,0.1213,0
1067,0,5618.1738,5624.1788,5627.2648,0.0368,0
1068,1,5624.5675,5630.0059,5630.3025,0.1132,0
1068,0,5624.5675,5630.0059,5633.1279,0.0371,0
1069,1,5630.3579,5636.2109,5636.5421,0.1195,0
1069,0,5630.3579,5636.2109,5639.3333,0.0420,0
1070,1,5636.6031,5642.0059,5642.3323,0.1188,0
1070,0,5636.6031,5642.0059,5645.1249,0.0448,0
1071,1,5642.3946,5647.7220,5648.0443,0.1184,0
1071,0,5642.3946,5647.7220,5650.8978,0.0448,0
1072,1,5648.1061,5653.2995,5653.6256,0.1189,0
1072,0,5648.1061,5653.2995,5656.4098,0.0468,0
1073,1,5653.7059,5659.0427,5659.3391,0.1164,0
1073,0,5653.7059,5659.0427,5662.1348,0.1735,0
1074,1,5659.5773,5664.2309,5664.5422,0.1180,0
1074,0,5659.5773,5664.2309,5667.3311,0.0448,0
1075,1,5664.6200,5670.0360,5670.4388,0.1674,0
1075,0,5664.6200,5670.0360,5673.2514,0.0450,0
1076,1,5670.5039,5675.8464,5676.2170,0.1203,0
1076,0,5670.5039,5675.8464,5679.0248,0.0458,0
1077,1,5676.2864,5681.4327,5681.7874,0.1174,0
1077,0,5676.2864,5681.4327,5684.5875,0.0472,0
1078,1,5681.8550,5687.1007,5687.4407,0.1143,0
1078,0,5681.8550,5687.1007,5690.2258,0.1851,0
1079,1,5687.6474,5692.4530,5692.7471,0.1152,0
1079,0,5687.6474,5692.4530,5695.4807,0.0992,0
1080,1,5692.8829,5697.9104,5698.2635,0.1302,0
1080,0,5692.8829,5697.9104,5701.0055,0.0409,0
1081,1,5698.3237,5703.5618,5703.8864,0.1191,0
1081,0,5698.3237,5703.5618,5706.6107,0.0406,0
1082,1,5704.0069,5708.6615,5709.0814,0.2277,0
1082,0,5704.0069,5708.6615,5711.7786,0.0367,0
1083,1,5709.1475,5714.6491,5714.9423,0.1177,0
1083,0,5709.1475,5714.6491,5717.6554,0.0365,0
1084,1,5714.9971,5719.5742,5719.9064,0.1197,0
1084,0,5714.9971,5719.5742,5722.5895,0.0473,0
1085,1,5719.9707,5725.6198,5725.9975,0.2007,0
1085,0,5719.9707,5725.6198,5728.8963,0.0364,0
1086,1,5726.0577,5731.3180,5731.6521,0.1231,0
1086,0,5726.0577,5731.3180,5734.3676,0.1062,0
1087,1,5731.7775,5736.9783,5737.3039,0.1204,0
1087,0,5731.7775,5736.9783,5740.0784,0.0406,0
1088,1,5737.3740,5742.5386,5742.9384,0.1824,0
1088,0,5737.3740,5742.5386,5745.7037,0.0401,0
1089,1,5742.9978,5748.2898,5748.6738,0.1508,0
1089,0,5742.9978,5748.2898,5751.3882,0.0455,0
1090,1,5748.7381,5753.6047,5753.9604,0.1224,0
1090,0,5748.7381,5753.6047,5756.7263,0.0416,0
1091,1,5754.0350,5759.0386,5759.8066,0.3200,0
1091,0,5754.0350,5759.0386,5762.5085,0.1858,0
1092,1,5760.0230,5765.1335,5765.4777,0.1215,0
1092,0,5760.0230,5765.1335,5768.1741,0.3988,0
1093,1,5765.8996,5770.6514,5771.1297,0.2995,0
1093,0,5765.8996,5770.6514,5773.8010,0.1472,0
1094,1,5771.2971,5776.1839,5776.5615,0.1941,0
1094,0,5771.2971,5776.1839,5779.2263,0.2423,0
1095,1,5776.8262,5781.7378,5782.0363,0.1183,0
1095,0,5776.8262,5781.7378,5784.6904,0.2495,0
1096,1,5782.3152,5787.3108,5787.8237,0.3057,0
1096,0,5782.3152,5787.3108,5790.5112,0.1174,0
1097,1,5787.9671,5792.9684,5793.6045,0.4576,0
1097,0,5787.9671,5792.9684,5796.2593,0.0499,0
1098,1,5793.6808,5799.2898,5799.8689,0.3707,0
1098,0,5793.6808,5799.2898,5802.5482,0.0446,0
1099,1,5799.9329,5805.1239,5805.4179,0.1222,0
1099,0,5799.9329,5805.1239,5808.1872,0.0535,0
1100,1,5805.4901,5810.9281,5811.2808,0.1427,0
1100,0,5805.4901,5810.9281,5813.9815,0.0446,0
1101,1,5811.3447,5816.6627,5816.9984,0.1250,0
1101,0,5811.3447,5816.6627,5819.7000,0.0422,0
1102,1,5817.0576,5822.4568,5822.7815,0.1180,0
1102,0,5817.0576,5822.4568,5825.6153,0.0446,0
1103,1,5822.8438,5828.2096,5828.5765,0.1647,0
1103,0,5822.8438,5828.2096,5831.3022,0.0437,0
1104,1,5828.6388,5834.4055,5834.7894,0.1689,0
1104,0,5828.6388,5834.4055,5837.5446,0.1877,0
1105,1,5835.0002,5840.1225,5840.4336,0.1297,0
1105,0,5835.0002,5840.1225,5843.2198,0.0926,0
1106,1,5840.5538,5846.2347,5846.6528,0.1586,0
1106,0,5840.5538,5846.2347,5849.4499,0.0461,0
1107,1,5846.7461,5852.1964,5852.5052,0.1235,0
1107,0,5846.7461,5852.1964,5855.3009,0.0433,0
1108,1,5852.5661,5857.7763,5858.1566,0.1104,0
1108,0,5852.5661,5857.7763,5860.9436,0.0454,0
1109,1,5858.2216,5863.5939,5863.9915,0.1775,0
1109,0,5858.2216,5863.5939,5866.7681,0.0431,0
1110,1,5864.0521,5869.8247,5870.1638,0.1232,0
1110,0,5864.0521,5869.8247,5872.9674,0.0442,0
1111,1,5870.2346,5875.6603,5876.0912,0.2127,0
1111,0,5870.2346,5875.6603,5878.9854,0.0910,0
1112,1,5876.2109,5880.7008,5881.0606,0.1817,0
1112,0,5876.2109,5880.7008,5883.8156,0.0452,0
1113,1,5881.1239,5886.5181,5886.8687,0.1219,0
1113,0,5881.1239,5886.5181,5889.6335,0.0426,0
1114,1,5886.9285,5892.2989,5892.6956,0.2118,0
1114,0,5886.9285,5892.2989,5895.4652,0.0377,0
1115,1,5892.7499,5897.3049,5897.6232,0.1145,0
1115,0,5892.7499,5897.3049,5900.3513,0.0507,0
1116,1,5897.6907,5903.5161,5903.8472,0.1195,0
1116,0,5897.6907,5903.5161,5906.6055,0.1168,0
1117,1,5903.9894,5908.5885,5908.9759,0.2099,0
1117,0,5903.9894,5908.5885,5911.7028,0.0374,0
1118,1,5909.0315,5914.6449,5915.0827,0.1320,0
1118,0,5909.0315,5914.6449,5917.9535,0.0458,0
1119,1,5915.1456,5919.6306,5919.9650,0.1244,0
1119,0,5915.1456,5919.6306,5922.6725,0.0412,0
1120,1,5920.0339,5925.6327,5925.9548,0.1155,0
1120,0,5920.0339,5925.6327,5928.7209,0.0523,0
1121,1,5926.0279,5930.9234,5931.2418,0.1150,0
1121,0,5926.0279,5930.9234,5933.9771,0.0475,0
1122,1,5931.3080,5936.7672,5937.0600,0.1167,0
1122,0,5931.3080,5936.7672,5939.7883,0.0429,0
1123,1,5937.1209,5942.4343,5942.8781,0.1929,0
1123,0,5937.1209,5942.4343,5945.6151,0.0415,0
1124,1,5942.9410,5947.8683,5948.2382,0.1559,0
1124,0,5942.9410,5947.8683,5950.9569,0.1720,0
1125,1,5948.4356,5952.8824,5953.2208,0.1241,0
1125,0,5948.4356,5952.8824,5955.9007,0.0443,0
1126,1,5953.2840,5958.7246,5959.0791,0.1252,0
1126,0,5953.2840,5958.7246,5961.8357,0.1228,0
1127,1,5959.2228,5964.5329,5964.8878,0.1748,0
1127,0,5959.2228,5964.5329,5967.5900,0.0390,0
1128,1,5964.9449,5970.1187,5970.4795,0.1247,0
1128,0,5964.9449,5970.1187,5973.1988,0.0791,0
1129,1,5970.5822,5975.4071,5975.7439,0.1271,0
1129,0,5970.5822,5975.4071,5978.4592,0.0487,0
1130,1,5975.8212,5980.8354,5981.1654,0.1140,0
1130,0,5975.8212,5980.8354,5983.8646,0.0429,0
1131,1,5981.2276,5986.6123,5986.9143,0.1197,0
1131,0,5981.2276,5986.6123,5989.6293,0.0453,0
1132,1,5986.9777,5991.7481,5992.1307,0.1995,0
1132,0,5986.9777,5991.7481,5994.8363,0.0362,0
1133,1,5992.1850,5997.7362,5998.0395,0.1152,0
1133,0,5992.1850,5997.7362,6000.7367,0.0390,0
1134,1,5998.0972,6003.4696,6003.7708,0.1199,0
1134,0,5998.0972,6003.4696,6006.4877,0.0395,0
1135,1,6003.8346,6009.0550,6009.4276,0.1915,0
1135,0,6003.8346,6009.0550,6012.1466,0.0901,0
1136,1,6009.5387,6014.1318,6014.4218,0.1140,0
1136,0,6009.5387,6014.1318,6017.1004,0.0499,0
1137,1,6014.4886,6019.8086,6020.1162,0.1172,0
1137,0,6014.4886,6019.8086,6022.8079,0.0409,0
1138,1,6020.1753,6025.5972,6025.9734,0.1949,0
1138,0,6020.1753,6025.5972,6028.6927,0.0427,0
1139,1,6026.0342,6030.7991,6031.2872,0.3070,0
1139,0,6026.0342,6030.7991,6033.9708,0.0458,0
1140,1,6031.3506,6036.6758,6037.0459,0.1277,0
1140,0,6031.3506,6036.6758,6039.7382,0.0454,0
1141,1,6037.1092,6041.9854,6042.3626,0.2002,0
1141,0,6037.1092,6041.9854,6045.0589,0.0368,0
1142,1,6043.5760,6047.9384,6048.2313,0.1153,0
1142,0,6043.5760,6047.9384,6050.8742,0.0366,0
1143,1,6048.3452,6053.0579,6053.4259,0.1259,0
1143,0,6048.3452,6053.0579,6056.0913,0.0555,0
1144,1,6053.5062,6059.0192,6059.4051,0.1997,0
1144,0,6053.5062,6059.0192,6062.0725,0.0371,0
1145,1,6059.4653,6064.4081,6064.7315,0.1187,0
1145,0,6059.4653,6064.4081,6067.4012,0.0444,0
1146,1,6064.7932,6070.1734,6070.5113,0.1242,0
1146,0,6064.7932,6070.1734,6073.2003,0.0409,0
1147,1,6070.5707,6075.8403,6076.1845,0.1143,0
1147,0,6070.5707,6075.8403,6078.8614,0.0376,0
1148,1,6076.2424,6081.0546,6081.4293,0.1694,0
1148,0,6076.2424,6081.0546,6084.0906,0.0521,0
1149,1,6081.4999,6086.7351,6087.2184,0.1222,0
1149,0,6081.4999,6086.7351,6089.8945,0.0823,0
1150,1,6087.3269,6091.7645,6092.1383,0.1945,0
1150,0,6087.3269,6091.7645,6094.7709,0.0365,0
1151,1,6092.2139,6097.5590,6097.8805,0.1145,0
1151,0,6092.2139,6097.5590,6100.5262,0.0392,0
1152,1,6097.9361,6103.4793,6103.8355,0.1733,0
1152,0,6097.9361,6103.4793,6106.5095,0.0372,0
1153,1,6103.8906,6108.9400,6109.3899,0.2718,0
1153,0,6103.8906,6108.9400,6112.0604,0.0379,0
1154,1,6109.4474,6113.9883,6114.2844,0.1163,0
1154,0,6109.4474,6113.9883,6116.9240,0.0350,0
1155,1,6114.3353,6119.6428,6119.9925,0.1683,0
1155,0,6114.3353,6119.6428,6122.6506,0.0358,0
1156,1,6120.0494,6125.6477,6125.9374,0.1139,0
1156,0,6120.0494,6125.6477,6128.6193,0.0361,0
1157,1,6126.0034,6130.6191,6130.9479,0.1183,0
1157,0,6126.0034,6130.6191,6133.6048,0.0447,0
1158,1,6131.0131,6136.7796,6137.1417,0.1706,0
1158,0,6131.0131,6136.7796,6139.8335,0.0384,0
1159,1,6137.1985,6141.9411,6142.2681,0.1183,0
1159,0,6137.1985,6141.9411,6144.9385,0.0472,0
1160,1,6142.3330,6147.7559,6148.1060,0.1195,0
1160,0,6142.3330,6147.7559,6150.8422,0.0455,0
1161,1,6148.1691,6153.4311,6153.7665,0.1220,0
1161,0,6148.1691,6153.4311,6156.4688,0.0491,0
1162,1,6153.8336,6158.3782,6158.7462,0.1914,0
1162,0,6153.8336,6158.3782,6161.4128,0.0359,0
1163,1,6158.8058,6164.3351,6164.6595,0.1197,0
1163,0,6158.8058,6164.3351,6167.3669,0.0437,0
1164,1,6164.7225,6170.5663,6170.9249,0.1291,0
1164,0,6164.7225,6170.5663,6173.6469,0.0993,0
1165,1,6171.0608,6175.5535,6175.9848,0.1972,0
1165,0,6171.0608,6175.5535,6178.6731,0.0453,0
1166,1,6176.0617,6181.2222,6181.6173,0.2119,0
1166,0,6176.0617,6181.2222,6184.3041,0.0397,0
1167,1,6181.6892,6186.8388,6187.4295,0.1588,0
1167,0,6181.6892,6186.8388,6190.1990,0.0430,0
1168,1,6187.4933,6192.7204,6193.0533,0.1089,0
1168,0,6187.4933,6192.7204,6195.7549,0.0459,0
1169,1,6193.1177,6198.0431,6198.5062,0.1776,0
1169,0,6193.1177,6198.0431,6201.2705,0.0374,0
1170,1,6198.5680,6203.5056,6203.8308,0.1188,0
1170,0,6198.5680,6203.5056,6206.5058,0.0554,0
1171,1,6203.9074,6209.0031,6209.3934,0.1787,0
1171,0,6203.9074,6209.0031,6212.0661,0.0390,0
1172,1,6209.4526,6214.6406,6214.9393,0.1140,0
1172,0,6209.4526,6214.6406,6217.6156,0.0371,0
1173,1,6214.9946,6220.1265,6220.4630,0.1243,0
1173,0,6214.9946,6220.1265,6223.1983,0.0449,0
1174,1,6220.5251,6225.0388,6225.4448,0.1971,0
1174,0,6220.5251,6225.0388,6228.0950,0.0423,0
1175,1,6225.5039,6230.8513,6231.2331,0.1723,0
1175,0,6225.5039,6230.8513,6233.8980,0.0454,0
1176,1,6231.2968,6236.5190,6236.8445,0.1220,0
1176,0,6231.2968,6236.5190,6239.5254,0.0426,0
1177,1,6236.9043,6242.3659,6242.7579,0.1862,0
1177,0,6236.9043,6242.3659,6245.4720,0.0996,0
1178,1,6242.8783,6247.5046,6247.8859,0.1703,0
1178,0,6242.8783,6247.5046,6250.5517,0.0445,0
1179,1,6247.9487,6253.3688,6253.6930,0.1207,0
1179,0,6247.9487,6253.3688,6256.3702,0.0454,0
1180,1,6253.7554,6258.9647,6259.3699,0.1969,0
1180,0,6253.7554,6258.9647,6262.0776,0.0407,0
1181,1,6259.4304,6264.1033,6264.3967,0.1189,0
1181,0,6259.4304,6264.1033,6267.0685,0.0365,0
1182,1,6264.4512,6270.1429,6270.4869,0.1286,0
1182,0,6264.4512,6270.1429,6273.1812,0.0402,0
1183,1,6270.5459,6275.1005,6275.5050,0.1848,0
1183,0,6270.5459,6275.1005,6278.2243,0.0429,0
1184,1,6275.5656,6280.8071,6281.1420,0.1193,0
1184,0,6275.5656,6280.8071,6283.8156,0.0475,0
1185,1,6281.2067,6286.4906,6286.8185,0.1223,0
1185,0,6281.2067,6286.4906,6289.4999,0.0449,0
1186,1,6286.8803,6292.3368,6292.6957,0.1867,0
1186,0,6286.8803,6292.3368,6295.4204,0.0892,0
1187,1,6292.8037,6297.8319,6298.2073,0.1710,0
1187,0,6292.8037,6297.8319,6300.9994,0.0448,0
1188,1,6298.2690,6303.4312,6303.7639,0.1229,0
1188,0,6298.2690,6303.4312,6306.4795,0.0481,0
1189,1,6303.8294,6309.0787,6309.4432,0.1858,0
1189,0,6303.8294,6309.0787,6312.1379,0.1134,0
1190,1,6309.5775,6314.2044,6314.5274,0.1199,0
1190,0,6309.5775,6314.2044,6317.1955,0.0428,0
1191,1,6314.5872,6319.8508,6320.1863,0.1251,0
1191,0,6314.5872,6319.8508,6322.9430,0.0446,0
1192,1,6320.2506,6325.7164,6326.2161,0.2655,0
1192,0,6320.2506,6325.7164,6328.9223,0.0469,0
1193,1,6326.2832,6331.0921,6331.4369,0.1591,0
1193,0,6326.2832,6331.0921,6334.1126,0.0473,0
1194,1,6331.5007,6336.7483,6337.1063,0.1229,0
1194,0,6331.5007,6336.7483,6339.8214,0.0498,0
1195,1,6337.1801,6342.0317,6342.4999,0.2848,0
1195,0,6337.1801,6342.0317,6345.2069,0.0442,0
1196,1,6342.5908,6347.9656,6348.3201,0.1791,0
1196,0,6342.5908,6347.9656,6351.0039,0.0462,0
1197,1,6348.3907,6353.0298,6353.3718,0.1282,0
1197,0,6348.3907,6353.0298,6356.0788,0.0475,0
1198,1,6353.4435,6359.0447,6359.4192,0.1895,0
1198,0,6353.4435,6359.0447,6362.1060,0.0385,0
1199,1,6359.4780,6363.9844,6364.3077,0.1199,0
1199,0,6359.4780,6363.9844,6367.0015,0.0455,0
1200,1,6364.3708,6370.1505,6370.5530,0.1319,0
1200,0,6364.3708,6370.1505,6373.2474,0.1101,0
1201,1,6370.6880,6375.1290,6375.4266,0.1168,0
1201,0,6370.6880,6375.1290,6378.0997,0.1542,0
1202,1,6375.6051,6381.1392,6381.4359,0.1158,0
1202,0,6375.6051,6381.1392,6384.1132,0.0379,0
1203,1,6381.4926,6386.7554,6387.1009,0.1238,0
1203,0,6381.4926,6386.7554,6389.7900,0.0413,0
1204,1,6387.1612,6392.2881,6392.6899,0.1937,0
1204,0,6387.1612,6392.2881,6395.3772,0.0438,0
1205,1,6392.7510,6397.3116,6397.6236,0.1099,0
1205,0,6392.7510,6397.3116,6400.2912,0.0446,0
1206,1,6397.6851,6403.3469,6403.6955,0.1690,0
1206,0,6397.6851,6403.3469,6406.3833,0.0435,0
1207,1,6403.7602,6409.0380,6409.5506,0.2256,0
1207,0,6403.7602,6409.0380,6412.3118,0.0395,0
1208,1,6409.6113,6413.9197,6414.2491,0.1188,0
1208,0,6409.6113,6413.9197,6416.9025,0.0453,0
1209,1,6414.3118,6419.6344,6419.9614,0.1223,0
1209,0,6414.3118,6419.6344,6422.6268,0.0457,0
1210,1,6420.0304,6425.5843,6426.0167,0.1858,0
1210,0,6420.0304,6425.5843,6428.7103,0.0466,0
1211,1,6426.0834,6430.6648,6430.9677,0.1183,0
1211,0,6426.0834,6430.6648,6433.6339,0.0452,0
1212,1,6431.0314,6436.7847,6437.1367,0.1709,0
1212,0,6431.0314,6436.7847,6439.8327,0.0911,0
1213,1,6437.2474,6441.9134,6442.2123,0.1195,0
1213,0,6437.2474,6441.9134,6444.8835,0.0443,0
1214,1,6442.2745,6447.6028,6447.9323,0.1222,0
1214,0,6442.2745,6447.6028,6450.6328,0.0442,0
1215,1,6447.9940,6453.3552,6453.6550,0.1248,0
1215,0,6447.9940,6453.3552,6456.3513,0.0371,0
1216,1,6453.7095,6458.9280,6459.2933,0.1877,0
1216,0,6453.7095,6458.9280,6462.0065,0.0366,0
1217,1,6459.3564,6464.2488,6464.5467,0.1152,0
1217,0,6459.3564,6464.2488,6467.2685,0.0449,0
1218,1,6464.6101,6469.8264,6470.1584,0.1227,0
1218,0,6464.6101,6469.8264,6472.8519,0.0449,0
1219,1,6470.2280,6475.6639,6476.0308,0.1860,0
1219,0,6470.2280,6475.6639,6478.7366,0.1570,0
1220,1,6476.2159,6480.5861,6480.9167,0.1212,0
1220,0,6476.2159,6480.5861,6483.6026,0.0444,0
1221,1,6480.9800,6486.3303,6486.6815,0.1733,0
1221,0,6480.9800,6486.3303,6489.3695,0.0451,0
1222,1,6486.7456,6492.2280,6492.6190,0.1868,0
1222,0,6486.7456,6492.2280,6495.3223,0.0504,0
1223,1,6492.6886,6497.7672,6498.1351,0.1687,0
1223,0,6492.6886,6497.7672,6500.8280,0.0409,0
1224,1,6498.1978,6503.3510,6503.7162,0.1221,0
1224,0,6498.1978,6503.3510,6506.4719,0.0464,0
1225,1,6503.7872,6508.6437,6509.0470,0.1948,0
1225,0,6503.7872,6508.6437,6511.7258,0.0447,0
1226,1,6509.1093,6514.5879,6514.9783,0.1770,0
1226,0,6509.1093,6514.5879,6517.6774,0.0396,0
1227,1,6515.0366,6519.5493,6519.8410,0.1172,0
1227,0,6515.0366,6519.5493,6522.5105,0.0366,0
1228,1,6519.8948,6525.3320,6525.7284,0.1882,0
1228,0,6519.8948,6525.3320,6528.4932,0.0447,0
1229,1,6525.7901,6530.8111,6531.2869,0.2949,0
1229,0,6525.7901,6530.8111,6533.9878,0.0374,0
1230,1,6531.3424,6536.7240,6537.0639,0.1243,0
1230,0,6531.3424,6536.7240,6539.7547,0.0442,0
1231,1,6537.1258,6542.3979,6542.8621,0.1853,0
1231,0,6537.1258,6542.3979,6545.6419,0.0410,0
1232,1,6543.8718,6548.4336,6548.9378,0.2600,0
1232,0,6543.8718,6548.4336,6551.6074,0.1477,0
1233,1,6549.1454,6553.8131,6554.1464,0.1127,0
1233,0,6549.1454,6553.8131,6556.8281,0.1881,0
1234,1,6554.3551,6559.1698,6559.6750,0.1887,0
1234,0,6554.3551,6559.1698,6562.3776,0.0491,0
1235,1,6559.7445,6564.7855,6565.2186,0.1248,0
1235,0,6559.7445,6564.7855,6567.8749,0.7165,0
1236,1,6565.9597,6570.7203,6571.2629,0.2594,0
1236,0,6565.9597,6570.7203,6573.9106,0.0475,0
1237,1,6571.3298,6576.0142,6576.4031,0.1812,0
1237,0,6571.3298,6576.0142,6579.0712,0.0387,0
1238,1,6576.4614,6581.4084,6581.7822,0.1231,0
1238,0,6576.4614,6581.4084,6584.3860,0.0423,0
1239,1,6581.8435,6586.6787,6587.0083,0.1226,0
1239,0,6581.8435,6586.6787,6589.6094,0.0419,0
1240,1,6587.0874,6591.7526,6592.0798,0.1216,0
1240,0,6587.0874,6591.7526,6594.6645,0.0425,0
1241,1,6592.1463,6597.7595,6598.0847,0.1190,0
1241,0,6592.1463,6597.7595,6600.7017,0.0467,0
1242,1,6598.1496,6603.5006,6603.8354,0.1225,0
1242,0,6598.1496,6603.5006,6606.4984,0.0496,0
1243,1,6603.9025,6609.1196,6609.4441,0.1198,0
1243,0,6603.9025,6609.1196,6612.0974,0.1227,0
1244,1,6609.6021,6614.1571,6614.4832,0.1234,0
1244,0,6609.6021,6614.1571,6617.1169,0.0457,0
1245,1,6614.5473,6619.9381,6620.3035,0.1231,0
1245,0,6614.5473,6619.9381,6622.9540,0.0441,0
1246,1,6620.3694,6625.5985,6625.9385,0.1222,0
1246,0,6620.3694,6625.5985,6628.5897,0.0458,0
1247,1,6626.0035,6631.1664,6631.5020,0.1214,0
1247,0,6626.0035,6631.1664,6634.1658,0.0432,0
1248,1,6631.5621,6636.9367,6637.2734,0.1224,0
1248,0,6631.5621,6636.9367,6639.9524,0.0414,0
1249,1,6637.3451,6642.5304,6642.8792,0.1200,0
1249,0,6637.3451,6642.5304,6645.6564,0.0431,0
1250,1,6642.9421,6647.5617,6647.8895,0.1195,0
1250,0,6642.9421,6647.5617,6650.5617,0.0441,0
1251,1,6647.9510,6653.2666,6653.6430,0.1290,0
1251,0,6647.9510,6653.2666,6656.3059,0.0432,0
1252,1,6653.7066,6658.9766,6659.3023,0.1207,0
1252,0,6653.7066,6658.9766,6661.9729,0.0450,0
1253,1,6659.3710,6664.6240,6664.9494,0.1200,0
1253,0,6659.3710,6664.6240,6667.6320,0.0391,0
1254,1,6665.0074,6670.0852,6670.3890,0.1184,0
1254,0,6665.0074,6670.0852,6673.0668,0.0401,0
1255,1,6670.4648,6675.9375,6676.3182,0.1188,0
1255,0,6670.4648,6675.9375,6679.0110,0.0441,0
1256,1,6676.4004,6681.1125,6681.4513,0.1619,0
1256,0,6676.4004,6681.1125,6684.2001,0.0369,0
1257,1,6681.5193,6686.7114,6687.3152,0.1529,0
1257,0,6681.5193,6686.7114,6690.0227,0.0463,0
1258,1,6687.3818,6692.1420,6692.5908,0.2621,0
1258,0,6687.3818,6692.1420,6695.2532,0.0449,0
1259,1,6692.6530,6697.9754,6698.2805,0.1194,0
1259,0,6692.6530,6697.9754,6701.1062,0.0357,0
1260,1,6698.3340,6703.1831,6703.4771,0.1224,0
1260,0,6698.3340,6703.1831,6706.1535,0.0572,0
1261,1,6703.5550,6708.7676,6709.0606,0.1152,0
1261,0,6703.5550,6708.7676,6711.7280,0.0366,0
1262,1,6709.1156,6714.3664,6714.6602,0.1191,0
1262,0,6709.1156,6714.3664,6717.3603,0.0355,0
1263,1,6714.7130,6719.8192,6720.1090,0.1187,0
1263,0,6714.7130,6719.8192,6722.7840,0.0387,0
1264,1,6720.1824,6725.6173,6725.9411,0.1178,0
1264,0,6720.1824,6725.6173,6728.6329,0.0431,0
1265,1,6726.0014,6730.6631,6730.9607,0.1235,0
1265,0,6726.0014,6730.6631,6733.6388,0.0366,0
1266,1,6731.0140,6736.7641,6737.1021,0.1322,0
1266,0,6731.0140,6736.7641,6739.8008,0.0453,0
1267,1,6737.1724,6742.4363,6742.7559,0.1155,0
1267,0,6737.1724,6742.4363,6745.4600,0.1199,0
1268,1,6742.9164,6747.4683,6747.7975,0.1182,0
1268,0,6742.9164,6747.4683,6750.5049,0.0426,0
1269,1,6747.8587,6753.3774,6753.7017,0.1216,0
1269,0,6747.8587,6753.3774,6756.4271,0.0422,0
1270,1,6753.7623,6758.9955,6759.3174,0.1197,0
1270,0,6753.7623,6758.9955,6762.0164,0.0446,0
1271,1,6759.3847,6764.5372,6764.8367,0.1157,0
1271,0,6759.3847,6764.5372,6767.6123,0.0436,0
1272,1,6764.9020,6770.2391,6770.5927,0.1245,0
1272,0,6764.9020,6770.2391,6773.3293,0.0435,0
1273,1,6770.6648,6775.7374,6776.0391,0.1220,0
1273,0,6770.6648,6775.7374,6778.7406,0.0443,0
1274,1,6776.1035,6780.6918,6780.9895,0.1161,0
1274,0,6776.1035,6780.6918,6783.6681,0.0372,0
1275,1,6781.0448,6786.3617,6786.7067,0.1235,0
1275,0,6781.0448,6786.3617,6789.3976,0.0415,0
1276,1,6786.7658,6792.1905,6792.4868,0.1159,0
1276,0,6786.7658,6792.1905,6795.2149,0.0438,0
1277,1,6792.5479,6797.7948,6798.1192,0.1166,0
1277,0,6792.5479,6797.7948,6800.8235,0.0435,0
1278,1,6798.1813,6803.4470,6803.7721,0.1219,0
1278,0,6798.1813,6803.4470,6806.5081,0.0424,0
1279,1,6803.8397,6808.7412,6809.0340,0.1139,0
1279,0,6803.8397,6808.7412,6811.7285,0.0441,0
1280,1,6809.0966,6814.5829,6814.8759,0.1152,0
1280,0,6809.0966,6814.5829,6817.5929,0.0432,0
1281,1,6814.9433,6819.9590,6820.2817,0.1176,0
1281,0,6814.9433,6819.9590,6822.9976,0.0470,0
1282,1,6820.3484,6825.6679,6825.9799,0.1123,0
1282,0,6820.3484,6825.6679,6828.7892,0.0472,0
1283,1,6826.0629,6831.2208,6831.5222,0.1194,0
1283,0,6826.0629,6831.2208,6834.2373,0.0436,0
1284,1,6831.5850,6836.7805,6837.0872,0.1211,0
1284,0,6831.5850,6836.7805,6839.7987,0.0448,0
1285,1,6837.1708,6842.5887,6843.0226,0.1270,0
1285,0,6837.1708,6842.5887,6845.8270,0.0460,0
1286,1,6843.0911,6847.8950,6848.2417,0.1671,0
1286,0,6843.0911,6847.8950,6850.9455,0.0382,0
1287,1,6848.3003,6853.3811,6853.7096,0.1218,0
1287,0,6848.3003,6853.3811,6856.4073,0.0445,0
1288,1,6853.7711,6859.1199,6859.4474,0.1200,0
1288,0,6853.7711,6859.1199,6862.1696,0.1562,0
1289,1,6859.6373,6864.6477,6864.9422,0.1152,0
1289,0,6859.6373,6864.6477,6867.6465,0.0381,0
1290,1,6864.9986,6870.2822,6870.5844,0.1209,0
1290,0,6864.9986,6870.2822,6873.2915,0.0376,0
1291,1,6870.6653,6875.7109,6876.0120,0.1182,0
1291,0,6870.6653,6875.7109,6878.7107,0.0517,0
1292,1,6876.0819,6880.8139,6881.1121,0.1133,0
1292,0,6876.0819,6880.8139,6883.7913,0.0365,0
1293,1,6881.1716,6886.6111,6886.9431,0.1238,0
1293,0,6881.1716,6886.6111,6889.6384,0.0451,0
1294,1,6887.0057,6892.3919,6892.7212,0.1196,0
1294,0,6887.0057,6892.3919,6895.4343,0.0422,0
1295,1,6892.7857,6897.8334,6898.1726,0.1204,0
1295,0,6892.7857,6897.8334,6900.8784,0.0438,0
1296,1,6898.2341,6903.5896,6903.9170,0.1236,0
1296,0,6898.2341,6903.5896,6906.6463,0.0422,0
1297,1,6903.9874,6908.5874,6908.8746,0.1147,0
1297,0,6903.9874,6908.5874,6911.5587,0.0361,0
1298,1,6908.9291,6914.4621,6914.7860,0.1211,0
1298,0,6908.9291,6914.4621,6917.4885,0.0440,0
1299,1,6914.8473,6920.1429,6920.4836,0.1290,0
1299,0,6914.8473,6920.1429,6923.2322,0.0447,0
1300,1,6920.5456,6925.1432,6925.4299,0.1162,0
1300,0,6920.5456,6925.1432,6928.1176,0.0347,0
1301,1,6925.4840,6930.9506,6931.2448,0.1145,0
1301,0,6925.4840,6930.9506,6933.9434,0.0372,0
1302,1,6931.2991,6936.9279,6937.3564,0.1211,0
1302,0,6931.2991,6936.9279,6940.1184,0.0459,0
1303,1,6937.4318,6942.0120,6942.3405,0.1178,0
1303,0,6937.4318,6942.0120,6945.0325,0.0441,0
1304,1,6942.4030,6947.8202,6948.1088,0.1144,0
1304,0,6942.4030,6947.8202,6950.8149,0.0354,0
1305,1,6948.1654,6953.3480,6953.6717,0.1163,0
1305,0,6948.1654,6953.3480,6956.4008,0.0462,0
1306,1,6953.7369,6958.4612,6958.7779,0.1142,0
1306,0,6953.7369,6958.4612,6961.4590,0.0442,0
1307,1,6958.8402,6964.1494,6964.4408,0.1148,0
1307,0,6958.8402,6964.1494,6967.2420,0.0446,0
1308,1,6964.5025,6970.1664,6970.5230,0.1225,0
1308,0,6964.5025,6970.1664,6973.2526,0.0446,0
1309,1,6970.5905,6975.2170,6975.5103,0.1125,0
1309,0,6970.5905,6975.2170,6978.2024,0.0447,0
1310,1,6975.5817,6981.1811,6981.4772,0.1158,0
1310,0,6975.5817,6981.1811,6984.1928,0.0452,0
1311,1,6981.5394,6986.8329,6987.1434,0.1248,0
1311,0,6981.5394,6986.8329,6989.8620,0.0437,0
1312,1,6987.2065,6992.3979,6992.7170,0.1150,0
1312,0,6987.2065,6992.3979,6995.4343,0.0442,0
1313,1,6992.7787,6997.3774,6997.6913,0.1097,0
1313,0,6992.7787,6997.3774,7000.3777,0.0443,0
1314,1,6997.7524,7003.6323,7004.0070,0.1222,0
1314,0,6997.7524,7003.6323,7006.7852,0.0392,0
1315,1,7004.0716,7008.7579,7009.0734,0.1168,0
1315,0,7004.0716,7008.7579,7011.7726,0.0456,0
1316,1,7009.1375,7014.6445,7014.9685,0.1198,0
1316,0,7009.1375,7014.6445,7017.7440,0.0401,0
1317,1,7015.0254,7020.0875,7020.4276,0.1261,0
1317,0,7015.0254,7020.0875,7023.1355,0.0411,0
1318,1,7020.4926,7025.7197,7026.0795,0.1267,0
1318,0,7020.4926,7025.7197,7028.7975,0.0488,0
1319,1,7026.1460,7031.1975,7031.4925,0.1181,0
1319,0,7026.1460,7031.1975,7034.2245,0.0485,0
1320,1,7031.5584,7036.8034,7037.1296,0.1219,0
1320,0,7031.5584,7036.8034,7039.8400,0.0476,0
1321,1,7037.1967,7042.4572,7042.7911,0.1211,0
1321,0,7037.1967,7042.4572,7045.5076,0.0406,0
1322,1,7042.8501,7047.6455,7047.9315,0.1131,0
1322,0,7042.8501,7047.6455,7050.6401,0.0356,0
1323,1,7048.9615,7053.3350,7053.6568,0.1216,0
1323,0,7048.9615,7053.3350,7056.3562,0.0447,0
1324,1,7053.7661,7058.6992,7059.0193,0.1164,0
1324,0,7053.7661,7058.6992,7061.6663,0.0446,0
1325,1,7059.0816,7064.5635,7064.8904,0.1189,0
1325,0,7059.0816,7064.5635,7067.5646,0.0458,0
1326,1,7064.9551,7070.2786,7070.6337,0.1243,0
1326,0,7064.9551,7070.2786,7073.3262,0.0454,0
1327,1,7070.7086,7075.8706,7076.2176,0.1200,0
1327,0,7070.7086,7075.8706,7078.9015,0.0495,0
1328,1,7076.2864,7081.1465,7081.4752,0.1198,0
1328,0,7076.2864,7081.1465,7084.1449,0.0436,0
1329,1,7081.5368,7086.7959,7087.1262,0.1220,0
1329,0,7081.5368,7086.7959,7089.8451,0.0484,0
1330,1,7087.2119,7092.3270,7092.6416,0.1141,0
1330,0,7087.2119,7092.3270,7095.4263,0.0447,0
1331,1,7092.7034,7097.9656,7098.3117,0.1210,0
1331,0,7092.7034,7097.9656,7101.0202,0.0427,0
1332,1,7098.3731,7103.5300,7103.9070,0.1287,0
1332,0,7098.3731,7103.5300,7106.6128,0.0439,0
1333,1,7103.9742,7109.0224,7109.3360,0.1229,0
1333,0,7103.9742,7109.0224,7112.0482,0.0393,0
1334,1,7109.3966,7114.4962,7114.8278,0.1201,0
1334,0,7109.3966,7114.4962,7117.5129,0.0444,0
1335,1,7114.8904,7120.1321,7120.4664,0.1241,0
1335,0,7114.8904,7120.1321,7123.1554,0.0446,0
1336,1,7120.5281,7125.6337,7125.9527,0.1176,0
1336,0,7120.5281,7125.6337,7128.6675,0.0448,0
1337,1,7126.0149,7131.2854,7131.6151,0.1209,0
1337,0,7126.0149,7131.2854,7134.3081,0.0402,0
1338,1,7131.6739,7136.6849,7137.0094,0.1209,0
1338,0,7131.6739,7136.6849,7139.6937,0.0477,0
1339,1,7137.0756,7142.4940,7142.8126,0.1187,0
1339,0,7137.0756,7142.4940,7145.5427,0.0910,0
1340,1,7142.9216,7147.5771,7147.8990,0.1197,0
1340,0,7142.9216,7147.5771,7150.5764,0.0443,0
1341,1,7147.9613,7153.4400,7153.7614,0.1204,0
1341,0,7147.9613,7153.4400,7156.4549,0.0597,0
1342,1,7153.8413,7159.1160,7159.5927,0.1196,0
1342,0,7153.8413,7159.1160,7162.3065,0.0428,0
1343,1,7159.6709,7164.8291,7165.1274,0.1046,0
1343,0,7159.6709,7164.8291,7167.8979,0.0354,0
1344,1,7165.2088,7170.3644,7170.6945,0.1195,0
1344,0,7165.2088,7170.3644,7173.4376,0.0413,0
1345,1,7170.8050,7175.9376,7176.3440,0.1194,0
1345,0,7170.8050,7175.9376,7179.1234,0.0432,0
1346,1,7176.4490,7181.4981,7181.9199,0.1557,0
1346,0,7176.4490,7181.4981,7184.6576,0.0460,0
1347,1,7181.9849,7187.2588,7187.6887,0.1346,0
1347,0,7181.9849,7187.2588,7190.3951,0.3438,0
1348,1,7188.0573,7192.9324,7193.2301,0.1155,0
1348,0,7188.0573,7192.9324,7195.9160,0.2717,0
1349,1,7193.5299,7198.3988,7198.7353,0.1147,0
1349,0,7193.5299,7198.3988,7201.4145,0.5202,0
1350,1,7199.2811,7204.0703,7204.4873,0.2419,0
1350,0,7199.2811,7204.0703,7207.2661,0.3239,0
1351,1,7204.8387,7209.7781,7210.1044,0.1185,0
1351,0,7204.8387,7209.7781,7212.7522,0.1287,0
1352,1,7210.2542,7215.1354,7215.4626,0.1204,0
1352,0,7210.2542,7215.1354,7218.1026,0.3160,0
1353,1,7215.7961,7220.5111,7220.8503,0.1133,0
1353,0,7215.7961,7220.5111,7223.5331,0.4405,0
1354,1,7221.3098,7226.1625,7226.4902,0.1179,0
1354,0,7221.3098,7226.1625,7229.1160,0.1400,0
1355,1,7226.6549,7231.6132,7231.9148,0.1187,0
1355,0,7226.6549,7231.6132,7234.5831,0.0445,0
1356,1,7231.9844,7237.0253,7237.3372,0.1248,0
1356,0,7231.9844,7237.0253,7239.9886,0.0355,0
1357,1,7237.4160,7242.4936,7242.8187,0.1209,0
1357,0,7237.4160,7242.4936,7245.4438,0.0407,0
1358,1,7242.8793,7247.4951,7247.8306,0.1225,0
1358,0,7242.8793,7247.4951,7250.4332,0.0439,0
1359,1,7247.8911,7253.2836,7253.6101,0.1215,0
1359,0,7247.8911,7253.2836,7256.2492,0.0495,0
1360,1,7253.6767,7259.1677,7259.5794,0.1176,0
1360,0,7253.6767,7259.1677,7262.2290,0.0410,0
1361,1,7259.6490,7264.1654,7264.4584,0.1152,0
1361,0,7259.6490,7264.1654,7267.0834,0.0433,0
1362,1,7264.5239,7270.3715,7270.7321,0.1301,0
1362,0,7264.5239,7270.3715,7273.4392,0.0374,0
1363,1,7270.7889,7275.3822,7275.7065,0.1191,0
1363,0,7270.7889,7275.3822,7278.3467,0.0456,0
1364,1,7275.7705,7281.1349,7281.4270,0.1154,0
1364,0,7275.7705,7281.1349,7284.0873,0.0459,0
1365,1,7281.4902,7286.8479,7287.1490,0.1167,0
1365,0,7281.4902,7286.8479,7289.8216,0.0466,0
1366,1,7287.2141,7291.8163,7292.1091,0.1158,0
1366,0,7287.2141,7291.8163,7294.7544,0.0477,0
1367,1,7292.1772,7297.5690,7297.8889,0.1159,0
1367,0,7292.1772,7297.5690,7300.5546,0.0458,0
1368,1,7297.9531,7303.9642,7304.2977,0.1182,0
1368,0,7297.9531,7303.9642,7307.0583,0.0839,0
1369,1,7304.4020,7308.9577,7309.2436,0.1162,0
1369,0,7304.4020,7308.9577,7311.9210,0.0354,0
1370,1,7309.3205,7314.6190,7314.9411,0.1189,0
1370,0,7309.3205,7314.6190,7317.6289,0.1726,0
1371,1,7315.1441,7319.7607,7320.0603,0.1179,0
1371,0,7315.1441,7319.7607,7322.7258,0.0449,0
1372,1,7320.1253,7325.6405,7325.9633,0.1200,0
1372,0,7320.1253,7325.6405,7328.6502,0.0437,0
1373,1,7326.0247,7331.4081,7331.7951,0.1216,0
1373,0,7326.0247,7331.4081,7334.5011,0.0568,0
1374,1,7331.9078,7337.0658,7337.4998,0.1187,0
1374,0,7331.9078,7337.0658,7340.2253,0.2133,0
1375,1,7337.7358,7342.7614,7343.1709,0.1658,0
1375,0,7337.7358,7342.7614,7345.8900,0.0428,0
1376,1,7343.2397,7348.4217,7348.7408,0.1100,0
1376,0,7343.2397,7348.4217,7351.4642,0.3668,0
1377,1,7349.1288,7354.0195,7354.5256,0.3253,0
1377,0,7349.1288,7354.0195,7357.2233,0.1561,0
1378,1,7354.7053,7359.5901,7359.8850,0.1148,0
1378,0,7354.7053,7359.5901,7362.5554,0.2378,0
1379,1,7360.1528,7365.1315,7365.6048,0.2755,0
1379,0,7360.1528,7365.1315,7368.2750,0.2164,0
1380,1,7365.8433,7370.7530,7371.4760,0.5215,0
1380,0,7365.8433,7370.7530,7374.1392,0.0513,0
1381,1,7371.5480,7376.4608,7377.0464,0.3784,0
1381,0,7371.5480,7376.4608,7379.6969,0.0506,0
1382,1,7377.1149,7381.9614,7382.5659,0.3846,0
1382,0,7377.1149,7381.9614,7385.2084,0.1032,0
1383,1,7382.6922,7387.7429,7388.2251,0.2650,0
1383,0,7382.6922,7387.7429,7390.8884,0.0483,0
1384,1,7388.2929,7393.0504,7393.3539,0.1169,0
1384,0,7388.2929,7393.0504,7395.9727,0.1980,0
1385,1,7393.5716,7398.2596,7398.5597,0.1139,0
1385,0,7393.5716,7398.2596,7401.1642,0.0474,0
1386,1,7398.6245,7403.7616,7404.1852,0.1680,0
1386,0,7398.6245,7403.7616,7406.8680,0.1899,0
1387,1,7404.3957,7409.2171,7409.5794,0.1203,0
1387,0,7404.3957,7409.2171,7412.2124,0.0409,0
1388,1,7409.6468,7414.6874,7414.9815,0.1142,0
1388,0,7409.6468,7414.6874,7417.5978,0.0382,0
1389,1,7415.0391,7419.6181,7419.9483,0.1223,0
1389,0,7415.0391,7419.6181,7422.5425,0.0493,0
1390,1,7420.0150,7425.6225,7425.9555,0.1198,0
1390,0,7420.0150,7425.6225,7428.8035,0.0405,0
1391,1,7426.0143,7431.2045,7431.4996,0.1155,0
1391,0,7426.0143,7431.2045,7434.1376,0.0502,0
1392,1,7431.5688,7436.9580,7437.2564,0.1120,0
1392,0,7431.5688,7436.9580,7439.9074,0.0454,0
1393,1,7437.3289,7442.3985,7442.6875,0.1135,0
1393,0,7437.3289,7442.3985,7445.3571,0.0402,0
1394,1,7442.7554,7447.5088,7447.7970,0.1142,0
1394,0,7442.7554,7447.5088,7450.4539,0.0350,0
1395,1,7447.8505,7453.1592,7453.4505,0.1166,0
1395,0,7447.8505,7453.1592,7456.1567,0.0362,0
1396,1,7453.5036,7458.8408,7459.1651,0.1205,0
1396,0,7453.5036,7458.8408,7461.8550,0.0401,0
1397,1,7459.2317,7464.6929,7465.0338,0.1201,0
1397,0,7459.2317,7464.6929,7467.7163,0.1065,0
1398,1,7465.1594,7469.9179,7470.2540,0.1221,0
1398,0,7465.1594,7469.9179,7472.9183,0.0422,0
1399,1,7470.3207,7475.8701,7476.2615,0.1202,0
1399,0,7470.3207,7475.8701,7478.9491,0.0396,0
1400,1,7476.3216,7481.0759,7481.4197,0.1654,0
1400,0,7476.3216,7481.0759,7484.0923,0.0372,0
1401,1,7481.4739,7486.8640,7487.2099,0.1242,0
1401,0,7481.4739,7486.8640,7489.8958,0.0420,0
1402,1,7487.2693,7491.8872,7492.1849,0.1140,0
1402,0,7487.2693,7491.8872,7494.8439,0.0473,0
1403,1,7492.2548,7497.8292,7498.1617,0.1191,0
1403,0,7492.2548,7497.8292,7500.8441,0.0460,0
1404,1,7498.2247,7503.6044,7503.9468,0.1244,0
1404,0,7498.2247,7503.6044,7506.6459,0.0419,0
1405,1,7504.0187,7509.0058,7509.3630,0.1692,0
1405,0,7504.0187,7509.0058,7512.0541,0.0452,0
1406,1,7509.4281,7514.5800,7514.9082,0.1184,0
1406,0,7509.4281,7514.5800,7517.6040,0.0428,0
1407,1,7514.9687,7519.6244,7519.9593,0.1238,0
1407,0,7514.9687,7519.6244,7522.6915,0.0427,0
1408,1,7520.0190,7525.5319,7525.8672,0.1207,0
1408,0,7520.0190,7525.5319,7528.5670,0.0455,0
1409,1,7525.9299,7531.3703,7531.6575,0.1114,0
1409,0,7525.9299,7531.3703,7534.3584,0.0372,0
1410,1,7531.7129,7536.8387,7537.1698,0.1249,0
1410,0,7531.7129,7536.8387,7539.9212,0.0443,0
1411,1,7537.2323,7542.5614,7542.9106,0.1168,0
1411,0,7537.2323,7542.5614,7545.6994,0.0418,0
1412,1,7542.9827,7547.7532,7548.0812,0.1198,0
1412,0,7542.9827,7547.7532,7550.7671,0.0439,0
1413,1,7549.0838,7553.4701,7553.7870,0.1261,0
1413,0,7549.0838,7553.4701,7556.4420,0.0437,0
1414,1,7553.9209,7558.8172,7559.1491,0.1199,0
1414,0,7553.9209,7558.8172,7561.7930,0.0439,0
1415,1,7559.2118,7564.5637,7564.8529,0.1128,0
1415,0,7559.2118,7564.5637,7567.5140,0.0367,0
1416,1,7564.9110,7570.2383,7570.5710,0.1231,0
1416,0,7564.9110,7570.2383,7573.2729,0.0412,0
1417,1,7570.6499,7575.2791,7575.5808,0.1204,0
1417,0,7570.6499,7575.2791,7578.2292,0.0361,0
1418,1,7575.6394,7581.2462,7581.5424,0.1153,0
1418,0,7575.6394,7581.2462,7584.2146,0.0489,0
1419,1,7581.6273,7586.7178,7587.0151,0.1229,0
1419,0,7581.6273,7586.7178,7589.6866,0.0375,0
1420,1,7587.0699,7592.2782,7592.6182,0.1218,0
1420,0,7587.0699,7592.2782,7595.2950,0.0409,0
1421,1,7592.6755,7597.8400,7598.1698,0.1234,0
1421,0,7592.6755,7597.8400,7600.9854,0.0462,0
1422,1,7598.2399,7603.6064,7603.9013,0.1171,0
1422,0,7598.2399,7603.6064,7606.6381,0.0410,0
1423,1,7603.9853,7609.0307,7609.3584,0.1192,0
1423,0,7603.9853,7609.0307,7612.0487,0.0462,0
1424,1,7609.4249,7614.0230,7614.3210,0.1223,0
1424,0,7609.4249,7614.0230,7616.9812,0.0439,0
1425,1,7614.3813,7619.6984,7620.0104,0.1188,0
1425,0,7614.3813,7619.6984,7622.6950,0.0446,0
1426,1,7620.0780,7625.6863,7625.9826,0.1134,0
1426,0,7620.0780,7625.6863,7628.6824,0.0368,0
1427,1,7626.0427,7630.9026,7631.2025,0.1207,0
1427,0,7626.0427,7630.9026,7633.9211,0.0437,0
1428,1,7631.2709,7637.1393,7637.4850,0.1129,0
1428,0,7631.2709,7637.1393,7640.2237,0.0476,0
1429,1,7637.5575,7642.3062,7642.6393,0.1244,0
1429,0,7637.5575,7642.3062,7645.3452,0.0421,0
1430,1,7642.7006,7647.3583,7647.6769,0.1158,0
1430,0,7642.7006,7647.3583,7650.3928,0.0421,0
1431,1,7647.7361,7653.0781,7653.4214,0.1213,0
1431,0,7647.7361,7653.0781,7656.1128,0.0456,0
1432,1,7653.4882,7659.0858,7659.4288,0.1250,0
1432,0,7653.4882,7659.0858,7662.1943,0.0418,0
1433,1,7659.4918,7664.7026,7665.0112,0.1136,0
1433,0,7659.4918,7664.7026,7667.7381,0.0379,0
1434,1,7665.0889,7670.1797,7670.5294,0.1226,0
1434,0,7665.0889,7670.1797,7673.2514,0.0428,0
1435,1,7670.6130,7675.4012,7675.7335,0.1217,0
1435,0,7670.6130,7675.4012,7678.5654,0.0487,0
1436,1,7675.8140,7681.2072,7681.6812,0.1507,0
1436,0,7675.8140,7681.2072,7684.3967,0.0979,0
1437,1,7681.8120,7686.5791,7686.8706,0.1160,0
1437,0,7681.8120,7686.5791,7689.5553,0.0493,0
1438,1,7686.9390,7692.5566,7692.9182,0.1193,0
1438,0,7686.9390,7692.5566,7695.6295,0.0382,0
1439,1,7692.9954,7697.9328,7698.2746,0.1576,0
1439,0,7692.9954,7697.9328,7700.9824,0.0465,0
1440,1,7698.3389,7703.3383,7703.6714,0.1213,0
1440,0,7698.3389,7703.3383,7706.3552,0.0449,0
1441,1,7703.7338,7709.0181,7709.3442,0.1201,0
1441,0,7703.7338,7709.0181,7712.0355,0.0462,0
1442,1,7709.4206,7714.6201,7714.9827,0.1257,0
1442,0,7709.4206,7714.6201,7717.6772,0.0424,0
1443,1,7715.0435,7720.0556,7720.3949,0.1236,0
1443,0,7715.0435,7720.0556,7723.0810,0.0447,0
1444,1,7720.4581,7725.1850,7725.4739,0.1149,0
1444,0,7720.4581,7725.1850,7728.1381,0.0360,0
1445,1,7725.5262,7730.8102,7731.1388,0.1192,0
1445,0,7725.5262,7730.8102,7733.8135,0.0453,0
1446,1,7731.2021,7737.0266,7737.3673,0.1215,0
1446,0,7731.2021,7737.0266,7740.1440,0.0387,0
1447,1,7737.4322,7742.0875,7742.3774,0.1151,0
1447,0,7737.4322,7742.0875,7745.0968,0.0363,0
1448,1,7742.4310,7747.7726,7748.1078,0.1253,0
1448,0,7742.4310,7747.7726,7750.8032,0.0498,0
1449,1,7748.1750,7753.5223,7753.8529,0.1207,0
1449,0,7748.1750,7753.5223,7756.5627,0.0383,0
1450,1,7753.9077,7759.1305,7759.4605,0.1190,0
1450,0,7753.9077,7759.1305,7762.1785,0.0503,0
1451,1,7759.5427,7764.2092,7764.5377,0.1245,0
1451,0,7759.5427,7764.2092,7767.2214,0.0448,0
1452,1,7764.6011,7770.0296,7770.3569,0.1189,0
1452,0,7764.6011,7770.0296,7773.1197,0.0457,0
1453,1,7770.4256,7775.4207,7775.8102,0.1135,0
1453,0,7770.4256,7775.4207,7778.5044,0.0481,0
1454,1,7775.8857,7780.9245,7781.2538,0.1196,0
1454,0,7775.8857,7780.9245,7783.9390,0.0481,0
1455,1,7781.3201,7786.6559,7786.9811,0.1230,0
1455,0,7781.3201,7786.6559,7789.6741,0.0416,0
1456,1,7787.0396,7792.3312,7792.6510,0.1163,0
1456,0,7787.0396,7792.3312,7795.3538,0.0427,0
1457,1,7792.7151,7797.9981,7798.3328,0.1185,0
1457,0,7792.7151,7797.9981,7801.0759,0.0387,0
1458,1,7798.3889,7803.5115,7803.8517,0.1186,0
1458,0,7798.3889,7803.5115,7806.5715,0.1007,0
1459,1,7803.9698,7808.6091,7808.9380,0.1201,0
1459,0,7803.9698,7808.6091,7811.6275,0.0435,0
1460,1,7808.9995,7814.3277,7814.6545,0.1186,0
1460,0,7808.9995,7814.3277,7817.3464,0.0431,0
1461,1,7814.7147,7820.0170,7820.3547,0.1246,0
1461,0,7814.7147,7820.0170,7823.1115,0.0449,0
1462,1,7820.4188,7825.7562,7826.1416,0.1299,0
1462,0,7820.4188,7825.7562,7828.8799,0.1294,0
1463,1,7826.3782,7830.9174,7831.2198,0.1174,0
1463,0,7826.3782,7830.9174,7833.9035,0.0374,0
1464,1,7831.2764,7837.1484,7837.4996,0.1169,0
1464,0,7831.2764,7837.1484,7840.2467,0.2176,0
1465,1,7837.7370,7842.1693,7842.4724,0.1166,0
1465,0,7837.7370,7842.1693,7845.1632,0.0479,0
1466,1,7842.5382,7847.8831,7848.1843,0.1156,0
1466,0,7842.5382,7847.8831,7850.8707,0.0443,0
1467,1,7848.2463,7853.4701,7853.7969,0.1199,0
1467,0,7848.2463,7853.4701,7856.5095,0.0432,0
1468,1,7853.8574,7859.0132,7859.3120,0.1132,0
1468,0,7853.8574,7859.0132,7862.0050,0.0370,0
1469,1,7859.3761,7864.8041,7865.1483,0.1120,0
1469,0,7859.3761,7864.8041,7867.8661,0.0383,0
1470,1,7865.2084,7870.3369,7870.7325,0.1187,0
1470,0,7865.2084,7870.3369,7873.5321,0.0480,0
1471,1,7870.8054,7875.7981,7876.1030,0.1182,0
1471,0,7870.8054,7875.7981,7878.7997,0.0388,0
1472,1,7876.1597,7881.1881,7881.4892,0.1147,0
1472,0,7876.1597,7881.1881,7884.2118,0.0433,0
1473,1,7881.5538,7886.8325,7887.1375,0.1228,0
1473,0,7881.5538,7886.8325,7889.8339,0.0441,0
1474,1,7887.2051,7892.2085,7892.5182,0.1202,0
1474,0,7887.2051,7892.2085,7895.2067,0.0434,0
1475,1,7892.5796,7897.3271,7897.6214,0.1111,0
1475,0,7892.5796,7897.3271,7900.3227,0.0374,0
1476,1,7897.6752,7903.4312,7903.7325,0.1188,0
1476,0,7897.6752,7903.4312,7906.4418,0.0396,0
1477,1,7903.8009,7908.5183,7908.8920,0.1248,0
1477,0,7903.8009,7908.5183,7911.5851,0.0484,0
1478,1,7908.9598,7914.3778,7914.7196,0.1201,0
1478,0,7908.9598,7914.3778,7917.4229,0.0439,0
1479,1,7914.7811,7920.2215,7920.5237,0.1186,0
1479,0,7914.7811,7920.2215,7923.2376,0.0380,0
1480,1,7920.5819,7925.2091,7925.5042,0.1140,0
1480,0,7920.5819,7925.2091,7928.1961,0.0382,0
1481,1,7925.5596,7930.8878,7931.2292,0.1298,0
1481,0,7925.5596,7930.8878,7933.9258,0.0478,0
1482,1,7931.2944,7936.9182,7937.2240,0.1173,0
1482,0,7931.2944,7936.9182,7939.9685,0.0377,0
1483,1,7937.2838,7941.9358,7942.2262,0.1139,0
1483,0,7937.2838,7941.9358,7944.9169,0.0355,0
1484,1,7942.2804,7947.6650,7947.9865,0.1190,0
1484,0,7942.2804,7947.6650,7950.7075,0.0505,0
1485,1,7948.0538,7953.3861,7953.7186,0.1242,0
1485,0,7948.0538,7953.3861,7956.4281,0.0435,0
1486,1,7953.7800,7959.1385,7959.4694,0.1204,0
1486,0,7953.7800,7959.1385,7962.1879,0.1101,0
1487,1,7959.6221,7964.2084,7964.4985,0.1138,0
1487,0,7959.6221,7964.2084,7967.2102,0.0358,0
1488,1,7964.5518,7970.3147,7970.6842,0.1176,0
1488,0,7964.5518,7970.3147,7973.4641,0.0393,0
1489,1,7970.7539,7975.3539,7975.6557,0.1157,0
1489,0,7970.7539,7975.3539,7978.3453,0.0435,0
1490,1,7975.7169,7981.1109,7981.4160,0.1148,0
1490,0,7975.7169,7981.1109,7984.1828,0.0432,0
1491,1,7981.4800,7986.6624,7987.0020,0.1227,0
1491,0,7981.4800,7986.6624,7989.7116,0.0458,0
1492,1,7987.0695,7991.8315,7992.1681,0.1260,0
1492,0,7987.0695,7991.8315,7994.8548,0.0461,0
1493,1,7992.2319,7997.6257,7997.9669,0.1190,0
1493,0,7992.2319,7997.6257,8000.6710,0.0459,0
1494,1,7998.0328,8003.5497,8003.8495,0.1181,0
1494,0,7998.0328,8003.5497,8006.5647,0.1001,0
1495,1,8003.9730,8008.6513,8008.9809,0.1249,0
1495,0,8003.9730,8008.6513,8011.6676,0.0417,0
