frame,interpolated,sample_ms,ready_ms,present_ms,gpu_wait_ms,caught_up
0,0,10.5835,19.2670,23.6034,3.2994,0
1,1,22.6018,29.6721,32.9961,2.9683,0
1,0,22.6018,29.6721,38.3480,0.0460,0
2,1,33.0866,38.7708,41.6264,2.6384,0
2,0,33.0866,38.7708,48.2768,1.8197,0
3,1,43.4688,48.9357,49.3237,0.1200,0
3,0,43.4688,48.9357,54.5747,0.3258,0
4,1,49.6722,55.7026,56.0655,0.1268,0
4,0,49.6722,55.7026,61.4520,0.0468,0
5,1,56.1367,62.1192,62.9920,0.1116,0
5,0,56.1367,62.1192,66.9691,0.0574,0
6,1,63.0717,68.3969,68.7000,0.1140,0
6,0,63.0717,68.3969,72.5438,0.0417,0
7,1,68.7607,74.0637,74.3684,0.1190,0
7,0,68.7607,74.0637,78.1221,0.0411,0
8,1,74.4276,79.8484,80.2112,0.1152,0
8,0,74.4276,79.8484,83.9831,0.0462,0
9,1,80.2779,86.0593,86.3595,0.1032,0
9,0,80.2779,86.0593,89.9644,0.0408,0
10,1,86.4260,92.1308,92.6347,0.2812,0
10,0,86.4260,92.1308,96.2038,0.0481,0
11,1,92.7048,98.2924,98.6264,0.1173,0
11,0,92.7048,98.2924,102.2500,0.0426,0
12,1,98.6918,104.4308,104.7381,0.1158,0
12,0,98.6918,104.4308,108.2129,0.0419,0
13,1,104.8004,110.5374,110.8573,0.1184,0
13,0,104.8004,110.5374,114.3454,0.0419,0
14,1,110.9192,116.7673,117.0756,0.1149,0
14,0,110.9192,116.7673,120.4387,0.0424,0
15,1,117.1398,122.6773,123.0922,0.1360,0
15,0,117.1398,122.6773,126.4387,0.0514,0
16,1,123.1652,129.1247,129.4331,0.1167,0
16,0,123.1652,129.1247,132.8215,0.0418,0
17,1,129.4933,135.1317,135.4713,0.1135,0
17,0,129.4933,135.1317,138.7994,0.0449,0
18,1,135.5360,140.5780,141.0680,0.2662,0
18,0,135.5360,140.5780,144.3056,0.0472,0
19,1,141.1654,146.7181,147.2934,0.2898,0
19,0,141.1654,146.7181,150.4789,0.0424,0
20,1,147.3588,152.8932,153.2049,0.1152,0
20,0,147.3588,152.8932,156.3879,0.0425,0
21,1,153.2675,159.2529,159.5680,0.1192,0
21,0,153.2675,159.2529,162.7152,0.0415,0
22,1,159.6294,165.2478,165.6546,0.1307,0
22,0,159.6294,165.2478,168.7966,0.0504,0
23,1,165.7244,171.1830,171.4815,0.1124,0
23,0,165.7244,171.1830,174.6264,0.0410,0
24,1,171.5464,177.1494,177.8016,0.4004,0
24,0,171.5464,177.1494,180.9512,0.0522,0
25,1,177.8773,183.4848,183.7837,0.1071,0
25,0,177.8773,183.4848,186.8963,0.0414,0
26,1,183.8460,189.5073,189.8192,0.1172,0
26,0,183.8460,189.5073,192.8963,0.0410,0
27,1,189.9639,196.4000,196.8034,0.1165,0
27,0,189.9639,196.4000,199.9145,0.0438,0
28,1,196.8687,202.4164,202.9144,0.2998,0
28,0,196.8687,202.4164,206.0062,0.0897,0
29,1,203.0277,208.4212,208.7366,0.1162,0
29,0,203.0277,208.4212,211.8059,0.0408,0
30,1,208.7955,214.2603,214.5668,0.1138,0
30,0,208.7955,214.2603,217.6429,0.0387,0
31,1,214.6254,220.6928,221.0076,0.1176,0
31,0,214.6254,220.6928,224.0915,0.0431,0
32,1,221.0706,226.9394,227.3113,0.1178,0
32,0,221.0706,226.9394,230.4029,0.3028,0
33,1,227.6394,233.1664,233.6524,0.2939,0
33,0,227.6394,233.1664,236.7137,0.0430,0
34,1,233.7174,239.2449,239.5938,0.1202,0
34,0,233.7174,239.2449,242.6431,0.0446,0
35,1,239.6567,245.1098,245.4484,0.1188,0
35,0,239.6567,245.1098,248.5022,0.0453,0
36,1,245.5127,251.1889,251.5353,0.1203,0
36,0,245.5127,251.1889,254.5425,0.0444,0
37,1,251.6063,257.8388,258.3510,0.3014,0
37,0,251.6063,257.8388,261.4241,0.0421,0
38,1,258.4130,263.9584,264.4373,0.1265,0
38,0,258.4130,263.9584,267.4701,0.0459,0
39,1,264.5048,270.1397,270.4622,0.1156,0
39,0,264.5048,270.1397,273.4947,0.0412,0
40,1,270.5219,276.1459,276.5515,0.1269,0
40,0,270.5219,276.1459,279.6838,0.0504,0
41,1,276.6258,282.1493,282.5474,0.1282,0
41,0,276.6258,282.1493,285.5477,0.4023,0
42,1,282.9952,288.7815,289.1615,0.1715,0
42,0,282.9952,288.7815,292.2435,0.0407,0
43,1,289.2228,295.3207,295.6296,0.1150,0
43,0,289.2228,295.3207,298.6628,0.0424,0
44,1,295.6931,301.7697,302.0870,0.1051,0
44,0,295.6931,301.7697,305.1417,0.0412,0
45,1,302.1598,307.7166,308.3101,0.3805,0
45,0,302.1598,307.7166,311.4086,0.0416,0
46,1,308.3748,313.8839,314.2292,0.1209,0
46,0,308.3748,313.8839,317.3452,0.0479,0
47,1,314.2983,320.2264,320.5335,0.1174,0
47,0,314.2983,320.2264,323.5723,0.0420,0
48,1,320.5939,327.0234,327.4115,0.1156,0
48,0,320.5939,327.0234,330.5114,0.0882,0
49,1,327.5251,333.3020,333.6116,0.1195,0
49,0,327.5251,333.3020,336.6830,0.0417,0
50,1,333.6719,339.3128,339.6175,0.1159,0
50,0,333.6719,339.3128,342.7080,0.0415,0
51,1,339.6771,345.1568,345.5044,0.1212,0
51,0,339.6771,345.1568,348.5757,0.0435,0
52,1,345.6528,351.3728,351.6860,0.1157,0
52,0,345.6528,351.3728,354.7556,0.0450,0
53,1,351.7512,357.1967,357.6577,0.1159,0
53,0,351.7512,357.1967,360.7054,0.0618,0
54,1,357.7440,363.4485,364.0612,0.3792,0
54,0,357.7440,363.4485,367.1080,0.0501,0
55,1,364.1365,369.7108,370.0255,0.1220,0
55,0,364.1365,369.7108,373.0683,0.0417,0
56,1,370.0859,375.5557,375.8707,0.1182,0
56,0,370.0859,375.5557,378.8753,0.0405,0
57,1,375.9314,381.4285,381.7482,0.1148,0
57,0,375.9314,381.4285,384.9346,0.0409,0
58,1,381.8073,387.4993,387.8171,0.1185,0
58,0,381.8073,387.4993,390.8874,0.0417,0
59,1,387.8792,393.6475,394.0272,0.1132,0
59,0,387.8792,393.6475,397.0315,0.1531,0
60,1,394.2007,399.9623,400.3279,0.1732,0
60,0,394.2007,399.9623,403.3326,0.0415,0
61,1,400.3880,406.1935,406.5591,0.1663,0
61,0,400.3880,406.1935,409.5958,0.0541,0
62,1,406.6325,412.4947,412.8167,0.1157,0
62,0,406.6325,412.4947,415.8551,0.0443,0
63,1,412.8790,418.4407,418.7431,0.1127,0
63,0,412.8790,418.4407,421.7659,0.0400,0
64,1,418.8008,424.6557,425.1387,0.2605,0
64,0,418.8008,424.6557,428.1448,0.2280,0
65,1,425.3906,431.3520,431.6774,0.1162,0
65,0,425.3906,431.3520,434.7074,0.0410,0
66,1,431.7385,437.7129,438.0928,0.1217,0
66,0,431.7385,437.7129,441.2100,0.0414,0
67,1,438.1589,443.4476,443.7782,0.1142,0
67,0,438.1589,443.4476,446.7970,0.0437,0
68,1,443.8423,449.6728,450.1489,0.2909,0
68,0,443.8423,449.6728,453.1881,0.0396,0
69,1,450.2115,455.7600,456.0643,0.1143,0
69,0,450.2115,455.7600,459.0728,0.0412,0
70,1,456.1263,462.6007,462.9220,0.1145,0
70,0,456.1263,462.6007,466.0336,0.1329,0
71,1,463.0890,468.6634,469.1448,0.2870,0
71,0,463.0890,468.6634,472.2970,0.0577,0
72,1,469.2237,474.9425,475.3150,0.1772,0
72,0,469.2237,474.9425,478.3563,0.0418,0
73,1,475.3779,480.9816,481.2863,0.1153,0
73,0,475.3779,480.9816,484.4780,0.0411,0
74,1,481.3495,487.2460,487.6790,0.1172,0
74,0,481.3495,487.2460,490.9801,0.0508,0
75,1,487.7514,493.7787,494.1793,0.1968,0
75,0,487.7514,493.7787,497.3517,0.0400,0
76,1,494.2395,499.9322,500.2411,0.1170,0
76,0,494.2395,499.9322,503.2930,0.0419,0
77,1,500.3030,505.8700,506.1735,0.1150,0
77,0,500.3030,505.8700,509.2152,0.0407,0
78,1,506.2433,511.8309,512.1687,0.1221,0
78,0,506.2433,511.8309,515.2129,0.0432,0
79,1,513.2019,518.6959,519.1826,0.2803,0
79,0,513.2019,518.6959,522.2102,0.1888,0
80,1,519.5158,525.4796,525.9968,0.3136,0
80,0,519.5158,525.4796,529.0128,0.0396,0
81,1,526.0747,532.0951,532.4322,0.1290,0
81,0,526.0747,532.0951,535.4760,0.0782,0
82,1,532.5325,537.6945,540.8348,0.1227,0
82,0,532.5325,537.6945,543.9155,0.1157,0
83,1,540.9727,545.9847,546.3299,0.1110,0
83,0,540.9727,545.9847,549.3269,0.0586,0
84,1,546.4212,552.3066,552.8046,0.2624,0
84,0,546.4212,552.3066,555.8275,0.0920,0
85,1,552.9219,559.1927,559.5032,0.1204,0
85,0,552.9219,559.1927,562.5583,0.0447,0
86,1,559.5679,565.6723,566.0804,0.1242,0
86,0,559.5679,565.6723,569.1893,0.1263,0
87,1,566.2342,571.6593,572.0314,0.1555,0
87,0,566.2342,571.6593,575.1639,0.1167,0
88,1,572.1740,578.0061,578.3733,0.1696,0
88,0,572.1740,578.0061,581.4062,0.0416,0
89,1,578.4346,584.4222,584.7357,0.1171,0
89,0,578.4346,584.4222,587.7835,0.0404,0
90,1,584.7949,590.8996,591.3274,0.2270,0
90,0,584.7949,590.8996,594.4564,0.0385,0
91,1,591.3887,596.9833,597.4770,0.2955,0
91,0,591.3887,596.9833,600.5579,0.0411,0
92,1,597.5388,603.5217,603.8268,0.1141,0
92,0,597.5388,603.5217,606.8880,0.0413,0
93,1,603.8916,609.8875,610.1976,0.1162,0
93,0,603.8916,609.8875,613.2699,0.0923,0
94,1,610.3114,615.2917,615.7805,0.1169,0
94,0,610.3114,615.2917,618.8231,0.0439,0
95,1,615.8635,621.2601,621.6691,0.1161,0
95,0,615.8635,621.2601,624.6797,0.1632,0
96,1,621.8586,628.0059,628.3740,0.1700,0
96,0,621.8586,628.0059,631.4506,0.0408,0
97,1,628.4357,634.5860,634.8957,0.1218,0
97,0,628.4357,634.5860,637.9474,0.0403,0
98,1,634.9541,640.8126,641.1493,0.1175,0
98,0,634.9541,640.8126,644.2239,0.0525,0
99,1,641.2384,647.5663,647.8769,0.1164,0
99,0,641.2384,647.5663,650.9597,0.0402,0
100,1,647.9528,654.1098,654.4824,0.1201,0
100,0,647.9528,654.1098,657.6718,0.0454,0
101,1,654.5601,660.2971,660.6985,0.1198,0
101,0,654.5601,660.2971,663.9314,0.1389,0
102,1,660.9232,666.6914,667.1301,0.1156,0
102,0,660.9232,666.6914,670.2241,0.0491,0
103,1,667.2187,672.9839,673.2934,0.1156,0
103,0,667.2187,672.9839,676.3835,0.0417,0
104,1,673.3554,678.9410,679.2492,0.1165,0
104,0,673.3554,678.9410,682.3208,0.0419,0
105,1,679.3098,685.2070,685.6291,0.1149,0
105,0,679.3098,685.2070,688.8274,0.1535,0
106,1,685.8068,691.3215,692.0378,0.5268,0
106,0,685.8068,691.3215,695.0889,0.0414,0
107,1,692.1017,698.2145,698.5477,0.1172,0
107,0,692.1017,698.2145,701.6517,0.0418,0
108,1,698.6083,704.6542,705.0676,0.1405,0
108,0,698.6083,704.6542,708.1626,0.0510,0
109,1,705.1412,710.7677,711.2783,0.2593,0
109,0,705.1412,710.7677,714.3820,0.0482,0
110,1,711.3725,717.5363,717.8605,0.1281,0
110,0,711.3725,717.5363,721.0107,0.0406,0
111,1,717.9217,723.7071,724.0320,0.1234,0
111,0,717.9217,723.7071,727.1553,0.0428,0
112,1,724.1195,729.7485,730.2724,0.2959,0
112,0,724.1195,729.7485,733.3491,0.0706,0
113,1,730.3832,736.6573,736.9697,0.1178,0
113,0,730.3832,736.6573,740.0717,0.0411,0
114,1,737.0496,743.0992,743.4029,0.1148,0
114,0,737.0496,743.0992,746.5111,0.0407,0
115,1,743.4637,748.7004,749.1228,0.1167,0
115,0,743.4637,748.7004,752.2282,0.0446,0
116,1,749.2098,754.5533,754.8630,0.1133,0
116,0,749.2098,754.5533,757.9173,0.1340,0
117,1,755.0174,760.8913,761.4013,0.3152,0
117,0,755.0174,760.8913,764.4567,0.0456,0
118,1,761.4706,767.3191,767.6287,0.1168,0
118,0,761.4706,767.3191,770.6722,0.0431,0
119,1,767.6916,773.3090,773.6289,0.1168,0
119,0,767.6916,773.3090,776.6612,0.0420,0
120,1,773.6895,779.9398,780.3026,0.1207,0
120,0,773.6895,779.9398,783.4408,0.0442,0
121,1,780.3680,786.1195,786.4606,0.1169,0
121,0,780.3680,786.1195,789.5620,0.0443,0
122,1,786.5276,792.6097,793.0219,0.1154,0
122,0,786.5276,792.6097,796.3381,0.0510,0
123,1,793.0943,798.9674,799.6834,0.4687,0
123,0,793.0943,798.9674,802.7767,0.0462,0
124,1,799.7513,805.4503,805.8350,0.1301,0
124,0,799.7513,805.4503,808.9102,0.0439,0
125,1,805.8987,811.5488,811.9003,0.1193,0
125,0,805.8987,811.5488,815.0244,0.0494,0
126,1,811.9795,817.9671,818.2748,0.1190,0
126,0,811.9795,817.9671,821.3534,0.0412,0
127,1,818.3354,824.4871,824.9683,0.2878,0
127,0,818.3354,824.4871,828.0609,0.0444,0
128,1,825.0311,831.0564,831.4319,0.1682,0
128,0,825.0311,831.0564,834.5159,0.0409,0
129,1,831.5029,837.7218,838.1327,0.1245,0
129,0,831.5029,837.7218,841.2773,0.0481,0
130,1,838.2108,844.0252,844.4755,0.2648,0
130,0,838.2108,844.0252,847.6022,0.0406,0
131,1,844.5405,850.2818,850.6214,0.1181,0
131,0,844.5405,850.2818,853.7288,0.0464,0
132,1,850.6875,856.5228,856.8635,0.1224,0
132,0,850.6875,856.5228,859.9498,0.0434,0
133,1,856.9254,863.1880,863.5456,0.1213,0
133,0,856.9254,863.1880,866.6672,0.0445,0
134,1,863.6161,869.2508,869.7377,0.2907,0
134,0,863.6161,869.2508,872.8473,0.0390,0
135,1,869.8019,875.3757,875.6804,0.1136,0
135,0,869.8019,875.3757,878.8003,0.0407,0
136,1,875.7415,881.4779,881.8209,0.1186,0
136,0,875.7415,881.4779,884.8913,0.0452,0
137,1,881.8860,887.8132,888.1741,0.1205,0
137,0,881.8860,887.8132,891.2670,0.1892,0
138,1,888.3833,894.3012,894.7831,0.2820,0
138,0,888.3833,894.3012,897.8738,0.0426,0
139,1,894.8472,900.8649,901.2283,0.1221,0
139,0,894.8472,900.8649,904.3258,0.0469,0
140,1,901.3009,907.1429,907.4779,0.1202,0
140,0,901.3009,907.1429,910.6023,0.0393,0
141,1,907.5379,913.8365,914.1992,0.1702,0
141,0,907.5379,913.8365,917.3503,0.0419,0
142,1,914.2625,920.1513,920.4589,0.1168,0
142,0,914.2625,920.1513,923.6040,0.0408,0
143,1,920.5208,926.8523,927.1462,0.0971,0
143,0,920.5208,926.8523,930.2818,0.2970,0
144,1,927.4677,933.4283,933.9155,0.2924,0
144,0,927.4677,933.4283,937.0384,0.0428,0
145,1,933.9822,939.8230,940.1579,0.1213,0
145,0,933.9822,939.8230,943.2775,0.0414,0
146,1,940.2283,946.7588,947.0898,0.1163,0
146,0,940.2283,946.7588,950.2872,0.0412,0
147,1,947.1534,953.2331,953.5375,0.1133,0
147,0,947.1534,953.2331,956.7142,0.0415,0
148,1,953.6001,960.1436,960.4607,0.1102,0
148,0,953.6001,960.1436,963.6546,0.1257,0
149,1,960.6082,966.5475,967.0585,0.3179,0
149,0,960.6082,966.5475,970.2470,0.0431,0
150,1,967.1460,972.9612,973.2680,0.1175,0
150,0,967.1460,972.9612,976.4353,0.0412,0
151,1,973.3295,979.2916,979.6106,0.1142,0
151,0,973.3295,979.2916,982.8290,0.0391,0
152,1,979.6712,985.8095,986.1981,0.1949,0
152,0,979.6712,985.8095,989.3699,0.0612,0
153,1,986.2972,993.2049,993.5371,0.1244,0
153,0,986.2972,993.2049,996.7942,0.0976,0
154,1,993.6556,1000.0820,1000.3906,0.1198,0
154,0,993.6556,1000.0820,1003.6520,0.0412,0
155,1,1000.4505,1006.4635,1006.7849,0.1172,0
155,0,1000.4505,1006.4635,1009.9993,0.0417,0
156,1,1006.8511,1012.9658,1013.2887,0.1086,0
156,0,1006.8511,1012.9658,1016.5610,0.2259,0
157,1,1014.5497,1021.1449,1021.5101,0.1178,0
157,0,1014.5497,1021.1449,1024.7530,0.0464,0
158,1,1021.6549,1028.0519,1028.5923,0.3352,0
158,0,1021.6549,1028.0519,1031.8650,0.0425,0
159,1,1028.6561,1035.2169,1035.5978,0.1438,0
159,0,1028.6561,1035.2169,1038.9280,0.0462,0
160,1,1035.6671,1042.1745,1042.5269,0.1222,0
160,0,1035.6671,1042.1745,1045.8227,0.0437,0
161,1,1042.5918,1049.1713,1049.5425,0.1223,0
161,0,1042.5918,1049.1713,1052.9049,0.0470,0
162,1,1049.6126,1055.7135,1056.2207,0.3202,0
162,0,1049.6126,1055.7135,1059.5084,0.0423,0
163,1,1056.2846,1062.7769,1063.1395,0.1232,0
163,0,1056.2846,1062.7769,1066.4874,0.0489,0
164,1,1063.2084,1069.8423,1070.1859,0.1200,0
164,0,1063.2084,1069.8423,1073.5105,0.0437,0
165,1,1070.2495,1076.7495,1077.1423,0.1197,0
165,0,1070.2495,1076.7495,1080.4983,0.0459,0
166,1,1077.2140,1083.4665,1083.9895,0.3301,0
166,0,1077.2140,1083.4665,1087.3766,0.0432,0
167,1,1084.0526,1090.3596,1090.7825,0.2170,0
167,0,1084.0526,1090.3596,1094.1104,0.1705,0
168,1,1090.9793,1096.8662,1097.4252,0.3625,0
168,0,1090.9793,1096.8662,1100.8023,0.0435,0
169,1,1097.4997,1103.5405,1103.8509,0.1148,0
169,0,1097.4997,1103.5405,1107.1466,0.0434,0
170,1,1103.9193,1109.7124,1110.0222,0.1182,0
170,0,1103.9193,1109.7124,1113.4335,0.0416,0
171,1,1110.0848,1115.4658,1118.6257,0.1178,0
171,0,1110.0848,1115.4658,1121.8695,0.1155,0
172,1,1118.7633,1123.7254,1124.1298,0.1199,0
172,0,1118.7633,1123.7254,1127.3221,0.4464,0
173,1,1124.5986,1129.5694,1129.8701,0.1099,0
173,0,1124.5986,1129.5694,1132.9883,0.1463,0
174,1,1130.0722,1135.4971,1136.0424,0.3573,0
174,0,1130.0722,1135.4971,1139.1358,0.1103,0
175,1,1136.1930,1141.7566,1142.2205,0.2741,0
175,0,1136.1930,1141.7566,1145.3768,0.0424,0
176,1,1142.2961,1147.9408,1148.3747,0.1173,0
176,0,1142.2961,1147.9408,1151.4532,0.0436,0
177,1,1148.4399,1154.1754,1154.4826,0.1147,0
177,0,1148.4399,1154.1754,1157.5680,0.0401,0
178,1,1154.5437,1160.4229,1160.7965,0.1640,0
178,0,1154.5437,1160.4229,1163.8898,0.0758,0
179,1,1160.8977,1166.5758,1167.0767,0.3051,0
179,0,1160.8977,1166.5758,1170.1392,0.0430,0
180,1,1167.1405,1172.8758,1173.1806,0.1172,0
180,0,1167.1405,1172.8758,1176.3386,0.0404,0
181,1,1173.2404,1179.0252,1179.3774,0.1242,0
181,0,1173.2404,1179.0252,1182.4321,0.0470,0
182,1,1179.4438,1184.7175,1185.0617,0.1163,0
182,0,1179.4438,1184.7175,1188.1187,0.0451,0
183,1,1185.1250,1190.4113,1190.8298,0.1810,0
183,0,1185.1250,1190.4113,1193.8725,0.3452,0
184,1,1191.2005,1196.5523,1196.8569,0.1139,0
184,0,1191.2005,1196.5523,1199.8855,0.0533,0
185,1,1196.9337,1202.3142,1202.8690,0.3622,0
185,0,1196.9337,1202.3142,1205.8467,0.0428,0
186,1,1202.9334,1208.6127,1208.9322,0.1173,0
186,0,1202.9334,1208.6127,1211.9501,0.0415,0
187,1,1208.9952,1214.7398,1215.0804,0.1171,0
187,0,1208.9952,1214.7398,1218.0814,0.0437,0
188,1,1215.1432,1220.8786,1221.1812,0.1141,0
188,0,1215.1432,1220.8786,1224.2477,0.0402,0
189,1,1221.2457,1226.9086,1227.3903,0.2907,0
189,0,1221.2457,1226.9086,1230.4079,0.0953,0
190,1,1227.5104,1232.9444,1233.4587,0.3309,0
190,0,1227.5104,1232.9444,1236.4390,0.0408,0
191,1,1233.5247,1239.1861,1239.4910,0.1169,0
191,0,1233.5247,1239.1861,1242.4683,0.0402,0
192,1,1239.5555,1245.4027,1245.7166,0.1222,0
192,0,1239.5555,1245.4027,1248.7053,0.0405,0
193,1,1245.7764,1251.4175,1251.7561,0.1201,0
193,0,1245.7764,1251.4175,1254.7962,0.0441,0
194,1,1251.8198,1256.7748,1257.0920,0.1183,0
194,0,1251.8198,1256.7748,1260.0395,0.0414,0
195,1,1257.1645,1263.0461,1263.4299,0.1200,0
195,0,1257.1645,1263.0461,1266.4455,0.0463,0
196,1,1263.5488,1269.1428,1269.5684,0.2393,0
196,0,1263.5488,1269.1428,1272.5574,0.0507,0
197,1,1269.6464,1274.8615,1275.1578,0.1161,0
197,0,1269.6464,1274.8615,1278.1059,0.0407,0
198,1,1275.2233,1280.8793,1281.2511,0.1728,0
198,0,1275.2233,1280.8793,1284.1880,0.0419,0
199,1,1281.3133,1287.2101,1287.5365,0.1181,0
199,0,1281.3133,1287.2101,1290.6478,0.0408,0
200,1,1287.5972,1293.5871,1293.8866,0.1104,0
200,0,1287.5972,1293.5871,1297.0720,0.2947,0
201,1,1294.2083,1299.7983,1300.3485,0.3593,0
201,0,1294.2083,1299.7983,1303.3607,0.0429,0
202,1,1300.4135,1305.6455,1305.9722,0.1262,0
202,0,1300.4135,1305.6455,1308.9405,0.0413,0
203,1,1306.0334,1311.4475,1311.7494,0.1150,0
203,0,1306.0334,1311.4475,1314.7020,0.0420,0
204,1,1311.8093,1317.3215,1317.6397,0.1244,0
204,0,1311.8093,1317.3215,1320.6155,0.0410,0
205,1,1317.6997,1323.7463,1324.0590,0.1147,0
205,0,1317.6997,1323.7463,1327.1365,0.1687,0
206,1,1324.2705,1329.5027,1329.8106,0.1144,0
206,0,1324.2705,1329.5027,1332.8566,0.0408,0
207,1,1329.8720,1335.2661,1335.5796,0.1146,0
207,0,1329.8720,1335.2661,1338.5414,0.0410,0
208,1,1335.6428,1340.7774,1341.2039,0.1360,0
208,0,1335.6428,1340.7774,1344.1292,0.3654,0
209,1,1341.5934,1346.4212,1346.8406,0.2014,0
209,0,1341.5934,1346.4212,1349.7788,0.0414,0
210,1,1346.9043,1352.6292,1352.9955,0.1748,0
210,0,1346.9043,1352.6292,1355.8962,0.0425,0
211,1,1353.0616,1359.3159,1359.6370,0.1220,0
211,0,1353.0616,1359.3159,1362.5775,0.0474,0
212,1,1359.7059,1365.2470,1365.5939,0.1190,0
212,0,1359.7059,1365.2470,1368.5426,0.0452,0
213,1,1365.6612,1371.2207,1371.5785,0.1393,0
213,0,1365.6612,1371.2207,1374.5521,0.0435,0
214,1,1371.6445,1376.3598,1377.0094,0.2956,0
214,0,1371.6445,1376.3598,1379.9369,0.0513,0
215,1,1377.0939,1381.9856,1382.4684,0.1180,0
215,0,1377.0939,1381.9856,1385.3997,0.0440,0
216,1,1382.5527,1387.5615,1388.0266,0.1222,0
216,0,1382.5527,1387.5615,1390.9866,0.0425,0
217,1,1388.0932,1393.5931,1394.0670,0.2856,0
217,0,1388.0932,1393.5931,1397.0685,0.0744,0
218,1,1394.1616,1399.5705,1400.0139,0.2623,0
218,0,1394.1616,1399.5705,1402.8529,0.1726,0
219,1,1400.2096,1405.6680,1406.0814,0.1673,0
219,0,1400.2096,1405.6680,1408.9376,0.0448,0
220,1,1406.1450,1411.7333,1412.0957,0.1741,0
220,0,1406.1450,1411.7333,1414.9870,0.0429,0
221,1,1412.1571,1417.8989,1418.2480,0.1258,0
221,0,1412.1571,1417.8989,1421.1333,0.0440,0
222,1,1418.3114,1423.8672,1424.2952,0.1228,0
222,0,1418.3114,1423.8672,1427.2007,0.3468,0
223,1,1424.6694,1430.0606,1430.5159,0.2721,0
223,0,1424.6694,1430.0606,1433.3981,0.1376,0
224,1,1430.6820,1436.5877,1436.9407,0.1224,0
224,0,1430.6820,1436.5877,1439.8502,0.0462,0
225,1,1437.0080,1442.6764,1442.9762,0.1140,0
225,0,1437.0080,1442.6764,1445.9168,0.0464,0
226,1,1443.0469,1448.8608,1449.2326,0.1145,0
226,0,1443.0469,1448.8608,1452.1659,0.0468,0
227,1,1449.3198,1454.6917,1455.0035,0.1203,0
227,0,1449.3198,1454.6917,1457.9304,0.0412,0
228,1,1455.0732,1461.3630,1461.6671,0.1158,0
228,0,1455.0732,1461.3630,1464.6272,0.0439,0
229,1,1461.7322,1467.5424,1467.8496,0.1124,0
229,0,1461.7322,1467.5424,1470.8256,0.0418,0
230,1,1467.9126,1473.4216,1473.7241,0.1143,0
230,0,1467.9126,1473.4216,1476.7791,0.0415,0
231,1,1473.7896,1479.3050,1479.6082,0.1128,0
231,0,1473.7896,1479.3050,1482.6186,0.0406,0
232,1,1479.6698,1484.7818,1485.2621,0.1134,0
232,0,1479.6698,1484.7818,1488.2240,0.0471,0
233,1,1485.3358,1490.2094,1490.8233,0.1175,0
233,0,1485.3358,1490.2094,1493.7941,0.3367,0
234,1,1491.1884,1496.0454,1496.6927,0.1207,0
234,0,1491.1884,1496.0454,1499.5696,0.3237,0
235,1,1497.0534,1502.0294,1502.3901,0.1816,0
235,0,1497.0534,1502.0294,1505.2364,0.2752,0
236,1,1502.7049,1508.2999,1508.6661,0.1671,0
236,0,1502.7049,1508.2999,1511.5489,0.0424,0
237,1,1508.7301,1514.3422,1514.6832,0.1203,0
237,0,1508.7301,1514.3422,1517.5398,0.0440,0
238,1,1515.6583,1521.2494,1521.6266,0.1182,0
238,0,1515.6583,1521.2494,1524.5452,0.0483,0
239,1,1521.7662,1528.0088,1528.3155,0.1179,0
239,0,1521.7662,1528.0088,1531.2762,0.0415,0
240,1,1528.3780,1534.1846,1534.4925,0.1142,0
240,0,1528.3780,1534.1846,1537.4478,0.0408,0
241,1,1534.5536,1540.0366,1540.4332,0.1295,0
241,0,1534.5536,1540.0366,1543.3644,0.0497,0
242,1,1540.5235,1546.2001,1546.5444,0.1130,0
242,0,1540.5235,1546.2001,1549.5178,0.0413,0
243,1,1546.6085,1551.9802,1552.3050,0.1341,0
243,0,1546.6085,1551.9802,1555.2693,0.3210,0
244,1,1552.6648,1558.3421,1558.8317,0.3000,0
244,0,1552.6648,1558.3421,1561.7983,0.0433,0
245,1,1558.8951,1564.7332,1565.0775,0.1230,0
245,0,1558.8951,1564.7332,1568.0100,0.0465,0
246,1,1565.1430,1570.9304,1571.3015,0.1236,0
246,0,1565.1430,1570.9304,1574.3364,0.0412,0
247,1,1571.3691,1576.4857,1576.9323,0.1206,0
247,0,1571.3691,1576.4857,1579.8844,0.0449,0
248,1,1577.0036,1581.8537,1582.4832,0.1136,0
248,0,1577.0036,1581.8537,1585.4461,0.0470,0
249,1,1582.5727,1587.5560,1588.0313,0.1196,0
249,0,1582.5727,1587.5560,1591.0395,0.0452,0
250,1,1588.0973,1593.2545,1593.7292,0.2851,0
250,0,1588.0973,1593.2545,1596.7790,0.1770,0
251,1,1593.9280,1599.0593,1599.3667,0.1149,0
251,0,1593.9280,1599.0593,1602.2558,0.0412,0
252,1,1599.4533,1604.8013,1605.1093,0.1154,0
252,0,1599.4533,1604.8013,1607.9590,0.2759,0
253,1,1605.4143,1610.9357,1611.3222,0.1734,0
253,0,1605.4143,1610.9357,1614.1787,0.0510,0
254,1,1611.3929,1616.9414,1617.4338,0.2746,0
254,0,1611.3929,1616.9414,1620.3238,0.0494,0
255,1,1617.5036,1623.2450,1623.5462,0.1139,0
255,0,1617.5036,1623.2450,1626.4078,0.0408,0
256,1,1623.6118,1629.3608,1629.6779,0.1143,0
256,0,1623.6118,1629.3608,1632.6330,0.0996,0
257,1,1629.7997,1634.9406,1638.0871,0.1163,0
257,0,1629.7997,1634.9406,1641.0157,0.1172,0
258,1,1638.2508,1642.9103,1643.5777,0.1187,0
258,0,1638.2508,1642.9103,1649.1516,0.0414,0
259,1,1643.6509,1648.5223,1649.4374,0.1162,0
259,0,1643.6509,1648.5223,1652.4087,0.1915,0
260,1,1649.6671,1654.7125,1655.0956,0.1600,0
260,0,1649.6671,1654.7125,1657.8902,0.2992,0
261,1,1655.4239,1661.6126,1661.9344,0.1144,0
261,0,1655.4239,1661.6126,1664.8162,0.0440,0
262,1,1661.9989,1667.7528,1668.0529,0.1141,0
262,0,1661.9989,1667.7528,1670.9234,0.0409,0
263,1,1668.1188,1673.7601,1674.0665,0.1157,0
263,0,1668.1188,1673.7601,1677.0345,0.0408,0
264,1,1674.1247,1679.1407,1679.4878,0.1226,0
264,0,1674.1247,1679.1407,1682.3659,0.0454,0
265,1,1679.5508,1685.3678,1685.6698,0.1153,0
265,0,1679.5508,1685.3678,1688.5753,0.0409,0
266,1,1685.7304,1691.1249,1691.7103,0.2707,0
266,0,1685.7304,1691.1249,1694.6177,0.1972,0
267,1,1691.9287,1697.4373,1697.8028,0.1759,0
267,0,1691.9287,1697.4373,1700.6822,0.0430,0
268,1,1697.8653,1703.4381,1703.7431,0.1159,0
268,0,1697.8653,1703.4381,1706.6135,0.0409,0
269,1,1703.8097,1709.6045,1709.9975,0.1175,0
269,0,1703.8097,1709.6045,1712.9175,0.0508,0
270,1,1710.0664,1715.5474,1715.9338,0.1159,0
270,0,1710.0664,1715.5474,1718.8445,0.0420,0
271,1,1716.0208,1721.6174,1722.2712,0.3925,0
271,0,1716.0208,1721.6174,1725.1852,0.0466,0
272,1,1722.3388,1727.8446,1728.1503,0.1168,0
272,0,1722.3388,1727.8446,1731.0957,0.0409,0
273,1,1728.2330,1733.6131,1733.9834,0.1853,0
273,0,1728.2330,1733.6131,1736.8735,0.0409,0
274,1,1734.0691,1740.0036,1740.3737,0.1265,0
274,0,1734.0691,1740.0036,1743.2833,0.0501,0
275,1,1740.4443,1746.2330,1746.6523,0.1283,0
275,0,1740.4443,1746.2330,1749.6834,0.0470,0
276,1,1746.7202,1751.5159,1752.0944,0.2906,0
276,0,1746.7202,1751.5159,1755.0335,0.0445,0
277,1,1752.1662,1756.8408,1757.5108,0.1103,0
277,0,1752.1662,1756.8408,1760.4637,0.3601,0
278,1,1757.8927,1762.5574,1763.0392,0.1195,0
278,0,1757.8927,1762.5574,1768.5918,0.0501,0
279,1,1763.1319,1768.2487,1768.9262,0.1124,0
279,0,1763.1319,1768.2487,1771.8074,0.0393,0
280,1,1768.9851,1774.1272,1774.5510,0.1912,0
280,0,1768.9851,1774.1272,1777.3888,0.1874,0
281,1,1774.7584,1779.7329,1780.1037,0.1167,0
281,0,1774.7584,1779.7329,1782.9069,0.3825,0
282,1,1780.5055,1785.9705,1786.3445,0.1739,0
282,0,1780.5055,1785.9705,1789.1416,0.0418,0
283,1,1786.4057,1792.2567,1792.6381,0.1612,0
283,0,1786.4057,1792.2567,1795.4594,0.0435,0
284,1,1792.7012,1798.3888,1798.7169,0.1194,0
284,0,1792.7012,1798.3888,1801.5633,0.0410,0
285,1,1798.7755,1804.5224,1804.9118,0.1215,0
285,0,1798.7755,1804.5224,1807.8020,0.0453,0
286,1,1804.9771,1810.1519,1810.4904,0.1203,0
286,0,1804.9771,1810.1519,1813.3409,0.0434,0
287,1,1810.5719,1815.7439,1816.0861,0.1141,0
287,0,1810.5719,1815.7439,1818.9309,0.1512,0
288,1,1816.2834,1821.6169,1822.2016,0.3774,0
288,0,1816.2834,1821.6169,1825.0716,0.0419,0
289,1,1822.2671,1828.2908,1828.6045,0.1206,0
289,0,1822.2671,1828.2908,1831.4644,0.0436,0
290,1,1828.6694,1834.5508,1834.8758,0.1144,0
290,0,1828.6694,1834.5508,1837.7929,0.0409,0
291,1,1834.9363,1840.7274,1841.0318,0.1118,0
291,0,1834.9363,1840.7274,1844.0011,0.0411,0
292,1,1841.0926,1845.7920,1846.4527,0.2852,0
292,0,1841.0926,1845.7920,1849.4428,0.0469,0
293,1,1846.5283,1851.5223,1852.0376,0.1230,0
293,0,1846.5283,1851.5223,1854.9110,0.0474,0
294,1,1852.1221,1857.0428,1857.4912,0.1182,0
294,0,1852.1221,1857.0428,1860.3556,0.0473,0
295,1,1857.5577,1862.9169,1863.2185,0.1115,0
295,0,1857.5577,1862.9169,1866.0921,0.1479,0
296,1,1863.3863,1868.5487,1868.9079,0.1693,0
296,0,1863.3863,1868.5487,1871.7332,0.3334,0
297,1,1869.2636,1874.8135,1875.1723,0.1678,0
297,0,1869.2636,1874.8135,1878.0079,0.0416,0
298,1,1875.2340,1880.8926,1881.2255,0.1176,0
298,0,1875.2340,1880.8926,1884.0811,0.0438,0
299,1,1881.2891,1886.9288,1887.2570,0.1142,0
299,0,1881.2891,1886.9288,1890.1264,0.0440,0
300,1,1887.3212,1893.4924,1893.8029,0.1043,0
300,0,1887.3212,1893.4924,1897.1134,0.0421,0
301,1,1893.8648,1899.0717,1899.4346,0.1129,0
301,0,1893.8648,1899.0717,1902.3487,0.1746,0
302,1,1899.6310,1904.8656,1905.1795,0.1181,0
302,0,1899.6310,1904.8656,1908.0944,0.2142,0
303,1,1905.4174,1910.6110,1911.2207,0.3946,0
303,0,1905.4174,1910.6110,1914.0859,0.0412,0
304,1,1911.2846,1916.8697,1917.3550,0.2672,0
304,0,1911.2846,1916.8697,1920.2541,0.0459,0
305,1,1917.4230,1923.0780,1923.3878,0.1191,0
305,0,1917.4230,1923.0780,1926.2579,0.0406,0
306,1,1923.4481,1929.4279,1929.7985,0.1148,0
306,0,1923.4481,1929.4279,1932.7630,0.0428,0
307,1,1929.8615,1935.2008,1935.5081,0.1145,0
307,0,1929.8615,1935.2008,1938.4147,0.0410,0
308,1,1935.5667,1940.7549,1941.0496,0.1041,0
308,0,1935.5667,1940.7549,1943.9396,0.0407,0
309,1,1941.1097,1946.2809,1946.7517,0.1396,0
309,0,1941.1097,1946.2809,1949.6543,0.2287,0
310,1,1947.0172,1952.7077,1953.1115,0.2140,0
310,0,1947.0172,1952.7077,1955.9978,0.0421,0
311,1,1953.1736,1959.0009,1959.3556,0.1587,0
311,0,1953.1736,1959.0009,1962.2870,0.0414,0
312,1,1959.4205,1965.1781,1965.5272,0.1205,0
312,0,1959.4205,1965.1781,1968.4503,0.0437,0
313,1,1965.5905,1971.3322,1971.7262,0.1582,0
313,0,1965.5905,1971.3322,1974.7014,0.0461,0
314,1,1971.8003,1977.1848,1977.5151,0.1268,0
314,0,1971.8003,1977.1848,1980.5367,0.1293,0
315,1,1977.6669,1983.2300,1983.7469,0.2883,0
315,0,1977.6669,1983.2300,1986.6669,0.0463,0
316,1,1983.8129,1988.9839,1989.2868,0.1127,0
316,0,1983.8129,1988.9839,1992.1793,0.0431,0
317,1,1989.3494,1995.5596,1995.8781,0.1125,0
317,0,1989.3494,1995.5596,1998.8286,0.0413,0
318,1,1995.9458,2001.6123,2001.9114,0.1138,0
318,0,1995.9458,2001.6123,2004.8839,0.1082,0
319,1,2002.0413,2006.8506,2007.4931,0.1143,0
319,0,2002.0413,2006.8506,2010.4990,0.0475,0
320,1,2007.5598,2012.4497,2013.0479,0.1187,0
320,0,2007.5598,2012.4497,2016.0559,0.0453,0
321,1,2013.1196,2018.2125,2018.5997,0.1175,0
321,0,2013.1196,2018.2125,2024.1941,0.0502,0
322,1,2019.6076,2024.6488,2025.4204,0.5079,0
322,0,2019.6076,2024.6488,2028.2640,0.1709,0
323,1,2025.6750,2031.6762,2031.9992,0.1145,0
323,0,2025.6750,2031.6762,2034.8633,0.0410,0
324,1,2032.0595,2037.8540,2038.2962,0.1227,0
324,0,2032.0595,2037.8540,2041.1906,0.0483,0
325,1,2038.3624,2043.0741,2043.6620,0.2891,0
325,0,2038.3624,2043.0741,2046.5635,0.0462,0
326,1,2043.7272,2048.6581,2049.1546,0.1202,0
326,0,2043.7272,2048.6581,2052.0199,0.0416,0
327,1,2049.2336,2054.3066,2054.7238,0.1155,0
327,0,2049.2336,2054.3066,2057.6808,0.0520,0
328,1,2054.7955,2060.3288,2060.8038,0.2854,0
328,0,2054.7955,2060.3288,2063.6881,0.1108,0
329,1,2060.9395,2066.4892,2066.9697,0.2817,0
329,0,2060.9395,2066.4892,2069.8004,0.0466,0
330,1,2067.0523,2072.7177,2073.0463,0.1173,0
330,0,2067.0523,2072.7177,2075.9060,0.0417,0
331,1,2073.1074,2078.9159,2079.2254,0.1174,0
331,0,2073.1074,2078.9159,2082.1115,0.0406,0
332,1,2079.2848,2084.8568,2085.1655,0.1171,0
332,0,2079.2848,2084.8568,2088.1042,0.0405,0
333,1,2085.2445,2090.7032,2091.2168,0.1607,0
333,0,2085.2445,2090.7032,2094.1730,0.1682,0
334,1,2091.4076,2097.0376,2097.4114,0.1813,0
334,0,2091.4076,2097.0376,2100.3551,0.0421,0
335,1,2097.4769,2102.7939,2103.3262,0.1589,0
335,0,2097.4769,2102.7939,2106.2232,0.0457,0
336,1,2103.3998,2109.1245,2109.4391,0.1163,0
336,0,2103.3998,2109.1245,2112.3473,0.0417,0
337,1,2109.4992,2115.2570,2115.5580,0.1137,0
337,0,2109.4992,2115.2570,2118.7094,0.0431,0
338,1,2115.6247,2120.7153,2121.3800,0.1148,0
338,0,2115.6247,2120.7153,2124.3787,0.0443,0
339,1,2121.4434,2126.8624,2127.1598,0.1077,0
339,0,2121.4434,2126.8624,2130.0549,0.1526,0
340,1,2127.3354,2132.5941,2133.2152,0.3253,0
340,0,2127.3354,2132.5941,2136.1522,0.1897,0
341,1,2133.4277,2138.8899,2139.2640,0.1728,0
341,0,2133.4277,2138.8899,2142.1728,0.0409,0
342,1,2139.3392,2145.0596,2145.3843,0.1181,0
342,0,2139.3392,2145.0596,2148.2843,0.0424,0
343,1,2145.4584,2151.1666,2151.4690,0.1168,0
343,0,2145.4584,2151.1666,2154.4470,0.0414,0
344,1,2151.5462,2157.3382,2158.0897,0.4371,0
344,0,2151.5462,2157.3382,2161.0716,0.0441,0
345,1,2158.1540,2164.3404,2164.7728,0.2426,0
345,0,2158.1540,2164.3404,2167.7288,0.0407,0
346,1,2164.8326,2170.7483,2171.1010,0.1207,0
346,0,2164.8326,2170.7483,2174.0692,0.0439,0
347,1,2171.1627,2176.8922,2177.2979,0.1817,0
347,0,2171.1627,2176.8922,2180.2768,0.0459,0
348,1,2177.3712,2182.9986,2183.5597,0.3677,0
348,0,2177.3712,2182.9986,2186.5383,0.0432,0
349,1,2183.6223,2189.3940,2189.6994,0.1158,0
349,0,2183.6223,2189.3940,2192.7580,0.0410,0
350,1,2189.7591,2195.7388,2196.0559,0.1140,0
350,0,2189.7591,2195.7388,2199.1189,0.0411,0
351,1,2196.1169,2201.9410,2202.2881,0.1243,0
351,0,2196.1169,2201.9410,2205.3234,0.0438,0
352,1,2202.3521,2207.6654,2207.9704,0.1160,0
352,0,2202.3521,2207.6654,2210.9997,0.0812,0
353,1,2208.0715,2213.3327,2213.8044,0.2812,0
353,0,2208.0715,2213.3327,2216.7769,0.0627,0
354,1,2213.8881,2219.2241,2219.5294,0.1154,0
354,0,2213.8881,2219.2241,2222.4868,0.0416,0
355,1,2219.5905,2224.9978,2225.5194,0.2911,0
355,0,2219.5905,2224.9978,2228.5712,0.0436,0
356,1,2225.5828,2231.0133,2231.5535,0.2672,0
356,0,2225.5828,2231.0133,2234.4919,0.0465,0
357,1,2231.6205,2237.6256,2237.9489,0.1169,0
357,0,2231.6205,2237.6256,2240.9871,0.0414,0
358,1,2238.0077,2242.9589,2243.6130,0.1173,0
358,0,2238.0077,2242.9589,2246.5766,0.0449,0
359,1,2243.6777,2248.7062,2249.1588,0.1169,0
359,0,2243.6777,2248.7062,2252.1337,0.0425,0
360,1,2249.2397,2254.3345,2254.7395,0.1200,0
360,0,2249.2397,2254.3345,2257.7258,0.0487,0
361,1,2254.8117,2260.4184,2260.9007,0.2904,0
361,0,2254.8117,2260.4184,2263.8111,0.0938,0
362,1,2261.0279,2266.5990,2267.0976,0.2772,0
362,0,2261.0279,2266.5990,2269.9823,0.0426,0
363,1,2267.1617,2272.9211,2273.2464,0.1205,0
363,0,2267.1617,2272.9211,2276.2027,0.0419,0
364,1,2273.3062,2279.1572,2279.4614,0.1196,0
364,0,2273.3062,2279.1572,2282.3912,0.0406,0
365,1,2279.5215,2284.8333,2285.1461,0.1211,0
365,0,2279.5215,2284.8333,2288.1418,0.0429,0
366,1,2285.2079,2290.1896,2290.4953,0.1155,0
366,0,2285.2079,2290.1896,2293.3970,0.0404,0
367,1,2290.5531,2296.3340,2296.7581,0.1253,0
367,0,2290.5531,2296.3340,2299.6953,0.1065,0
368,1,2296.8834,2302.5751,2302.9573,0.1702,0
368,0,2296.8834,2302.5751,2305.8777,0.0503,0
369,1,2303.0255,2308.4892,2308.8506,0.1682,0
369,0,2303.0255,2308.4892,2311.7691,0.0427,0
370,1,2308.9121,2314.6317,2315.0372,0.1797,0
370,0,2308.9121,2314.6317,2317.9625,0.0464,0
371,1,2315.1014,2320.9417,2321.3070,0.1234,0
371,0,2315.1014,2320.9417,2324.4073,0.0440,0
372,1,2321.3752,2326.9455,2327.2447,0.1117,0
372,0,2321.3752,2326.9455,2330.1893,0.2571,0
373,1,2327.5235,2332.9603,2333.5138,0.3654,0
373,0,2327.5235,2332.9603,2336.4360,0.0428,0
374,1,2333.5764,2339.4242,2339.8607,0.1383,0
374,0,2333.5764,2339.4242,2342.8425,0.0429,0
375,1,2339.9493,2345.8587,2346.1550,0.1097,0
375,0,2339.9493,2345.8587,2349.1212,0.0386,0
376,1,2346.2179,2351.7185,2352.0335,0.1236,0
376,0,2346.2179,2351.7185,2354.9975,0.0407,0
377,1,2352.0942,2357.4343,2357.7342,0.1098,0
377,0,2352.0942,2357.4343,2360.6859,0.0411,0
378,1,2357.8520,2364.1576,2364.4669,0.1148,0
378,0,2357.8520,2364.1576,2367.4653,0.0418,0
379,1,2364.5282,2370.3653,2370.6725,0.1175,0
379,0,2364.5282,2370.3653,2373.6946,0.0426,0
380,1,2370.7323,2376.6647,2377.0563,0.1146,0
380,0,2370.7323,2376.6647,2380.1026,0.0416,0
381,1,2377.1475,2382.5127,2383.0485,0.3514,0
381,0,2377.1475,2382.5127,2386.0701,0.1552,0
382,1,2383.2572,2389.3081,2389.6203,0.1177,0
382,0,2383.2572,2389.3081,2392.6866,0.0430,0
383,1,2389.6833,2395.9873,2396.3439,0.1213,0
383,0,2389.6833,2395.9873,2399.4832,0.1160,0
384,1,2396.4842,2401.9449,2402.3178,0.1222,0
384,0,2396.4842,2401.9449,2405.4396,0.0429,0
385,1,2402.3865,2407.9129,2408.3762,0.2420,0
385,0,2402.3865,2407.9129,2411.3924,0.0510,0
386,1,2408.4530,2414.6671,2415.0240,0.1223,0
386,0,2408.4530,2414.6671,2418.2203,0.0443,0
387,1,2415.0927,2421.3908,2421.7797,0.1506,0
387,0,2415.0927,2421.3908,2424.8572,0.0439,0
388,1,2421.8427,2427.8767,2428.1856,0.1175,0
388,0,2421.8427,2427.8767,2431.2848,0.0411,0
389,1,2428.2441,2434.1562,2434.4755,0.1145,0
389,0,2428.2441,2434.1562,2437.5399,0.0404,0
390,1,2434.5393,2440.3348,2440.6512,0.1146,0
390,0,2434.5393,2440.3348,2443.8514,0.0401,0
391,1,2440.7138,2446.4868,2447.0038,0.2980,0
391,0,2440.7138,2446.4868,2450.2249,0.0644,0
392,1,2447.1089,2453.3610,2453.7242,0.1739,0
392,0,2447.1089,2453.3610,2456.8057,0.0420,0
393,1,2453.7866,2460.3226,2460.6322,0.1051,0
393,0,2453.7866,2460.3226,2463.7721,0.1653,0
394,1,2460.8223,2466.6937,2467.2039,0.3126,0
394,0,2460.8223,2466.6937,2470.3359,0.0410,0
395,1,2467.2653,2473.2964,2473.6093,0.1157,0
395,0,2467.2653,2473.2964,2476.7409,0.0411,0
396,1,2473.6678,2479.7847,2480.1346,0.1224,0
396,0,2473.6678,2479.7847,2483.3012,0.0445,0
397,1,2480.1994,2486.0715,2486.4102,0.1173,0
397,0,2480.1994,2486.0715,2489.5505,0.0442,0
398,1,2486.4750,2492.7139,2493.0532,0.1260,0
398,0,2486.4750,2492.7139,2496.1917,0.0416,0
399,1,2493.1206,2499.6570,2499.9772,0.1126,0
399,0,2493.1206,2499.6570,2503.1630,0.0417,0
400,1,2500.0383,2505.8717,2506.1746,0.1129,0
400,0,2500.0383,2505.8717,2509.3456,0.0435,0
401,1,2506.2398,2511.9917,2512.4105,0.1178,0
401,0,2506.2398,2511.9917,2515.5839,0.0449,0
402,1,2512.4764,2518.4560,2518.7584,0.1141,0
402,0,2512.4764,2518.4560,2521.8975,0.1756,0
403,1,2519.9011,2526.5849,2526.9044,0.1121,0
403,0,2519.9011,2526.5849,2530.1263,0.0391,0
404,1,2527.0342,2532.6308,2533.1182,0.2974,0
404,0,2527.0342,2532.6308,2536.2847,0.0656,0
405,1,2533.2055,2538.8589,2539.1672,0.1137,0
405,0,2533.2055,2538.8589,2542.3236,0.0409,0
406,1,2539.2275,2545.1913,2545.4970,0.1166,0
406,0,2539.2275,2545.1913,2548.6458,0.0408,0
407,1,2545.5565,2551.5965,2551.9016,0.1121,0
407,0,2545.5565,2551.5965,2555.1210,0.0390,0
408,1,2551.9605,2557.4308,2558.2415,0.5474,0
408,0,2551.9605,2557.4308,2561.4099,0.1968,0
409,1,2558.4648,2564.4644,2564.8536,0.1799,0
409,0,2558.4648,2564.4644,2567.9879,0.0425,0
410,1,2564.9138,2571.2137,2571.5819,0.1144,0
410,0,2564.9138,2571.2137,2574.7327,0.0407,0
411,1,2571.6478,2577.4778,2577.9832,0.2981,0
411,0,2571.6478,2577.4778,2581.1256,0.0424,0
412,1,2578.0458,2584.1300,2584.4698,0.1183,0
412,0,2578.0458,2584.1300,2587.6184,0.0450,0
413,1,2584.5319,2590.2518,2590.7938,0.1257,0
413,0,2584.5319,2590.2518,2593.9660,0.1328,0
414,1,2590.9480,2596.4020,2596.7466,0.1214,0
414,0,2590.9480,2596.4020,2599.9064,0.0762,0
415,1,2596.8421,2602.8495,2603.2432,0.1712,0
415,0,2596.8421,2602.8495,2606.3560,0.0450,0
416,1,2603.3054,2609.0329,2609.3441,0.1178,0
416,0,2603.3054,2609.0329,2612.4356,0.0411,0
417,1,2609.4045,2615.1067,2615.4237,0.1143,0
417,0,2609.4045,2615.1067,2618.5232,0.0407,0
418,1,2615.4875,2621.9114,2622.3416,0.1234,0
418,0,2615.4875,2621.9114,2625.5454,0.0535,0
419,1,2622.4165,2628.5344,2628.8745,0.1211,0
419,0,2622.4165,2628.5344,2632.0144,0.0447,0
420,1,2628.9367,2634.8118,2635.1620,0.1202,0
420,0,2628.9367,2634.8118,2638.5275,0.0447,0
421,1,2635.2267,2640.7407,2641.1035,0.1599,0
421,0,2635.2267,2640.7407,2644.2175,0.1596,0
422,1,2641.3037,2647.1487,2647.5126,0.1557,0
422,0,2641.3037,2647.1487,2650.6202,0.0420,0
423,1,2647.5939,2653.9202,2654.3428,0.1177,0
423,0,2647.5939,2653.9202,2657.8877,0.0427,0
424,1,2654.4605,2660.5400,2660.9327,0.1119,0
424,0,2654.4605,2660.5400,2664.0764,0.1329,0
425,1,2661.0878,2667.0167,2667.4501,0.1163,0
425,0,2661.0878,2667.0167,2670.6400,0.0684,0
426,1,2667.5397,2673.1333,2673.4339,0.1152,0
426,0,2667.5397,2673.1333,2676.5412,0.0406,0
427,1,2673.4975,2679.1599,2679.4844,0.1190,0
427,0,2673.4975,2679.1599,2682.6078,0.0416,0
428,1,2679.5431,2685.2922,2685.7593,0.1340,0
428,0,2679.5431,2685.2922,2688.9053,0.3061,0
429,1,2686.0868,2692.2897,2692.6182,0.1140,0
429,0,2686.0868,2692.2897,2695.7361,0.0433,0
430,1,2692.6822,2698.7089,2699.0219,0.1220,0
430,0,2692.6822,2698.7089,2702.2131,0.0415,0
431,1,2699.0953,2704.2753,2704.7323,0.1189,0
431,0,2699.0953,2704.2753,2707.8443,0.0455,0
432,1,2704.8069,2710.0693,2710.4156,0.1266,0
432,0,2704.8069,2710.0693,2713.4678,0.0453,0
433,1,2710.4785,2716.0721,2716.5200,0.2140,0
433,0,2710.4785,2716.0721,2719.5693,0.0986,0
434,1,2716.6429,2722.4571,2722.8265,0.1830,0
434,0,2716.6429,2722.4571,2725.8586,0.0411,0
435,1,2722.8892,2729.5097,2729.8521,0.1164,0
435,0,2722.8892,2729.5097,2732.9677,0.0471,0
436,1,2729.9247,2735.1889,2735.4879,0.1112,0
436,0,2729.9247,2735.1889,2738.5750,0.1222,0
437,1,2735.6300,2740.9653,2741.2783,0.1152,0
437,0,2735.6300,2740.9653,2744.3172,0.2271,0
438,1,2741.5321,2747.3222,2747.7004,0.1850,0
438,0,2741.5321,2747.3222,2750.7963,0.0423,0
439,1,2747.7624,2753.7130,2754.0160,0.1153,0
439,0,2747.7624,2753.7130,2757.0740,0.0410,0
440,1,2754.0766,2760.2128,2760.5150,0.1090,0
440,0,2754.0766,2760.2128,2763.5832,0.0428,0
441,1,2760.5775,2766.2257,2766.7152,0.3026,0
441,0,2760.5775,2766.2257,2769.7722,0.0413,0
442,1,2766.7793,2772.1774,2772.4919,0.1157,0
442,0,2766.7793,2772.1774,2775.5719,0.0506,0
443,1,2772.5621,2778.0508,2778.3488,0.1134,0
443,0,2772.5621,2778.0508,2781.3956,0.0417,0
444,1,2778.4128,2784.2738,2784.5783,0.1121,0
444,0,2778.4128,2784.2738,2787.5946,0.0404,0
445,1,2784.6407,2790.6868,2791.1772,0.1827,0
445,0,2784.6407,2790.6868,2794.2467,0.0553,0
446,1,2791.2549,2796.8048,2797.4168,0.2765,0
446,0,2791.2549,2796.8048,2800.5025,0.0513,0
447,1,2797.4894,2803.0142,2803.3293,0.1172,0
447,0,2797.4894,2803.0142,2806.4028,0.0415,0
448,1,2803.3921,2809.0346,2809.3407,0.1161,0
448,0,2803.3921,2809.0346,2812.3717,0.0412,0
449,1,2809.4007,2814.9034,2815.2148,0.1162,0
449,0,2809.4007,2814.9034,2818.2628,0.0409,0
450,1,2815.2741,2820.9155,2821.2169,0.1137,0
450,0,2815.2741,2820.9155,2824.4281,0.0398,0
451,1,2821.2800,2827.1974,2827.5518,0.1673,0
451,0,2821.2800,2827.1974,2830.5705,0.0410,0
452,1,2827.6136,2833.2206,2833.6722,0.2643,0
452,0,2827.6136,2833.2206,2836.6858,0.0403,0
453,1,2833.7366,2839.6593,2839.9988,0.1199,0
453,0,2833.7366,2839.6593,2843.0524,0.0461,0
454,1,2840.0625,2846.1155,2846.5265,0.1175,0
454,0,2840.0625,2846.1155,2849.5830,0.0445,0
455,1,2846.5909,2852.1595,2852.8923,0.3876,0
455,0,2846.5909,2852.1595,2855.9569,0.0803,0
456,1,2852.9941,2859.4824,2859.7879,0.1155,0
456,0,2852.9941,2859.4824,2862.8544,0.0400,0
457,1,2859.8480,2865.7841,2866.1789,0.1130,0
457,0,2859.8480,2865.7841,2869.2831,0.0827,0
458,1,2866.2896,2871.8290,2872.3899,0.2960,0
458,0,2866.2896,2871.8290,2875.4918,0.0476,0
459,1,2872.4623,2877.8756,2878.1785,0.1126,0
459,0,2872.4623,2877.8756,2881.2195,0.0404,0
460,1,2878.2380,2884.0707,2884.3739,0.1136,0
460,0,2878.2380,2884.0707,2887.4188,0.0413,0
461,1,2884.4325,2889.9351,2890.2732,0.1136,0
461,0,2884.4325,2889.9351,2893.2929,0.0437,0
462,1,2890.3347,2896.7502,2897.4530,0.1256,0
462,0,2890.3347,2896.7502,2900.5319,0.2274,0
463,1,2897.7061,2903.2774,2903.6248,0.1580,0
463,0,2897.7061,2903.2774,2906.7039,0.0476,0
464,1,2903.6928,2909.8347,2910.1444,0.1140,0
464,0,2903.6928,2909.8347,2913.2540,0.0407,0
465,1,2910.2110,2915.5343,2918.6803,0.1138,0
465,0,2910.2110,2915.5343,2921.7530,0.1149,0
466,1,2918.8177,2923.7542,2924.1984,0.1131,0
466,0,2918.8177,2923.7542,2927.2394,0.0968,0
467,1,2924.3195,2929.7275,2930.1649,0.1119,0
467,0,2924.3195,2929.7275,2933.1531,0.2142,0
468,1,2930.3994,2936.1468,2936.5082,0.1689,0
468,0,2930.3994,2936.1468,2939.5292,0.0421,0
469,1,2936.6381,2942.6219,2942.9271,0.1144,0
469,0,2936.6381,2942.6219,2945.9250,0.0407,0
470,1,2942.9913,2949.1526,2949.5408,0.1425,0
470,0,2942.9913,2949.1526,2952.6102,0.0844,0
471,1,2949.6460,2955.1351,2955.5908,0.2599,0
471,0,2949.6460,2955.1351,2958.6175,0.1059,0
472,1,2955.7202,2961.9058,2962.2122,0.1145,0
472,0,2955.7202,2961.9058,2965.2400,0.0417,0
473,1,2962.2792,2968.3506,2968.7468,0.1240,0
473,0,2962.2792,2968.3506,2971.8661,0.0458,0
474,1,2968.8135,2974.1205,2974.4696,0.1647,0
474,0,2968.8135,2974.1205,2977.5294,0.1002,0
475,1,2974.5902,2979.9204,2980.2184,0.1154,0
475,0,2974.5902,2979.9204,2983.2610,0.2440,0
476,1,2980.4865,2986.5836,2986.8994,0.1143,0
476,0,2980.4865,2986.5836,2989.9359,0.0413,0
477,1,2986.9590,2993.1850,2993.4879,0.1135,0
477,0,2986.9590,2993.1850,2996.5849,0.0416,0
478,1,2993.5493,2999.3364,2999.7944,0.2476,0
478,0,2993.5493,2999.3364,3002.8734,0.0436,0
479,1,2999.8611,3005.4133,3005.7595,0.1198,0
479,0,2999.8611,3005.4133,3008.8010,0.0443,0
480,1,3005.8218,3011.4139,3011.7189,0.1140,0
480,0,3005.8218,3011.4139,3014.7566,0.0423,0
481,1,3011.7805,3017.4931,3017.7953,0.1118,0
481,0,3011.7805,3017.4931,3020.8148,0.0458,0
482,1,3017.8653,3023.4720,3023.7934,0.1152,0
482,0,3017.8653,3023.4720,3026.8068,0.0406,0
483,1,3024.9851,3029.8828,3030.2743,0.1607,0
483,0,3024.9851,3029.8828,3033.3101,0.1521,0
484,1,3030.4929,3036.5518,3036.8587,0.1155,0
484,0,3030.4929,3036.5518,3039.8639,0.0438,0
485,1,3036.9215,3042.8095,3043.1082,0.1080,0
485,0,3036.9215,3042.8095,3046.1238,0.0429,0
486,1,3043.1705,3048.7123,3049.0200,0.1152,0
486,0,3043.1705,3048.7123,3052.0780,0.0411,0
487,1,3049.0802,3054.4047,3054.7524,0.1145,0
487,0,3049.0802,3054.4047,3057.9346,0.0452,0
488,1,3054.8169,3060.4028,3060.8155,0.2196,0
488,0,3054.8169,3060.4028,3063.8355,0.0656,0
489,1,3060.9047,3066.6628,3067.1449,0.2921,0
489,0,3060.9047,3066.6628,3070.1375,0.0414,0
490,1,3067.2069,3073.0617,3073.3635,0.1141,0
490,0,3067.2069,3073.0617,3076.3631,0.0409,0
491,1,3073.4245,3079.3773,3079.6962,0.1146,0
491,0,3073.4245,3079.3773,3082.7921,0.0393,0
492,1,3079.7548,3085.2953,3085.6260,0.1144,0
492,0,3079.7548,3085.2953,3088.6288,0.1352,0
493,1,3085.7806,3091.5997,3092.0679,0.2636,0
493,0,3085.7806,3091.5997,3095.0981,0.0434,0
494,1,3092.1340,3098.1247,3098.4456,0.1256,0
494,0,3092.1340,3098.1247,3101.4722,0.0414,0
495,1,3098.5074,3104.4903,3104.8300,0.1182,0
495,0,3098.5074,3104.4903,3107.9397,0.0394,0
496,1,3104.8929,3109.7912,3110.3506,0.2212,0
496,0,3104.8929,3109.7912,3113.3753,0.1214,0
497,1,3110.5023,3115.4848,3115.8573,0.1147,0
497,0,3110.5023,3115.4848,3118.8627,0.0471,0
498,1,3115.9414,3121.1030,3124.2700,0.1224,0
498,0,3115.9414,3121.1030,3127.2401,0.1450,0
499,1,3124.4366,3129.5250,3129.8710,0.1240,0
499,0,3124.4366,3129.5250,3132.7853,0.0497,0
500,1,3129.9385,3135.5261,3136.1142,0.3766,0
500,0,3129.9385,3135.5261,3139.0713,0.1010,0
501,1,3136.2437,3142.2845,3142.5912,0.1174,0
501,0,3136.2437,3142.2845,3145.5387,0.0411,0
502,1,3142.6669,3148.0286,3148.3289,0.1124,0
502,0,3142.6669,3148.0286,3151.2509,0.0388,0
503,1,3148.4074,3154.4273,3154.8379,0.1171,0
503,0,3148.4074,3154.4273,3157.8061,0.0385,0
504,1,3154.9266,3160.7580,3161.4587,0.4747,0
504,0,3154.9266,3160.7580,3164.4464,0.0478,0
505,1,3161.5273,3167.5958,3167.9449,0.1426,0
505,0,3161.5273,3167.5958,3170.9707,0.0429,0
506,1,3168.0059,3173.7374,3174.0496,0.1177,0
506,0,3168.0059,3173.7374,3177.0734,0.0414,0
507,1,3174.1094,3179.3479,3179.6556,0.1172,0
507,0,3174.1094,3179.3479,3182.7871,0.0411,0
508,1,3179.7139,3185.1701,3185.4697,0.1143,0
508,0,3179.7139,3185.1701,3188.4565,0.1821,0
509,1,3185.6699,3191.5131,3192.0173,0.2549,0
509,0,3185.6699,3191.5131,3194.9931,0.1350,0
510,1,3192.1739,3198.0731,3198.3995,0.1234,0
510,0,3192.1739,3198.0731,3201.3895,0.0413,0
511,1,3198.4580,3204.2401,3204.6498,0.1903,0
511,0,3198.4580,3204.2401,3207.6970,0.0442,0
512,1,3204.7117,3209.8381,3210.3098,0.1169,0
512,0,3204.7117,3209.8381,3213.3151,0.0420,0
513,1,3210.3971,3215.6552,3215.9529,0.1163,0
513,0,3210.3971,3215.6552,3218.9949,0.0426,0
514,1,3216.0405,3222.1067,3222.5155,0.2216,0
514,0,3216.0405,3222.1067,3225.4902,0.0448,0
515,1,3222.6403,3228.8334,3229.1815,0.1260,0
515,0,3222.6403,3228.8334,3232.1849,0.0446,0
516,1,3229.2482,3235.2338,3235.5991,0.1217,0
516,0,3229.2482,3235.2338,3238.6371,0.0508,0
517,1,3235.6692,3240.9175,3241.3047,0.1574,0
517,0,3235.6692,3240.9175,3244.3068,0.1884,0
518,1,3241.5302,3246.9106,3247.3747,0.2644,0
518,0,3241.5302,3246.9106,3250.3889,0.0459,0
519,1,3247.4424,3252.9276,3253.2259,0.1177,0
519,0,3247.4424,3252.9276,3256.1979,0.0400,0
520,1,3253.2861,3259.3204,3259.6509,0.1236,0
520,0,3253.2861,3259.3204,3262.6521,0.0472,0
521,1,3259.7193,3265.7315,3266.1498,0.1118,0
521,0,3259.7193,3265.7315,3269.1703,0.1822,0
522,1,3266.3720,3272.1406,3272.6148,0.2799,0
522,0,3266.3720,3272.1406,3275.6302,0.0433,0
523,1,3272.6788,3278.3740,3278.7477,0.1816,0
523,0,3272.6788,3278.3740,3281.7923,0.0414,0
524,1,3278.8063,3284.6635,3285.0006,0.1195,0
524,0,3278.8063,3284.6635,3288.0267,0.0453,0
525,1,3285.0652,3290.2724,3290.7463,0.1263,0
525,0,3285.0652,3290.2724,3293.7867,0.1101,0
526,1,3290.8814,3296.2717,3296.6669,0.1130,0
526,0,3290.8814,3296.2717,3299.6827,0.1215,0
527,1,3296.8110,3302.1636,3302.4714,0.1187,0
527,0,3296.8110,3302.1636,3305.4405,0.1461,0
528,1,3302.6597,3308.4958,3308.8588,0.1679,0
528,0,3302.6597,3308.4958,3311.8345,0.0459,0
529,1,3308.9440,3314.6621,3314.9872,0.1034,0
529,0,3308.9440,3314.6621,3317.9712,0.0444,0
530,1,3315.0502,3320.9368,3321.2757,0.1207,0
530,0,3315.0502,3320.9368,3324.6882,0.0436,0
531,1,3321.3393,3326.8966,3327.1956,0.1083,0
531,0,3321.3393,3326.8966,3330.2180,0.1478,0
532,1,3327.3687,3333.3760,3333.7769,0.1716,0
532,0,3327.3687,3333.3760,3336.8428,0.0462,0
533,1,3333.8415,3339.6378,3339.9401,0.1134,0
533,0,3333.8415,3339.6378,3342.9402,0.0403,0
534,1,3340.0035,3345.9871,3346.2966,0.1046,0
534,0,3340.0035,3345.9871,3349.4360,0.0412,0
535,1,3346.3577,3351.7156,3354.8055,0.1153,0
535,0,3346.3577,3351.7156,3357.8516,0.1141,0
536,1,3354.9405,3360.4324,3360.7973,0.1716,0
536,0,3354.9405,3360.4324,3363.8121,0.2308,0
537,1,3361.0481,3366.5321,3366.8338,0.1130,0
537,0,3361.0481,3366.5321,3369.8234,0.0412,0
538,1,3366.8947,3372.3071,3372.6129,0.1106,0
538,0,3366.8947,3372.3071,3375.6172,0.0404,0
539,1,3372.6712,3378.2060,3378.5105,0.1128,0
539,0,3372.6712,3378.2060,3381.4816,0.0400,0
540,1,3378.5700,3384.4907,3384.7963,0.1168,0
540,0,3378.5700,3384.4907,3387.7806,0.0411,0
541,1,3384.8567,3390.9644,3391.2680,0.1148,0
541,0,3384.8567,3390.9644,3394.2797,0.1887,0
542,1,3391.4850,3397.5068,3397.8859,0.1229,0
542,0,3391.4850,3397.5068,3400.9624,0.0485,0
543,1,3397.9556,3403.4533,3403.7528,0.1133,0
543,0,3397.9556,3403.4533,3406.7882,0.0410,0
544,1,3403.8168,3409.3334,3409.6379,0.1132,0
544,0,3403.8168,3409.3334,3412.6299,0.0414,0
545,1,3409.7017,3415.2678,3415.6328,0.1216,0
545,0,3409.7017,3415.2678,3418.6276,0.0434,0
546,1,3415.6959,3421.1662,3421.5512,0.1258,0
546,0,3415.6959,3421.1662,3424.7003,0.0490,0
547,1,3421.6203,3427.6832,3428.0387,0.1590,0
547,0,3421.6203,3427.6832,3431.0436,0.0401,0
548,1,3428.1046,3434.3185,3434.6199,0.1132,0
548,0,3428.1046,3434.3185,3437.6837,0.0398,0
549,1,3434.6819,3440.4793,3440.7786,0.1148,0
549,0,3434.6819,3440.4793,3443.8154,0.0405,0
550,1,3440.8383,3446.1634,3446.4658,0.1138,0
550,0,3440.8383,3446.1634,3449.5182,0.0403,0
551,1,3446.5334,3451.9843,3452.2837,0.1113,0
551,0,3446.5334,3451.9843,3455.3065,0.2671,0
552,1,3452.5737,3458.5751,3459.0922,0.2888,0
552,0,3452.5737,3458.5751,3462.1138,0.0440,0
553,1,3459.1570,3465.1864,3465.5164,0.1163,0
553,0,3459.1570,3465.1864,3468.5768,0.0426,0
554,1,3465.5806,3471.4247,3471.7926,0.1172,0
554,0,3465.5806,3471.4247,3474.8579,0.0434,0
555,1,3471.8655,3477.2975,3477.7190,0.2278,0
555,0,3471.8655,3477.2975,3480.7444,0.1427,0
556,1,3477.8858,3483.3622,3483.8540,0.3012,0
556,0,3477.8858,3483.3622,3486.8653,0.0404,0
557,1,3483.9180,3489.6817,3490.0491,0.1725,0
557,0,3483.9180,3489.6817,3493.0483,0.0413,0
558,1,3490.1126,3496.1447,3496.7072,0.1257,0
558,0,3490.1126,3496.1447,3499.8510,0.0506,0
559,1,3496.7823,3502.3240,3502.7880,0.2662,0
559,0,3496.7823,3502.3240,3505.8075,0.1505,0
560,1,3502.9904,3508.8177,3509.1263,0.1178,0
560,0,3502.9904,3508.8177,3512.1695,0.0418,0
561,1,3509.1868,3515.1040,3515.4060,0.1141,0
561,0,3509.1868,3515.1040,3518.4391,0.0417,0
562,1,3515.4666,3520.7394,3521.0470,0.1139,0
562,0,3515.4666,3520.7394,3524.0504,0.0411,0
563,1,3521.1096,3527.4428,3527.7654,0.1174,0
563,0,3521.1096,3527.4428,3530.8994,0.0403,0
564,1,3528.7562,3534.7751,3535.0938,0.1137,0
564,0,3528.7562,3534.7751,3538.1860,0.0402,0
565,1,3535.4341,3540.6067,3540.9162,0.1153,0
565,0,3535.4341,3540.6067,3543.9446,0.0382,0
566,1,3540.9825,3546.6752,3547.2994,0.3765,0
566,0,3540.9825,3546.6752,3550.3364,0.0475,0
567,1,3547.3680,3552.8440,3553.1490,0.1160,0
567,0,3547.3680,3552.8440,3556.1723,0.0414,0
568,1,3553.2096,3559.1450,3559.4654,0.1146,0
568,0,3553.2096,3559.1450,3562.4975,0.0435,0
569,1,3559.5293,3565.5205,3565.8828,0.1230,0
569,0,3559.5293,3565.5205,3568.9763,0.0762,0
570,1,3565.9780,3571.1667,3571.5006,0.1191,0
570,0,3565.9780,3571.1667,3574.5134,0.0426,0
571,1,3571.5608,3577.0830,3577.4487,0.1217,0
571,0,3571.5608,3577.0830,3580.4546,0.1783,0
572,1,3577.6484,3583.2243,3583.5649,0.1199,0
572,0,3577.6484,3583.2243,3586.5847,0.0460,0
573,1,3583.6280,3589.0709,3589.3868,0.1163,0
573,0,3583.6280,3589.0709,3592.4130,0.0441,0
574,1,3589.4503,3595.8037,3596.1505,0.1223,0
574,0,3589.4503,3595.8037,3599.1662,0.0473,0
575,1,3596.2222,3601.9734,3602.3487,0.1446,0
575,0,3596.2222,3601.9734,3605.3684,0.0484,0
576,1,3602.4167,3607.8337,3608.4055,0.2620,0
576,0,3602.4167,3607.8337,3611.4150,0.0497,0
577,1,3608.4772,3614.0480,3614.5099,0.2697,0
577,0,3608.4772,3614.0480,3617.5176,0.0415,0
578,1,3614.5749,3620.5239,3620.8312,0.1166,0
578,0,3614.5749,3620.5239,3623.8402,0.0406,0
579,1,3620.8969,3627.2781,3627.6802,0.1937,0
579,0,3620.8969,3627.2781,3630.7681,0.0409,0
580,1,3627.7437,3633.5202,3633.8209,0.1136,0
580,0,3627.7437,3633.5202,3636.8841,0.0419,0
581,1,3633.8870,3639.4130,3639.7193,0.1142,0
581,0,3633.8870,3639.4130,3642.7688,0.0423,0
582,1,3639.7810,3645.4147,3645.7155,0.1133,0
582,0,3639.7810,3645.4147,3648.7596,0.0400,0
583,1,3645.7785,3651.6197,3651.9203,0.1095,0
583,0,3645.7785,3651.6197,3654.9551,0.0390,0
584,1,3651.9795,3657.1237,3657.5534,0.1182,0
584,0,3651.9795,3657.1237,3660.5711,0.0468,0
585,1,3657.6402,3663.3036,3663.6088,0.1153,0
585,0,3657.6402,3663.3036,3666.6134,0.0920,0
586,1,3663.7351,3669.8184,3670.1238,0.1192,0
586,0,3663.7351,3669.8184,3673.2329,0.0400,0
587,1,3670.1949,3676.2052,3676.6462,0.1534,0
587,0,3670.1949,3676.2052,3679.6952,0.0470,0
588,1,3676.7137,3682.4169,3682.7629,0.1117,0
588,0,3676.7137,3682.4169,3685.8022,0.1814,0
589,1,3682.9650,3688.3412,3688.6899,0.1205,0
589,0,3682.9650,3688.3412,3691.7450,0.1349,0
590,1,3688.8451,3694.5294,3694.9137,0.1621,0
590,0,3688.8451,3694.5294,3697.9273,0.0406,0
591,1,3694.9711,3700.7097,3701.0480,0.1190,0
591,0,3694.9711,3700.7097,3704.0947,0.0440,0
592,1,3701.1086,3706.6521,3706.9977,0.1179,0
592,0,3701.1086,3706.6521,3709.9934,0.0445,0
593,1,3707.0662,3713.2073,3713.5288,0.1147,0
593,0,3707.0662,3713.2073,3716.5659,0.0407,0
594,1,3713.5888,3719.2297,3719.7273,0.3060,0
594,0,3713.5888,3719.2297,3722.7570,0.0415,0
595,1,3719.7885,3725.7767,3726.1722,0.1377,0
595,0,3719.7885,3725.7767,3729.2183,0.0523,0
596,1,3726.2441,3732.3764,3732.8489,0.1217,0
596,0,3726.2441,3732.3764,3735.9343,0.1318,0
597,1,3733.0040,3738.4660,3738.9179,0.2565,0
597,0,3733.0040,3738.4660,3741.9614,0.1477,0
598,1,3739.0926,3744.7903,3745.2862,0.2718,0
598,0,3739.0926,3744.7903,3748.3234,0.0460,0
599,1,3745.3497,3751.4006,3751.7051,0.1118,0
599,0,3745.3497,3751.4006,3754.7608,0.0400,0
600,1,3751.7703,3757.1046,3757.5478,0.2337,0
600,0,3751.7703,3757.1046,3760.6145,0.1536,0
601,1,3757.7216,3763.3409,3763.9892,0.3921,0
601,0,3757.7216,3763.3409,3767.0584,0.0465,0
602,1,3764.0571,3769.5736,3769.8755,0.1130,0
602,0,3764.0571,3769.5736,3772.8905,0.0419,0
603,1,3769.9407,3775.9442,3776.2478,0.1144,0
603,0,3769.9407,3775.9442,3779.2630,0.0408,0
604,1,3776.3154,3782.5506,3782.9123,0.1155,0
604,0,3776.3154,3782.5506,3785.9671,0.0769,0
605,1,3783.0143,3789.1064,3789.4111,0.1140,0
605,0,3783.0143,3789.1064,3792.4921,0.0409,0
606,1,3789.4910,3795.7282,3796.0585,0.1196,0
606,0,3789.4910,3795.7282,3799.1750,0.0409,0
607,1,3796.1165,3802.1778,3802.4825,0.1132,0
607,0,3796.1165,3802.1778,3805.5959,0.0410,0
608,1,3802.5436,3808.3895,3808.6892,0.1110,0
608,0,3802.5436,3808.3895,3811.7910,0.0405,0
609,1,3808.7486,3814.4713,3814.7766,0.1134,0
609,0,3808.7486,3814.4713,3817.8575,0.0403,0
610,1,3814.8364,3821.3977,3821.7739,0.1679,0
610,0,3814.8364,3821.3977,3824.8992,0.0414,0
611,1,3821.8389,3828.1500,3828.4600,0.1189,0
611,0,3821.8389,3828.1500,3831.6056,0.0418,0
612,1,3828.5214,3834.6755,3834.9753,0.1129,0
612,0,3828.5214,3834.6755,3838.1802,0.0403,0
613,1,3835.0379,3841.2960,3841.6079,0.1130,0
613,0,3835.0379,3841.2960,3844.7894,0.1909,0
614,1,3841.8338,3848.1911,3848.5257,0.1305,0
614,0,3841.8338,3848.1911,3851.6976,0.0411,0
615,1,3848.5865,3855.0629,3855.3878,0.1159,0
615,0,3848.5865,3855.0629,3858.5880,0.0414,0
616,1,3855.4548,3862.4478,3862.7616,0.1140,0
616,0,3855.4548,3862.4478,3866.1083,0.0471,0
617,1,3862.8292,3869.0926,3869.4979,0.1599,0
617,0,3862.8292,3869.0926,3872.7576,0.0897,0
618,1,3869.6142,3875.7865,3876.1671,0.1187,0
618,0,3869.6142,3875.7865,3879.4060,0.0503,0
619,1,3876.2370,3882.3202,3882.7382,0.1221,0
619,0,3876.2370,3882.3202,3885.9803,0.5063,0
620,1,3883.2690,3889.7278,3890.1056,0.1238,0
620,0,3883.2690,3889.7278,3893.3885,0.0454,0
621,1,3890.1683,3897.2386,3897.8994,0.2466,0
621,0,3890.1683,3897.2386,3901.2649,0.0471,0
622,1,3897.9689,3904.1147,3904.6593,0.3144,0
622,0,3897.9689,3904.1147,3908.0010,0.0473,0
623,1,3904.7265,3910.4936,3911.0322,0.3035,0
623,0,3904.7265,3910.4936,3914.2971,0.0515,0
624,1,3911.1044,3917.6112,3918.0271,0.2001,0
624,0,3911.1044,3917.6112,3921.3511,0.0454,0
625,1,3918.0928,3924.3566,3924.8468,0.2868,0
625,0,3918.0928,3924.3566,3928.1373,0.2395,0
626,1,3925.1073,3931.2835,3931.6259,0.1150,0
626,0,3925.1073,3931.2835,3934.8952,0.0427,0
627,1,3931.6883,3938.5937,3938.9812,0.1483,0
627,0,3931.6883,3938.5937,3942.3067,0.0405,0
628,1,3939.0416,3945.1003,3945.5010,0.2067,0
628,0,3939.0416,3945.1003,3948.8106,0.0415,0
629,1,3945.5609,3952.0321,3952.5043,0.2848,0
629,0,3945.5609,3952.0321,3955.8410,0.1617,0
630,1,3952.7003,3959.2325,3959.5407,0.1146,0
630,0,3952.7003,3959.2325,3962.8685,0.0415,0
631,1,3959.6023,3966.5561,3966.9174,0.1587,0
631,0,3959.6023,3966.5561,3970.2966,0.0434,0
632,1,3966.9779,3973.0406,3973.3850,0.1211,0
632,0,3966.9779,3973.0406,3976.7453,0.0442,0
633,1,3973.4480,3979.5082,3979.8978,0.1983,0
633,0,3973.4480,3979.5082,3983.2329,0.2004,0
634,1,3980.1161,3986.4742,3986.9657,0.2927,0
634,0,3980.1161,3986.4742,3990.2963,0.0428,0
635,1,3987.0289,3993.5201,3993.8286,0.1157,0
635,0,3987.0289,3993.5201,3997.2303,0.1786,0
636,1,3994.0266,4000.4696,4000.8343,0.1704,0
636,0,3994.0266,4000.4696,4004.2032,0.0410,0
637,1,4000.8926,4007.4941,4007.9270,0.1831,0
637,0,4000.8926,4007.4941,4011.3227,0.0449,0
638,1,4007.9915,4014.2555,4014.8942,0.4147,0
638,0,4007.9915,4014.2555,4018.2492,0.0507,0
639,1,4014.9631,4021.1431,4021.4736,0.1170,0
639,0,4014.9631,4021.1431,4024.7958,0.0408,0
640,1,4021.5396,4028.1163,4028.5309,0.2121,0
640,0,4021.5396,4028.1163,4031.8632,0.0409,0
641,1,4029.5448,4036.2631,4036.6002,0.1184,0
641,0,4029.5448,4036.2631,4039.9937,0.0421,0
642,1,4036.7369,4042.9349,4043.3156,0.1225,0
642,0,4036.7369,4042.9349,4046.7233,0.0482,0
643,1,4043.3876,4050.4355,4050.8040,0.1601,0
643,0,4043.3876,4050.4355,4054.2025,0.0425,0
644,1,4050.8647,4057.3609,4057.8002,0.1210,0
644,0,4050.8647,4057.3609,4061.1927,0.2223,0
645,1,4058.0439,4064.4121,4064.9395,0.2937,0
645,0,4058.0439,4064.4121,4068.3307,0.0466,0
646,1,4065.0059,4071.5970,4071.9291,0.1132,0
646,0,4065.0059,4071.5970,4075.3231,0.0385,0
647,1,4071.9879,4078.0732,4078.5680,0.2988,0
647,0,4071.9879,4078.0732,4081.9702,0.0484,0
648,1,4078.6377,4085.0286,4085.3311,0.1182,0
648,0,4078.6377,4085.0286,4088.7085,0.0406,0
649,1,4085.3922,4091.3426,4092.0510,0.5086,0
649,0,4085.3922,4091.3426,4095.4346,0.0963,0
650,1,4092.1702,4098.4175,4099.0543,0.4446,0
650,0,4092.1702,4098.4175,4102.3923,0.0421,0
651,1,4099.1385,4104.8528,4105.3598,0.2922,0
651,0,4099.1385,4104.8528,4108.6735,0.0835,0
652,1,4105.4623,4111.4845,4111.9030,0.1144,0
652,0,4105.4623,4111.4845,4115.2105,0.0527,0
653,1,4111.9804,4118.4114,4118.7423,0.1202,0
653,0,4111.9804,4118.4114,4122.0485,0.0408,0
654,1,4118.8004,4125.3141,4125.8253,0.3221,0
654,0,4118.8004,4125.3141,4129.1665,0.0424,0
655,1,4125.8851,4132.4562,4132.8956,0.1936,0
655,0,4125.8851,4132.4562,4136.2260,0.1252,0
656,1,4133.0477,4139.4213,4139.7280,0.1152,0
656,0,4133.0477,4139.4213,4143.0920,0.0409,0
657,1,4139.7870,4145.8991,4146.3303,0.2299,0
657,0,4139.7870,4145.8991,4149.6683,0.0467,0
658,1,4146.4074,4152.6929,4153.0774,0.1977,0
658,0,4146.4074,4152.6929,4156.3972,0.1104,0
659,1,4153.2069,4159.6768,4159.9965,0.1139,0
659,0,4153.2069,4159.6768,4163.3214,0.0442,0
660,1,4160.0742,4166.9152,4167.3316,0.1916,0
660,0,4160.0742,4166.9152,4170.6864,0.0445,0
661,1,4167.4104,4173.7440,4174.0574,0.1202,0
661,0,4167.4104,4173.7440,4177.4410,0.0409,0
662,1,4174.1314,4180.1673,4180.6575,0.2678,0
662,0,4174.1314,4180.1673,4183.9958,0.0754,0
663,1,4180.7570,4187.1898,4187.5365,0.1211,0
663,0,4180.7570,4187.1898,4190.8860,0.0446,0
664,1,4187.6002,4194.5240,4194.9961,0.1719,0
664,0,4187.6002,4194.5240,4198.4062,0.0436,0
665,1,4195.0599,4201.7284,4202.2315,0.1780,0
665,0,4195.0599,4201.7284,4205.8417,0.0495,0
666,1,4202.3067,4208.5070,4208.9983,0.2973,0
666,0,4202.3067,4208.5070,4212.3991,0.0424,0
667,1,4209.0589,4215.3039,4215.6368,0.1241,0
667,0,4209.0589,4215.3039,4219.0161,0.0623,0
668,1,4215.7192,4221.8410,4222.2514,0.1867,0
668,0,4215.7192,4221.8410,4225.5993,0.1786,0
669,1,4222.4515,4228.9909,4229.3035,0.1271,0
669,0,4222.4515,4228.9909,4232.7135,0.0845,0
670,1,4229.4103,4236.0319,4236.8055,0.4551,0
670,0,4229.4103,4236.0319,4240.2017,0.0450,0
671,1,4236.8755,4243.5032,4243.8696,0.1205,0
671,0,4236.8755,4243.5032,4247.2592,0.0422,0
672,1,4243.9321,4250.2715,4250.7769,0.2836,0
672,0,4243.9321,4250.2715,4254.1753,0.0449,0
673,1,4250.8394,4256.9852,4257.2832,0.1150,0
673,0,4250.8394,4256.9852,4260.6247,0.0512,0
674,1,4257.3545,4263.8007,4264.2201,0.1889,0
674,0,4257.3545,4263.8007,4267.5808,0.0473,0
675,1,4264.2870,4270.6984,4271.0454,0.1218,0
675,0,4264.2870,4270.6984,4274.4192,0.0443,0
676,1,4271.1082,4277.4760,4277.8659,0.1748,0
676,0,4271.1082,4277.4760,4281.2101,0.1982,0
677,1,4278.0918,4285.0125,4285.4290,0.1166,0
677,0,4278.0918,4285.0125,4288.8181,0.0480,0
678,1,4285.4964,4292.4596,4292.7807,0.1191,0
678,0,4285.4964,4292.4596,4296.1959,0.0440,0
679,1,4292.8469,4299.8159,4300.1257,0.1135,0
679,0,4292.8469,4299.8159,4303.5877,0.0423,0
680,1,4300.1869,4306.5738,4306.8759,0.1111,0
680,0,4300.1869,4306.5738,4310.2861,0.0408,0
681,1,4306.9407,4313.3356,4313.7466,0.1891,0
681,0,4306.9407,4313.3356,4317.1807,0.0415,0
682,1,4313.8058,4320.3763,4320.6950,0.1078,0
682,0,4313.8058,4320.3763,4324.1417,0.0413,0
683,1,4320.7545,4327.8198,4328.3381,0.3129,0
683,0,4320.7545,4327.8198,4331.7950,0.0404,0
684,1,4328.4001,4335.1443,4335.4689,0.1215,0
684,0,4328.4001,4335.1443,4338.9997,0.2342,0
685,1,4335.7238,4342.5012,4342.8648,0.1745,0
685,0,4335.7238,4342.5012,4346.3620,0.0414,0
686,1,4342.9237,4349.9964,4350.2975,0.1132,0
686,0,4342.9237,4349.9964,4353.7797,0.0424,0
687,1,4350.3585,4356.8439,4357.1670,0.1153,0
687,0,4350.3585,4356.8439,4360.7265,0.0409,0
688,1,4357.2286,4364.0253,4364.4169,0.1882,0
688,0,4357.2286,4364.0253,4367.8955,0.0399,0
689,1,4364.4818,4370.9666,4371.4433,0.1257,0
689,0,4364.4818,4370.9666,4374.9552,0.0533,0
690,1,4371.5256,4378.0218,4378.4081,0.1902,0
690,0,4371.5256,4378.0218,4381.8874,0.0403,0
691,1,4378.4705,4385.0457,4385.3965,0.1306,0
691,0,4378.4705,4385.0457,4388.9003,0.0458,0
692,1,4385.4659,4392.2851,4392.7092,0.1155,0
692,0,4385.4659,4392.2851,4396.1857,0.0449,0
693,1,4392.7856,4399.9858,4400.3251,0.1309,0
693,0,4392.7856,4399.9858,4403.8369,0.0426,0
694,1,4400.3857,4406.8754,4407.2164,0.1199,0
694,0,4400.3857,4406.8754,4410.7397,0.0466,0
695,1,4407.2831,4413.8605,4414.2619,0.1857,0
695,0,4407.2831,4413.8605,4417.7412,0.0601,0
696,1,4414.3453,4420.8245,4421.2211,0.1205,0
696,0,4414.3453,4420.8245,4424.7110,0.0490,0
697,1,4421.3096,4428.3037,4428.7156,0.2098,0
697,0,4421.3096,4428.3037,4432.2147,0.1262,0
698,1,4428.8631,4435.6117,4435.9526,0.1200,0
698,0,4428.8631,4435.6117,4439.4748,0.0434,0
699,1,4436.0137,4442.5614,4442.9006,0.1224,0
699,0,4436.0137,4442.5614,4446.4003,0.0436,0
700,1,4442.9663,4449.9230,4450.2979,0.1892,0
700,0,4442.9663,4449.9230,4453.8122,0.1115,0
701,1,4450.4310,4456.7970,4457.1522,0.1256,0
701,0,4450.4310,4456.7970,4460.6632,0.4620,0
702,1,4457.6352,4464.1423,4464.5634,0.1888,0
702,0,4457.6352,4464.1423,4468.0665,0.0469,0
703,1,4464.6274,4471.0114,4471.3144,0.1156,0
703,0,4464.6274,4471.0114,4474.7934,0.0409,0
704,1,4471.3742,4477.7599,4478.2108,0.2628,0
704,0,4471.3742,4477.7599,4481.6747,0.0451,0
705,1,4478.2776,4484.8040,4485.1530,0.1221,0
705,0,4478.2776,4484.8040,4488.6160,0.0498,0
706,1,4485.2349,4492.1730,4492.6344,0.1985,0
706,0,4485.2349,4492.1730,4496.1197,0.0482,0
707,1,4492.7052,4499.7342,4500.0751,0.1127,0
707,0,4492.7052,4499.7342,4503.5795,0.0635,0
708,1,4500.1585,4506.6866,4506.9918,0.1145,0
708,0,4500.1585,4506.6866,4510.5051,0.0381,0
709,1,4507.0536,4513.7347,4514.1612,0.1666,0
709,0,4507.0536,4513.7347,4517.6650,0.1340,0
710,1,4514.3162,4520.8973,4521.2673,0.1241,0
710,0,4514.3162,4520.8973,4524.7407,0.0439,0
711,1,4521.3381,4528.2309,4528.8369,0.3869,0
711,0,4521.3381,4528.2309,4532.3528,0.0449,0
712,1,4529.8716,4536.0841,4536.5729,0.2877,0
712,0,4529.8716,4536.0841,4540.0389,0.0395,0
713,1,4536.7141,4543.1090,4543.4250,0.1156,0
713,0,4536.7141,4543.1090,4546.9459,0.0407,0
714,1,4543.4869,4550.2978,4550.6773,0.1877,0
714,0,4543.4869,4550.2978,4554.1864,0.0402,0
715,1,4550.7468,4557.1350,4557.5182,0.1179,0
715,0,4550.7468,4557.1350,4561.0018,0.2658,0
716,1,4557.8048,4564.3365,4564.6992,0.1685,0
716,0,4557.8048,4564.3365,4568.1540,0.0406,0
717,1,4564.7633,4571.4381,4571.9001,0.1290,0
717,0,4564.7633,4571.4381,4575.4521,0.0524,0
718,1,4571.9706,4578.7332,4579.0773,0.1212,0
718,0,4571.9706,4578.7332,4582.5488,0.0446,0
719,1,4579.1400,4585.8505,4586.2320,0.1643,0
719,0,4579.1400,4585.8505,4589.6926,0.1799,0
720,1,4586.4358,4593.1317,4593.4991,0.1266,0
720,0,4586.4358,4593.1317,4596.9995,0.0504,0
721,1,4593.5871,4600.6603,4601.0058,0.1206,0
721,0,4593.5871,4600.6603,4604.4941,0.0451,0
722,1,4601.0741,4607.6006,4607.9278,0.1177,0
722,0,4601.0741,4607.6006,4611.4470,0.1043,0
723,1,4608.0558,4614.4485,4614.7544,0.1140,0
723,0,4608.0558,4614.4485,4618.2334,0.0424,0
724,1,4614.8170,4621.3263,4621.6789,0.1175,0
724,0,4614.8170,4621.3263,4625.3888,0.1640,0
725,1,4621.8608,4628.8506,4629.1450,0.1120,0
725,0,4621.8608,4628.8506,4632.6572,0.0395,0
726,1,4629.2075,4636.0519,4636.4442,0.1853,0
726,0,4629.2075,4636.0519,4639.9478,0.0402,0
727,1,4636.5077,4642.9467,4643.2520,0.1159,0
727,0,4636.5077,4642.9467,4646.7910,0.0411,0
728,1,4643.3117,4649.9047,4650.2916,0.1933,0
728,0,4643.3117,4649.9047,4653.7824,0.0405,0
729,1,4650.3542,4656.7643,4657.2881,0.1165,0
729,0,4650.3542,4656.7643,4660.8141,0.1663,0
730,1,4657.4775,4663.8761,4664.2552,0.1921,0
730,0,4657.4775,4663.8761,4667.7080,0.0473,0
731,1,4664.3424,4670.8929,4671.2524,0.1221,0
731,0,4664.3424,4670.8929,4674.7449,0.0445,0
732,1,4671.3283,4677.6956,4678.0755,0.1715,0
732,0,4671.3283,4677.6956,4681.5340,0.1157,0
733,1,4678.2260,4685.0443,4685.4406,0.1160,0
733,0,4678.2260,4685.0443,4688.9333,0.0448,0
734,1,4685.5211,4692.7402,4693.0499,0.1193,0
734,0,4685.5211,4692.7402,4696.6263,0.0410,0
735,1,4693.1090,4700.0730,4700.4339,0.1716,0
735,0,4693.1090,4700.0730,4703.9408,0.0407,0
736,1,4700.4924,4706.8651,4707.2070,0.1174,0
736,0,4700.4924,4706.8651,4710.6860,0.0457,0
737,1,4707.2744,4713.8927,4714.2791,0.1852,0
737,0,4707.2744,4713.8927,4717.7553,0.1140,0
738,1,4714.4149,4720.8496,4721.1763,0.1169,0
738,0,4714.4149,4720.8496,4724.6593,0.0410,0
739,1,4721.2368,4728.3334,4728.9181,0.3803,0
739,0,4721.2368,4728.3334,4732.5126,0.0432,0
740,1,4728.9795,4735.4989,4735.9150,0.1799,0
740,0,4728.9795,4735.4989,4739.4062,0.0701,0
741,1,4736.0051,4742.4070,4742.7352,0.1105,0
741,0,4736.0051,4742.4070,4746.2048,0.0436,0
742,1,4742.8177,4749.2499,4749.6241,0.1225,0
742,0,4742.8177,4749.2499,4753.1327,0.1617,0
743,1,4749.8104,4756.3929,4756.7173,0.1163,0
743,0,4749.8104,4756.3929,4760.1747,0.0404,0
744,1,4756.7758,4763.9924,4764.4158,0.1917,0
744,0,4756.7758,4763.9924,4767.9685,0.0504,0
745,1,4764.4841,4770.9506,4771.2929,0.1211,0
745,0,4764.4841,4770.9506,4774.7704,0.0432,0
746,1,4771.3617,4778.0310,4778.4230,0.1918,0
746,0,4771.3617,4778.0310,4781.9177,0.0381,0
747,1,4778.4838,4785.0360,4785.3343,0.1160,0
747,0,4778.4838,4785.0360,4788.8236,0.0405,0
748,1,4785.3941,4792.2454,4792.6420,0.1614,0
748,0,4785.3941,4792.2454,4796.1393,0.0422,0
749,1,4792.7097,4799.8076,4800.1117,0.1135,0
749,0,4792.7097,4799.8076,4803.6565,0.0420,0
750,1,4800.1739,4806.7752,4807.1134,0.1164,0
750,0,4800.1739,4806.7752,4810.6572,0.0434,0
751,1,4807.1771,4813.7635,4814.2304,0.1561,0
751,0,4807.1771,4813.7635,4817.7252,0.1211,0
752,1,4814.3793,4820.9765,4821.3466,0.1253,0
752,0,4814.3793,4820.9765,4824.8318,0.0437,0
753,1,4821.4074,4828.3323,4828.9211,0.3753,0
753,0,4821.4074,4828.3323,4832.4438,0.0424,0
754,1,4828.9880,4835.7968,4836.2010,0.1877,0
754,0,4828.9880,4835.7968,4839.7050,0.1799,0
755,1,4836.4088,4843.3305,4843.6862,0.1194,0
755,0,4836.4088,4843.3305,4847.2413,0.0829,0
756,1,4843.7880,4850.2740,4850.6536,0.1809,0
756,0,4843.7880,4850.2740,4854.1693,0.0404,0
757,1,4850.7198,4857.1639,4857.5587,0.1275,0
757,0,4850.7198,4857.1639,4861.0810,0.0531,0
758,1,4857.6335,4864.3910,4864.9860,0.3547,0
758,0,4857.6335,4864.3910,4868.5371,0.0460,0
759,1,4865.0500,4871.9322,4872.2389,0.1206,0
759,0,4865.0500,4871.9322,4875.7633,0.0398,0
760,1,4872.2967,4878.8921,4879.2291,0.1181,0
760,0,4872.2967,4878.8921,4882.8189,0.0443,0
761,1,4879.2913,4886.1148,4886.5222,0.1934,0
761,0,4879.2913,4886.1148,4890.0376,0.0477,0
762,1,4886.5919,4893.5384,4893.8421,0.1123,0
762,0,4886.5919,4893.5384,4897.4151,0.0457,0
763,1,4893.9091,4900.6421,4901.0737,0.1907,0
763,0,4893.9091,4900.6421,4904.6053,0.0426,0
764,1,4901.1345,4907.7243,4908.1466,0.1741,0
764,0,4901.1345,4907.7243,4911.6877,0.2346,0
765,1,4908.4030,4914.7043,4915.0212,0.1134,0
765,0,4908.4030,4914.7043,4918.5332,0.0420,0
766,1,4915.0844,4921.9359,4922.3815,0.1754,0
766,0,4915.0844,4921.9359,4925.9065,0.1253,0
767,1,4922.5298,4929.4233,4929.7864,0.1221,0
767,0,4922.5298,4929.4233,4933.3094,0.0428,0
768,1,4929.8484,4936.4478,4936.8555,0.1767,0
768,0,4929.8484,4936.4478,4940.3962,0.0512,0
769,1,4936.9259,4943.2596,4943.6044,0.1241,0
769,0,4936.9259,4943.2596,4947.1048,0.0438,0
770,1,4943.6657,4950.2210,4950.6375,0.1882,0
770,0,4943.6657,4950.2210,4954.1315,0.0438,0
771,1,4950.7000,4957.0178,4957.3832,0.1214,0
771,0,4950.7000,4957.0178,4960.8456,0.0442,0
772,1,4957.4567,4964.1860,4964.6130,0.1950,0
772,0,4957.4567,4964.1860,4968.0940,0.0481,0
773,1,4964.6801,4971.0239,4971.3549,0.1147,0
773,0,4964.6801,4971.0239,4974.8224,0.0437,0
774,1,4971.4191,4977.9586,4978.3408,0.1842,0
774,0,4971.4191,4977.9586,4981.8064,0.0599,0
775,1,4978.4212,4985.2658,4985.5870,0.1231,0
775,0,4978.4212,4985.2658,4989.0862,0.0415,0
776,1,4985.6479,4992.7423,4993.1120,0.1736,0
776,0,4985.6479,4992.7423,4996.6441,0.0412,0
777,1,4993.1711,4999.7720,5000.1396,0.1763,0
777,0,4993.1711,4999.7720,5003.6561,0.1313,0
778,1,5000.2941,5007.1000,5007.4720,0.1142,0
778,0,5000.2941,5007.1000,5010.9814,0.0431,0
779,1,5007.5392,5014.0296,5014.4150,0.1960,0
779,0,5007.5392,5014.0296,5017.9990,0.0650,0
780,1,5014.5009,5020.9325,5021.3262,0.1258,0
780,0,5014.5009,5020.9325,5024.7996,0.0504,0
781,1,5021.3962,5028.2256,5028.5913,0.1324,0
781,0,5021.3962,5028.2256,5032.0843,0.2136,0
782,1,5028.8248,5035.5116,5035.8224,0.1145,0
782,0,5028.8248,5035.5116,5039.3246,0.0413,0
783,1,5036.8511,5043.6803,5044.0274,0.1364,0
783,0,5036.8511,5043.6803,5047.5336,0.0416,0
784,1,5044.1661,5050.6878,5050.9988,0.1158,0
784,0,5044.1661,5050.6878,5054.4942,0.0410,0
785,1,5051.0593,5057.6529,5058.0629,0.1581,0
785,0,5051.0593,5057.6529,5061.5535,0.1459,0
786,1,5058.2277,5065.1759,5065.5002,0.1169,0
786,0,5058.2277,5065.1759,5069.0134,0.0409,0
787,1,5065.5636,5072.0684,5072.4368,0.1658,0
787,0,5065.5636,5072.0684,5075.9353,0.0843,0
788,1,5072.5658,5078.8593,5079.1672,0.1164,0
788,0,5072.5658,5078.8593,5082.8930,0.0410,0
789,1,5079.2261,5086.0197,5086.3958,0.1878,0
789,0,5079.2261,5086.0197,5089.8901,0.0376,0
790,1,5086.4566,5093.2893,5093.5993,0.1171,0
790,0,5086.4566,5093.2893,5097.1126,0.0404,0
791,1,5093.6566,5100.5753,5100.9146,0.1174,0
791,0,5093.6566,5100.5753,5104.4265,0.0462,0
792,1,5100.9780,5107.4813,5107.8206,0.1194,0
792,0,5100.9780,5107.4813,5111.3346,0.1173,0
793,1,5107.9565,5114.2531,5114.5924,0.1196,0
793,0,5107.9565,5114.2531,5118.0717,0.0443,0
794,1,5114.6555,5121.3016,5121.6380,0.1206,0
794,0,5114.6555,5121.3016,5125.1485,0.1900,0
795,1,5121.8460,5128.5300,5128.8720,0.1202,0
795,0,5121.8460,5128.5300,5132.3547,0.0444,0
796,1,5128.9349,5135.8203,5136.2113,0.1656,0
796,0,5128.9349,5135.8203,5139.7084,0.1686,0
797,1,5136.4031,5142.6910,5143.0303,0.1194,0
797,0,5136.4031,5142.6910,5146.6190,0.0437,0
798,1,5143.0914,5149.9358,5150.3237,0.1586,0
798,0,5143.0914,5149.9358,5153.8116,0.0955,0
799,1,5150.4587,5156.7735,5157.1186,0.1241,0
799,0,5150.4587,5156.7735,5160.6403,0.0439,0
800,1,5157.2113,5164.0654,5164.4666,0.1938,0
800,0,5157.2113,5164.0654,5167.9536,0.0411,0
801,1,5164.5426,5171.6389,5172.0024,0.1190,0
801,0,5164.5426,5171.6389,5175.5140,0.0444,0
802,1,5172.0676,5178.5298,5178.8337,0.1139,0
802,0,5172.0676,5178.5298,5182.3315,0.0412,0
803,1,5178.8944,5185.7120,5186.0824,0.1610,0
803,0,5178.8944,5185.7120,5189.5852,0.1763,0
804,1,5186.2829,5193.1796,5193.5784,0.2047,0
804,0,5186.2829,5193.1796,5197.0917,0.0412,0
805,1,5193.6383,5200.3955,5200.7006,0.1132,0
805,0,5193.6383,5200.3955,5204.2194,0.0419,0
806,1,5200.7597,5207.3645,5207.7433,0.1383,0
806,0,5200.7597,5207.3645,5211.2771,0.1699,0
807,1,5207.9341,5214.6487,5215.0453,0.1676,0
807,0,5207.9341,5214.6487,5218.5603,0.0448,0
808,1,5215.1074,5221.9377,5222.2807,0.1203,0
808,0,5215.1074,5221.9377,5225.8144,0.0500,0
809,1,5222.3529,5229.3376,5229.6997,0.1205,0
809,0,5222.3529,5229.3376,5233.2333,0.0446,0
810,1,5229.7619,5236.3882,5236.7651,0.1853,0
810,0,5229.7619,5236.3882,5240.3190,0.0414,0
811,1,5236.8328,5243.2402,5243.5492,0.1190,0
811,0,5236.8328,5243.2402,5247.0668,0.0412,0
812,1,5243.6100,5250.1279,5250.5066,0.1869,0
812,0,5243.6100,5250.1279,5254.0381,0.0408,0
813,1,5250.5660,5257.9257,5258.2363,0.1193,0
813,0,5250.5660,5257.9257,5261.7730,0.0408,0
814,1,5258.2956,5265.2653,5265.5693,0.1149,0
814,0,5258.2956,5265.2653,5269.2706,0.0408,0
815,1,5265.6274,5272.1410,5272.6178,0.2886,0
815,0,5265.6274,5272.1410,5276.1491,0.0401,0
816,1,5272.6789,5278.9466,5279.2573,0.1166,0
816,0,5272.6789,5278.9466,5282.8844,0.0411,0
817,1,5279.3157,5286.0789,5286.4318,0.1205,0
817,0,5279.3157,5286.0789,5289.9370,0.1954,0
818,1,5286.6493,5293.4266,5293.7495,0.1161,0
818,0,5286.6493,5293.4266,5297.2806,0.0411,0
819,1,5293.8137,5300.6765,5300.9897,0.1165,0
819,0,5293.8137,5300.6765,5304.5259,0.0494,0
820,1,5301.0818,5307.7139,5308.1364,0.1762,0
820,0,5301.0818,5307.7139,5311.6376,0.2454,0
821,1,5308.4161,5314.9362,5315.2888,0.1198,0
821,0,5308.4161,5314.9362,5318.8702,0.0441,0
822,1,5315.3516,5322.0142,5322.4303,0.1622,0
822,0,5315.3516,5322.0142,5325.9290,0.1372,0
823,1,5322.5883,5329.7357,5330.1127,0.1108,0
823,0,5322.5883,5329.7357,5333.6699,0.0522,0
824,1,5330.1878,5336.9914,5337.3602,0.1211,0
824,0,5330.1878,5336.9914,5340.8955,0.0472,0
825,1,5337.4282,5343.7024,5344.1349,0.1205,0
825,0,5337.4282,5343.7024,5347.6905,0.3189,0
826,1,5344.4732,5351.0611,5351.4437,0.1238,0
826,0,5344.4732,5351.0611,5354.9740,0.0490,0
827,1,5351.5209,5358.1694,5358.7703,0.3860,0
827,0,5351.5209,5358.1694,5362.2595,0.1978,0
828,1,5358.9941,5365.9096,5366.3028,0.1442,0
828,0,5358.9941,5365.9096,5369.8185,0.0597,0
829,1,5366.3859,5373.3012,5373.6088,0.1184,0
829,0,5366.3859,5373.3012,5377.1418,0.0405,0
830,1,5373.6663,5379.7614,5380.0755,0.1137,0
830,0,5373.6663,5379.7614,5383.5738,0.2470,0
831,1,5380.3407,5386.8236,5387.1591,0.1161,0
831,0,5380.3407,5386.8236,5390.6499,0.0441,0
832,1,5387.2235,5394.1849,5394.5729,0.1713,0
832,0,5387.2235,5394.1849,5398.1118,0.0840,0
833,1,5394.7016,5401.7025,5402.0449,0.1216,0
833,0,5394.7016,5401.7025,5405.5622,0.0757,0
834,1,5402.1392,5408.2608,5408.6466,0.1970,0
834,0,5402.1392,5408.2608,5412.1661,0.0391,0
835,1,5408.7081,5415.1170,5415.4243,0.1196,0
835,0,5408.7081,5415.1170,5418.9321,0.0411,0
836,1,5415.4833,5422.2589,5422.6830,0.1868,0
836,0,5415.4833,5422.2589,5426.1519,0.0483,0
837,1,5422.7496,5429.3483,5429.6675,0.1167,0
837,0,5422.7496,5429.3483,5433.1577,0.0417,0
838,1,5429.7270,5436.2916,5436.6761,0.1929,0
838,0,5429.7270,5436.2916,5440.1628,0.0628,0
839,1,5436.7578,5443.1878,5443.5082,0.1155,0
839,0,5436.7578,5443.1878,5446.9821,0.0411,0
840,1,5443.5665,5450.0509,5450.4294,0.1886,0
840,0,5443.5665,5450.0509,5453.8941,0.0388,0
841,1,5450.4860,5456.8893,5457.2370,0.1211,0
841,0,5450.4860,5456.8893,5460.7010,0.0444,0
842,1,5457.3055,5463.9145,5464.3071,0.1944,0
842,0,5457.3055,5463.9145,5467.7487,0.0903,0
843,1,5464.4190,5470.9646,5471.3690,0.1307,0
843,0,5464.4190,5470.9646,5474.8363,0.0473,0
844,1,5471.4354,5477.8454,5478.2428,0.2006,0
844,0,5471.4354,5477.8454,5481.6881,0.0420,0
845,1,5478.3045,5484.9483,5485.2540,0.1161,0
845,0,5478.3045,5484.9483,5488.7010,0.0411,0
846,1,5485.3121,5491.4442,5491.9595,0.3266,0
846,0,5485.3121,5491.4442,5495.3744,0.3653,0
847,1,5492.3455,5499.2565,5499.6766,0.1579,0
847,0,5492.3455,5499.2565,5503.1255,0.0576,0
848,1,5499.7548,5506.6541,5506.9423,0.0951,0
848,0,5499.7548,5506.6541,5510.4837,0.0417,0
849,1,5507.0031,5513.5957,5513.9299,0.1481,0
849,0,5507.0031,5513.5957,5517.4107,0.1839,0
850,1,5514.1346,5520.5132,5520.8182,0.1158,0
850,0,5514.1346,5520.5132,5524.2937,0.0411,0
851,1,5520.8774,5527.9567,5528.3703,0.2112,0
851,0,5520.8774,5527.9567,5531.8485,0.0382,0
852,1,5528.4293,5534.8856,5535.1878,0.1149,0
852,0,5528.4293,5534.8856,5538.6835,0.0411,0
853,1,5535.2459,5541.5922,5542.0171,0.1574,0
853,0,5535.2459,5541.5922,5545.4638,0.0558,0
854,1,5543.1924,5550.0806,5550.4149,0.1129,0
854,0,5543.1924,5550.0806,5553.9095,0.0420,0
855,1,5550.5511,5556.9116,5557.2284,0.1169,0
855,0,5550.5511,5556.9116,5560.7157,0.0425,0
856,1,5557.2923,5563.7989,5564.2126,0.2266,0
856,0,5557.2923,5563.7989,5567.6534,0.1308,0
857,1,5564.3663,5570.7550,5571.0818,0.1173,0
857,0,5564.3663,5570.7550,5574.6674,0.0422,0
858,1,5571.1504,5577.8757,5578.3149,0.1448,0
858,0,5571.1504,5577.8757,5581.8174,0.0688,0
859,1,5578.4055,5585.1113,5585.4207,0.1188,0
859,0,5578.4055,5585.1113,5588.9097,0.0385,0
860,1,5585.4827,5592.5947,5592.9223,0.1146,0
860,0,5585.4827,5592.5947,5596.4350,0.0462,0
861,1,5592.9919,5599.9718,5600.3697,0.1139,0
861,0,5592.9919,5599.9718,5603.8753,0.0448,0
862,1,5600.4349,5606.8439,5607.1844,0.1199,0
862,0,5600.4349,5606.8439,5610.6965,0.0443,0
863,1,5607.2532,5613.8471,5614.2434,0.1888,0
863,0,5607.2532,5613.8471,5617.7615,0.0401,0
864,1,5614.3040,5620.7408,5621.1037,0.1219,0
864,0,5614.3040,5620.7408,5624.5932,0.0487,0
865,1,5621.1718,5628.2599,5628.6819,0.2168,0
865,0,5621.1718,5628.2599,5632.2347,0.0404,0
866,1,5628.7412,5635.5926,5635.8939,0.1174,0
866,0,5628.7412,5635.5926,5639.4023,0.0404,0
867,1,5635.9536,5642.4267,5642.7296,0.1211,0
867,0,5635.9536,5642.4267,5646.2232,0.0395,0
868,1,5642.7860,5649.3131,5649.9033,0.3997,0
868,0,5642.7860,5649.3131,5653.3907,0.0385,0
869,1,5649.9686,5656.3983,5656.7588,0.1281,0
869,0,5649.9686,5656.3983,5660.2433,0.0441,0
870,1,5656.8232,5663.9484,5664.3735,0.1898,0
870,0,5656.8232,5663.9484,5667.8771,0.0486,0
871,1,5664.4570,5670.8849,5671.2572,0.1196,0
871,0,5664.4570,5670.8849,5674.7503,0.0488,0
872,1,5671.3376,5677.7547,5678.3976,0.2950,0
872,0,5671.3376,5677.7547,5682.0286,0.0517,0
873,1,5678.4823,5685.2872,5685.7734,0.1518,0
873,0,5678.4823,5685.2872,5689.2693,0.0482,0
874,1,5685.8505,5693.0297,5693.3372,0.1171,0
874,0,5685.8505,5693.0297,5696.8645,0.0495,0
875,1,5693.4103,5700.5582,5700.9160,0.1165,0
875,0,5693.4103,5700.5582,5704.4539,0.0448,0
876,1,5700.9923,5707.3963,5707.7858,0.1199,0
876,0,5700.9923,5707.3963,5711.3240,0.1637,0
877,1,5707.9809,5714.4647,5714.8084,0.1206,0
877,0,5707.9809,5714.4647,5718.3249,0.0437,0
878,1,5714.8705,5721.6919,5722.1013,0.1924,0
878,0,5714.8705,5721.6919,5725.6347,0.0879,0
879,1,5722.2453,5729.1312,5729.5497,0.1904,0
879,0,5722.2453,5729.1312,5733.0633,0.0457,0
880,1,5729.6179,5736.3742,5736.8140,0.2002,0
880,0,5729.6179,5736.3742,5740.3639,0.0441,0
881,1,5736.8786,5743.1855,5743.5066,0.1171,0
881,0,5736.8786,5743.1855,5747.0162,0.0414,0
882,1,5743.5664,5750.5473,5750.9658,0.1961,0
882,0,5743.5664,5750.5473,5754.4828,0.0521,0
883,1,5751.0387,5757.4522,5757.9544,0.2785,0
883,0,5751.0387,5757.4522,5761.6248,0.1568,0
884,1,5758.1314,5765.1317,5765.4746,0.1204,0
884,0,5758.1314,5765.1317,5768.9947,0.0443,0
885,1,5765.5361,5772.0933,5772.4158,0.1321,0
885,0,5765.5361,5772.0933,5775.9517,0.0906,0
886,1,5772.5283,5779.3346,5779.7598,0.2025,0
886,0,5772.5283,5779.3346,5783.2763,0.1455,0
887,1,5779.9297,5786.4259,5787.0750,0.4602,0
887,0,5779.9297,5786.4259,5790.6160,0.0408,0
888,1,5787.1371,5794.2101,5794.5088,0.1147,0
888,0,5787.1371,5794.2101,5798.0385,0.0405,0
889,1,5794.5702,5801.3817,5801.6859,0.1160,0
889,0,5794.5702,5801.3817,5805.2204,0.0405,0
890,1,5801.7440,5808.3089,5808.7216,0.1832,0
890,0,5801.7440,5808.3089,5812.2421,0.0530,0
891,1,5808.7978,5815.4054,5815.7471,0.1207,0
891,0,5808.7978,5815.4054,5819.2651,0.0477,0
892,1,5815.8183,5822.1843,5822.5667,0.1677,0
892,0,5815.8183,5822.1843,5826.1105,0.1178,0
893,1,5822.7075,5829.3186,5829.7215,0.1968,0
893,0,5822.7075,5829.3186,5833.2145,0.0405,0
894,1,5829.7785,5836.2941,5836.8293,0.3052,0
894,0,5829.7785,5836.2941,5840.3395,0.1409,0
895,1,5836.9907,5843.1674,5843.5081,0.1223,0
895,0,5836.9907,5843.1674,5846.9755,0.0441,0
896,1,5843.5693,5850.5428,5850.9248,0.1947,0
896,0,5843.5693,5850.5428,5854.4321,0.0408,0
897,1,5850.9866,5857.6228,5858.1148,0.2284,0
897,0,5850.9866,5857.6228,5861.6605,0.1234,0
898,1,5858.2593,5865.2610,5865.6197,0.1156,0
898,0,5858.2593,5865.2610,5869.1426,0.0449,0
899,1,5865.6848,5871.8995,5872.2558,0.1667,0
899,0,5865.6848,5871.8995,5875.7231,0.2770,0
900,1,5872.5581,5879.2501,5879.6628,0.2016,0
900,0,5872.5581,5879.2501,5883.1521,0.0419,0
901,1,5879.7220,5885.9902,5886.4344,0.2301,0
901,0,5879.7220,5885.9902,5889.8981,0.0401,0
902,1,5886.4968,5893.1296,5893.4531,0.1185,0
902,0,5886.4968,5893.1296,5896.9199,0.0413,0
903,1,5893.5114,5900.7067,5901.0106,0.1145,0
903,0,5893.5114,5900.7067,5904.5048,0.0504,0
904,1,5901.0784,5907.2832,5907.5888,0.1167,0
904,0,5901.0784,5907.2832,5911.0638,0.0454,0
905,1,5907.6514,5913.6291,5914.1955,0.3394,0
905,0,5907.6514,5913.6291,5917.6682,0.0580,0
906,1,5914.2748,5920.8358,5921.1825,0.1225,0
906,0,5914.2748,5920.8358,5924.6309,0.0443,0
907,1,5921.2570,5928.2696,5928.6835,0.2109,0
907,0,5921.2570,5928.2696,5932.1567,0.0527,0
908,1,5928.7561,5935.4695,5935.9810,0.2895,0
908,0,5928.7561,5935.4695,5939.4510,0.0663,0
909,1,5936.0667,5942.3980,5942.7544,0.1218,0
909,0,5936.0667,5942.3980,5946.2474,0.0450,0
910,1,5942.8170,5949.4301,5950.2322,0.5280,0
910,0,5942.8170,5949.4301,5953.7031,0.1313,0
911,1,5950.3856,5957.5444,5958.0714,0.2855,0
911,0,5950.3856,5957.5444,5961.6207,0.0420,0
912,1,5958.1319,5965.0222,5965.3695,0.1212,0
912,0,5958.1319,5965.0222,5968.9264,0.0449,0
913,1,5965.4331,5971.9819,5972.3304,0.1562,0
913,0,5965.4331,5971.9819,5975.8221,0.2082,0
914,1,5972.5604,5978.9405,5979.2789,0.1161,0
914,0,5972.5604,5978.9405,5982.8522,0.0452,0
915,1,5979.3423,5986.3281,5986.7738,0.1820,0
915,0,5979.3423,5986.3281,5990.2847,0.0527,0
916,1,5986.8564,5994.1732,5994.5454,0.1585,0
916,0,5986.8564,5994.1732,5998.0863,0.0423,0
917,1,5994.6096,6001.2596,6001.5872,0.1161,0
917,0,5994.6096,6001.2596,6005.1369,0.0427,0
918,1,6001.6471,6008.2747,6008.6606,0.1923,0
918,0,6001.6471,6008.2747,6012.3186,0.0409,0
919,1,6008.7281,6015.2465,6015.6426,0.1202,0
919,0,6008.7281,6015.2465,6019.1606,0.1174,0
920,1,6015.7820,6022.1097,6022.4575,0.1602,0
920,0,6015.7820,6022.1097,6025.9614,0.1377,0
921,1,6022.6220,6029.2712,6029.8661,0.2046,0
921,0,6022.6220,6029.2712,6033.3755,0.1183,0
922,1,6030.0195,6036.2176,6036.6376,0.1943,0
922,0,6030.0195,6036.2176,6040.1292,0.0429,0
923,1,6036.7031,6042.9558,6043.2627,0.1169,0
923,0,6036.7031,6042.9558,6046.7175,0.0408,0
924,1,6044.3212,6050.9360,6051.3395,0.1578,0
924,0,6044.3212,6050.9360,6054.7787,0.0422,0
925,1,6051.5038,6058.0481,6058.5883,0.3006,0
925,0,6051.5038,6058.0481,6062.1291,0.1632,0
926,1,6058.7740,6065.6455,6065.9686,0.1310,0
926,0,6058.7740,6065.6455,6069.4381,0.0627,0
927,1,6066.0522,6071.9135,6072.2321,0.1225,0
927,0,6066.0522,6071.9135,6075.6596,0.0414,0
928,1,6072.2940,6078.4792,6078.7948,0.1232,0
928,0,6072.2940,6078.4792,6082.1878,0.0406,0
929,1,6078.8522,6085.4188,6085.8279,0.1205,0
929,0,6078.8522,6085.4188,6089.2667,0.1515,0
930,1,6085.9977,6092.6732,6093.0262,0.1287,0
930,0,6085.9977,6092.6732,6096.4569,0.0445,0
931,1,6093.0887,6100.1599,6100.5213,0.1170,0
931,0,6093.0887,6100.1599,6103.9756,0.0466,0
932,1,6100.5866,6107.0562,6107.4106,0.1227,0
932,0,6100.5866,6107.0562,6110.9147,0.0456,0
933,1,6107.4786,6114.1969,6114.7381,0.3141,0
933,0,6107.4786,6114.1969,6118.3721,0.0437,0
934,1,6114.8041,6121.1353,6121.4772,0.1207,0
934,0,6114.8041,6121.1353,6124.9101,0.0418,0
935,1,6121.5617,6128.4052,6128.8185,0.2089,0
935,0,6121.5617,6128.4052,6132.3004,0.1616,0
936,1,6128.9999,6135.6726,6136.0541,0.1848,0
936,0,6128.9999,6135.6726,6139.5126,0.0426,0
937,1,6136.1155,6142.4880,6142.8256,0.1225,0
937,0,6136.1155,6142.4880,6146.2726,0.0435,0
938,1,6142.8864,6149.2797,6149.6225,0.1222,0
938,0,6142.8864,6149.2797,6153.0719,0.3468,0
939,1,6149.9944,6156.5822,6156.9451,0.1209,0
939,0,6149.9944,6156.5822,6160.3709,0.0451,0
940,1,6157.0135,6163.8823,6164.2005,0.1141,0
940,0,6157.0135,6163.8823,6167.6680,0.0398,0
941,1,6164.2679,6171.1767,6171.5357,0.1211,0
941,0,6164.2679,6171.1767,6175.0118,0.0461,0
942,1,6171.6223,6177.5795,6177.9571,0.1557,0
942,0,6171.6223,6177.5795,6181.4709,0.1753,0
943,1,6178.1712,6185.1949,6185.5953,0.1206,0
943,0,6178.1712,6185.1949,6189.0691,0.0456,0
944,1,6185.6762,6192.6420,6192.9965,0.1282,0
944,0,6185.6762,6192.6420,6196.4793,0.0479,0
945,1,6193.0647,6200.2507,6200.5602,0.1125,0
945,0,6193.0647,6200.2507,6204.0790,0.0422,0
946,1,6200.6208,6206.8587,6207.1744,0.1170,0
946,0,6200.6208,6206.8587,6210.6877,0.0398,0
947,1,6207.2377,6213.8178,6214.3537,0.3302,0
947,0,6207.2377,6213.8178,6217.8353,0.0403,0
948,1,6214.4183,6220.5548,6220.8561,0.1171,0
948,0,6214.4183,6220.5548,6224.2985,0.0407,0
949,1,6220.9154,6227.8157,6228.1858,0.1369,0
949,0,6220.9154,6227.8157,6231.6830,0.1544,0
950,1,6228.3624,6234.6830,6235.0245,0.1205,0
950,0,6228.3624,6234.6830,6238.4865,0.0460,0
951,1,6235.0883,6241.4014,6241.7765,0.1636,0
951,0,6235.0883,6241.4014,6245.2276,0.2624,0
952,1,6242.0618,6249.1547,6249.5507,0.1144,0
952,0,6242.0618,6249.1547,6253.0229,0.1900,0
953,1,6249.7606,6256.3713,6256.6894,0.1163,0
953,0,6249.7606,6256.3713,6260.1707,0.0411,0
954,1,6256.7484,6263.8117,6264.2436,0.1824,0
954,0,6256.7484,6263.8117,6267.7411,0.0463,0
955,1,6264.3143,6270.8286,6271.1372,0.1159,0
955,0,6264.3143,6270.8286,6274.7961,0.0416,0
956,1,6271.2002,6277.4858,6277.8444,0.1718,0
956,0,6271.2002,6277.4858,6281.2994,0.1583,0
957,1,6278.0227,6284.6786,6285.0021,0.1176,0
957,0,6278.0227,6284.6786,6288.5304,0.0442,0
958,1,6285.0673,6291.3625,6292.0284,0.4502,0
958,0,6285.0673,6291.3625,6295.4941,0.0471,0
959,1,6292.1020,6298.7564,6299.0972,0.1157,0
959,0,6292.1020,6298.7564,6302.5818,0.0434,0
960,1,6299.1628,6305.2816,6306.0321,0.2624,0
960,0,6299.1628,6305.2816,6309.4709,0.0519,0
961,1,6306.1116,6312.8727,6313.2708,0.1808,0
961,0,6306.1116,6312.8727,6316.7231,0.0382,0
962,1,6313.3295,6319.7546,6320.2437,0.2920,0
962,0,6313.3295,6319.7546,6323.7180,0.0422,0
963,1,6320.3031,6327.2146,6327.5942,0.1799,0
963,0,6320.3031,6327.2146,6331.0810,0.0712,0
964,1,6327.6844,6334.2757,6334.5898,0.1164,0
964,0,6327.6844,6334.2757,6338.0816,0.0414,0
965,1,6334.6516,6341.1114,6341.5368,0.1946,0
965,0,6334.6516,6341.1114,6344.9883,0.0890,0
966,1,6341.6468,6348.0682,6348.4191,0.1227,0
966,0,6341.6468,6348.0682,6351.8469,0.0439,0
967,1,6348.4805,6355.3608,6355.7849,0.1779,0
967,0,6348.4805,6355.3608,6359.2455,0.0442,0
968,1,6355.8470,6362.9579,6363.2669,0.1203,0
968,0,6355.8470,6362.9579,6366.7526,0.0399,0
969,1,6363.3246,6370.0496,6370.4126,0.1643,0
969,0,6363.3246,6370.0496,6373.9047,0.0409,0
970,1,6370.4972,6377.0165,6377.3799,0.1168,0
970,0,6370.4972,6377.0165,6380.8641,0.0482,0
971,1,6377.4540,6384.3877,6384.7693,0.1571,0
971,0,6377.4540,6384.3877,6388.3458,0.0444,0
972,1,6384.8320,6391.4881,6392.2259,0.5196,0
972,0,6384.8320,6391.4881,6395.7241,0.0494,0
973,1,6392.2959,6399.0523,6399.4228,0.1231,0
973,0,6392.2959,6399.0523,6402.9664,0.0440,0
974,1,6399.4908,6406.0151,6406.5331,0.3256,0
974,0,6399.4908,6406.0151,6410.0247,0.0428,0
975,1,6406.5957,6413.2448,6413.6280,0.1867,0
975,0,6406.5957,6413.2448,6417.2085,0.0408,0
976,1,6413.6882,6420.3681,6420.7110,0.1214,0
976,0,6413.6882,6420.3681,6424.2106,0.0447,0
977,1,6420.7738,6427.7137,6428.0832,0.1759,0
977,0,6420.7738,6427.7137,6431.6123,0.1281,0
978,1,6428.2331,6434.7312,6435.0784,0.1215,0
978,0,6428.2331,6434.7312,6438.5803,0.0479,0
979,1,6435.1453,6441.5348,6441.9046,0.1600,0
979,0,6435.1453,6441.5348,6445.3908,0.2009,0
980,1,6442.1274,6448.4118,6448.8704,0.1231,0
980,0,6442.1274,6448.4118,6452.4269,0.1334,0
981,1,6449.0288,6455.3815,6455.7281,0.1583,0
981,0,6449.0288,6455.3815,6459.1718,0.0418,0
982,1,6455.7930,6462.5109,6462.9115,0.1916,0
982,0,6455.7930,6462.5109,6466.3924,0.0408,0
983,1,6462.9695,6469.9093,6470.3380,0.2318,0
983,0,6462.9695,6469.9093,6473.8178,0.0420,0
984,1,6470.3982,6477.1317,6477.5134,0.1200,0
984,0,6470.3982,6477.1317,6481.0277,0.0463,0
985,1,6477.5789,6484.3790,6484.6886,0.1148,0
985,0,6477.5789,6484.3790,6488.1870,0.0395,0
986,1,6484.7504,6491.2594,6491.9015,0.3448,0
986,0,6484.7504,6491.2594,6495.4973,0.0442,0
987,1,6491.9776,6498.3091,6499.0662,0.2885,0
987,0,6491.9776,6498.3091,6502.5624,0.0473,0
988,1,6499.1335,6505.0397,6505.4686,0.1739,0
988,0,6499.1335,6505.0397,6508.9066,0.2505,0
989,1,6505.7386,6511.8129,6512.1835,0.1829,0
989,0,6505.7386,6511.8129,6515.5800,0.0693,0
990,1,6512.2717,6518.7346,6519.1554,0.1147,0
990,0,6512.2717,6518.7346,6522.5650,0.1310,0
991,1,6519.3048,6525.9018,6526.2100,0.1169,0
991,0,6519.3048,6525.9018,6529.6491,0.0570,0
992,1,6526.2885,6533.3557,6533.6954,0.1188,0
992,0,6526.2885,6533.3557,6537.1506,0.0493,0
993,1,6533.7625,6539.9517,6540.2907,0.1203,0
993,0,6533.7625,6539.9517,6543.7408,0.0444,0
994,1,6540.3539,6547.2190,6547.5996,0.1575,0
994,0,6540.3539,6547.2190,6551.0329,0.1143,0
995,1,6548.7294,6555.4136,6555.8184,0.1260,0
995,0,6548.7294,6555.4136,6559.3279,0.0489,0
996,1,6555.9589,6563.1686,6563.5370,0.1197,0
996,0,6555.9589,6563.1686,6567.0198,0.0432,0
997,1,6563.6001,6570.2705,6570.5755,0.1158,0
997,0,6563.6001,6570.2705,6574.0836,0.0403,0
998,1,6570.6331,6577.2951,6577.6756,0.1223,0
998,0,6570.6331,6577.2951,6581.1750,0.0506,0
999,1,6577.7457,6584.5483,6584.8525,0.1136,0
999,0,6577.7457,6584.5483,6588.3891,0.0420,0
1000,1,6584.9117,6592.0493,6592.4648,0.2262,0
1000,0,6584.9117,6592.0493,6595.9744,0.0397,0
1001,1,6592.5247,6599.5131,6599.8333,0.1164,0
1001,0,6592.5247,6599.5131,6603.3869,0.1034,0
1002,1,6599.9576,6606.3237,6606.6770,0.1182,0
1002,0,6599.9576,6606.3237,6610.2131,0.0448,0
1003,1,6606.7412,6613.0481,6613.4038,0.1202,0
1003,0,6606.7412,6613.0481,6616.9641,0.1385,0
1004,1,6613.5617,6620.1831,6620.5223,0.1420,0
1004,0,6613.5617,6620.1831,6624.1145,0.0416,0
1005,1,6620.5840,6627.0908,6627.6480,0.2590,0
1005,0,6620.5840,6627.0908,6631.1165,0.2914,0
1006,1,6627.9647,6634.3619,6634.6928,0.1163,0
1006,0,6627.9647,6634.3619,6638.1819,0.0414,0
1007,1,6634.7529,6641.4939,6641.8887,0.1574,0
1007,0,6634.7529,6641.4939,6645.3671,0.1734,0
1008,1,6642.0839,6648.3659,6648.6692,0.1161,0
1008,0,6642.0839,6648.3659,6652.5564,0.0398,0
1009,1,6648.7266,6655.4132,6655.7870,0.1548,0
1009,0,6648.7266,6655.4132,6659.2459,0.1778,0
1010,1,6655.9860,6662.8033,6663.3136,0.2414,0
1010,0,6655.9860,6662.8033,6667.0422,0.0468,0
1011,1,6663.3921,6670.1908,6670.5121,0.1189,0
1011,0,6663.3921,6670.1908,6673.9970,0.0409,0
1012,1,6670.5870,6677.2956,6677.6679,0.1215,0
1012,0,6670.5870,6677.2956,6681.2303,0.0462,0
1013,1,6677.7463,6684.2624,6684.6029,0.1169,0
1013,0,6677.7463,6684.2624,6688.0903,0.0443,0
1014,1,6684.6817,6691.2674,6691.8449,0.2915,0
1014,0,6684.6817,6691.2674,6695.3738,0.0544,0
1015,1,6691.9577,6698.9158,6699.2304,0.1177,0
1015,0,6691.9577,6698.9158,6702.7521,0.1210,0
1016,1,6699.3842,6705.2448,6705.6034,0.1550,0
1016,0,6699.3842,6705.2448,6709.0823,0.0508,0
1017,1,6705.6833,6711.8649,6712.1862,0.1208,0
1017,0,6705.6833,6711.8649,6715.6520,0.0407,0
1018,1,6712.2458,6718.7127,6719.0608,0.1194,0
1018,0,6712.2458,6718.7127,6722.5698,0.1268,0
1019,1,6719.2092,6726.2314,6726.5866,0.1181,0
1019,0,6719.2092,6726.2314,6730.0483,0.0429,0
1020,1,6726.6494,6733.1112,6733.5145,0.1589,0
1020,0,6726.6494,6733.1112,6736.9658,0.1179,0
1021,1,6733.6530,6739.7954,6740.1082,0.1158,0
1021,0,6733.6530,6739.7954,6743.5294,0.0437,0
1022,1,6740.1695,6746.4360,6746.7406,0.1141,0
1022,0,6740.1695,6746.4360,6750.1989,0.1531,0
1023,1,6746.9183,6753.6263,6753.9301,0.1134,0
1023,0,6746.9183,6753.6263,6757.3988,0.0403,0
1024,1,6753.9925,6761.1036,6761.4959,0.1566,0
1024,0,6753.9925,6761.1036,6764.9575,0.0425,0
1025,1,6761.5583,6768.0465,6768.3930,0.1245,0
1025,0,6761.5583,6768.0465,6771.8691,0.0569,0
1026,1,6768.4824,6774.8774,6775.2538,0.1593,0
1026,0,6768.4824,6774.8774,6778.7274,0.0772,0
1027,1,6775.3755,6782.1241,6782.5198,0.1310,0
1027,0,6775.3755,6782.1241,6785.9726,0.0495,0
1028,1,6782.5888,6788.7127,6789.0475,0.1422,0
1028,0,6782.5888,6788.7127,6792.4858,0.0706,0
1029,1,6789.1428,6795.7338,6796.1082,0.1219,0
1029,0,6789.1428,6795.7338,6799.6446,0.0449,0
1030,1,6796.1716,6802.9154,6803.2314,0.1291,0
1030,0,6796.1716,6802.9154,6806.6698,0.0729,0
1031,1,6803.3235,6809.4714,6809.7879,0.1208,0
1031,0,6803.3235,6809.4714,6813.2732,0.0409,0
1032,1,6809.8477,6816.2974,6816.7492,0.2583,0
1032,0,6809.8477,6816.2974,6820.1532,0.2733,0
1033,1,6817.0446,6823.2004,6823.5212,0.1132,0
1033,0,6817.0446,6823.2004,6826.9369,0.0418,0
1034,1,6823.5825,6830.2467,6830.6473,0.1927,0
1034,0,6823.5825,6830.2467,6834.0438,0.0474,0
1035,1,6830.7136,6837.0822,6837.4327,0.1172,0
1035,0,6830.7136,6837.0822,6840.8655,0.0431,0
1036,1,6837.5003,6843.8648,6844.2353,0.1667,0
1036,0,6837.5003,6843.8648,6847.6181,0.2279,0
1037,1,6844.4855,6850.8305,6851.1942,0.1133,0
1037,0,6844.4855,6850.8305,6854.5708,0.0479,0
1038,1,6851.2701,6857.8908,6858.5863,0.4883,0
1038,0,6851.2701,6857.8908,6862.0117,0.0749,0
1039,1,6858.6839,6864.8612,6865.2058,0.1242,0
1039,0,6858.6839,6864.8612,6868.5707,0.0441,0
1040,1,6865.2682,6872.2661,6872.6284,0.1191,0
1040,0,6865.2682,6872.2661,6876.0400,0.0474,0
1041,1,6872.7201,6878.9793,6879.3301,0.1241,0
1041,0,6872.7201,6878.9793,6882.7400,0.0517,0
1042,1,6879.3992,6886.0286,6886.4658,0.1315,0
1042,0,6879.3992,6886.0286,6889.8818,0.1910,0
1043,1,6886.6816,6893.4206,6893.7787,0.1200,0
1043,0,6886.6816,6893.4206,6897.2095,0.0451,0
1044,1,6893.8413,6900.4355,6900.7400,0.1119,0
1044,0,6893.8413,6900.4355,6904.1945,0.0416,0
1045,1,6900.7987,6907.1914,6907.4956,0.1136,0
1045,0,6900.7987,6907.1914,6910.9123,0.0404,0
1046,1,6907.5612,6913.7990,6914.1946,0.1658,0
1046,0,6907.5612,6913.7990,6917.6242,0.1073,0
1047,1,6914.3242,6920.6771,6920.9851,0.1163,0
1047,0,6914.3242,6920.6771,6924.4157,0.0412,0
1048,1,6921.0443,6927.9240,6928.3464,0.1848,0
1048,0,6921.0443,6927.9240,6931.7666,0.1683,0
1049,1,6928.5362,6935.2261,6935.5860,0.1158,0
1049,0,6928.5362,6935.2261,6939.0169,0.0403,0
1050,1,6935.6465,6941.9199,6942.5363,0.4283,0
1050,0,6935.6465,6941.9199,6945.9461,0.0417,0
1051,1,6942.5955,6949.2967,6949.8434,0.1775,0
1051,0,6942.5955,6949.2967,6953.2867,0.0510,0
1052,1,6949.9141,6956.4103,6956.7696,0.1227,0
1052,0,6949.9141,6956.4103,6960.1766,0.0441,0
1053,1,6956.8314,6963.5667,6963.9754,0.1722,0
1053,0,6956.8314,6963.5667,6967.4722,0.0438,0
1054,1,6964.0366,6970.4347,6970.7794,0.1217,0
1054,0,6964.0366,6970.4347,6974.1927,0.0453,0
1055,1,6970.8423,6977.1617,6977.6508,0.2857,0
1055,0,6970.8423,6977.1617,6981.0963,0.1977,0
1056,1,6977.8726,6984.1760,6984.5300,0.1182,0
1056,0,6977.8726,6984.1760,6987.9178,0.0458,0
1057,1,6984.5941,6991.0830,6991.6620,0.2853,0
1057,0,6984.5941,6991.0830,6995.0528,0.0442,0
1058,1,6991.7553,6998.1008,6998.4720,0.1275,0
1058,0,6991.7553,6998.1008,7001.8542,0.0442,0
1059,1,6998.5357,7005.0031,7005.3841,0.1775,0
1059,0,6998.5357,7005.0031,7008.7742,0.2825,0
1060,1,7005.7061,7011.8855,7012.2134,0.1156,0
1060,0,7005.7061,7011.8855,7015.5950,0.0441,0
1061,1,7012.2756,7018.9073,7019.2718,0.1682,0
1061,0,7012.2756,7018.9073,7022.6608,0.0976,0
1062,1,7019.3891,7026.2660,7026.6243,0.1602,0
1062,0,7019.3891,7026.2660,7030.0902,0.0519,0
1063,1,7026.7364,7033.4903,7033.9519,0.2705,0
1063,0,7026.7364,7033.4903,7037.3732,0.0422,0
1064,1,7034.0175,7040.8488,7041.2319,0.1226,0
1064,0,7034.0175,7040.8488,7044.6900,0.0467,0
1065,1,7041.2991,7047.5885,7048.1080,0.2930,0
1065,0,7041.2991,7047.5885,7051.5426,0.0469,0
1066,1,7049.1020,7055.8030,7056.1792,0.1247,0
1066,0,7049.1020,7055.8030,7059.6248,0.0437,0
1067,1,7056.2835,7063.1898,7063.5545,0.1135,0
1067,0,7056.2835,7063.1898,7067.0121,0.1399,0
1068,1,7063.7136,7070.3883,7070.7306,0.1198,0
1068,0,7063.7136,7070.3883,7074.2225,0.0435,0
1069,1,7070.7916,7077.1141,7077.5296,0.1207,0
1069,0,7070.7916,7077.1141,7081.0012,0.0492,0
1070,1,7077.5985,7083.9959,7084.3027,0.1147,0
1070,0,7077.5985,7083.9959,7087.7389,0.0412,0
1071,1,7084.3612,7090.8154,7091.2887,0.2819,0
1071,0,7084.3612,7090.8154,7094.7270,0.0612,0
1072,1,7091.3696,7097.5857,7097.8925,0.1169,0
1072,0,7091.3696,7097.5857,7101.2923,0.0403,0
1073,1,7097.9511,7104.5796,7104.9006,0.1179,0
1073,0,7097.9511,7104.5796,7108.3263,0.0383,0
1074,1,7104.9576,7111.1305,7111.6435,0.2894,0
1074,0,7104.9576,7111.1305,7115.0488,0.0456,0
1075,1,7111.7093,7118.2518,7118.5942,0.1184,0
1075,0,7111.7093,7118.2518,7122.0499,0.0465,0
1076,1,7118.6582,7125.0009,7125.7122,0.5197,0
1076,0,7118.6582,7125.0009,7129.1134,0.0457,0
1077,1,7125.7798,7132.3289,7132.7533,0.1706,0
1077,0,7125.7798,7132.3289,7136.1936,0.0460,0
1078,1,7132.8227,7139.1337,7139.6581,0.2921,0
1078,0,7132.8227,7139.1337,7143.0426,0.0468,0
1079,1,7139.7255,7146.0502,7146.4033,0.1150,0
1079,0,7139.7255,7146.0502,7149.8320,0.0438,0
1080,1,7146.4667,7152.9451,7153.3409,0.2010,0
1080,0,7146.4667,7152.9451,7156.7350,0.0416,0
1081,1,7153.4034,7160.2017,7160.5469,0.1209,0
1081,0,7153.4034,7160.2017,7163.9512,0.0442,0
1082,1,7160.6092,7167.3646,7167.7097,0.1210,0
1082,0,7160.6092,7167.3646,7171.1368,0.0442,0
1083,1,7167.7874,7174.2359,7174.5742,0.1155,0
1083,0,7167.7874,7174.2359,7177.9967,0.1290,0
1084,1,7174.7359,7180.9710,7181.2846,0.1189,0
1084,0,7174.7359,7180.9710,7184.6715,0.0410,0
1085,1,7181.3697,7188.2953,7188.6874,0.1174,0
1085,0,7181.3697,7188.2953,7192.1438,0.0803,0
1086,1,7188.7937,7195.9021,7196.3978,0.1212,0
1086,0,7188.7937,7195.9021,7199.8815,0.0528,0
1087,1,7196.4807,7202.9630,7203.3430,0.1933,0
1087,0,7196.4807,7202.9630,7206.7960,0.0424,0
1088,1,7203.4075,7209.8290,7210.1448,0.1162,0
1088,0,7203.4075,7209.8290,7213.6155,0.0434,0
1089,1,7210.2056,7216.7030,7217.1228,0.1949,0
1089,0,7210.2056,7216.7030,7220.5643,0.0765,0
1090,1,7217.2230,7223.6164,7223.9169,0.1150,0
1090,0,7217.2230,7223.6164,7227.3802,0.0401,0
1091,1,7223.9758,7230.4400,7230.8100,0.1626,0
1091,0,7223.9758,7230.4400,7234.2367,0.1153,0
1092,1,7230.9587,7237.5045,7237.8319,0.1172,0
1092,0,7230.9587,7237.5045,7241.2870,0.0464,0
1093,1,7237.8983,7244.3341,7244.7168,0.1919,0
1093,0,7237.8983,7244.3341,7248.1436,0.0407,0
1094,1,7244.7820,7251.3701,7251.7122,0.1206,0
1094,0,7244.7820,7251.3701,7255.1560,0.0445,0
1095,1,7251.7883,7258.2267,7259.1456,0.6787,0
1095,0,7251.7883,7258.2267,7262.5803,0.0445,0
1096,1,7259.2097,7265.9777,7266.6446,0.4530,0
1096,0,7259.2097,7265.9777,7270.0827,0.0421,0
1097,1,7266.7061,7273.1615,7273.4655,0.1172,0
1097,0,7266.7061,7273.1615,7276.9243,0.0403,0
1098,1,7273.5226,7279.9942,7280.4266,0.2081,0
1098,0,7273.5226,7279.9942,7283.8402,0.2591,0
1099,1,7280.7056,7287.0614,7287.3960,0.1204,0
1099,0,7280.7056,7287.0614,7290.8294,0.0406,0
1100,1,7287.4542,7294.4630,7294.8286,0.1349,0
1100,0,7287.4542,7294.4630,7298.2830,0.0530,0
1101,1,7294.9072,7301.4370,7301.7446,0.1164,0
1101,0,7294.9072,7301.4370,7305.2094,0.0412,0
1102,1,7301.8050,7308.2991,7308.6820,0.1907,0
1102,0,7301.8050,7308.2991,7312.1216,0.1203,0
1103,1,7308.8256,7315.0369,7315.3763,0.1218,0
1103,0,7308.8256,7315.0369,7318.8454,0.0437,0
1104,1,7315.4577,7322.0670,7322.4297,0.1473,0
1104,0,7315.4577,7322.0670,7325.8462,0.0408,0
1105,1,7322.4967,7329.3258,7329.6515,0.1174,0
1105,0,7322.4967,7329.3258,7333.1071,0.0416,0
1106,1,7329.7104,7336.3009,7336.7166,0.1880,0
1106,0,7329.7104,7336.3009,7340.1840,0.1013,0
1107,1,7336.8387,7343.5669,7343.9662,0.1216,0
1107,0,7336.8387,7343.5669,7347.5078,0.0446,0
1108,1,7344.0305,7350.8326,7351.2180,0.1604,0
1108,0,7344.0305,7350.8326,7354.6991,0.0460,0
1109,1,7351.2813,7358.1596,7358.5131,0.1713,0
1109,0,7351.2813,7358.1596,7362.0164,0.1467,0
1110,1,7358.6808,7365.6096,7365.9136,0.1156,0
1110,0,7358.6808,7365.6096,7369.4606,0.1319,0
1111,1,7366.0726,7372.1618,7372.5123,0.1602,0
1111,0,7366.0726,7372.1618,7375.9775,0.0388,0
1112,1,7372.5727,7378.7747,7379.0848,0.1186,0
1112,0,7372.5727,7378.7747,7382.5258,0.0446,0
1113,1,7379.1470,7385.8143,7386.1736,0.1634,0
1113,0,7379.1470,7385.8143,7389.6261,0.0409,0
1114,1,7386.2364,7392.9920,7393.2966,0.1136,0
1114,0,7386.2364,7392.9920,7396.7792,0.0406,0
1115,1,7393.3568,7400.3456,7400.6596,0.1155,0
1115,0,7393.3568,7400.3456,7404.1470,0.0414,0
1116,1,7400.7203,7407.1501,7407.5661,0.1231,0
1116,0,7400.7203,7407.1501,7411.0335,0.0461,0
1117,1,7407.6307,7413.7450,7414.1260,0.1606,0
1117,0,7407.6307,7413.7450,7417.5737,0.1766,0
1118,1,7414.3263,7420.7631,7421.1016,0.1194,0
1118,0,7414.3263,7420.7631,7424.5209,0.0432,0
1119,1,7421.1735,7428.5325,7428.9125,0.1654,0
1119,0,7421.1735,7428.5325,7432.5513,0.0413,0
1120,1,7428.9719,7435.8216,7436.1410,0.1164,0
1120,0,7428.9719,7435.8216,7439.6330,0.0444,0
1121,1,7436.2047,7442.5811,7442.8810,0.1146,0
1121,0,7436.2047,7442.5811,7446.3569,0.0404,0
1122,1,7442.9382,7449.3740,7449.9663,0.4049,0
1122,0,7442.9382,7449.3740,7453.4367,0.0417,0
1123,1,7450.0347,7456.2823,7456.6028,0.1221,0
1123,0,7450.0347,7456.2823,7460.0431,0.0414,0
1124,1,7456.6694,7463.6457,7464.0634,0.2153,0
1124,0,7456.6694,7463.6457,7467.5407,0.2027,0
1125,1,7464.2901,7470.6214,7470.9231,0.1160,0
1125,0,7464.2901,7470.6214,7474.4213,0.0420,0
1126,1,7470.9831,7477.5722,7477.9584,0.1632,0
1126,0,7470.9831,7477.5722,7481.4361,0.1841,0
1127,1,7478.1649,7484.5266,7484.8634,0.1186,0
1127,0,7478.1649,7484.5266,7488.3357,0.0444,0
1128,1,7484.9259,7491.5022,7492.1597,0.4512,0
1128,0,7484.9259,7491.5022,7495.6353,0.1373,0
1129,1,7492.3214,7498.9594,7499.5345,0.1727,0
1129,0,7492.3214,7498.9594,7503.0076,0.1976,0
1130,1,7499.7543,7506.3990,7506.6977,0.1031,0
1130,0,7499.7543,7506.3990,7510.1576,0.0413,0
1131,1,7506.7593,7513.5944,7513.9935,0.1297,0
1131,0,7506.7593,7513.5944,7517.5154,0.0507,0
1132,1,7514.0669,7520.4764,7520.7866,0.1164,0
1132,0,7514.0669,7520.4764,7524.3237,0.0417,0
1133,1,7520.8456,7527.7904,7528.1785,0.1950,0
1133,0,7520.8456,7527.7904,7531.6637,0.0821,0
1134,1,7528.2816,7534.5780,7534.8814,0.1125,0
1134,0,7528.2816,7534.5780,7538.4683,0.0405,0
1135,1,7534.9402,7541.3792,7541.7314,0.1305,0
1135,0,7534.9402,7541.3792,7545.1946,0.1823,0
1136,1,7541.9360,7548.7481,7549.1236,0.1238,0
1136,0,7541.9360,7548.7481,7552.5755,0.0435,0
1137,1,7550.1290,7555.9962,7556.4206,0.1856,0
1137,0,7550.1290,7555.9962,7559.8531,0.0488,0
1138,1,7556.5519,7563.3006,7563.8191,0.2877,0
1138,0,7556.5519,7563.3006,7567.2533,0.1719,0
1139,1,7564.0143,7570.4222,7570.7254,0.1129,0
1139,0,7564.0143,7570.4222,7574.1378,0.0403,0
1140,1,7570.7883,7577.3235,7577.7753,0.2465,0
1140,0,7570.7883,7577.3235,7581.2465,0.0644,0
1141,1,7577.8613,7584.1753,7584.5114,0.1163,0
1141,0,7577.8613,7584.1753,7587.9255,0.0463,0
1142,1,7584.5747,7591.0281,7591.5284,0.2790,0
1142,0,7584.5747,7591.0281,7594.9290,0.2311,0
1143,1,7591.7888,7598.1300,7598.4479,0.1163,0
1143,0,7591.7888,7598.1300,7601.8363,0.0401,0
1144,1,7598.5073,7605.3143,7605.7935,0.1650,0
1144,0,7598.5073,7605.3143,7609.2290,0.1874,0
1145,1,7606.0067,7612.8169,7613.1389,0.1168,0
1145,0,7606.0067,7612.8169,7616.5949,0.0413,0
1146,1,7613.1978,7619.5894,7619.9706,0.1876,0
1146,0,7613.1978,7619.5894,7623.4193,0.0428,0
1147,1,7620.0338,7626.6877,7627.0730,0.1554,0
1147,0,7620.0338,7626.6877,7630.5101,0.0435,0
1148,1,7627.1379,7634.0317,7634.3379,0.1168,0
1148,0,7627.1379,7634.0317,7637.8444,0.0425,0
1149,1,7634.4199,7640.7198,7641.0287,0.1203,0
1149,0,7634.4199,7640.7198,7644.4664,0.0397,0
1150,1,7641.0875,7647.5073,7647.9937,0.2903,0
1150,0,7641.0875,7647.5073,7651.4414,0.0422,0
1151,1,7648.0541,7654.2703,7654.6217,0.1226,0
1151,0,7648.0541,7654.2703,7658.0274,0.0443,0
1152,1,7654.6842,7661.5680,7661.9780,0.2078,0
1152,0,7654.6842,7661.5680,7665.4327,0.0395,0
1153,1,7662.0453,7668.5418,7668.8866,0.1216,0
1153,0,7662.0453,7668.5418,7672.3241,0.0442,0
1154,1,7668.9640,7675.3573,7675.7150,0.1214,0
1154,0,7668.9640,7675.3573,7679.1408,0.0445,0
1155,1,7675.7908,7682.0559,7682.3953,0.1200,0
1155,0,7675.7908,7682.0559,7685.8199,0.0439,0
1156,1,7682.4704,7689.2350,7689.6028,0.1598,0
1156,0,7682.4704,7689.2350,7693.0377,0.1340,0
1157,1,7689.7598,7696.9178,7697.2388,0.1142,0
1157,0,7689.7598,7696.9178,7700.7223,0.0415,0
1158,1,7697.3064,7704.0655,7704.3640,0.1133,0
1158,0,7697.3064,7704.0655,7707.9196,0.0404,0
1159,1,7704.4243,7711.0397,7711.3969,0.1631,0
1159,0,7704.4243,7711.0397,7714.9580,0.1474,0
1160,1,7711.5665,7718.4002,7718.7519,0.1253,0
1160,0,7711.5665,7718.4002,7722.2301,0.1089,0
1161,1,7718.8796,7724.9909,7725.5272,0.2783,0
1161,0,7718.8796,7724.9909,7728.9666,0.1325,0
1162,1,7725.6887,7732.6261,7733.0564,0.1591,0
1162,0,7725.6887,7732.6261,7736.6047,0.0779,0
1163,1,7733.1566,7739.6830,7740.0674,0.1544,0
1163,0,7733.1566,7739.6830,7743.5311,0.0485,0
1164,1,7740.1337,7746.7906,7747.1021,0.1149,0
1164,0,7740.1337,7746.7906,7750.5774,0.0403,0
1165,1,7747.1635,7753.7394,7754.0483,0.1155,0
1165,0,7747.1635,7753.7394,7757.5111,0.0405,0
1166,1,7754.1062,7761.1211,7761.4903,0.1587,0
1166,0,7754.1062,7761.1211,7764.9785,0.1254,0
1167,1,7761.6393,7768.1478,7768.4626,0.1225,0
1167,0,7761.6393,7768.1478,7771.9531,0.0425,0
1168,1,7768.5224,7774.8506,7775.2274,0.1932,0
1168,0,7768.5224,7774.8506,7778.7160,0.1100,0
1169,1,7775.3598,7781.6568,7782.0002,0.1203,0
1169,0,7775.3598,7781.6568,7785.4329,0.0439,0
1170,1,7782.0622,7788.6142,7789.1491,0.1778,0
1170,0,7782.0622,7788.6142,7792.6113,0.0504,0
1171,1,7789.2293,7796.1670,7796.4919,0.1164,0
1171,0,7789.2293,7796.1670,7800.0271,0.0391,0
1172,1,7796.5521,7802.7846,7803.1801,0.2039,0
1172,0,7796.5521,7802.7846,7806.6309,0.0402,0
1173,1,7803.2440,7809.5458,7809.8553,0.1170,0
1173,0,7803.2440,7809.5458,7813.3288,0.0418,0
1174,1,7809.9149,7816.4617,7816.9004,0.2052,0
1174,0,7809.9149,7816.4617,7820.3862,0.0459,0
1175,1,7816.9658,7823.2397,7823.5872,0.1197,0
1175,0,7816.9658,7823.2397,7826.9933,0.0505,0
1176,1,7823.6693,7830.4094,7830.8211,0.2020,0
1176,0,7823.6693,7830.4094,7834.2425,0.0406,0
1177,1,7830.8796,7837.6156,7838.0020,0.1292,0
1177,0,7830.8796,7837.6156,7841.5154,0.0437,0
1178,1,7838.0639,7844.4029,7844.7771,0.1556,0
1178,0,7838.0639,7844.4029,7848.2125,0.1126,0
1179,1,7844.9115,7851.4439,7851.8417,0.1282,0
1179,0,7844.9115,7851.4439,7855.3072,0.0489,0
1180,1,7851.9155,7858.9454,7859.2979,0.1580,0
1180,0,7851.9155,7858.9454,7862.7572,0.0483,0
1181,1,7859.3692,7866.0878,7866.6977,0.3182,0
1181,0,7859.3692,7866.0878,7870.1978,0.0451,0
1182,1,7866.7636,7873.1262,7873.4435,0.1158,0
1182,0,7866.7636,7873.1262,7876.8929,0.0452,0
1183,1,7873.5075,7879.9420,7880.4747,0.3058,0
1183,0,7873.5075,7879.9420,7883.9132,0.0870,0
1184,1,7880.5812,7886.9250,7887.2407,0.1185,0
1184,0,7880.5812,7886.9250,7890.6733,0.0413,0
1185,1,7887.3029,7894.3171,7894.6902,0.1832,0
1185,0,7887.3029,7894.3171,7898.1500,0.0410,0
1186,1,7894.7590,7901.1300,7901.4837,0.1132,0
1186,0,7894.7590,7901.1300,7904.9191,0.0662,0
1187,1,7901.5702,7908.1513,7908.5842,0.1576,0
1187,0,7901.5702,7908.1513,7912.0273,0.1247,0
1188,1,7908.7296,7914.9237,7915.2695,0.1195,0
1188,0,7908.7296,7914.9237,7918.8938,0.0466,0
1189,1,7915.3355,7921.7421,7922.2450,0.3029,0
1189,0,7915.3355,7921.7421,7925.6775,0.0392,0
1190,1,7922.3122,7929.6164,7929.9843,0.1166,0
1190,0,7922.3122,7929.6164,7933.4466,0.0441,0
1191,1,7930.0498,7936.4553,7936.8390,0.1916,0
1191,0,7930.0498,7936.4553,7940.2913,0.0441,0
1192,1,7936.9024,7943.0868,7943.4336,0.1224,0
1192,0,7936.9024,7943.0868,7946.8898,0.0436,0
1193,1,7943.5145,7950.3242,7950.8015,0.2631,0
1193,0,7943.5145,7950.3242,7954.2507,0.0429,0
1194,1,7950.8625,7958.0467,7958.3574,0.1174,0
1194,0,7950.8625,7958.0467,7961.8331,0.0428,0
1195,1,7958.4185,7965.2658,7965.6220,0.1204,0
1195,0,7958.4185,7965.2658,7969.1334,0.0581,0
1196,1,7965.7035,7972.1131,7972.4893,0.1574,0
1196,0,7965.7035,7972.1131,7975.9637,0.1165,0
1197,1,7972.6262,7978.7786,7979.1194,0.1210,0
1197,0,7972.6262,7978.7786,7982.5994,0.0440,0
1198,1,7979.1811,7985.9639,7986.3605,0.1589,0
1198,0,7979.1811,7985.9639,7989.8215,0.0885,0
1199,1,7986.4737,7993.1377,7993.4918,0.1308,0
1199,0,7986.4737,7993.1377,7996.9427,0.0445,0
1200,1,7993.5533,8000.5533,8000.8713,0.1159,0
1200,0,7993.5533,8000.5533,8004.3614,0.0409,0
1201,1,8000.9301,8007.1811,8007.4916,0.1172,0
1201,0,8000.9301,8007.1811,8010.9758,0.0421,0
